patent_number,topic,topic_label,app_year,country_code
WO2026151412A1,68,T68,2025,Other
CN122353527A,-1,Noise,2026,CN
CN122353549A,9,T9,2026,CN
CN122353550A,12,T12,2026,CN
CN122353572A,32,T32,2026,CN
CN122353585A,1,T1,2026,CN
CN122353628A,-1,Noise,2026,CN
CN122353641A,-1,Noise,2025,CN
CN122353665A,-1,Noise,2026,CN
CN122354669A,9,T9,2026,CN
CN122360416A,7,T7,2026,CN
CN122362891A,5,T5,2026,CN
CN122362977A,1,T1,2026,CN
CN122363235A,17,T17,2026,CN
CN122363238A,27,T27,2026,CN
CN122363295A,3,T3,2026,CN
CN122369453A,2,T2,2026,CN
CN224476207U,9,T9,2025,CN
CN224476993U,-1,Noise,2025,CN
CN224476994U,-1,Noise,2025,CN
CN224481552U,0,T0,2025,CN
IN202641082192A,65,T65,2026,IN
JP2026116655A,18,T18,2025,JP
CN121209388B,6,T6,2025,CN
CN121223770B,-1,Noise,2025,CN
CN121477955B,-1,Noise,2025,CN
CN122069115B,17,T17,2026,CN
CN122125731B,1,T1,2026,CN
CN122154749B,-1,Noise,2026,CN
CN122342909A,52,T52,2026,CN
CN122343385A,36,T36,2026,CN
CN122343440A,-1,Noise,2026,CN
CN122343461A,57,T57,2026,CN
CN122343466A,-1,Noise,2026,CN
CN122343484A,-1,Noise,2025,CN
CN122343485A,-1,Noise,2025,CN
CN122346125A,52,T52,2026,CN
CN122346163A,33,T33,2026,CN
CN122349000A,-1,Noise,2026,CN
CN224464722U,-1,Noise,2025,CN
CN224465593U,-1,Noise,2025,CN
CN117565998B,30,T30,2023,CN
CN121232883B,73,T73,2025,CN
CN121374700B,12,T12,2025,CN
CN121782237B,16,T16,2025,CN
CN121782939B,52,T52,2026,CN
CN121977581B,-1,Noise,2026,CN
CN122323097A,13,T13,2026,CN
CN122323140A,-1,Noise,2026,CN
CN122323197A,-1,Noise,2026,CN
CN122323205A,5,T5,2026,CN
CN122323265A,12,T12,2026,CN
CN122324149A,0,T0,2026,CN
CN122324154A,-1,Noise,2026,CN
CN122327614A,30,T30,2026,CN
CN122331290A,3,T3,2026,CN
CN122331468A,10,T10,2026,CN
CN122331584A,3,T3,2026,CN
CN122333824A,-1,Noise,2026,CN
CN122336465A,17,T17,2026,CN
CN122340352A,-1,Noise,2025,CN
CN224446014U,12,T12,2025,CN
CN224446030U,12,T12,2025,CN
CN224447959U,0,T0,2025,CN
CN224447969U,9,T9,2025,CN
IN202621048411A,21,T21,2026,IN
DE102025144738A1,2,T2,2025,DE
US20260186494A1,-1,Noise,2022,US
US20260186507A1,56,T56,2026,US
CN119260728B,5,T5,2024,CN
CN120763686B,47,T47,2025,CN
CN121093995B,2,T2,2025,CN
CN121132640B,32,T32,2025,CN
CN121143009B,3,T3,2025,CN
CN121391718B,10,T10,2025,CN
CN121552375B,17,T17,2025,CN
CN121670746B,16,T16,2025,CN
CN121934612B,3,T3,2026,CN
CN121977565B,-1,Noise,2026,CN
CN122018332B,6,T6,2026,CN
CN122299574A,3,T3,2026,CN
CN122299623A,38,T38,2026,CN
CN122299633A,-1,Noise,2026,CN
CN122299638A,10,T10,2026,CN
CN122299643A,10,T10,2026,CN
CN122299648A,5,T5,2026,CN
CN122299660A,5,T5,2026,CN
CN122299681A,10,T10,2026,CN
CN122299728A,-1,Noise,2026,CN
CN122299733A,16,T16,2026,CN
CN122303459A,-1,Noise,2026,CN
CN122308221A,6,T6,2026,CN
CN122308353A,15,T15,2026,CN
CN122308377A,6,T6,2026,CN
CN122308621A,32,T32,2026,CN
CN122309520A,21,T21,2026,CN
CN122311848A,30,T30,2026,CN
CN122312338A,17,T17,2026,CN
CN122312944A,33,T33,2026,CN
CN122315225A,-1,Noise,2026,CN
CN224425616U,9,T9,2025,CN
CN224427278U,0,T0,2025,CN
CN224427616U,9,T9,2025,CN
CN224427624U,0,T0,2025,CN
CN224433157U,12,T12,2025,CN
KR1020260100240A,22,T22,2026,KR
CN120363183B,6,T6,2025,CN
CN120717223B,28,T28,2025,CN
CN121180324B,0,T0,2025,CN
CN121300450B,27,T27,2025,CN
CN121300473B,3,T3,2025,CN
CN121392348B,27,T27,2025,CN
CN121704883B,32,T32,2026,CN
CN121918613B,6,T6,2026,CN
CN121946543B,1,T1,2026,CN
CN122274330A,36,T36,2025,CN
CN122274582A,-1,Noise,2025,CN
CN122274926A,19,T19,2026,CN
CN122274939A,1,T1,2026,CN
CN122274941A,1,T1,2026,CN
CN122274989A,10,T10,2026,CN
CN122275003A,29,T29,2026,CN
CN122275023A,1,T1,2026,CN
CN122275024A,9,T9,2026,CN
CN122275058A,-1,Noise,2026,CN
CN122276047A,9,T9,2026,CN
CN122281926A,33,T33,2026,CN
CN122283593A,30,T30,2026,CN
CN122283746A,15,T15,2026,CN
CN122284520A,65,T65,2026,CN
CN122284596A,3,T3,2026,CN
CN122284637A,-1,Noise,2026,CN
CN122284661A,3,T3,2026,CN
CN122290189A,26,T26,2026,CN
CN122290568A,2,T2,2026,CN
CN224407616U,-1,Noise,2025,CN
CN224407640U,12,T12,2025,CN
CN224409118U,0,T0,2025,CN
US20260175418A1,5,T5,2025,US
US20260179318A1,-1,Noise,2026,US
WO2026129418A1,-1,Noise,2024,Other
WO2026130285A1,5,T5,2025,Other
WO2026135573A1,42,T42,2025,Other
EP4761885A1,-1,Noise,2024,Other
JP2026103405A,14,T14,2024,JP
JP7879790B2,-1,Noise,2022,JP
CN115311620B,50,T50,2022,CN
CN121746555B,68,T68,2026,CN
CN122250292A,39,T39,2026,CN
CN122253153A,15,T15,2026,CN
CN122253163A,1,T1,2026,CN
CN122253166A,5,T5,2026,CN
CN122253170A,5,T5,2026,CN
CN122253257A,19,T19,2026,CN
CN122253988A,13,T13,2026,CN
CN122258919A,-1,Noise,2026,CN
CN122258922A,33,T33,2026,CN
CN122259079A,20,T20,2026,CN
CN122259112A,1,T1,2024,CN
CN122260507A,29,T29,2026,CN
CN122260767A,-1,Noise,2026,CN
CN122260837A,57,T57,2026,CN
CN122260870A,3,T3,2026,CN
CN122260935A,5,T5,2026,CN
CN122260964A,1,T1,2026,CN
CN122260968A,-1,Noise,2026,CN
CN122261029A,49,T49,2026,CN
CN122261101A,17,T17,2026,CN
CN122261194A,1,T1,2026,CN
CN122265711A,10,T10,2026,CN
CN122268066A,13,T13,2026,CN
CN224391171U,13,T13,2025,CN
CN224391173U,-1,Noise,2025,CN
CN224392340U,0,T0,2025,CN
CN224392803U,0,T0,2025,CN
CN224399750U,2,T2,2025,CN
US12661798B2,-1,Noise,2024,US
US12664684B2,-1,Noise,2022,US
TR2026008431A2,2,T2,2026,Other
CN117589161B,15,T15,2023,CN
CN120036246B,61,T61,2025,CN
CN121483768B,36,T36,2025,CN
CN121979267B,27,T27,2026,CN
CN122058378B,10,T10,2026,CN
CN122230311A,14,T14,2026,CN
CN122231822A,9,T9,2026,CN
CN122231839A,19,T19,2026,CN
CN122231840A,-1,Noise,2026,CN
CN122231855A,57,T57,2026,CN
CN122231863A,-1,Noise,2026,CN
CN122231864A,1,T1,2026,CN
CN122231888A,1,T1,2026,CN
CN122231896A,65,T65,2026,CN
CN122231915A,6,T6,2026,CN
CN122231926A,-1,Noise,2026,CN
CN122231928A,12,T12,2026,CN
CN122231929A,9,T9,2026,CN
CN122231931A,-1,Noise,2026,CN
CN122231960A,-1,Noise,2026,CN
CN122232765A,-1,Noise,2026,CN
CN122232766A,0,T0,2026,CN
CN122232768A,0,T0,2026,CN
CN122239414A,3,T3,2026,CN
CN122239448A,5,T5,2026,CN
CN122239593A,-1,Noise,2026,CN
CN122239750A,3,T3,2026,CN
CN122239755A,-1,Noise,2026,CN
CN122239774A,6,T6,2026,CN
CN122241442A,35,T35,2026,CN
CN122244869A,6,T6,2026,CN
CN122245316A,2,T2,2026,CN
CN224370636U,11,T11,2025,CN
CN224375742U,9,T9,2025,CN
CN224385223U,0,T0,2025,CN
IN202641069496A,2,T2,2026,IN
IN202641070932A,69,T69,2026,IN
IN202641071981A,2,T2,2026,IN
DE202026001560U1,20,T20,2026,DE
US20260165900A1,48,T48,2023,US
US20260166744A1,10,T10,2025,US
CN120246123B,0,T0,2025,CN
CN121170876B,2,T2,2025,CN
CN121516132B,0,T0,2026,CN
CN122210575A,8,T8,2026,CN
CN122210579A,-1,Noise,2026,CN
CN122210582A,-1,Noise,2026,CN
CN122210604A,57,T57,2026,CN
CN122210606A,5,T5,2026,CN
CN122210607A,57,T57,2026,CN
CN122210633A,32,T32,2026,CN
CN122210668A,-1,Noise,2024,CN
CN122210670A,36,T36,2026,CN
CN122210705A,1,T1,2026,CN
CN122210710A,16,T16,2026,CN
CN122219069A,5,T5,2026,CN
CN122219076A,5,T5,2026,CN
CN122219202A,-1,Noise,2026,CN
CN122219243A,6,T6,2026,CN
CN122219426A,-1,Noise,2026,CN
CN122221403A,-1,Noise,2026,CN
CN122222573A,30,T30,2026,CN
CN122223721A,-1,Noise,2026,CN
US12654321B2,22,T22,2023,US
US12658188B2,2,T2,2022,US
TW202623976A,19,T19,2024,Other
KR102978664B1,12,T12,2026,KR
JP2026096918A,11,T11,2025,JP
CN117036469B,-1,Noise,2023,CN
CN117434841B,3,T3,2023,CN
CN121783173B,33,T33,2026,CN
CN122185121A,9,T9,2025,CN
CN122185131A,19,T19,2026,CN
CN122185171A,72,T72,2026,CN
CN122185192A,57,T57,2026,CN
CN122185237A,-1,Noise,2026,CN
CN122185241A,6,T6,2026,CN
CN122185248A,5,T5,2026,CN
CN122185285A,1,T1,2026,CN
CN122185303A,-1,Noise,2026,CN
CN122186124A,1,T1,2026,CN
CN122188408A,66,T66,2026,CN
CN122189333A,36,T36,2026,CN
CN122192572A,-1,Noise,2026,CN
CN122192811A,16,T16,2026,CN
CN122194988A,33,T33,2026,CN
CN122195060A,3,T3,2026,CN
CN122195061A,3,T3,2026,CN
CN122195069A,6,T6,2026,CN
CN122195958A,-1,Noise,2026,CN
CN122196245A,2,T2,2026,CN
CN122196859A,56,T56,2025,CN
CN122197955A,6,T6,2026,CN
CN122199760A,-1,Noise,2026,CN
CN122200206A,-1,Noise,2026,CN
CN122200737A,-1,Noise,2026,CN
CN122201723A,8,T8,2026,CN
CN224349029U,0,T0,2025,CN
IN202541047561A,44,T44,2025,IN
IN202541053567A,20,T20,2025,IN
IN202641047909A,2,T2,2026,IN
TWI928955B,26,T26,2025,Other
KR1020260086749A,30,T30,2026,KR
CN117775138B,0,T0,2023,CN
CN118071798B,-1,Noise,2024,CN
CN121403406B,28,T28,2025,CN
CN121979265B,3,T3,2026,CN
CN122163061A,-1,Noise,2025,CN
CN122165325A,-1,Noise,2026,CN
CN122165364A,72,T72,2026,CN
CN122165414A,32,T32,2026,CN
CN122165420A,6,T6,2026,CN
CN122165421A,5,T5,2026,CN
CN122165432A,2,T2,2026,CN
CN122165437A,1,T1,2026,CN
CN122165448A,-1,Noise,2026,CN
CN122165491A,-1,Noise,2026,CN
CN122171087A,20,T20,2026,CN
CN122172122A,2,T2,2026,CN
CN122172777A,33,T33,2026,CN
CN122172830A,6,T6,2026,CN
CN122174868A,1,T1,2026,CN
CN122180628A,-1,Noise,2024,CN
CN224334489U,12,T12,2025,CN
CN224335732U,0,T0,2025,CN
CN224335736U,0,T0,2025,CN
US12649240B1,-1,Noise,2025,US
CN121680475B,67,T67,2026,CN
CN121733581B,16,T16,2026,CN
CN121946550B,6,T6,2026,CN
CN122142696A,-1,Noise,2026,CN
CN122142977A,5,T5,2026,CN
CN122142989A,1,T1,2026,CN
CN122143010A,5,T5,2026,CN
CN122143021A,1,T1,2026,CN
CN122143069A,1,T1,2026,CN
CN122143092A,4,T4,2026,CN
CN122143108A,19,T19,2026,CN
CN122144038A,0,T0,2026,CN
CN122151619A,6,T6,2026,CN
CN122151903A,-1,Noise,2026,CN
CN122153654A,-1,Noise,2026,CN
CN122154749A,-1,Noise,2026,CN
CN122157312A,-1,Noise,2026,CN
CN122160998A,-1,Noise,2026,CN
CN224321004U,11,T11,2025,CN
CN224323129U,9,T9,2025,CN
CN224323133U,-1,Noise,2025,CN
IN202641044411A,2,T2,2026,IN
IN202641065460A,2,T2,2026,IN
US20260153625A1,15,T15,2026,US
CN119847023B,1,T1,2024,CN
CN119927950B,4,T4,2025,CN
CN120901960B,5,T5,2025,CN
CN121340233B,17,T17,2025,CN
CN121625158B,-1,Noise,2026,CN
CN121661700B,2,T2,2026,CN
CN121934613B,7,T7,2026,CN
CN122125691A,-1,Noise,2026,CN
CN122125731A,1,T1,2026,CN
CN122125760A,-1,Noise,2026,CN
CN122133256A,3,T3,2026,CN
CN122133702A,1,T1,2026,CN
CN122134889A,68,T68,2026,CN
US12645773B2,42,T42,2024,US
TWM683771U,23,T23,2026,Other
KR102972174B1,21,T21,2026,KR
VN125611A,2,T2,2026,Other
CN116580064B,15,T15,2023,CN
CN121485372B,-1,Noise,2026,CN
CN121650030B,1,T1,2026,CN
CN121682451B,15,T15,2026,CN
CN122100107A,-1,Noise,2026,CN
CN122100155A,5,T5,2026,CN
CN122100163A,-1,Noise,2026,CN
CN122100196A,-1,Noise,2026,CN
CN122100231A,1,T1,2026,CN
CN122101227A,7,T7,2026,CN
CN122101237A,7,T7,2026,CN
CN122101358A,-1,Noise,2026,CN
CN122108148A,6,T6,2026,CN
CN122110672A,6,T6,2026,CN
CN122110835A,3,T3,2026,CN
CN224295861U,4,T4,2025,CN
CN224297307U,9,T9,2025,CN
IN202641062477A,46,T46,2026,IN
IN202641063500A,28,T28,2026,IN
WO2026108507A1,73,T73,2025,Other
EP4746797A1,-1,Noise,2024,Other
CN115047759B,-1,Noise,2022,CN
CN117532609B,2,T2,2023,CN
CN120038753B,1,T1,2025,CN
CN121290419B,65,T65,2025,CN
CN121572351B,4,T4,2026,CN
CN121721972B,6,T6,2026,CN
CN121847880B,36,T36,2026,CN
CN122077598A,-1,Noise,2025,CN
CN122077611A,-1,Noise,2026,CN
CN122077618A,32,T32,2026,CN
CN122077630A,-1,Noise,2026,CN
CN122077656A,3,T3,2026,CN
CN122077687A,4,T4,2026,CN
CN122078245A,-1,Noise,2026,CN
CN122083953A,15,T15,2026,CN
CN122085989A,-1,Noise,2025,CN
CN122085993A,5,T5,2026,CN
CN122086069A,6,T6,2026,CN
CN122086099A,27,T27,2026,CN
CN122087574A,-1,Noise,2026,CN
CN122088551A,5,T5,2026,CN
CN122089989A,33,T33,2026,CN
CN122094136A,49,T49,2026,CN
CN224269985U,0,T0,2025,CN
CN224275106U,13,T13,2025,CN
CN224275128U,-1,Noise,2025,CN
CN224276974U,-1,Noise,2025,CN
CN224277367U,13,T13,2025,CN
US12636785B2,21,T21,2024,US
US12638859B2,-1,Noise,2025,US
US12638922B2,-1,Noise,2024,US
KR102967195B1,8,T8,2025,KR
TH2501004024A,18,T18,2025,Other
IN202617018249A,-1,Noise,2026,IN
US20260138273A1,49,T49,2023,US
WO2026102554A1,28,T28,2025,Other
WO2026103002A1,13,T13,2025,Other
WO2026103970A1,64,T64,2026,Other
KR1020260073321A,12,T12,2026,KR
TR2024006724B,54,T54,2024,Other
JP3255884U,-1,Noise,2026,JP
CN115480594B,40,T40,2021,CN
CN117310302B,20,T20,2023,CN
CN121722121B,33,T33,2026,CN
CN122056724A,48,T48,2025,CN
CN122058346A,1,T1,2026,CN
CN122058371A,28,T28,2026,CN
CN122058378A,10,T10,2026,CN
CN122058383A,-1,Noise,2026,CN
CN122058401A,5,T5,2026,CN
CN122058987A,-1,Noise,2026,CN
CN122059016A,0,T0,2026,CN
CN122059071A,12,T12,2025,CN
CN122064027A,5,T5,2026,CN
CN122064031A,-1,Noise,2026,CN
CN122064106A,1,T1,2026,CN
CN122069115A,17,T17,2026,CN
CN224255349U,9,T9,2025,CN
CN224255389U,-1,Noise,2025,CN
CN114463243B,26,T26,2020,CN
CN115631348B,50,T50,2022,CN
CN122033891A,13,T13,2026,CN
CN122033892A,13,T13,2026,CN
CN122033893A,13,T13,2026,CN
CN122033938A,5,T5,2026,CN
CN122034044A,-1,Noise,2026,CN
CN122034554A,67,T67,2026,CN
CN122034679A,2,T2,2025,CN
CN122035042A,-1,Noise,2026,CN
CN122035168A,0,T0,2026,CN
CN122035169A,19,T19,2026,CN
CN122038010A,66,T66,2026,CN
CN122043948A,67,T67,2026,CN
CN122044035A,-1,Noise,2026,CN
CN122044306A,44,T44,2026,CN
CN122049225A,35,T35,2026,CN
CN122052439A,-1,Noise,2026,CN
CN224241141U,0,T0,2025,CN
CN224241142U,0,T0,2025,CN
CN224245856U,-1,Noise,2025,CN
CN224249432U,49,T49,2025,CN
IN202641057487A,2,T2,2026,IN
JP2026078948A,71,T71,2024,JP
WO2026098724A1,9,T9,2025,Other
IN588837A1,-1,Noise,2019,IN
JP2026078104A,71,T71,2024,JP
JP2026078105A,71,T71,2024,JP
US20260131464A1,34,T34,2025,US
US20260133584A1,70,T70,2025,US
US20260134412A1,-1,Noise,2025,US
CN119682878B,9,T9,2025,CN
CN120697023B,65,T65,2025,CN
CN121179480B,-1,Noise,2025,CN
CN121340271B,5,T5,2025,CN
CN121541648B,15,T15,2026,CN
CN122008213A,-1,Noise,2026,CN
CN122008216A,-1,Noise,2026,CN
CN122008227A,5,T5,2026,CN
CN122008238A,5,T5,2026,CN
CN122008250A,32,T32,2026,CN
CN122008251A,-1,Noise,2026,CN
CN122008293A,1,T1,2026,CN
CN122008320A,-1,Noise,2026,CN
CN122009359A,-1,Noise,2026,CN
CN122011932A,20,T20,2026,CN
CN122013843A,-1,Noise,2026,CN
CN122018332A,6,T6,2026,CN
CN122018682A,-1,Noise,2026,CN
CN122020539A,2,T2,2026,CN
CN122021709A,5,T5,2025,CN
CN224223883U,29,T29,2025,CN
CN224225180U,0,T0,2025,CN
CN224225182U,-1,Noise,2025,CN
JP2026076684A,71,T71,2024,JP
JP2026076685A,71,T71,2024,JP
KR1020260066276A,0,T0,2024,KR
JP2026514522A,45,T45,2024,JP
CN117325177B,-1,Noise,2023,CN
CN120125755B,15,T15,2025,CN
CN121199998B,65,T65,2025,CN
CN121660920B,15,T15,2025,CN
CN121988000A,6,T6,2026,CN
CN121989231A,65,T65,2025,CN
CN121989238A,1,T1,2026,CN
CN121989286A,19,T19,2026,CN
CN121989288A,19,T19,2026,CN
CN121989296A,-1,Noise,2026,CN
CN121989300A,-1,Noise,2026,CN
CN121990076A,-1,Noise,2026,CN
CN121994172A,12,T12,2026,CN
CN121994228A,1,T1,2025,CN
CN121995943A,27,T27,2026,CN
CN121995944A,-1,Noise,2026,CN
CN224209992U,13,T13,2025,CN
IN202631052683A,2,T2,2026,IN
US20260124746A1,5,T5,2025,US
US20260124750A1,-1,Noise,2025,US
US20260124769A1,-1,Noise,2025,US
US20260126796A1,-1,Noise,2025,US
US20260126804A1,-1,Noise,2025,US
US20260126805A1,-1,Noise,2025,US
WO2026093977A1,-1,Noise,2025,Other
KR1020260061130A,33,T33,2026,KR
KR1020260061389A,-1,Noise,2026,KR
CN116788383B,0,T0,2023,CN
CN117584110B,19,T19,2023,CN
CN121325859B,1,T1,2025,CN
CN121757299B,19,T19,2026,CN
CN121973146A,1,T1,2026,CN
CN121973208A,5,T5,2026,CN
CN121973232A,5,T5,2026,CN
CN121973236A,1,T1,2026,CN
CN121973246A,28,T28,2026,CN
CN121973258A,13,T13,2026,CN
CN121973277A,16,T16,2026,CN
CN121973869A,3,T3,2026,CN
CN121977535A,15,T15,2026,CN
CN121977565A,-1,Noise,2026,CN
CN121977572A,33,T33,2026,CN
CN121977581A,-1,Noise,2026,CN
CN121979188A,27,T27,2024,CN
CN121979255A,1,T1,2026,CN
CN121979265A,3,T3,2026,CN
CN121979267A,27,T27,2026,CN
CN121982361A,-1,Noise,2025,CN
CN121982627A,41,T41,2025,CN
CN121982653A,51,T51,2026,CN
CN121984799A,46,T46,2026,CN
CN224196831U,12,T12,2025,CN
US12617104B2,0,T0,2022,US
KR1020260059760A,0,T0,2024,KR
CN117429531B,0,T0,2023,CN
CN121455036B,-1,Noise,2025,CN
CN121492126B,5,T5,2026,CN
CN121942670A,-1,Noise,2025,CN
CN121946454A,12,T12,2026,CN
CN121946461A,5,T5,2025,CN
CN121946467A,1,T1,2025,CN
CN121946508A,1,T1,2026,CN
CN121946527A,1,T1,2026,CN
CN121946543A,1,T1,2026,CN
CN121946550A,6,T6,2026,CN
CN121947650A,40,T40,2026,CN
CN121954006A,33,T33,2026,CN
CN121956524A,6,T6,2025,CN
CN121956659A,44,T44,2025,CN
CN121957078A,6,T6,2026,CN
CN121957481A,17,T17,2025,CN
CN121958481A,17,T17,2025,CN
CN121960563A,32,T32,2025,CN
CN121960564A,32,T32,2026,CN
CN121960565A,32,T32,2026,CN
CN121960566A,63,T63,2026,CN
CN121962722A,17,T17,2025,CN
CN121962883A,17,T17,2025,CN
CN121967892A,35,T35,2025,CN
CN224179879U,24,T24,2025,CN
CN224180233U,11,T11,2025,CN
CN224183069U,12,T12,2026,CN
CN224183101U,13,T13,2025,CN
CN224183114U,13,T13,2025,CN
CN224183118U,-1,Noise,2025,CN
IN202621012402A,8,T8,2026,IN
IN202641049775A,2,T2,2026,IN
DE212025000085U1,-1,Noise,2025,DE
US20260118225A1,-1,Noise,2025,US
WO2026087447A1,2,T2,2025,Other
WO2026089026A1,71,T71,2025,Other
CN117621140B,0,T0,2022,CN
CN121074210B,68,T68,2025,CN
CN121677735B,27,T27,2026,CN
CN121702728B,20,T20,2026,CN
CN121928530A,2,T2,2026,CN
CN121928562A,-1,Noise,2026,CN
CN121928581A,2,T2,2026,CN
CN121928596A,-1,Noise,2024,CN
CN121929149A,7,T7,2025,CN
CN121933015A,27,T27,2026,CN
CN121934612A,3,T3,2026,CN
CN121934613A,7,T7,2026,CN
CN121934644A,48,T48,2026,CN
CN224169828U,19,T19,2025,CN
CN224177140U,-1,Noise,2025,CN
US12611767B2,34,T34,2025,US
CN121912389A,10,T10,2026,CN
CN121912402A,5,T5,2026,CN
CN121912430A,13,T13,2026,CN
CN121912436A,5,T5,2026,CN
CN121912437A,-1,Noise,2026,CN
CN121916275A,12,T12,2026,CN
CN121916882A,-1,Noise,2026,CN
CN121916894A,1,T1,2025,CN
CN121917221A,-1,Noise,2026,CN
CN121918389A,1,T1,2025,CN
CN121918405A,5,T5,2025,CN
CN121918491A,1,T1,2026,CN
CN121918613A,6,T6,2026,CN
CN121924288A,26,T26,2026,CN
CN121924359A,-1,Noise,2026,CN
CN224156236U,0,T0,2025,CN
IN202441079325A,-1,Noise,2024,IN
IN202641045435A,8,T8,2026,IN
FR3167753A1,2,T2,2024,FR
KR102956448B1,10,T10,2025,KR
CN121186788B,1,T1,2025,CN
CN121300636B,-1,Noise,2025,CN
CN121580141B,47,T47,2026,CN
CN121626325B,9,T9,2026,CN
CN121893221A,-1,Noise,2026,CN
CN121893226A,39,T39,2026,CN
CN121893278A,1,T1,2026,CN
CN121893321A,19,T19,2026,CN
CN121893332A,17,T17,2026,CN
CN121894073A,0,T0,2026,CN
CN121895754A,66,T66,2025,CN
CN121898395A,15,T15,2026,CN
CN121898422A,-1,Noise,2026,CN
CN121900395A,15,T15,2025,CN
CN121902025A,17,T17,2025,CN
CN121906846A,-1,Noise,2025,CN
CN224144706U,-1,Noise,2025,CN
CN224146051U,0,T0,2025,CN
US12605823B1,-1,Noise,2024,US
CN116030493B,41,T41,2022,CN
CN116279893B,0,T0,2023,CN
CN116625364B,33,T33,2023,CN
CN119880205B,20,T20,2025,CN
CN121157111B,1,T1,2025,CN
CN121492070B,5,T5,2026,CN
CN121612315B,33,T33,2026,CN
CN121870783A,1,T1,2026,CN
CN121870787A,-1,Noise,2026,CN
CN121878858A,46,T46,2023,CN
CN121879126A,-1,Noise,2025,CN
CN121879233A,10,T10,2025,CN
CN121879363A,6,T6,2026,CN
CN121880015A,65,T65,2026,CN
CN121881853A,7,T7,2026,CN
CN121882096A,5,T5,2025,CN
CN121884311A,-1,Noise,2025,CN
CN121884442A,53,T53,2025,CN
CN224128773U,36,T36,2025,CN
IN202441078598A,0,T0,2024,IN
IN202531082661A,8,T8,2025,IN
IN202621023885A,5,T5,2026,IN
IN202641022334A,8,T8,2026,IN
US20260102903A1,36,T36,2025,US
WO2026080502A1,-1,Noise,2025,Other
TW202615804A,-1,Noise,2024,Other
CN119440025B,3,T3,2024,CN
CN120063276B,-1,Noise,2025,CN
CN120369006B,27,T27,2025,CN
CN121492124B,-1,Noise,2026,CN
CN121535787B,0,T0,2026,CN
CN121613756B,-1,Noise,2026,CN
CN121650025B,6,T6,2026,CN
CN121845910A,2,T2,2026,CN
CN121846550A,24,T24,2026,CN
CN121847880A,36,T36,2026,CN
CN121848352A,9,T9,2026,CN
CN121848369A,1,T1,2024,CN
CN121848373A,-1,Noise,2025,CN
CN121848385A,5,T5,2026,CN
CN121848389A,1,T1,2026,CN
CN121848392A,-1,Noise,2026,CN
CN121848442A,1,T1,2026,CN
CN121849265A,19,T19,2025,CN
CN121855534A,27,T27,2025,CN
CN121857307A,5,T5,2025,CN
CN121857308A,1,T1,2026,CN
CN121857367A,44,T44,2025,CN
CN121857400A,3,T3,2025,CN
CN121857675A,1,T1,2025,CN
CN121857704A,-1,Noise,2026,CN
CN121857755A,3,T3,2025,CN
CN121857978A,20,T20,2026,CN
CN121859535A,-1,Noise,2025,CN
CN121860519A,-1,Noise,2026,CN
CN121863774A,0,T0,2026,CN
CN224112960U,24,T24,2025,CN
CN224117400U,0,T0,2025,CN
US12600568B1,-1,Noise,2025,US
TWI922316B,75,T75,2025,Other
CN116607905B,0,T0,2023,CN
CN117141613B,-1,Noise,2023,CN
CN117440909B,40,T40,2022,CN
CN120673228B,7,T7,2025,CN
CN121659991B,5,T5,2026,CN
CN121821311A,-1,Noise,2025,CN
CN121821396A,-1,Noise,2026,CN
CN121821400A,8,T8,2026,CN
CN121821463A,-1,Noise,2026,CN
CN121822677A,0,T0,2025,CN
CN121822679A,6,T6,2026,CN
CN121822684A,9,T9,2026,CN
CN121822773A,-1,Noise,2025,CN
CN121832581A,-1,Noise,2025,CN
CN121832590A,6,T6,2026,CN
CN121835816A,57,T57,2025,CN
CN121837157A,30,T30,2025,CN
CN121838028A,15,T15,2025,CN
CN121842253A,21,T21,2026,CN
CN224102963U,0,T0,2025,CN
CN224104184U,0,T0,2025,CN
IN202641038527A,15,T15,2026,IN
IN202641038926A,-1,Noise,2026,IN
IN202641038945A,-1,Noise,2026,IN
IN202641040368A,2,T2,2026,IN
JP2026062316A,-1,Noise,2024,JP
US20260097488A1,45,T45,2025,US
EP4001010B1,7,T7,2021,Other
CN121386792B,1,T1,2025,CN
CN121798581A,5,T5,2025,CN
CN121798600A,-1,Noise,2025,CN
CN121798619A,21,T21,2026,CN
CN121798634A,-1,Noise,2026,CN
CN121798655A,10,T10,2026,CN
CN121798674A,17,T17,2025,CN
CN121799378A,7,T7,2025,CN
CN121801037A,66,T66,2025,CN
CN121804723A,66,T66,2026,CN
CN121806458A,5,T5,2025,CN
CN121806509A,-1,Noise,2026,CN
CN121806511A,6,T6,2026,CN
CN121806512A,-1,Noise,2026,CN
CN121806572A,38,T38,2025,CN
CN121806618A,-1,Noise,2025,CN
CN121809538A,17,T17,2025,CN
CN121811453A,-1,Noise,2025,CN
CN121814856A,-1,Noise,2025,CN
KR1020260047037A,6,T6,2024,KR
CN114049681B,26,T26,2018,CN
CN121552445B,32,T32,2026,CN
CN121776725A,36,T36,2025,CN
CN121777129A,-1,Noise,2026,CN
CN121777165A,5,T5,2026,CN
CN121777198A,48,T48,2025,CN
CN121782237A,16,T16,2025,CN
CN121782939A,52,T52,2026,CN
CN121783173A,33,T33,2026,CN
CN121785330A,-1,Noise,2026,CN
CN121788194A,42,T42,2025,CN
CN121788566A,51,T51,2025,CN
CN121793060A,52,T52,2025,CN
CN224074361U,-1,Noise,2025,CN
CN224075659U,0,T0,2025,CN
CN224077963U,18,T18,2025,CN
CN224083327U,12,T12,2025,CN
IN202521012377A,8,T8,2025,IN
IN202641013775A,-1,Noise,2026,IN
IN202641016802A,8,T8,2026,IN
WO2026065373A1,15,T15,2024,Other
WO2026065895A1,37,T37,2025,Other
EP4010659B1,-1,Noise,2019,Other
TWI920906B,19,T19,2024,Other
TWM681730U,-1,Noise,2025,Other
CN119821068B,1,T1,2025,CN
CN121083647B,32,T32,2025,CN
CN121156985B,1,T1,2025,CN
CN121179441B,6,T6,2025,CN
CN121212193B,5,T5,2025,CN
CN121267989B,-1,Noise,2025,CN
CN121447655B,57,T57,2026,CN
CN121492057B,57,T57,2026,CN
CN121756299A,40,T40,2026,CN
CN121756330A,1,T1,2025,CN
CN121756339A,1,T1,2025,CN
CN121756354A,-1,Noise,2026,CN
CN121756358A,-1,Noise,2026,CN
CN121757299A,19,T19,2026,CN
CN121762967A,-1,Noise,2025,CN
CN121763055A,-1,Noise,2025,CN
CN121764080A,15,T15,2025,CN
CN121764108A,15,T15,2025,CN
CN121767901A,56,T56,2025,CN
CN121768043A,41,T41,2025,CN
CN224059839U,-1,Noise,2025,CN
CN224061076U,0,T0,2025,CN
LU603386B1,-1,Noise,2025,Other
CN115705703B,50,T50,2021,CN
CN116852352B,-1,Noise,2023,CN
CN117103261B,65,T65,2023,CN
CN120451488B,-1,Noise,2025,CN
CN120687743B,17,T17,2025,CN
CN120862689B,-1,Noise,2025,CN
CN121143869B,17,T17,2025,CN
CN121163545B,6,T6,2025,CN
CN121459412B,26,T26,2026,CN
CN121492069B,47,T47,2026,CN
CN121535720B,1,T1,2026,CN
CN121589818B,44,T44,2026,CN
CN121732752A,36,T36,2025,CN
CN121733500A,-1,Noise,2026,CN
CN121733532A,6,T6,2025,CN
CN121733555A,3,T3,2025,CN
CN121733556A,1,T1,2025,CN
CN121733562A,3,T3,2026,CN
CN121733581A,16,T16,2026,CN
CN121733582A,17,T17,2026,CN
CN121733612A,13,T13,2026,CN
CN121734546A,37,T37,2026,CN
CN121736750A,66,T66,2025,CN
CN121740003A,-1,Noise,2025,CN
CN121740007A,-1,Noise,2026,CN
CN121742308A,3,T3,2025,CN
CN121745152A,5,T5,2025,CN
CN121746555A,68,T68,2026,CN
CN121746593A,-1,Noise,2025,CN
CN121746837A,56,T56,2025,CN
CN121750997A,52,T52,2026,CN
CN224043790U,4,T4,2025,CN
CN224043818U,-1,Noise,2025,CN
CN224043824U,0,T0,2025,CN
IN202611015954A,8,T8,2026,IN
IN202621015364A,-1,Noise,2026,IN
CN118023798B,36,T36,2024,CN
CN121267943B,5,T5,2025,CN
CN121267944B,57,T57,2025,CN
CN121468592B,57,T57,2026,CN
CN121523059B,6,T6,2026,CN
CN121716023A,0,T0,2026,CN
CN121716036A,10,T10,2025,CN
CN121716066A,-1,Noise,2026,CN
CN121716074A,19,T19,2026,CN
CN121716095A,5,T5,2026,CN
CN121716118A,49,T49,2025,CN
CN121716126A,-1,Noise,2026,CN
CN121716127A,47,T47,2026,CN
CN121721735A,30,T30,2026,CN
CN121721972A,6,T6,2026,CN
CN121722017A,3,T3,2025,CN
CN121724724A,35,T35,2025,CN
CN121726660A,-1,Noise,2025,CN
CN224024218U,11,T11,2025,CN
CN121067747B,30,T30,2025,CN
CN121200084B,47,T47,2025,CN
CN121245866B,17,T17,2025,CN
CN121374662B,1,T1,2025,CN
CN121411291B,1,T1,2025,CN
CN121411292B,10,T10,2025,CN
CN121696947A,5,T5,2025,CN
CN121696985A,1,T1,2026,CN
CN121697000A,2,T2,2025,CN
CN121697028A,10,T10,2025,CN
CN121697382A,0,T0,2025,CN
CN121697767A,0,T0,2025,CN
CN121701626A,-1,Noise,2026,CN
CN121702728A,20,T20,2026,CN
CN121704173A,17,T17,2025,CN
CN121704503A,74,T74,2024,CN
CN121704509A,33,T33,2025,CN
CN121704883A,32,T32,2026,CN
CN121706840A,2,T2,2026,CN
CN121708231A,33,T33,2025,CN
CN121710572A,-1,Noise,2025,CN
IN202641012362A,48,T48,2026,IN
IN202641028164A,21,T21,2026,IN
US20260077484A1,-1,Noise,2024,US
US20260077485A1,-1,Noise,2025,US
US20260077497A1,38,T38,2025,US
US20260080036A1,21,T21,2025,US
US20260082121A1,-1,Noise,2024,US
WO2026060354A1,70,T70,2025,Other
KR1020260038844A,17,T17,2025,KR
KR1020260038845A,-1,Noise,2025,KR
KR1020260038846A,17,T17,2025,KR
KR1020260038847A,-1,Noise,2025,KR
CN115359405B,43,T43,2022,CN
CN120538534B,6,T6,2025,CN
CN120773051B,1,T1,2025,CN
CN120962662B,10,T10,2025,CN
CN121361103B,1,T1,2025,CN
CN121394963B,49,T49,2025,CN
CN121459816B,2,T2,2025,CN
CN121515221B,1,T1,2026,CN
CN121669965A,66,T66,2025,CN
CN121670599A,4,T4,2026,CN
CN121670606A,32,T32,2026,CN
CN121670626A,1,T1,2025,CN
CN121670745A,16,T16,2025,CN
CN121670746A,16,T16,2025,CN
CN121671761A,37,T37,2025,CN
CN121671770A,-1,Noise,2025,CN
CN121677735A,27,T27,2026,CN
CN121678003A,-1,Noise,2025,CN
CN121678033A,1,T1,2026,CN
CN121680044A,-1,Noise,2025,CN
CN121680153A,32,T32,2025,CN
CN121680167A,5,T5,2025,CN
CN121680399A,-1,Noise,2025,CN
CN121680439A,-1,Noise,2025,CN
CN121680475A,67,T67,2026,CN
CN121682451A,15,T15,2026,CN
CN121686287A,54,T54,2025,CN
CN121686519A,-1,Noise,2025,CN
CN121686550A,26,T26,2026,CN
CN121689409A,49,T49,2025,CN
CN121691496A,-1,Noise,2025,CN
CN223999641U,9,T9,2026,CN
JP7831825B2,4,T4,2022,JP
KR1020260037630A,-1,Noise,2026,KR
CN117011378B,15,T15,2023,CN
CN120873640B,47,T47,2025,CN
CN121649957A,12,T12,2025,CN
CN121650006A,1,T1,2026,CN
CN121650025A,6,T6,2026,CN
CN121650030A,1,T1,2026,CN
CN121650591A,-1,Noise,2026,CN
CN121655500A,27,T27,2025,CN
CN121657086A,-1,Noise,2025,CN
CN121657435A,5,T5,2025,CN
CN121657659A,-1,Noise,2025,CN
CN121657718A,3,T3,2025,CN
CN121657722A,10,T10,2025,CN
CN121659991A,5,T5,2026,CN
CN121660920A,15,T15,2025,CN
CN121661700A,2,T2,2026,CN
CN121661771A,29,T29,2024,CN
CN121662528A,-1,Noise,2026,CN
CN223990086U,0,T0,2025,CN
IN202431067769A,29,T29,2024,IN
IN202641024867A,21,T21,2026,IN
IN202641024899A,-1,Noise,2026,IN
JP2026046233A,40,T40,2024,JP
JP2026044480A,20,T20,2024,JP
US20260070212A1,34,T34,2025,US
US20260072450A1,30,T30,2024,US
CN119975603B,9,T9,2025,CN
CN121403422B,57,T57,2025,CN
CN121424414B,5,T5,2025,CN
CN121625090A,32,T32,2025,CN
CN121625117A,28,T28,2025,CN
CN121625136A,1,T1,2025,CN
CN121625147A,1,T1,2025,CN
CN121625157A,10,T10,2026,CN
CN121625158A,-1,Noise,2026,CN
CN121625184A,2,T2,2025,CN
CN121625230A,-1,Noise,2025,CN
CN121626046A,-1,Noise,2026,CN
CN121626324A,0,T0,2026,CN
CN121626325A,9,T9,2026,CN
CN121626326A,37,T37,2026,CN
CN121632129A,27,T27,2025,CN
CN121635000A,1,T1,2025,CN
CN121635338A,5,T5,2025,CN
CN121635434A,33,T33,2025,CN
CN121635435A,5,T5,2025,CN
CN121635478A,-1,Noise,2025,CN
CN121635554A,1,T1,2025,CN
CN121639648A,30,T30,2025,CN
CN121640520A,41,T41,2025,CN
CN223981815U,-1,Noise,2025,CN
CN121447710B,-1,Noise,2026,CN
CN121608127A,12,T12,2026,CN
CN121608155A,1,T1,2025,CN
CN121608821A,-1,Noise,2025,CN
CN121608822A,37,T37,2026,CN
CN121612315A,33,T33,2026,CN
CN121613756A,-1,Noise,2026,CN
CN121615680A,17,T17,2025,CN
IN202641020606A,70,T70,2026,IN
US20260061611A1,44,T44,2025,US
US20260061625A1,-1,Noise,2025,US
WO2026047629A1,-1,Noise,2025,Other
WO2026048719A1,40,T40,2025,Other
CN116690557B,-1,Noise,2023,CN
CN119115940B,5,T5,2024,CN
CN121589798A,35,T35,2025,CN
CN121589818A,44,T44,2026,CN
CN121590664A,0,T0,2025,CN
CN121596874A,-1,Noise,2025,CN
CN121600201A,56,T56,2025,CN
CN121600695A,-1,Noise,2024,CN
CN223961292U,-1,Noise,2025,CN
CN117140542B,2,T2,2023,CN
CN117141611B,3,T3,2023,CN
CN120735021B,17,T17,2025,CN
CN120805549B,20,T20,2025,CN
CN120979671B,38,T38,2025,CN
CN121069743B,5,T5,2025,CN
CN121224725B,7,T7,2025,CN
CN121572259A,32,T32,2025,CN
CN121572325A,-1,Noise,2026,CN
CN121572328A,1,T1,2026,CN
CN121572351A,4,T4,2026,CN
CN121572361A,-1,Noise,2025,CN
CN121573085A,0,T0,2026,CN
CN121578654A,5,T5,2026,CN
CN121580141A,47,T47,2026,CN
CN121580848A,-1,Noise,2025,CN
CN223947923U,13,T13,2025,CN
CN223947924U,-1,Noise,2025,CN
CN223949242U,0,T0,2025,CN
CN223949244U,13,T13,2025,CN
US20260054369A1,-1,Noise,2025,US
US20260054379A1,-1,Noise,2025,US
EP4599995B1,-1,Noise,2024,Other
EP4698351A2,2,T2,2024,Other
CN116946280B,0,T0,2023,CN
CN120578041B,28,T28,2025,CN
CN121069800B,6,T6,2025,CN
CN121552315A,1,T1,2025,CN
CN121552375A,17,T17,2025,CN
CN121552383A,3,T3,2026,CN
CN121552442A,-1,Noise,2025,CN
CN121552444A,32,T32,2025,CN
CN121552445A,32,T32,2026,CN
CN121553273A,2,T2,2025,CN
CN121558023A,38,T38,2025,CN
CN121562404A,5,T5,2025,CN
CN121568191A,44,T44,2025,CN
CN223933636U,-1,Noise,2025,CN
CN223934846U,37,T37,2025,CN
JP2026031287A,11,T11,2024,JP
US12558801B2,-1,Noise,2023,US
IN202641014325A,22,T22,2026,IN
IN202641015026A,21,T21,2026,IN
KZ37827B,71,T71,2024,Other
US20260048506A1,-1,Noise,2025,US
EP4696465A1,-1,Noise,2024,Other
EP4696468A2,-1,Noise,2022,Other
CN115933628B,27,T27,2022,CN
CN116946390B,0,T0,2023,CN
CN121105040B,1,T1,2025,CN
CN121375984B,0,T0,2025,CN
CN121535720A,1,T1,2026,CN
CN121535742A,1,T1,2025,CN
CN121535750A,1,T1,2025,CN
CN121535790A,-1,Noise,2025,CN
CN121541463A,6,T6,2025,CN
CN121541648A,15,T15,2026,CN
CN121544855A,-1,Noise,2025,CN
CN121547747A,44,T44,2026,CN
US12552034B2,22,T22,2022,US
US12552038B1,38,T38,2024,US
CN111389026B,11,T11,2020,CN
CN120807727B,68,T68,2025,CN
CN120985675B,1,T1,2025,CN
CN120991885B,27,T27,2025,CN
CN121061903B,5,T5,2025,CN
CN121105047B,32,T32,2025,CN
CN121163530B,27,T27,2025,CN
CN121277188B,1,T1,2025,CN
CN121514170A,-1,Noise,2025,CN
CN121515156A,-1,Noise,2025,CN
CN121515160A,-1,Noise,2025,CN
CN121515181A,1,T1,2025,CN
CN121515206A,1,T1,2025,CN
CN121515211A,6,T6,2025,CN
CN121515221A,1,T1,2026,CN
CN121515248A,-1,Noise,2026,CN
CN121516134A,9,T9,2025,CN
CN121520929A,52,T52,2025,CN
CN121521112A,-1,Noise,2025,CN
CN121522574A,2,T2,2025,CN
CN121523030A,-1,Noise,2025,CN
CN121523059A,6,T6,2026,CN
CN121523385A,3,T3,2025,CN
CN121527069A,6,T6,2025,CN
CN121527121A,26,T26,2025,CN
CN121527122A,26,T26,2025,CN
CN121528482A,-1,Noise,2025,CN
CN223903975U,-1,Noise,2025,CN
CN223912268U,49,T49,2025,CN
IN202541124066A,21,T21,2025,IN
WO2026035805A1,38,T38,2025,Other
EP4691698A1,74,T74,2023,Other
EP4691708A1,25,T25,2024,Other
CN117125167B,0,T0,2023,CN
CN121061906B,-1,Noise,2025,CN
CN121223868B,-1,Noise,2025,CN
CN121491998A,12,T12,2025,CN
CN121492014A,10,T10,2025,CN
CN121492023A,38,T38,2025,CN
CN121492064A,10,T10,2026,CN
CN121492065A,1,T1,2026,CN
CN121492069A,47,T47,2026,CN
CN121492070A,5,T5,2026,CN
CN121492078A,0,T0,2025,CN
CN121492079A,0,T0,2026,CN
CN121492102A,-1,Noise,2025,CN
CN121492103A,-1,Noise,2025,CN
CN121492124A,-1,Noise,2026,CN
CN121492126A,5,T5,2026,CN
CN121499736A,20,T20,2024,CN
CN121500982A,33,T33,2026,CN
CN121501008A,15,T15,2025,CN
CN121503548A,35,T35,2024,CN
CN121505377A,5,T5,2025,CN
CN120056123B,5,T5,2025,CN
CN120862748B,-1,Noise,2025,CN
CN121132701B,28,T28,2025,CN
CN121464838A,39,T39,2025,CN
CN121468487A,-1,Noise,2025,CN
CN121468516A,-1,Noise,2025,CN
CN121468518A,2,T2,2025,CN
CN121468521A,27,T27,2025,CN
CN121468522A,5,T5,2025,CN
CN121468564A,71,T71,2025,CN
CN121468577A,-1,Noise,2025,CN
CN121468592A,57,T57,2026,CN
CN121468602A,10,T10,2026,CN
CN121468612A,-1,Noise,2025,CN
CN121468616A,4,T4,2025,CN
CN121468627A,4,T4,2025,CN
CN121468646A,13,T13,2025,CN
CN121468674A,-1,Noise,2025,CN
CN121469202A,0,T0,2025,CN
CN121469757A,0,T0,2025,CN
CN121475168A,10,T10,2025,CN
CN121477902A,2,T2,2026,CN
CN121477950A,3,T3,2025,CN
CN121477955A,-1,Noise,2025,CN
CN121477956A,5,T5,2025,CN
CN121479665A,15,T15,2025,CN
CN121480731A,-1,Noise,2025,CN
CN121483768A,36,T36,2025,CN
CN121485372A,-1,Noise,2026,CN
CN223876997U,-1,Noise,2024,CN
CN223878118U,-1,Noise,2025,CN
IN202641000645A,1,T1,2026,IN
US20260034683A1,-1,Noise,2025,US
WO2026025420A1,8,T8,2024,Other
WO2026026989A1,9,T9,2025,Other
EP4686379A1,-1,Noise,2023,Other
CN115775257B,-1,Noise,2021,CN
CN116088546B,-1,Noise,2022,CN
CN119644827B,44,T44,2024,CN
CN119672114B,35,T35,2024,CN
CN120277963B,1,T1,2025,CN
CN120862690B,5,T5,2025,CN
CN120993711B,6,T6,2025,CN
CN121200037B,57,T57,2025,CN
CN121447588A,9,T9,2025,CN
CN121447591A,-1,Noise,2025,CN
CN121447603A,4,T4,2025,CN
CN121447613A,15,T15,2025,CN
CN121447617A,-1,Noise,2025,CN
CN121447647A,57,T57,2025,CN
CN121447655A,57,T57,2026,CN
CN121447687A,-1,Noise,2025,CN
CN121447710A,-1,Noise,2026,CN
CN121448540A,9,T9,2025,CN
CN121454954A,3,T3,2025,CN
CN121455036A,-1,Noise,2025,CN
CN121455194A,-1,Noise,2025,CN
CN121455195A,-1,Noise,2025,CN
CN121455197A,-1,Noise,2025,CN
CN121455208A,38,T38,2025,CN
CN121459412A,26,T26,2026,CN
CN121459815A,2,T2,2025,CN
CN121459816A,2,T2,2025,CN
CN121460273A,-1,Noise,2025,CN
CN223864997U,9,T9,2025,CN
US12539621B1,4,T4,2025,US
KR102922421B1,-1,Noise,2024,KR
KR102921123B1,-1,Noise,2023,KR
CN116985110B,45,T45,2022,CN
CN120386385B,3,T3,2025,CN
CN120928375B,27,T27,2025,CN
CN120962680B,-1,Noise,2025,CN
CN120993921B,5,T5,2025,CN
CN121115523B,5,T5,2025,CN
CN121424378A,35,T35,2025,CN
CN121424380A,-1,Noise,2025,CN
CN121424382A,-1,Noise,2025,CN
CN121424399A,-1,Noise,2025,CN
CN121424414A,5,T5,2025,CN
CN121424441A,19,T19,2025,CN
CN121424456A,12,T12,2025,CN
CN121430571A,3,T3,2025,CN
CN121432023A,1,T1,2025,CN
CN121432930A,-1,Noise,2025,CN
CN121433294A,-1,Noise,2025,CN
CN121433297A,33,T33,2025,CN
CN121433794A,2,T2,2025,CN
CN121436022A,42,T42,2025,CN
CN121436027A,5,T5,2025,CN
CN121438818A,2,T2,2025,CN
CN121442067A,-1,Noise,2025,CN
CN223849299U,0,T0,2025,CN
IN202521118909A,-1,Noise,2025,IN
IN202541133607A,8,T8,2025,IN
IN202641003589A,-1,Noise,2026,IN
IN202641005878A,19,T19,2026,IN
US20260028073A1,9,T9,2025,US
WO2026022842A1,14,T14,2025,Other
WO2026024572A1,9,T9,2025,Other
WO2026024785A1,38,T38,2025,Other
EP4101376B1,-1,Noise,2020,Other
JP2026013337A,28,T28,2024,JP
EP4101376C0,-1,Noise,2020,Other
CN120063317B,15,T15,2025,CN
CN120909299B,33,T33,2025,CN
CN121075330B,65,T65,2025,CN
CN121403356A,5,T5,2025,CN
CN121403374A,-1,Noise,2025,CN
CN121403379A,1,T1,2025,CN
CN121403406A,28,T28,2025,CN
CN121403422A,57,T57,2025,CN
CN121403438A,0,T0,2025,CN
CN121409605A,16,T16,2025,CN
CN121411264A,15,T15,2025,CN
CN121411291A,1,T1,2025,CN
CN121411292A,10,T10,2025,CN
CN121411344A,10,T10,2025,CN
CN121411440A,27,T27,2025,CN
CN121411476A,1,T1,2025,CN
CN121413824A,-1,Noise,2025,CN
CN121414777A,26,T26,2025,CN
CN121417592A,-1,Noise,2025,CN
CN223834516U,13,T13,2025,CN
CN223837853U,18,T18,2025,CN
CN120839819B,4,T4,2025,CN
CN121374573A,-1,Noise,2025,CN
CN121374580A,10,T10,2025,CN
CN121374584A,5,T5,2025,CN
CN121374596A,-1,Noise,2025,CN
CN121374652A,65,T65,2025,CN
CN121374657A,28,T28,2025,CN
CN121374662A,1,T1,2025,CN
CN121374680A,20,T20,2025,CN
CN121374700A,12,T12,2025,CN
CN121374718A,12,T12,2025,CN
CN121375982A,9,T9,2025,CN
CN121375983A,9,T9,2025,CN
CN121375984A,0,T0,2025,CN
CN121386402A,38,T38,2025,CN
CN121386792A,1,T1,2025,CN
CN121389371A,-1,Noise,2025,CN
CN121389372A,3,T3,2025,CN
CN121390127A,5,T5,2025,CN
CN121391718A,10,T10,2025,CN
CN121391992A,35,T35,2025,CN
CN121392348A,27,T27,2025,CN
CN121394963A,49,T49,2025,CN
CN121397170A,2,T2,2025,CN
CN121397811A,-1,Noise,2025,CN
CN223827076U,-1,Noise,2025,CN
WO2026016316A1,57,T57,2024,Other
TR2025022132A2,-1,Noise,2025,Other
TR2025022226A2,-1,Noise,2025,Other
TR2024013843Y,14,T14,2024,Other
CN116605327B,0,T0,2023,CN
CN120839820B,4,T4,2025,CN
CN121361072A,-1,Noise,2025,CN
CN121361093A,-1,Noise,2025,CN
CN121361103A,1,T1,2025,CN
CN121361114A,4,T4,2025,CN
CN121361415A,30,T30,2025,CN
US12528428B2,-1,Noise,2019,US
KR102915951B1,-1,Noise,2025,KR
CN119647082B,16,T16,2024,CN
CN121339846A,13,T13,2025,CN
CN121340207A,-1,Noise,2025,CN
CN121340233A,17,T17,2025,CN
CN121340239A,10,T10,2025,CN
CN121340271A,5,T5,2025,CN
CN121340275A,-1,Noise,2025,CN
CN121340353A,19,T19,2025,CN
CN121341216A,7,T7,2025,CN
CN121341317A,9,T9,2025,CN
CN121348993A,10,T10,2025,CN
CN121349099A,5,T5,2025,CN
CN121353818A,32,T32,2025,CN
CN121354158A,50,T50,2024,CN
CN121355080A,36,T36,2025,CN
CN223802594U,-1,Noise,2025,CN
CN223802618U,13,T13,2025,CN
IN202411051997A,39,T39,2024,IN
JP7800578B2,56,T56,2024,JP
JP7799289B2,56,T56,2024,JP
US20260016809A1,32,T32,2024,US
CN120538863B,-1,Noise,2025,CN
CN121315374A,36,T36,2025,CN
CN121315902A,0,T0,2025,CN
CN121315905A,-1,Noise,2025,CN
CN121315910A,9,T9,2025,CN
CN121315911A,9,T9,2025,CN
CN121315975A,6,T6,2025,CN
CN121316019A,12,T12,2025,CN
CN121323604A,15,T15,2025,CN
CN121324021A,16,T16,2024,CN
CN121325685A,44,T44,2025,CN
CN121325705A,15,T15,2025,CN
CN121325859A,1,T1,2025,CN
CN121327585A,27,T27,2025,CN
CN121332123A,-1,Noise,2025,CN
CN223791608U,0,T0,2025,CN
KR1020260005652A,-1,Noise,2024,KR
CN119283017B,1,T1,2024,CN
CN121005059B,-1,Noise,2025,CN
CN121290403A,5,T5,2025,CN
CN121290419A,65,T65,2025,CN
CN121290486A,9,T9,2025,CN
CN121290511A,-1,Noise,2025,CN
CN121291630A,9,T9,2024,CN
CN121293720A,66,T66,2025,CN
CN121300151A,40,T40,2025,CN
CN121300379A,-1,Noise,2025,CN
CN121300450A,27,T27,2025,CN
CN121300473A,3,T3,2025,CN
CN121300636A,-1,Noise,2025,CN
CN121300983A,32,T32,2025,CN
CN121302105A,2,T2,2025,CN
CN121308227A,64,T64,2025,CN
CN121308436A,-1,Noise,2025,CN
CN121309960A,26,T26,2025,CN
CN121311401A,7,T7,2024,CN
CN223778460U,0,T0,2025,CN
IN202521117257A,-1,Noise,2025,IN
US20260010164A1,40,T40,2025,US
US20260010166A1,-1,Noise,2025,US
US20260010411A1,21,T21,2025,US
WO2026009036A2,7,T7,2025,Other
WO2026009134A1,17,T17,2025,Other
EP4673895A1,61,T61,2024,Other
CN119088013B,3,T3,2024,CN
CN120080929B,12,T12,2025,CN
CN120645210B,-1,Noise,2025,CN
CN120715919B,1,T1,2025,CN
CN120755910B,12,T12,2025,CN
CN120886273B,27,T27,2025,CN
CN120928029B,-1,Noise,2025,CN
CN121265248A,24,T24,2025,CN
CN121267313A,36,T36,2025,CN
CN121267943A,5,T5,2025,CN
CN121267988A,13,T13,2025,CN
CN121267989A,-1,Noise,2025,CN
CN121268999A,0,T0,2025,CN
CN121269000A,0,T0,2025,CN
CN121274987A,7,T7,2025,CN
CN121275014A,-1,Noise,2025,CN
CN121277101A,27,T27,2025,CN
CN121277188A,1,T1,2025,CN
CN121277211A,27,T27,2024,CN
CN121281361A,-1,Noise,2025,CN
US12515320B2,-1,Noise,2021,US
US12515337B2,22,T22,2023,US
CN116966069B,48,T48,2023,CN
CN120307284B,-1,Noise,2025,CN
CN120696999B,17,T17,2025,CN
CN120837872B,60,T60,2025,CN
CN120927336B,59,T59,2025,CN
CN121245797A,10,T10,2025,CN
CN121245822A,-1,Noise,2025,CN
CN121245832A,32,T32,2025,CN
CN121245855A,4,T4,2025,CN
CN121245866A,17,T17,2025,CN
CN121245900A,12,T12,2025,CN
CN121245908A,-1,Noise,2025,CN
CN121257304A,47,T47,2025,CN
CN121259559A,15,T15,2025,CN
CN121259873A,41,T41,2025,CN
CN121260151A,2,T2,2025,CN
CN121262482A,10,T10,2025,CN
IN202511116042A,2,T2,2025,IN
IN202521121447A,2,T2,2025,IN
IN202541121024A,8,T8,2025,IN
IN202541122173A,2,T2,2025,IN
IN202541126795A,42,T42,2025,IN
IN202541127850A,19,T19,2025,IN
IN202541127855A,12,T12,2025,IN
IN202541128108A,2,T2,2025,IN
IN202541129112A,-1,Noise,2025,IN
WO2026000112A1,61,T61,2024,Other
WO2026003741A2,-1,Noise,2025,Other
TW202601568A,-1,Noise,2024,Other
DE202023003080U1,0,T0,2023,DE
CN116843924B,51,T51,2023,CN
CN121223770A,-1,Noise,2025,CN
CN121223773A,5,T5,2025,CN
CN121223774A,1,T1,2025,CN
CN121223818A,-1,Noise,2025,CN
CN121223864A,47,T47,2025,CN
CN121223868A,-1,Noise,2025,CN
CN121224725A,7,T7,2025,CN
CN121224738A,3,T3,2025,CN
CN121232829A,10,T10,2025,CN
CN121232883A,73,T73,2025,CN
CN121233947A,17,T17,2025,CN
CN121234739A,17,T17,2025,CN
CN121235692A,42,T42,2025,CN
US12508706B2,-1,Noise,2023,US
US12511598B1,21,T21,2025,US
CN119097892B,14,T14,2024,CN
CN119380414B,2,T2,2024,CN
CN120395905B,2,T2,2025,CN
CN120672691B,-1,Noise,2025,CN
CN120901911B,49,T49,2025,CN
CN120901924B,67,T67,2025,CN
CN121199998A,65,T65,2025,CN
CN121200007A,-1,Noise,2025,CN
CN121200037A,57,T57,2025,CN
CN121200067A,1,T1,2025,CN
CN121200084A,47,T47,2025,CN
CN121201243A,0,T0,2025,CN
CN121204990A,20,T20,2025,CN
CN121206020A,0,T0,2025,CN
CN121206046A,-1,Noise,2025,CN
CN121209388A,6,T6,2025,CN
CN121209571A,38,T38,2025,CN
CN121212193A,5,T5,2025,CN
CN121212731A,10,T10,2025,CN
CN121213647A,-1,Noise,2024,CN
CN121214518A,2,T2,2025,CN
CN223728377U,18,T18,2025,CN
CN223728379U,18,T18,2025,CN
CN223728380U,18,T18,2025,CN
JP7792720B2,69,T69,2024,JP
WO2025264137A1,13,T13,2024,Other
VN120804A,-1,Noise,2025,Other
VN120830A,49,T49,2025,Other
CN116070671B,-1,Noise,2023,CN
CN120422241B,-1,Noise,2025,CN
CN120755902B,4,T4,2025,CN
CN121179415A,-1,Noise,2025,CN
CN121179433A,10,T10,2025,CN
CN121179441A,6,T6,2025,CN
CN121179474A,1,T1,2025,CN
CN121179479A,17,T17,2025,CN
CN121179480A,-1,Noise,2025,CN
CN121180323A,-1,Noise,2025,CN
CN121180324A,0,T0,2025,CN
CN121180327A,0,T0,2025,CN
CN121180331A,0,T0,2025,CN
CN121185305A,27,T27,2025,CN
CN121186788A,1,T1,2025,CN
CN121187341A,7,T7,2025,CN
CN121194347A,-1,Noise,2025,CN
CN223700889U,-1,Noise,2024,CN
CN223702772U,0,T0,2025,CN
CN223702775U,0,T0,2025,CN
US12502769B2,-1,Noise,2023,US
TR2025019033A2,-1,Noise,2025,Other
CN115344040B,-1,Noise,2022,CN
CN121156985A,1,T1,2025,CN
CN121157000A,12,T12,2025,CN
CN121157111A,1,T1,2025,CN
CN121157116A,-1,Noise,2025,CN
CN121158442A,30,T30,2024,CN
CN121163501A,27,T27,2025,CN
CN121163530A,27,T27,2025,CN
CN121163545A,6,T6,2025,CN
CN121170876A,2,T2,2025,CN
IN202411043615A,52,T52,2024,IN
IN202441046419A,8,T8,2024,IN
IN202521037104A,20,T20,2025,IN
IN202541100034A,-1,Noise,2025,IN
IN202541118662A,70,T70,2025,IN
IN202541119428A,28,T28,2025,IN
JP2025541512A,40,T40,2024,JP
US20250381664A1,-1,Noise,2025,US
US20250381668A1,22,T22,2025,US
US20250381681A1,-1,Noise,2025,US
US20250381682A1,-1,Noise,2025,US
WO2025255687A1,-1,Noise,2025,Other
WO2025255888A1,19,T19,2024,Other
WO2025256084A1,-1,Noise,2024,Other
NL2031560B1,-1,Noise,2022,Other
NL4000052B1,66,T66,2025,Other
JP2025540901A,-1,Noise,2023,JP
CN119929016B,-1,Noise,2025,CN
CN121132639A,32,T32,2025,CN
CN121132640A,32,T32,2025,CN
CN121132649A,10,T10,2025,CN
CN121132671A,5,T5,2025,CN
CN121132677A,6,T6,2025,CN
CN121132695A,-1,Noise,2025,CN
CN121132701A,28,T28,2025,CN
CN121132725A,19,T19,2025,CN
CN121132727A,0,T0,2024,CN
CN121133742A,7,T7,2025,CN
CN121133868A,3,T3,2025,CN
CN121133871A,0,T0,2025,CN
CN121133872A,9,T9,2025,CN
CN121143009A,3,T3,2025,CN
CN121143418A,6,T6,2025,CN
CN121143869A,17,T17,2025,CN
CN121145426A,-1,Noise,2025,CN
CN121147659A,7,T7,2025,CN
CN121148009A,2,T2,2025,CN
CN223674176U,43,T43,2025,CN
CN223675210U,2,T2,2024,CN
US12496714B2,-1,Noise,2023,US
CN116749230B,12,T12,2023,CN
CN118991966B,9,T9,2024,CN
CN120716818B,72,T72,2025,CN
CN120909303B,-1,Noise,2025,CN
CN121101964A,48,T48,2025,CN
CN121105011A,-1,Noise,2025,CN
CN121105016A,32,T32,2025,CN
CN121105040A,1,T1,2025,CN
CN121105047A,32,T32,2025,CN
CN121105081A,-1,Noise,2025,CN
CN121112871A,-1,Noise,2025,CN
CN121115523A,5,T5,2025,CN
CN121117154A,2,T2,2025,CN
CN121120789A,15,T15,2025,CN
CN121124445A,-1,Noise,2025,CN
IN202441044488A,29,T29,2024,IN
IN202511104194A,38,T38,2025,IN
IN202517102646A,-1,Noise,2025,IN
JP7784493B2,-1,Noise,2024,JP
US20250375875A1,25,T25,2025,US
US20250375898A1,-1,Noise,2025,US
AU2024205545A1,56,T56,2024,Other
CN118952165B,2,T2,2024,CN
CN119078989B,9,T9,2024,CN
CN119388468B,-1,Noise,2024,CN
CN119690117B,-1,Noise,2024,CN
CN120287317B,13,T13,2025,CN
CN120645216B,-1,Noise,2025,CN
CN121083632A,1,T1,2025,CN
CN121083647A,32,T32,2025,CN
CN121083694A,12,T12,2025,CN
CN121084516A,-1,Noise,2025,CN
CN121093995A,2,T2,2025,CN
CN223652321U,-1,Noise,2024,CN
CN116100602B,6,T6,2022,CN
CN120373134B,-1,Noise,2025,CN
CN120921439B,-1,Noise,2025,CN
CN121061838A,-1,Noise,2025,CN
CN121061859A,-1,Noise,2025,CN
CN121061885A,1,T1,2025,CN
CN121061903A,5,T5,2025,CN
CN121061906A,-1,Noise,2025,CN
CN121061911A,27,T27,2025,CN
CN121067747A,30,T30,2025,CN
CN121067878A,-1,Noise,2025,CN
CN121067881A,27,T27,2025,CN
CN121069743A,5,T5,2025,CN
CN121069800A,6,T6,2025,CN
CN121069950A,6,T6,2025,CN
CN121070035A,7,T7,2025,CN
CN121074210A,68,T68,2025,CN
CN121075330A,65,T65,2025,CN
CN223631674U,0,T0,2025,CN
JP2025178041A,56,T56,2024,JP
IN575193A1,-1,Noise,2023,IN
US20250373494A1,-1,Noise,2025,US
WO2025250798A1,22,T22,2025,Other
CN118494634B,0,T0,2024,CN
CN120816501B,5,T5,2025,CN
CN120886268B,6,T6,2025,CN
CN121043090A,72,T72,2025,CN
CN121043183A,-1,Noise,2025,CN
CN121043971A,52,T52,2025,CN
CN121050241A,5,T5,2025,CN
CN223617761U,-1,Noise,2025,CN
CN223617763U,-1,Noise,2025,CN
CN223617764U,-1,Noise,2025,CN
CN223617773U,2,T2,2024,CN
KR1020250168023A,56,T56,2024,KR
CA3251393A1,56,T56,2024,Other
CN115525036B,7,T7,2022,CN
CN116934791B,-1,Noise,2022,CN
CN119641177B,46,T46,2024,CN
CN120135314B,0,T0,2025,CN
CN120821200B,7,T7,2025,CN
CN120862643B,5,T5,2025,CN
CN120862713B,32,T32,2025,CN
CN121014469A,0,T0,2025,CN
CN121018540A,6,T6,2025,CN
CN121018555A,1,T1,2025,CN
CN121018576A,5,T5,2025,CN
CN121028768A,-1,Noise,2025,CN
CN223604401U,-1,Noise,2025,CN
CN223609211U,12,T12,2025,CN
IN202511089872A,29,T29,2025,IN
IN202511094778A,28,T28,2025,IN
IN202541101778A,28,T28,2025,IN
IN202541108879A,21,T21,2025,IN
JP2025538768A,40,T40,2023,JP
FR3162579A1,56,T56,2024,FR
IN574589A1,21,T21,2025,IN
DE102024103644B4,-1,Noise,2024,DE
DE102024114540A1,21,T21,2024,DE
DE102024123110A1,56,T56,2024,DE
US20250360614A1,-1,Noise,2025,US
US20250362117A1,29,T29,2025,US
US20250363792A1,56,T56,2024,US
EP4115347B1,-1,Noise,2021,Other
CN118906089B,-1,Noise,2024,CN
CN118907260B,-1,Noise,2024,CN
CN119536017B,10,T10,2024,CN
CN119717618B,47,T47,2024,CN
CN120742942B,-1,Noise,2025,CN
CN120791809B,-1,Noise,2025,CN
CN120791811B,33,T33,2025,CN
CN121004621A,-1,Noise,2025,CN
CN121005059A,-1,Noise,2025,CN
CN121005061A,-1,Noise,2025,CN
CN121008517A,6,T6,2025,CN
US12479101B2,22,T22,2021,US
CN115871700B,7,T7,2022,CN
CN116001941B,0,T0,2023,CN
CN119027499B,-1,Noise,2024,CN
CN119142434B,0,T0,2024,CN
CN119428907B,-1,Noise,2024,CN
CN119458445B,12,T12,2024,CN
CN119596750B,3,T3,2024,CN
CN119770180B,-1,Noise,2024,CN
CN119782142B,11,T11,2024,CN
CN120024424B,9,T9,2025,CN
CN120715957B,13,T13,2025,CN
CN120833943B,-1,Noise,2025,CN
CN120856960B,30,T30,2025,CN
CN120985610A,2,T2,2025,CN
CN120985630A,6,T6,2025,CN
CN120985653A,1,T1,2025,CN
CN120985675A,1,T1,2025,CN
CN120985707A,-1,Noise,2025,CN
CN120985722A,-1,Noise,2025,CN
CN120986564A,0,T0,2025,CN
CN120991885A,27,T27,2025,CN
CN120993711A,6,T6,2025,CN
CN120993921A,5,T5,2025,CN
CN120995103A,5,T5,2025,CN
CN120999039A,49,T49,2025,CN
CN223574518U,72,T72,2024,CN
CN223574559U,9,T9,2024,CN
CN223581647U,16,T16,2024,CN
TWI905981B,-1,Noise,2024,Other
TWM677250U,-1,Noise,2025,Other
US20250353195A1,40,T40,2025,US
EP4650887A1,40,T40,2024,Other
CN115597602B,-1,Noise,2022,CN
CN116424368B,7,T7,2023,CN
CN118907268B,0,T0,2024,CN
CN118907269B,0,T0,2024,CN
CN119472340B,10,T10,2024,CN
CN120161848B,10,T10,2025,CN
CN120742904B,33,T33,2025,CN
CN120823342B,2,T2,2025,CN
CN120962601A,-1,Noise,2025,CN
CN120962662A,10,T10,2025,CN
CN120962680A,-1,Noise,2025,CN
CN120962728A,-1,Noise,2025,CN
CN120963269A,-1,Noise,2025,CN
CN120963882A,9,T9,2025,CN
CN120972536A,6,T6,2025,CN
CN120972550A,3,T3,2025,CN
CN120972686A,52,T52,2025,CN
CN120972858A,7,T7,2025,CN
CN120974175A,5,T5,2025,CN
CN120974697A,3,T3,2025,CN
CN120976493A,21,T21,2025,CN
CN120976976A,50,T50,2025,CN
CN120979671A,38,T38,2025,CN
CN119871477B,-1,Noise,2025,CN
CN120715912B,17,T17,2025,CN
CN120722767B,6,T6,2025,CN
CN120941386A,10,T10,2025,CN
CN120942449A,0,T0,2025,CN
CN120942450A,0,T0,2025,CN
CN120942592A,3,T3,2025,CN
CN120949038A,16,T16,2025,CN
CN120951807A,-1,Noise,2025,CN
CN120957846A,25,T25,2024,CN
DE202025002635U1,2,T2,2025,DE
US20250345931A1,17,T17,2024,US
EP4646339A1,23,T23,2023,Other
EP4646360A1,-1,Noise,2024,Other
KR102885268B1,67,T67,2023,KR
CN114170572B,-1,Noise,2021,CN
CN119260696B,1,T1,2024,CN
CN119828546B,52,T52,2024,CN
CN119929015B,-1,Noise,2025,CN
CN120715915B,1,T1,2025,CN
CN120921326A,-1,Noise,2022,CN
CN120921375A,-1,Noise,2025,CN
CN120921409A,-1,Noise,2025,CN
CN120921439A,-1,Noise,2025,CN
CN120927336A,59,T59,2025,CN
CN120928029A,-1,Noise,2025,CN
CN120928375A,27,T27,2025,CN
CN120928696A,6,T6,2025,CN
CN120932167A,-1,Noise,2024,CN
CN120934236A,-1,Noise,2025,CN
US12466502B1,0,T0,2022,US
US12468300B2,-1,Noise,2022,US
CN118550195B,-1,Noise,2024,CN
CN118928586B,37,T37,2024,CN
CN119077798B,10,T10,2024,CN
CN119580575B,-1,Noise,2024,CN
CN119682872B,0,T0,2024,CN
CN119960461B,40,T40,2025,CN
CN120621535B,37,T37,2025,CN
CN120697869B,37,T37,2025,CN
CN120697870B,37,T37,2025,CN
CN120715908B,1,T1,2025,CN
CN120716855B,0,T0,2025,CN
CN120899518A,24,T24,2025,CN
CN120901904A,-1,Noise,2022,CN
CN120901905A,-1,Noise,2022,CN
CN120901911A,49,T49,2025,CN
CN120901924A,67,T67,2025,CN
CN120901927A,75,T75,2025,CN
CN120901954A,5,T5,2025,CN
CN120901960A,5,T5,2025,CN
CN120902011A,-1,Noise,2025,CN
CN120907869A,-1,Noise,2025,CN
CN120909274A,6,T6,2025,CN
CN120909299A,33,T33,2025,CN
CN120909303A,-1,Noise,2025,CN
CN120909547A,2,T2,2025,CN
CN120911517A,28,T28,2025,CN
CN120911740A,10,T10,2025,CN
CN120912300A,7,T7,2025,CN
CN120913556A,2,T2,2025,CN
CN223519672U,2,T2,2024,CN
CN223520933U,0,T0,2024,CN
WO2025227595A1,-1,Noise,2024,Other
EP4644061A1,0,T0,2025,Other
CN115761785B,-1,Noise,2021,CN
CN119501927B,6,T6,2024,CN
CN119748499B,-1,Noise,2024,CN
CN120884435A,8,T8,2025,CN
CN120886237A,3,T3,2025,CN
CN120886268A,6,T6,2025,CN
CN120886273A,27,T27,2025,CN
CN120886278A,2,T2,2025,CN
CN120887490A,-1,Noise,2025,CN
CN120890459A,33,T33,2025,CN
CN120894397A,50,T50,2025,CN
CN120897834A,-1,Noise,2024,CN
CN223507226U,13,T13,2024,CN
CN223508380U,52,T52,2024,CN
US12460921B2,-1,Noise,2023,US
US12461530B2,-1,Noise,2023,US
CN114463253B,50,T50,2021,CN
CN115145286B,74,T74,2022,CN
CN115219358B,20,T20,2022,CN
CN118601446B,23,T23,2024,CN
CN119338981B,35,T35,2024,CN
CN119645028B,3,T3,2024,CN
CN119896245B,-1,Noise,2025,CN
CN120722765B,6,T6,2025,CN
CN120861838A,66,T66,2025,CN
CN120862636A,-1,Noise,2025,CN
CN120862643A,5,T5,2025,CN
CN120862682A,-1,Noise,2025,CN
CN120862689A,-1,Noise,2025,CN
CN120862690A,5,T5,2025,CN
CN120862713A,32,T32,2025,CN
CN120862719A,30,T30,2025,CN
CN120862748A,-1,Noise,2025,CN
CN120862760A,72,T72,2025,CN
CN120863774A,9,T9,2025,CN
CN120871619A,3,T3,2025,CN
CN120871853A,3,T3,2025,CN
CN120873640A,47,T47,2025,CN
CN120873681A,-1,Noise,2025,CN
CN120877175A,-1,Noise,2025,CN
CN223493288U,-1,Noise,2024,CN
KR1020250155720A,-1,Noise,2024,KR
US20250332004A1,0,T0,2025,US
US20250335253A1,21,T21,2025,US
WO2025226986A1,21,T21,2025,Other
EP4641339A1,6,T6,2024,Other
CN113525548B,0,T0,2020,CN
CN115220465B,40,T40,2022,CN
CN115841698B,53,T53,2022,CN
CN117550105B,-1,Noise,2023,CN
CN119758719B,6,T6,2024,CN
CN120397008B,7,T7,2025,CN
CN120657343B,-1,Noise,2025,CN
CN120837289A,-1,Noise,2025,CN
CN120837872A,60,T60,2025,CN
CN120839787A,-1,Noise,2025,CN
CN120839817A,4,T4,2025,CN
CN120839819A,4,T4,2025,CN
CN120839820A,4,T4,2025,CN
CN120840882A,0,T0,2025,CN
CN120843707A,-1,Noise,2025,CN
CN120844896A,18,T18,2025,CN
CN120852108A,2,T2,2025,CN
CN120856960A,30,T30,2025,CN
CN223488020U,0,T0,2024,CN
CN115179702B,0,T0,2022,CN
CN119960311B,3,T3,2025,CN
CN120080331B,1,T1,2025,CN
CN120828893A,0,T0,2024,CN
CN120830717A,12,T12,2025,CN
CN120833943A,-1,Noise,2025,CN
CN223467230U,9,T9,2024,CN
CN223467232U,9,T9,2024,CN
IN202541091053A,70,T70,2025,IN
US20250328146A1,6,T6,2025,US
WO2025218818A1,28,T28,2025,Other
JP7757578B1,69,T69,2025,JP
CN118559694B,6,T6,2024,CN
CN119200606B,1,T1,2024,CN
CN119347754B,6,T6,2024,CN
CN119820621B,-1,Noise,2025,CN
CN120246117B,0,T0,2025,CN
CN120816482A,5,T5,2025,CN
CN120816501A,5,T5,2025,CN
CN120816512A,-1,Noise,2025,CN
CN120816514A,8,T8,2025,CN
CN120817057A,45,T45,2025,CN
CN120817166A,0,T0,2024,CN
CN120821200A,7,T7,2025,CN
CN120821273A,6,T6,2025,CN
CN120823342A,2,T2,2025,CN
CN120825561A,26,T26,2024,CN
CN223456011U,39,T39,2024,CN
CN223457028U,0,T0,2024,CN
US12449822B2,-1,Noise,2023,US
CN116185015B,3,T3,2023,CN
CN116400103B,20,T20,2023,CN
CN117008592B,74,T74,2022,CN
CN119376424B,1,T1,2024,CN
CN119644704B,6,T6,2024,CN
CN119791151B,-1,Noise,2025,CN
CN120141561B,-1,Noise,2025,CN
CN120436934B,59,T59,2025,CN
CN120620231B,65,T65,2025,CN
CN120791279A,36,T36,2025,CN
CN120791716A,-1,Noise,2025,CN
CN120791730A,10,T10,2025,CN
CN120791740A,1,T1,2025,CN
CN120791809A,-1,Noise,2025,CN
CN120791811A,33,T33,2025,CN
CN120791815A,5,T5,2025,CN
CN120793000A,9,T9,2025,CN
CN120802028A,16,T16,2025,CN
CN120803010A,6,T6,2025,CN
CN120803011A,3,T3,2025,CN
CN120805549A,20,T20,2025,CN
CN120807727A,68,T68,2025,CN
IN202541087768A,21,T21,2025,IN
IN202541088903A,2,T2,2025,IN
IN202541088952A,-1,Noise,2025,IN
US20250322249A1,42,T42,2024,US
US20250322831A1,2,T2,2025,US
US20250322837A1,42,T42,2024,US
WO2025216838A1,-1,Noise,2025,Other
EP4630208A1,-1,Noise,2022,Other
EP4631681A1,-1,Noise,2023,Other
CN119937611B,3,T3,2025,CN
CN120524975B,5,T5,2025,CN
CN120771478A,60,T60,2025,CN
CN120773051A,1,T1,2025,CN
CN120773060A,10,T10,2025,CN
CN120773098A,0,T0,2025,CN
CN120773844A,-1,Noise,2025,CN
CN120778438A,-1,Noise,2025,CN
CN223432391U,52,T52,2024,CN
CN223436346U,-1,Noise,2024,CN
US12440969B2,55,T55,2023,US
CN114186496B,57,T57,2021,CN
CN116612148B,50,T50,2023,CN
CN118716006B,39,T39,2024,CN
CN119297485B,73,T73,2024,CN
CN119556723B,-1,Noise,2024,CN
CN119761921B,1,T1,2025,CN
CN119885863B,5,T5,2024,CN
CN120275065B,-1,Noise,2025,CN
CN120363216B,17,T17,2025,CN
CN120755870A,2,T2,2025,CN
CN120755902A,4,T4,2025,CN
CN120755910A,12,T12,2025,CN
CN120758012A,66,T66,2025,CN
CN120759103A,66,T66,2025,CN
CN120762406A,-1,Noise,2025,CN
CN120763686A,47,T47,2025,CN
CN120764582A,21,T21,2025,CN
IN202441065689A,-1,Noise,2024,IN
IN202511089396A,-1,Noise,2025,IN
IN202517091964A,25,T25,2025,IN
JP2025152428A,29,T29,2024,JP
US20250312911A1,-1,Noise,2025,US
US20250314458A1,-1,Noise,2025,US
WO2025213141A1,-1,Noise,2025,Other
CN119974029B,17,T17,2025,CN
CN120002637B,-1,Noise,2025,CN
CN120029227B,47,T47,2025,CN
CN120065751B,57,T57,2025,CN
CN120503210B,6,T6,2025,CN
CN120735012A,-1,Noise,2025,CN
CN120735021A,17,T17,2025,CN
CN120735086A,13,T13,2025,CN
CN120737950A,24,T24,2025,CN
CN120740809A,-1,Noise,2025,CN
CN120742874A,-1,Noise,2025,CN
CN120742904A,33,T33,2025,CN
CN120742942A,-1,Noise,2025,CN
CN223406978U,4,T4,2024,CN
CN223410764U,18,T18,2024,CN
HK40100935B,45,T45,2024,Other
DE212023000371U1,-1,Noise,2023,DE
US20250303564A1,-1,Noise,2025,US
US20250303581A1,-1,Noise,2025,US
EP4390594B1,74,T74,2023,Other
TWM675624U,67,T67,2025,Other
CN114299549B,50,T50,2021,CN
CN116430882B,3,T3,2023,CN
CN118081207B,36,T36,2024,CN
CN118832576B,8,T8,2024,CN
CN118947757B,-1,Noise,2024,CN
CN119559269B,-1,Noise,2024,CN
CN120715908A,1,T1,2025,CN
CN120715912A,17,T17,2025,CN
CN120715915A,1,T1,2025,CN
CN120715919A,1,T1,2025,CN
CN120715957A,13,T13,2025,CN
CN120716818A,72,T72,2025,CN
CN120717223A,28,T28,2025,CN
CN120720974A,20,T20,2025,CN
CN120722765A,6,T6,2025,CN
CN120722767A,6,T6,2025,CN
CN120726081A,35,T35,2025,CN
CN223395267U,4,T4,2024,CN
JP7746596B2,44,T44,2023,JP
US12427661B2,21,T21,2021,US
US12427664B2,69,T69,2024,US
CN116619436B,9,T9,2023,CN
CN118322212B,5,T5,2024,CN
CN119610112B,-1,Noise,2024,CN
CN119975596B,9,T9,2025,CN
CN120422254B,1,T1,2025,CN
CN120492596B,2,T2,2025,CN
CN120558242B,-1,Noise,2025,CN
CN120696999A,17,T17,2025,CN
CN120697023A,65,T65,2025,CN
CN120697080A,-1,Noise,2025,CN
CN120697091A,12,T12,2025,CN
CN120697100A,13,T13,2025,CN
CN120697869A,37,T37,2025,CN
CN120697870A,37,T37,2025,CN
CN120697872A,0,T0,2025,CN
CN120701708A,12,T12,2025,CN
CN120704329A,3,T3,2025,CN
CN223386090U,18,T18,2024,CN
IN202511076121A,2,T2,2025,IN
IN202521040546A,69,T69,2025,IN
US20250296243A1,-1,Noise,2025,US
WO2025198482A1,8,T8,2025,Other
EP4530802B1,-1,Noise,2024,Other
CN119159596B,-1,Noise,2024,CN
CN119283031B,1,T1,2024,CN
CN119407746B,1,T1,2024,CN
CN119407787B,1,T1,2024,CN
CN120480955B,12,T12,2025,CN
CN120533719B,1,T1,2025,CN
CN120680489A,-1,Noise,2024,CN
CN120686584A,5,T5,2025,CN
CN120686839A,-1,Noise,2025,CN
CN120687743A,17,T17,2025,CN
CN223369420U,13,T13,2024,CN
CN223369456U,-1,Noise,2024,CN
CN223371111U,-1,Noise,2024,CN
US12420434B1,-1,Noise,2025,US
US12423850B2,-1,Noise,2021,US
CN116853382B,0,T0,2023,CN
CN119610090B,17,T17,2024,CN
CN119762680B,-1,Noise,2025,CN
CN120363221B,-1,Noise,2025,CN
CN120663302A,5,T5,2025,CN
CN120663348A,12,T12,2025,CN
CN120663356A,-1,Noise,2025,CN
CN120664190A,-1,Noise,2025,CN
CN120664422A,-1,Noise,2025,CN
CN120672691A,-1,Noise,2025,CN
CN120673228A,7,T7,2025,CN
CN223354274U,44,T44,2024,CN
CN223354306U,-1,Noise,2024,CN
IN202521083354A,-1,Noise,2025,IN
IN202541081237A,-1,Noise,2025,IN
IN202541082077A,2,T2,2025,IN
US20250289142A1,-1,Noise,2024,US
US20250291353A1,-1,Noise,2023,US
US20250292181A1,42,T42,2024,US
EP4617808A1,40,T40,2023,Other
CN120503253B,19,T19,2025,CN
CN120645209A,15,T15,2025,CN
CN120645210A,-1,Noise,2025,CN
CN120645216A,-1,Noise,2025,CN
CN120646117A,12,T12,2025,CN
CN120650397A,12,T12,2025,CN
CN120657343A,-1,Noise,2025,CN
CN223339481U,-1,Noise,2024,CN
CN223340771U,0,T0,2024,CN
KR1020250136300A,-1,Noise,2023,KR
KR1020250135762A,-1,Noise,2023,KR
CN119952715B,-1,Noise,2025,CN
CN120617889A,0,T0,2025,CN
CN120620231A,65,T65,2025,CN
CN120620279A,-1,Noise,2025,CN
CN120620280A,12,T12,2025,CN
CN120620281A,-1,Noise,2025,CN
CN120621526A,-1,Noise,2025,CN
CN120621529A,0,T0,2025,CN
CN120621535A,37,T37,2025,CN
CN120628103A,33,T33,2025,CN
CN120631031A,3,T3,2025,CN
CN120633755A,6,T6,2025,CN
CN120633976A,10,T10,2025,CN
CN120635140A,15,T15,2025,CN
CN120640670A,-1,Noise,2025,CN
IN202411013420A,-1,Noise,2024,IN
IN202441017292A,-1,Noise,2024,IN
IN202541081371A,3,T3,2025,IN
EP4611710A1,48,T48,2023,Other
CN120347815B,48,T48,2025,CN
CN120401922B,-1,Noise,2025,CN
CN120406161B,-1,Noise,2025,CN
CN120428573B,5,T5,2025,CN
CN120606400A,2,T2,2025,CN
CN120609558A,16,T16,2025,CN
US12409550B2,22,T22,2023,US
US12409570B1,-1,Noise,2024,US
US12411198B2,-1,Noise,2021,US
CN115546547B,6,T6,2022,CN
CN119635621B,1,T1,2024,CN
CN120422253B,17,T17,2025,CN
CN120447563B,27,T27,2025,CN
CN120588210A,-1,Noise,2025,CN
CN120588225A,32,T32,2025,CN
CN120588226A,-1,Noise,2025,CN
CN120588241A,5,T5,2025,CN
CN120588275A,13,T13,2025,CN
CN120588287A,36,T36,2025,CN
CN120588289A,0,T0,2025,CN
CN120589113A,30,T30,2025,CN
CN120593028A,12,T12,2025,CN
CN120593770A,-1,Noise,2025,CN
CN120595629A,-1,Noise,2025,CN
CN120595837A,1,T1,2025,CN
CN223302651U,0,T0,2024,CN
CN223307404U,18,T18,2024,CN
CN223308295U,16,T16,2024,CN
CN223308705U,-1,Noise,2024,CN
IN202511014287A,2,T2,2025,IN
IN202541079723A,-1,Noise,2025,IN
WO2025179628A1,-1,Noise,2024,Other
CN114839878B,5,T5,2022,CN
CN116300954B,54,T54,2023,CN
CN119772940B,4,T4,2025,CN
CN120570760A,24,T24,2025,CN
CN120572534A,65,T65,2025,CN
CN120572877A,52,T52,2025,CN
CN120576225A,12,T12,2025,CN
CN120578041A,28,T28,2025,CN
CN223290972U,9,T9,2024,CN
US12403589B2,-1,Noise,2022,US
US12403605B2,-1,Noise,2023,US
TW202533929A,-1,Noise,2025,Other
TWM674246U,43,T43,2025,Other
TWM674503U,43,T43,2025,Other
KR102851528B1,28,T28,2025,KR
KR102852523B1,8,T8,2022,KR
CN115082960B,26,T26,2022,CN
CN116300436B,5,T5,2023,CN
CN120047929B,-1,Noise,2024,CN
CN120194820B,-1,Noise,2025,CN
CN120228740B,-1,Noise,2025,CN
CN120245010B,44,T44,2025,CN
CN120395955B,4,T4,2025,CN
CN120406159B,1,T1,2025,CN
CN120550359A,0,T0,2025,CN
CN120551670A,36,T36,2025,CN
CN120552017A,9,T9,2025,CN
CN120552060A,-1,Noise,2025,CN
CN120552071A,17,T17,2025,CN
CN120552109A,13,T13,2025,CN
CN120552545A,7,T7,2025,CN
CN120558242A,-1,Noise,2025,CN
CN223274659U,39,T39,2024,CN
CN223284050U,16,T16,2024,CN
KR102852230B1,0,T0,2019,KR
SG10202400267QA,-1,Noise,2024,Other
SG10202501938VA,75,T75,2013,Other
JP7730999B2,45,T45,2023,JP
US20250269517A1,-1,Noise,2025,US
US20250269537A1,28,T28,2024,US
EP4607321A1,-1,Noise,2023,Other
CN116750104B,0,T0,2023,CN
CN117182904B,3,T3,2023,CN
CN119442878B,7,T7,2024,CN
CN120080326B,17,T17,2025,CN
CN120116229B,60,T60,2025,CN
CN120269575B,70,T70,2025,CN
CN120533719A,1,T1,2025,CN
CN120533727A,-1,Noise,2025,CN
CN120533752A,47,T47,2025,CN
CN120534120A,72,T72,2025,CN
CN120534449A,-1,Noise,2025,CN
CN120538863A,-1,Noise,2025,CN
CN120540115A,6,T6,2025,CN
CN120542467A,17,T17,2025,CN
CN120542827A,28,T28,2025,CN
CN223266892U,0,T0,2024,CN
CN223266893U,13,T13,2024,CN
CN116021932B,0,T0,2022,CN
CN116293276B,-1,Noise,2023,CN
CN119589694B,5,T5,2024,CN
CN119974024B,6,T6,2025,CN
CN120514572A,48,T48,2025,CN
CN120516701A,2,T2,2025,CN
CN120516723A,-1,Noise,2025,CN
CN120516730A,2,T2,2025,CN
CN120516732A,-1,Noise,2025,CN
CN120524975A,5,T5,2025,CN
CN120525659A,5,T5,2025,CN
CN120526168A,7,T7,2025,CN
CN120526185A,-1,Noise,2024,CN
CN120529825A,20,T20,2025,CN
CN223251712U,-1,Noise,2024,CN
CN223261577U,0,T0,2024,CN
IN202511070516A,-1,Noise,2025,IN
IN202521074783A,8,T8,2025,IN
IN202541073877A,67,T67,2025,IN
KR1020250125963A,18,T18,2023,KR
US20250266039A1,8,T8,2025,US
TWM673958U,75,T75,2025,Other
EP4603233A1,49,T49,2023,Other
CN115718492B,30,T30,2022,CN
CN116136692B,6,T6,2021,CN
CN116534156B,0,T0,2023,CN
CN120056136B,1,T1,2025,CN
CN120215510B,3,T3,2025,CN
CN120503210A,6,T6,2025,CN
CN120503217A,57,T57,2025,CN
CN120503227A,32,T32,2025,CN
CN120503229A,1,T1,2025,CN
CN120503253A,19,T19,2025,CN
CN120504914A,66,T66,2025,CN
CN120506475A,12,T12,2025,CN
CN120506476A,12,T12,2025,CN
CN120506477A,12,T12,2025,CN
CN120506880A,35,T35,2025,CN
CN120508129A,5,T5,2025,CN
CN223246415U,13,T13,2024,CN
US12393787B2,2,T2,2023,US
JP7724486B1,28,T28,2024,JP
CN118664586B,5,T5,2024,CN
CN118809606B,5,T5,2024,CN
CN120480877A,-1,Noise,2025,CN
CN120480938A,4,T4,2025,CN
CN120480955A,12,T12,2025,CN
CN120480961A,72,T72,2025,CN
CN120491432A,3,T3,2025,CN
CN120492596A,2,T2,2025,CN
CN223223404U,15,T15,2024,CN
IN202541073435A,68,T68,2025,IN
DE202025103003U1,-1,Noise,2025,DE
AU2019393830B2,-1,Noise,2019,Other
DE102024103644A1,-1,Noise,2024,DE
US20250258500A1,-1,Noise,2025,US
EP3840714B1,-1,Noise,2019,Other
JP2025118536A,-1,Noise,2025,JP
EP3840714C0,-1,Noise,2019,Other
CN117901099B,1,T1,2024,CN
CN120458438A,72,T72,2025,CN
CN120461432A,-1,Noise,2025,CN
CN120461473A,9,T9,2025,CN
CN120461477A,37,T37,2025,CN
CN120461484A,12,T12,2025,CN
CN120462176A,0,T0,2025,CN
CN120467344A,-1,Noise,2025,CN
CN120469192A,5,T5,2025,CN
CN120472059A,2,T2,2025,CN
CN120472577A,-1,Noise,2025,CN
CN120474464A,-1,Noise,2025,CN
CN120475375A,38,T38,2025,CN
CN223211413U,-1,Noise,2024,CN
CN223217246U,16,T16,2024,CN
US12384038B2,-1,Noise,2023,US
MTP4838B,-1,Noise,2025,Other
CN114419660B,41,T41,2021,CN
CN114595797B,2,T2,2022,CN
CN116551669B,1,T1,2023,CN
CN120436934A,59,T59,2025,CN
CN120439281A,1,T1,2025,CN
CN120439294A,-1,Noise,2025,CN
CN120439297A,6,T6,2025,CN
CN120439306A,1,T1,2025,CN
CN120439351A,19,T19,2025,CN
CN120440157A,9,T9,2025,CN
CN120445242A,33,T33,2025,CN
CN120445563A,16,T16,2025,CN
CN120447382A,3,T3,2025,CN
CN120447563A,27,T27,2025,CN
CN120451488A,-1,Noise,2025,CN
KR1020250118797A,-1,Noise,2025,KR
CN120422218A,2,T2,2025,CN
CN120422240A,6,T6,2025,CN
CN120422241A,-1,Noise,2025,CN
CN120422242A,-1,Noise,2025,CN
CN120422253A,17,T17,2025,CN
CN120422254A,1,T1,2025,CN
CN120422275A,-1,Noise,2025,CN
CN120422969A,0,T0,2025,CN
CN120423200A,61,T61,2025,CN
CN120428573A,5,T5,2025,CN
CN120431639A,-1,Noise,2025,CN
CN223187568U,9,T9,2024,CN
KR2020250001206U,-1,Noise,2023,KR
CN115086593B,26,T26,2022,CN
CN119175719B,32,T32,2024,CN
CN119924090B,10,T10,2025,CN
CN120269578B,17,T17,2025,CN
CN120395840A,10,T10,2025,CN
CN120395861A,-1,Noise,2025,CN
CN120395870A,1,T1,2025,CN
CN120395905A,2,T2,2025,CN
CN120395906A,49,T49,2025,CN
CN120395938A,5,T5,2025,CN
CN120395955A,4,T4,2025,CN
CN120396003A,-1,Noise,2025,CN
CN120397008A,7,T7,2025,CN
CN120401922A,-1,Noise,2025,CN
CN120402457A,9,T9,2025,CN
CN120406108A,6,T6,2025,CN
CN120406159A,1,T1,2025,CN
CN120406161A,-1,Noise,2025,CN
CN120406206A,61,T61,2025,CN
CN120407220A,-1,Noise,2025,CN
CN120408517A,5,T5,2025,CN
CN120414989A,12,T12,2025,CN
CN120416181A,65,T65,2025,CN
CN120418052A,0,T0,2023,CN
CN120418063A,18,T18,2023,CN
IN202521069422A,28,T28,2025,IN
IN202541070456A,-1,Noise,2025,IN
IN202541070479A,-1,Noise,2025,IN
DE102024102749A1,0,T0,2024,DE
DE102024102751A1,2,T2,2024,DE
DE102025102988A1,-1,Noise,2025,DE
US20250241544A1,62,T62,2022,US
US20250245183A1,-1,Noise,2025,US
US20250245856A1,-1,Noise,2024,US
EP4470727B1,-1,Noise,2023,Other
CN115676558B,18,T18,2022,CN
CN115803226B,-1,Noise,2021,CN
CN117788820B,35,T35,2023,CN
CN120206542B,-1,Noise,2025,CN
CN120381202A,-1,Noise,2025,CN
CN120382498A,5,T5,2025,CN
CN120382888A,7,T7,2025,CN
CN120385338A,15,T15,2025,CN
CN120386181A,6,T6,2025,CN
CN120386385A,3,T3,2025,CN
CN223160940U,0,T0,2024,CN
US12372376B1,7,T7,2025,US
CN113656135B,26,T26,2021,CN
CN114627552B,-1,Noise,2022,CN
CN116749189B,1,T1,2023,CN
CN116985111B,40,T40,2022,CN
CN116985114B,40,T40,2022,CN
CN119238612B,17,T17,2024,CN
CN119839888B,10,T10,2025,CN
CN120095860B,4,T4,2025,CN
CN120363183A,6,T6,2025,CN
CN120363194A,1,T1,2025,CN
CN120363216A,17,T17,2025,CN
CN120363221A,-1,Noise,2025,CN
CN120363245A,13,T13,2025,CN
CN120363649A,-1,Noise,2025,CN
CN120369006A,27,T27,2025,CN
CN120370769A,-1,Noise,2025,CN
CN120370774A,3,T3,2025,CN
CN120370919A,1,T1,2025,CN
CN120370992A,6,T6,2025,CN
CN120370993A,52,T52,2025,CN
CN120372851A,48,T48,2025,CN
CN120373134A,-1,Noise,2025,CN
CN120377466A,49,T49,2025,CN
CN223148553U,-1,Noise,2024,CN
IN202521064823A,-1,Noise,2025,IN
IN202541066767A,2,T2,2025,IN
IN202541068117A,17,T17,2025,IN
JP2025109643A,60,T60,2024,JP
DE202025101731U1,-1,Noise,2025,DE
EP4587228A1,-1,Noise,2023,Other
CN115319764B,10,T10,2022,CN
CN119820602B,17,T17,2025,CN
CN119952744B,10,T10,2025,CN
CN120002686B,12,T12,2025,CN
CN120039279B,7,T7,2025,CN
CN120347732A,1,T1,2025,CN
CN120347741A,1,T1,2025,CN
CN120347750A,17,T17,2025,CN
CN120347815A,48,T48,2025,CN
CN120348375A,0,T0,2025,CN
CN120348378A,52,T52,2025,CN
CN120352145A,16,T16,2025,CN
CN120353156A,1,T1,2024,CN
CN120354879A,1,T1,2025,CN
CN223132209U,0,T0,2024,CN
CN223135963U,36,T36,2024,CN
CN115635477B,9,T9,2022,CN
CN116551679B,1,T1,2023,CN
CN118982847B,-1,Noise,2024,CN
CN119328750B,52,T52,2024,CN
CN119359537B,41,T41,2024,CN
CN119610104B,-1,Noise,2024,CN
CN120066054B,6,T6,2025,CN
CN120331783A,-1,Noise,2025,CN
CN120337286A,-1,Noise,2025,CN
CN120337521A,3,T3,2025,CN
CN120344352A,-1,Noise,2022,CN
CN120345225A,-1,Noise,2023,CN
CN223116438U,0,T0,2024,CN
IN202517063849A,-1,Noise,2025,IN
IN202541037846A,8,T8,2025,IN
US20250229427A1,-1,Noise,2024,US
CN116520352B,15,T15,2023,CN
CN120008587B,35,T35,2025,CN
CN120088258B,35,T35,2025,CN
CN120304959A,-1,Noise,2025,CN
CN120307254A,-1,Noise,2024,CN
CN120307284A,-1,Noise,2025,CN
CN120307288A,1,T1,2025,CN
CN120307290A,-1,Noise,2025,CN
CN120307298A,5,T5,2025,CN
CN120307315A,20,T20,2023,CN
CN120307353A,-1,Noise,2025,CN
CN120308238A,64,T64,2025,CN
CN120308239A,37,T37,2025,CN
CN120308244A,9,T9,2025,CN
CN120312731A,-1,Noise,2025,CN
CN120316913A,1,T1,2025,CN
CN120317513A,38,T38,2025,CN
US12357898B2,48,T48,2019,US
CN115122325B,-1,Noise,2022,CN
CN115480482B,-1,Noise,2021,CN
CN119238533B,5,T5,2024,CN
CN119309582B,33,T33,2024,CN
CN119886495B,7,T7,2025,CN
CN120066104B,3,T3,2025,CN
CN120287287A,5,T5,2025,CN
CN120287317A,13,T13,2025,CN
CN120287323A,4,T4,2025,CN
CN120287347A,48,T48,2025,CN
CN120287351A,-1,Noise,2025,CN
CN120288152A,-1,Noise,2024,CN
CN120293119A,15,T15,2025,CN
CN120294746A,8,T8,2025,CN
CN120295110A,6,T6,2025,CN
CN120295284A,3,T3,2023,CN
CN120296919A,-1,Noise,2025,CN
CN120297459A,30,T30,2025,CN
CN120299002A,27,T27,2025,CN
CN120303090A,-1,Noise,2023,CN
IN202341054700A,2,T2,2023,IN
IN202541062615A,-1,Noise,2025,IN
TWM672773U,-1,Noise,2025,Other
NL4000052A,66,T66,2025,Other
EP4153455B1,-1,Noise,2021,Other
CN116250422B,52,T52,2022,CN
CN119550364B,-1,Noise,2025,CN
CN120003614B,9,T9,2025,CN
CN120267413A,-1,Noise,2025,CN
CN120269545A,-1,Noise,2025,CN
CN120269557A,32,T32,2025,CN
CN120269573A,5,T5,2025,CN
CN120269575A,70,T70,2025,CN
CN120269578A,17,T17,2025,CN
CN120269607A,13,T13,2025,CN
CN120270229A,7,T7,2023,CN
CN120275065A,-1,Noise,2025,CN
CN120276261A,-1,Noise,2025,CN
CN120277963A,1,T1,2025,CN
CN120278360A,-1,Noise,2025,CN
US12350837B2,-1,Noise,2023,US
KR1020250104155A,-1,Noise,2023,KR
CN114326736B,-1,Noise,2021,CN
CN114610017B,-1,Noise,2022,CN
CN119024875B,40,T40,2023,CN
CN120067092B,17,T17,2025,CN
CN120245001A,5,T5,2025,CN
CN120245010A,44,T44,2025,CN
CN120245063A,0,T0,2025,CN
CN120245286A,-1,Noise,2025,CN
CN120246117A,0,T0,2025,CN
CN120246120A,0,T0,2025,CN
CN120246123A,0,T0,2025,CN
CN120251682A,12,T12,2025,CN
CN120252836A,-1,Noise,2025,CN
CN120253020A,20,T20,2025,CN
CN120255326A,-1,Noise,2025,CN
CN120255522A,27,T27,2025,CN
CN120255559A,3,T3,2025,CN
CN120257756A,20,T20,2025,CN
CN120262837A,13,T13,2025,CN
CN223059129U,0,T0,2024,CN
CN223063078U,12,T12,2024,CN
IN202521035882A,2,T2,2025,IN
IN202541059497A,0,T0,2025,IN
IN202541061451A,2,T2,2025,IN
US20250218585A1,8,T8,2025,US
US20250219277A1,62,T62,2025,US
WO2025145228A1,-1,Noise,2025,Other
KR1020250100419A,2,T2,2023,KR
US12347089B2,-1,Noise,2023,US
CN116486650B,-1,Noise,2022,CN
CN119610085B,32,T32,2024,CN
CN120228740A,-1,Noise,2025,CN
CN120228749A,-1,Noise,2025,CN
CN120236578A,2,T2,2025,CN
CN223044555U,2,T2,2024,CN
TW202525532A,-1,Noise,2024,Other
TWI889427B,-1,Noise,2024,Other
RU2842579C1,56,T56,2024,RU
CN118288333B,16,T16,2024,CN
CN118447574B,50,T50,2024,CN
CN119748429B,32,T32,2024,CN
CN119952732B,32,T32,2025,CN
CN119958572B,21,T21,2025,CN
CN120206474A,36,T36,2025,CN
CN120206542A,-1,Noise,2025,CN
CN120207468A,-1,Noise,2025,CN
CN120207469A,12,T12,2025,CN
CN120207470A,0,T0,2025,CN
CN120213071A,33,T33,2025,CN
CN120215301A,6,T6,2025,CN
CN120215366A,32,T32,2025,CN
CN120215510A,3,T3,2025,CN
CN120215543A,3,T3,2025,CN
CN223026567U,16,T16,2024,CN
EP4573720A1,-1,Noise,2023,Other
CN115901290B,7,T7,2022,CN
CN116395058B,0,T0,2023,CN
CN119229385B,51,T51,2024,CN
CN119459927B,9,T9,2025,CN
CN119589675B,10,T10,2024,CN
CN119850739B,35,T35,2025,CN
CN120194130A,12,T12,2025,CN
CN120196119A,5,T5,2025,CN
CN120198851A,-1,Noise,2025,CN
CN223009778U,11,T11,2024,CN
US12337485B2,-1,Noise,2024,US
TR2025002363A2,2,T2,2025,Other
CN117508398B,12,T12,2023,CN
CN118848990B,10,T10,2024,CN
CN120002696B,4,T4,2025,CN
CN120170704A,13,T13,2025,CN
CN120170783A,12,T12,2025,CN
CN120170784A,13,T13,2025,CN
CN120171664A,0,T0,2025,CN
CN120178683A,6,T6,2025,CN
CN120178928A,-1,Noise,2025,CN
CN120183139A,-1,Noise,2025,CN
IN202541055964A,21,T21,2025,IN
JP7696032B2,11,T11,2024,JP
US20250199535A1,38,T38,2024,US
WO2025128869A1,38,T38,2024,Other
EP4568876A1,-1,Noise,2023,Other
CN116534055B,7,T7,2023,CN
CN119459931B,9,T9,2025,CN
CN119704205B,-1,Noise,2025,CN
CN120154917A,11,T11,2025,CN
CN120156620A,0,T0,2025,CN
CN120160605A,-1,Noise,2023,CN
CN120161848A,10,T10,2025,CN
CN120164278A,43,T43,2025,CN
CN120164296A,46,T46,2025,CN
CN111730622B,-1,Noise,2020,CN
CN115384247B,0,T0,2022,CN
CN118628802B,35,T35,2024,CN
CN119882406B,6,T6,2025,CN
CN120130999A,48,T48,2025,CN
CN120135171A,7,T7,2025,CN
CN120135314A,0,T0,2025,CN
CN120135320A,9,T9,2025,CN
CN120141561A,-1,Noise,2025,CN
CN120143813A,-1,Noise,2019,CN
CN120147648A,-1,Noise,2025,CN
CN120147923A,-1,Noise,2025,CN
CN120148112A,-1,Noise,2025,CN
IN202527019432A,-1,Noise,2025,IN
IN202541052053A,7,T7,2025,IN
IN202541055093A,28,T28,2025,IN
US20250186288A1,-1,Noise,2023,US
US20250187192A1,75,T75,2023,US
US20250187212A1,-1,Noise,2022,US
WO2025119448A1,-1,Noise,2023,Other
CA3238705A1,-1,Noise,2024,Other
CN114371713B,-1,Noise,2022,CN
CN115706854B,-1,Noise,2021,CN
CN119397712B,-1,Noise,2024,CN
CN119550365B,-1,Noise,2025,CN
CN120113655A,24,T24,2025,CN
CN120116222A,17,T17,2025,CN
CN120116229A,60,T60,2025,CN
CN120125755A,15,T15,2025,CN
CN222958663U,13,T13,2024,CN
CN222959942U,9,T9,2024,CN
CN222959943U,9,T9,2024,CN
CN222964679U,0,T0,2024,CN
CN116092325B,-1,Noise,2023,CN
CN119354703B,20,T20,2024,CN
CN119469168B,33,T33,2025,CN
CN120095781A,4,T4,2025,CN
CN120095860A,4,T4,2025,CN
CN120095879A,-1,Noise,2025,CN
CN120095888A,16,T16,2025,CN
CN120096712A,-1,Noise,2025,CN
CN120103759A,-1,Noise,2025,CN
CN120103836A,-1,Noise,2025,CN
CN120103844A,27,T27,2025,CN
CN120108106A,46,T46,2025,CN
CN120108108A,-1,Noise,2025,CN
CN120111085A,44,T44,2025,CN
CN222945598U,13,T13,2024,CN
CN116985113B,45,T45,2022,CN
CN119658660B,12,T12,2025,CN
CN119666300B,16,T16,2025,CN
CN119820584B,10,T10,2025,CN
CN120078630A,3,T3,2025,CN
CN120080326A,17,T17,2025,CN
CN120080331A,1,T1,2025,CN
CN120080929A,12,T12,2025,CN
CN120080930A,67,T67,2025,CN
CN120088258A,35,T35,2025,CN
CN222932535U,16,T16,2024,CN
US12320400B2,-1,Noise,2024,US
US12321174B2,45,T45,2022,US
CN118915773B,27,T27,2024,CN
CN119458415B,17,T17,2025,CN
CN120056065A,71,T71,2025,CN
CN120056116A,-1,Noise,2025,CN
CN120056123A,5,T5,2025,CN
CN120056136A,1,T1,2025,CN
CN120060518A,-1,Noise,2025,CN
CN120063317A,15,T15,2025,CN
CN120065751A,57,T57,2025,CN
CN120066054A,6,T6,2025,CN
CN120066104A,3,T3,2025,CN
CN120067092A,17,T17,2025,CN
IN202517045562A,49,T49,2025,IN
IN202517045566A,-1,Noise,2025,IN
IN202521045919A,2,T2,2025,IN
IN202541044109A,-1,Noise,2025,IN
IN202541045275A,41,T41,2025,IN
IN202541046255A,21,T21,2025,IN
JP2025516431A,44,T44,2023,JP
CN111301548B,0,T0,2020,CN
CN115877861B,6,T6,2022,CN
CN115892283B,37,T37,2022,CN
CN119428908B,9,T9,2025,CN
CN119459928B,9,T9,2025,CN
CN119459930B,-1,Noise,2025,CN
CN119748486B,36,T36,2025,CN
CN120036246A,61,T61,2025,CN
CN120038737A,10,T10,2024,CN
CN120038753A,1,T1,2025,CN
CN120038783A,-1,Noise,2025,CN
CN120039279A,7,T7,2025,CN
CN120039325A,0,T0,2024,CN
CN120042383A,-1,Noise,2025,CN
CN120044977A,3,T3,2025,CN
CN120047897A,-1,Noise,2025,CN
CN120047929A,-1,Noise,2024,CN
CN120048259A,2,T2,2025,CN
CN120051748A,-1,Noise,2023,CN
CN222900182U,11,T11,2024,CN
CN222904053U,-1,Noise,2024,CN
US12315301B2,-1,Noise,2024,US
CN119150911B,2,T2,2024,CN
CN119260744B,5,T5,2024,CN
CN119480143B,8,T8,2025,CN
CN120023822A,-1,Noise,2025,CN
CN120024424A,9,T9,2025,CN
CN120024533A,54,T54,2024,CN
CN120027172A,12,T12,2025,CN
CN120029227A,47,T47,2025,CN
IN202311074644A,21,T21,2023,IN
IN202521036197A,42,T42,2025,IN
KR1020250071970A,8,T8,2023,KR
US20250162147A1,-1,Noise,2023,US
WO2025102440A1,15,T15,2023,Other
WO2025102514A1,45,T45,2024,Other
WO2025103388A1,20,T20,2024,Other
WO2025105503A1,-1,Noise,2024,Other
CN113478506B,-1,Noise,2021,CN
CN115167425B,33,T33,2022,CN
CN119478439B,56,T56,2024,CN
CN119749742B,-1,Noise,2025,CN
CN120002619A,-1,Noise,2025,CN
CN120002637A,-1,Noise,2025,CN
CN120002661A,5,T5,2025,CN
CN120002662A,1,T1,2025,CN
CN120002686A,12,T12,2025,CN
CN120002696A,4,T4,2025,CN
CN120003611A,19,T19,2025,CN
CN120003614A,9,T9,2025,CN
CN120008587A,35,T35,2025,CN
CN120014537A,-1,Noise,2024,CN
CN120014925A,48,T48,2025,CN
CN120015062A,2,T2,2025,CN
CN120018935A,49,T49,2023,CN
IN202511040243A,28,T28,2025,IN
HK40117565A,-1,Noise,2025,Other
US20250153361A1,-1,Noise,2024,US
CN114708529B,41,T41,2022,CN
CN115112404B,-1,Noise,2022,CN
CN115755594B,3,T3,2022,CN
CN119973996A,-1,Noise,2025,CN
CN119974029A,17,T17,2025,CN
CN119974054A,12,T12,2025,CN
CN119974066A,12,T12,2025,CN
CN119975595A,13,T13,2025,CN
CN119975596A,9,T9,2025,CN
CN119975598A,0,T0,2025,CN
CN119975603A,9,T9,2025,CN
CN119975637A,2,T2,2025,CN
CN119986855A,-1,Noise,2024,CN
CN119987371A,38,T38,2025,CN
CN119987548A,-1,Noise,2025,CN
CN119996834A,26,T26,2025,CN
CN222857136U,36,T36,2024,CN
CN222859606U,9,T9,2024,CN
CN111360857B,4,T4,2020,CN
CN118990480B,35,T35,2024,CN
CN119200617B,30,T30,2024,CN
CN119952687A,-1,Noise,2023,CN
CN119952715A,-1,Noise,2025,CN
CN119952718A,-1,Noise,2025,CN
CN119952732A,32,T32,2025,CN
CN119952744A,10,T10,2025,CN
CN119956966A,10,T10,2025,CN
CN119958572A,21,T21,2025,CN
CN119960311A,3,T3,2025,CN
CN119960461A,40,T40,2025,CN
CN119961623A,2,T2,2025,CN
CN119967160A,-1,Noise,2025,CN
US20250149052A1,42,T42,2023,US
CN119924090A,10,T10,2025,CN
CN119927945A,71,T71,2025,CN
CN119927950A,4,T4,2025,CN
CN119929015A,-1,Noise,2025,CN
CN119929016A,-1,Noise,2025,CN
CN119929202A,54,T54,2024,CN
CN119937611A,3,T3,2025,CN
CN119942901A,18,T18,2025,CN
US12290923B2,0,T0,2022,US
US12293825B2,8,T8,2022,US
CN119495288B,2,T2,2025,CN
CN119635672B,-1,Noise,2025,CN
CN119910686A,-1,Noise,2025,CN
CN119911343A,0,T0,2025,CN
CN119912025A,-1,Noise,2025,CN
CN119916428A,30,T30,2025,CN
CN119917951A,21,T21,2024,CN
CN119919149A,42,T42,2025,CN
CN119923237A,-1,Noise,2023,CN
CN222824923U,14,T14,2024,CN
IN202541033187A,30,T30,2025,IN
IN202541033426A,28,T28,2025,IN
IN202541033513A,44,T44,2025,IN
US20250135655A1,73,T73,2024,US
EP4544367A1,-1,Noise,2023,Other
CN111828549B,0,T0,2019,CN
CN119635724B,16,T16,2025,CN
CN119896245A,-1,Noise,2025,CN
CN119902551A,3,T3,2025,CN
CN119903407A,3,T3,2025,CN
US12286176B2,-1,Noise,2023,US
US12288617B2,8,T8,2021,US
CN113989850B,41,T41,2021,CN
CN115373269B,3,T3,2022,CN
CN118672272B,3,T3,2024,CN
CN119871338A,13,T13,2025,CN
CN119871379A,74,T74,2024,CN
CN119871408A,-1,Noise,2025,CN
CN119871448A,10,T10,2025,CN
CN119871477A,-1,Noise,2025,CN
CN119872727A,-1,Noise,2025,CN
CN119880205A,20,T20,2025,CN
CN119882406A,6,T6,2025,CN
CN119882578A,44,T44,2025,CN
CN119885863A,5,T5,2024,CN
CN119886495A,7,T7,2025,CN
CN119889147A,18,T18,2025,CN
CN222792074U,13,T13,2024,CN
CN222794407U,-1,Noise,2024,CN
IN202511034005A,2,T2,2025,IN
IN202541033481A,28,T28,2025,IN
US20250128412A1,22,T22,2024,US
EP3783781B1,-1,Noise,2015,Other
CN111521540B,59,T59,2020,CN
CN115431254B,-1,Noise,2017,CN
CN117533318B,7,T7,2023,CN
PE20251146Z,8,T8,2024,Other
CN116832416B,-1,Noise,2023,CN
CN119554524B,-1,Noise,2025,CN
CN119839888A,10,T10,2025,CN
CN119839890A,4,T4,2025,CN
CN119839906A,40,T40,2024,CN
CN119840749A,0,T0,2025,CN
CN119845283A,27,T27,2025,CN
CN119847023A,1,T1,2024,CN
CN119849301A,6,T6,2024,CN
CN119850739A,35,T35,2025,CN
CN119851306A,41,T41,2024,CN
CN119852048A,66,T66,2025,CN
CN222768473U,-1,Noise,2024,CN
CN222769497U,52,T52,2024,CN
CN222769525U,11,T11,2024,CN
IN202541031164A,29,T29,2025,IN
KR1020250051842A,65,T65,2023,KR
US20250121502A1,4,T4,2024,US
WO2025077994A1,57,T57,2023,Other
KR102794817B1,-1,Noise,2023,KR
CN119197493B,35,T35,2024,CN
CN119820584A,10,T10,2025,CN
CN119820602A,17,T17,2025,CN
CN119820621A,-1,Noise,2025,CN
CN119821068A,1,T1,2025,CN
CN119821441A,7,T7,2025,CN
CN119821540A,9,T9,2024,CN
CN119821543A,0,T0,2025,CN
CN119828546A,52,T52,2024,CN
CN222756689U,9,T9,2024,CN
CN222757697U,-1,Noise,2024,CN
CN119791151A,-1,Noise,2025,CN
CN119792931A,32,T32,2024,CN
CN119795163A,5,T5,2024,CN
CN119795167A,67,T67,2024,CN
CN119795182A,5,T5,2025,CN
CN119795249A,0,T0,2025,CN
CN119796372A,0,T0,2025,CN
CN119806027A,-1,Noise,2025,CN
CN222741438U,0,T0,2024,CN
CN222741455U,0,T0,2024,CN
IN202541026804A,8,T8,2025,IN
JP2025060410A,-1,Noise,2024,JP
CN118721215B,10,T10,2024,CN
CN119360308B,7,T7,2024,CN
CN119770042A,24,T24,2025,CN
CN119770180A,-1,Noise,2024,CN
CN119772874A,28,T28,2024,CN
CN119772940A,4,T4,2025,CN
CN119772944A,-1,Noise,2025,CN
CN119773890A,30,T30,2024,CN
CN119773891A,30,T30,2024,CN
CN119782142A,11,T11,2024,CN
CN222726760U,16,T16,2024,CN
JP2025053298A,2,T2,2023,JP
CN110507972B,-1,Noise,2019,CN
CN114582026B,50,T50,2022,CN
CN118968559B,-1,Noise,2024,CN
CN119746319A,-1,Noise,2024,CN
CN119748429A,32,T32,2024,CN
CN119748486A,36,T36,2025,CN
CN119748499A,-1,Noise,2024,CN
CN119749741A,0,T0,2025,CN
CN119749742A,-1,Noise,2025,CN
CN119758719A,6,T6,2024,CN
CN119761921A,1,T1,2025,CN
CN119762524A,50,T50,2024,CN
CN119762680A,-1,Noise,2025,CN
CN222712190U,13,T13,2024,CN
IN202531022107A,21,T21,2025,IN
US20250108511A1,-1,Noise,2023,US
WO2025072962A1,-1,Noise,2024,Other
EP4530802A1,-1,Noise,2024,Other
JP2025044307A,25,T25,2023,JP
CN110420030B,8,T8,2019,CN
CN119734250A,-1,Noise,2024,CN
CN119734255A,1,T1,2024,CN
CN119734264A,-1,Noise,2024,CN
CN119734772A,37,T37,2025,CN
CN222697220U,13,T13,2024,CN
US12263582B2,-1,Noise,2019,US
US12263591B1,-1,Noise,2024,US
US12263899B2,0,T0,2021,US
CN118849052B,-1,Noise,2024,CN
CN119501953B,-1,Noise,2025,CN
CN119704166A,19,T19,2025,CN
CN119704205A,-1,Noise,2025,CN
CN119705669A,0,T0,2025,CN
CN119706723A,-1,Noise,2024,CN
CN119717618A,47,T47,2024,CN
CN119731609A,-1,Noise,2023,CN
IN202531014686A,8,T8,2025,IN
US20250106455A1,53,T53,2022,US
CN113294479B,-1,Noise,2021,CN
CN115285136B,7,T7,2022,CN
CN115657696B,6,T6,2022,CN
CN116079727B,-1,Noise,2023,CN
CN119453091B,61,T61,2025,CN
CN119682872A,0,T0,2024,CN
CN119682878A,9,T9,2025,CN
CN119690117A,-1,Noise,2024,CN
CN119690122A,3,T3,2024,CN
JP7650528B1,25,T25,2023,JP
US12258082B2,0,T0,2021,US
CN114492000B,-1,Noise,2022,CN
CN116449711B,3,T3,2023,CN
CN119115984B,9,T9,2024,CN
CN119658660A,12,T12,2025,CN
CN119659793A,-1,Noise,2024,CN
CN119659801A,9,T9,2024,CN
CN119659803A,9,T9,2024,CN
CN119666300A,16,T16,2025,CN
CN119668267A,33,T33,2024,CN
CN119672114A,35,T35,2024,CN
CN119673647A,66,T66,2024,CN
CN222644641U,-1,Noise,2024,CN
CN222649923U,18,T18,2024,CN
IN202441090993A,8,T8,2024,IN
IN202541016187A,8,T8,2025,IN
IN202541016236A,21,T21,2025,IN
WO2025059544A1,22,T22,2024,Other
CN115649320B,0,T0,2022,CN
CN118444565B,3,T3,2024,CN
CN119635621A,1,T1,2024,CN
CN119635672A,-1,Noise,2025,CN
CN119635720A,0,T0,2025,CN
CN119635724A,16,T16,2025,CN
CN119636944A,0,T0,2024,CN
CN119636945A,0,T0,2024,CN
CN119636948A,-1,Noise,2024,CN
CN119641177A,46,T46,2024,CN
CN119644704A,6,T6,2024,CN
CN119644827A,44,T44,2024,CN
CN119645028A,3,T3,2024,CN
CN119647082A,16,T16,2024,CN
CN222627833U,1,T1,2024,CN
CN222636712U,31,T31,2024,CN
JP2025036942A,1,T1,2023,JP
CN110962118B,-1,Noise,2018,CN
CN115610548B,0,T0,2022,CN
CN119188792B,1,T1,2024,CN
CN119260745B,1,T1,2024,CN
CN119399603B,41,T41,2025,CN
CN119605484A,39,T39,2025,CN
CN119610085A,32,T32,2024,CN
CN119610090A,17,T17,2024,CN
CN119610104A,-1,Noise,2024,CN
CN119610112A,-1,Noise,2024,CN
CN119610127A,-1,Noise,2025,CN
CN119610200A,9,T9,2024,CN
CN119610206A,-1,Noise,2025,CN
CN119611572A,0,T0,2025,CN
CN119628313A,-1,Noise,2024,CN
CN222609626U,-1,Noise,2024,CN
IN202541018781A,-1,Noise,2025,IN
CN115202378B,1,T1,2022,CN
CN118414977B,39,T39,2024,CN
CN119589639A,36,T36,2024,CN
CN119589675A,10,T10,2024,CN
CN119589694A,5,T5,2024,CN
CN119596750A,-1,Noise,2024,CN
CN119600525A,51,T51,2024,CN
CN119601011A,2,T2,2025,CN
CN222591641U,0,T0,2024,CN
KR1020250034329A,-1,Noise,2025,KR
CN112460085B,0,T0,2020,CN
CN114721267B,-1,Noise,2022,CN
CN115771163B,64,T64,2022,CN
CN119567300A,10,T10,2024,CN
CN119568308A,-1,Noise,2024,CN
CN119575806A,1,T1,2024,CN
CN119580575A,-1,Noise,2024,CN
CN119582654A,73,T73,2024,CN
CN222572423U,0,T0,2024,CN
US20250073907A1,21,T21,2024,US
EP4517466A1,45,T45,2022,Other
CN113675824B,73,T73,2021,CN
CN114723807B,74,T74,2021,CN
CN118801735B,73,T73,2024,CN
CN118982678B,35,T35,2024,CN
CN119058812B,7,T7,2024,CN
CN119154530B,64,T64,2024,CN
CN119223608B,16,T16,2024,CN
CN119246127B,16,T16,2024,CN
CN119328772B,3,T3,2024,CN
CN119550314A,13,T13,2024,CN
CN119550364A,-1,Noise,2025,CN
CN119550365A,-1,Noise,2025,CN
CN119551095A,-1,Noise,2024,CN
CN119556723A,-1,Noise,2024,CN
CN119559269A,-1,Noise,2024,CN
CN119559665A,-1,Noise,2024,CN
CN222553575U,9,T9,2024,CN
CN222553602U,-1,Noise,2024,CN
US12240103B2,-1,Noise,2020,US
CN118415626B,-1,Noise,2024,CN
CN118953121B,7,T7,2024,CN
CN119526472A,-1,Noise,2024,CN
CN119536017A,10,T10,2024,CN
CN222545826U,14,T14,2024,CN
IN202541013851A,0,T0,2025,IN
WO2025042795A1,4,T4,2024,Other
WO2025042802A1,30,T30,2024,Other
WO2025042837A1,-1,Noise,2024,Other
CN119501927A,6,T6,2024,CN
CN119501953A,-1,Noise,2025,CN
CN119501971A,-1,Noise,2024,CN
CN119503044A,0,T0,2024,CN
CN119512111A,6,T6,2024,CN
CN119517355A,48,T48,2024,CN
CN119495288A,2,T2,2025,CN
CN222514782U,31,T31,2024,CN
IN202541011640A,-1,Noise,2025,IN
KR102770980B1,16,T16,2023,KR
US20250058473A1,-1,Noise,2022,US
US20250058842A1,-1,Noise,2024,US
US20250060729A1,22,T22,2023,US
EP4144487B1,74,T74,2021,Other
EP4144487C0,74,T74,2021,Other
CN118990555B,5,T5,2024,CN
CN119002232B,5,T5,2024,CN
CN119036471B,-1,Noise,2024,CN
CN119036473B,10,T10,2024,CN
CN119453091A,61,T61,2025,CN
CN119458361A,1,T1,2024,CN
CN119458364A,-1,Noise,2024,CN
CN119458415A,17,T17,2025,CN
CN119459919A,1,T1,2024,CN
CN119459922A,37,T37,2024,CN
CN119459927A,9,T9,2025,CN
CN119459928A,9,T9,2025,CN
CN119459930A,-1,Noise,2025,CN
CN119459931A,9,T9,2025,CN
CN119469168A,33,T33,2025,CN
CN119472340A,10,T10,2024,CN
CN119472641A,30,T30,2024,CN
CN119472771A,30,T30,2025,CN
CN119475628A,-1,Noise,2024,CN
CN119478439A,56,T56,2024,CN
CN119479114A,43,T43,2024,CN
CN119480143A,8,T8,2025,CN
CN119484600A,-1,Noise,2024,CN
CN119484770A,2,T2,2024,CN
CN222496494U,9,T9,2024,CN
CN115488893B,-1,Noise,2022,CN
CN115616898B,1,T1,2022,CN
CN119427421A,-1,Noise,2024,CN
CN119428903A,-1,Noise,2024,CN
CN119428907A,-1,Noise,2024,CN
CN119428908A,-1,Noise,2025,CN
CN119439737A,1,T1,2024,CN
CN119440025A,-1,Noise,2024,CN
CN119440077A,3,T3,2024,CN
CN119441810A,7,T7,2024,CN
CN119442878A,7,T7,2024,CN
CN119445951A,59,T59,2024,CN
CN222475815U,-1,Noise,2024,CN
JP2025021813A,25,T25,2023,JP
CN114993330B,27,T27,2022,CN
CN119407746A,1,T1,2024,CN
CN119407787A,1,T1,2024,CN
CN119417872A,-1,Noise,2024,CN
CN119418385A,2,T2,2024,CN
CN222447554U,0,T0,2023,CN
CN222452392U,0,T0,2024,CN
TWM666566U,64,T64,2024,Other
CN111113435B,6,T6,2020,CN
CN114056452B,0,T0,2021,CN
CN119388393A,-1,Noise,2024,CN
CN119388396A,13,T13,2024,CN
CN119388399A,4,T4,2024,CN
CN119388468A,-1,Noise,2024,CN
CN119388476A,13,T13,2024,CN
CN119396197A,6,T6,2024,CN
CN119397712A,-1,Noise,2024,CN
CN119399603A,41,T41,2025,CN
IN202421097772A,28,T28,2024,IN
VN10042832000B,68,T68,2022,Other
IN202417069065A,-1,Noise,2024,IN
IN202511004346A,2,T2,2025,IN
KR1020250012990A,-1,Noise,2023,KR
EP4496543A1,-1,Noise,2023,Other
CN119065397B,1,T1,2024,CN
CN119369370A,4,T4,2024,CN
CN119369449A,-1,Noise,2024,CN
CN119376424A,1,T1,2024,CN
CN119380259A,51,T51,2024,CN
CN119380414A,2,T2,2024,CN
CN222405750U,13,T13,2024,CN
CN222414186U,18,T18,2024,CN
CN119347754A,6,T6,2024,CN
CN119348735A,0,T0,2024,CN
CN119354216A,6,T6,2024,CN
CN119354703A,20,T20,2024,CN
CN119356318A,5,T5,2024,CN
CN119356561A,-1,Noise,2023,CN
CN119359537A,26,T26,2024,CN
CN119360308A,7,T7,2024,CN
WO2025015799A1,40,T40,2023,Other
WO2025016036A1,40,T40,2024,Other
WO2025019837A1,-1,Noise,2024,Other
CN118721241B,-1,Noise,2024,CN
CN118753401B,-1,Noise,2024,CN
CN118868693B,1,T1,2024,CN
CN119328750A,52,T52,2024,CN
CN119328772A,3,T3,2024,CN
CN119336059A,33,T33,2024,CN
CN119338153A,10,T10,2024,CN
CN119338981A,35,T35,2024,CN
CN119342308A,50,T50,2024,CN
TR2024019076A2,60,T60,2024,Other
TR2025000281A2,68,T68,2025,Other
CN119319573A,36,T36,2024,CN
CN119322514A,40,T40,2023,CN
IN202421052346A,57,T57,2024,IN
IN202441103637A,2,T2,2024,IN
WO2025011165A1,-1,Noise,2024,Other
JP2025004418A,-1,Noise,2023,JP
CN114690788B,6,T6,2020,CN
CN119305650A,9,T9,2024,CN
CN119309582A,33,T33,2024,CN
CN119314073A,41,T41,2023,CN
CN119315673A,64,T64,2024,CN
US12200404B2,-1,Noise,2022,US
TWI869727B,-1,Noise,2022,Other
CN114663754B,15,T15,2022,CN
CN118682776B,2,T2,2024,CN
CN118876109B,12,T12,2024,CN
CN119065253B,3,T3,2024,CN
CN119283017A,1,T1,2024,CN
CN119283031A,1,T1,2024,CN
CN119283058A,13,T13,2024,CN
CN119283060A,72,T72,2024,CN
CN119283081A,-1,Noise,2024,CN
CN119284001A,2,T2,2024,CN
CN119284002A,19,T19,2024,CN
CN119290333A,-1,Noise,2024,CN
CN119297485A,73,T73,2024,CN
CN119299826A,-1,Noise,2024,CN
IN202411104833A,-1,Noise,2024,IN
IN202441101892A,21,T21,2024,IN
KR1020250005767A,67,T67,2023,KR
CN114700956B,-1,Noise,2022,CN
CN115061370B,3,T3,2022,CN
CN119085662B,-1,Noise,2024,CN
CN119260696A,1,T1,2024,CN
CN119260728A,5,T5,2024,CN
CN119260744A,5,T5,2024,CN
CN119260745A,1,T1,2024,CN
CN119262243A,-1,Noise,2024,CN
CN222308872U,4,T4,2024,CN
CN119037580B,-1,Noise,2024,CN
CN119238533A,5,T5,2024,CN
CN119238567A,2,T2,2024,CN
CN119238572A,1,T1,2024,CN
CN119238600A,13,T13,2024,CN
CN119238612A,17,T17,2024,CN
CN119246127A,16,T16,2024,CN
CN119247375A,-1,Noise,2024,CN
IN202431103459A,15,T15,2024,IN
IN202441078754A,52,T52,2024,IN
US20250004480A1,-1,Noise,2024,US
US20250005450A1,21,T21,2021,US
WO2025005980A1,22,T22,2023,Other
EP4483351A1,-1,Noise,2023,Other
TWM665243U,-1,Noise,2024,Other
CN119220718A,-1,Noise,2024,CN
CN119223608A,16,T16,2024,CN
CN119225418A,6,T6,2024,CN
CN119229385A,51,T51,2024,CN
CN222270370U,13,T13,2024,CN
US12179363B2,-1,Noise,2021,US
CN118172798B,17,T17,2024,CN
CN118897455B,3,T3,2024,CN
CN119188690A,2,T2,2024,CN
CN119188792A,1,T1,2024,CN
CN119193893A,-1,Noise,2024,CN
CN119197291A,36,T36,2024,CN
CN119197493A,35,T35,2024,CN
CN119200606A,1,T1,2024,CN
CN119200617A,30,T30,2024,CN
CN119200658A,6,T6,2024,CN
CN119206792A,23,T23,2024,CN
CN119206864A,23,T23,2024,CN
US20240424673A1,69,T69,2024,US
US20240428202A1,-1,Noise,2023,US
CN110450193B,0,T0,2019,CN
CN118700180B,9,T9,2024,CN
CN115291621B,54,T54,2022,CN
CN115294546B,7,T7,2022,CN
CN119159594A,-1,Noise,2024,CN
CN119159596A,-1,Noise,2024,CN
CN119159602A,-1,Noise,2024,CN
CN119160301A,0,T0,2023,CN
CN119169783A,46,T46,2024,CN
CN119170398A,66,T66,2024,CN
IN202427085973A,-1,Noise,2024,IN
IN202441098093A,8,T8,2024,IN
IN202441098617A,28,T28,2024,IN
DE102024116537A1,55,T55,2024,DE
US20240416509A1,55,T55,2023,US
EP3785867B1,-1,Noise,2019,Other
EP3810376B1,-1,Noise,2020,Other
EP4476673A1,8,T8,2023,Other
CN118636158B,-1,Noise,2024,CN
CN118636159B,10,T10,2024,CN
CN118636160B,10,T10,2024,CN
CN118682792B,9,T9,2024,CN
CN118682798B,4,T4,2024,CN
CN118682800B,4,T4,2024,CN
CN118700181B,-1,Noise,2024,CN
CN118700182B,-1,Noise,2024,CN
CN118700183B,9,T9,2024,CN
CN118700186B,-1,Noise,2024,CN
CN118700187B,13,T13,2024,CN
CN118700209B,9,T9,2024,CN
CN118721242B,-1,Noise,2024,CN
CN118848993B,60,T60,2024,CN
CN119142434A,0,T0,2024,CN
CN119150911A,2,T2,2024,CN
CN119152641A,53,T53,2024,CN
CN119154530A,64,T64,2024,CN
CN222179682U,0,T0,2024,CN
CN119115940A,5,T5,2024,CN
CN119115952A,1,T1,2024,CN
CN119115981A,-1,Noise,2024,CN
CN119115984A,9,T9,2024,CN
CN119126815A,33,T33,2024,CN
CN119131841A,51,T51,2024,CN
KR1020240173617A,0,T0,2024,KR
JP2024171270A,1,T1,2023,JP
CN117901143B,10,T10,2024,CN
CN118567225B,6,T6,2024,CN
CN119097892A,47,T47,2024,CN
CN119098958A,40,T40,2024,CN
CN119098959A,-1,Noise,2024,CN
CN119099752A,0,T0,2024,CN
CN119106513A,3,T3,2024,CN
CN119106700A,1,T1,2024,CN
KR1020240172095A,-1,Noise,2024,KR
CN118544362B,28,T28,2024,CN
CN118636196B,-1,Noise,2024,CN
CN119074495A,24,T24,2024,CN
CN119077798A,10,T10,2024,CN
CN119078986A,1,T1,2024,CN
CN119078989A,9,T9,2024,CN
CN119085662A,-1,Noise,2024,CN
CN119088013A,3,T3,2024,CN
CN119088030A,27,T27,2024,CN
IN202431094479A,65,T65,2024,IN
US20240399582A1,-1,Noise,2024,US
US20240402815A1,-1,Noise,2024,US
EP4469243A1,-1,Noise,2022,Other
US12159453B2,56,T56,2022,US
US12159486B1,17,T17,2024,US
CN110723232B,0,T0,2019,CN
CN119058812A,7,T7,2024,CN
CN118584820B,6,T6,2024,CN
CN118809634B,5,T5,2024,CN
CN119065240A,6,T6,2024,CN
CN119065253A,3,T3,2024,CN
CN119065397A,1,T1,2024,CN
CN222096107U,-1,Noise,2024,CN
CN222096115U,-1,Noise,2024,CN
CN222096151U,13,T13,2024,CN
TH2401004365A,0,T0,2024,Other
CN119036471A,-1,Noise,2024,CN
CN119036473A,10,T10,2024,CN
CN119036483A,7,T7,2024,CN
CN119037580A,72,T72,2024,CN
CN119037589A,9,T9,2024,CN
CN119049122A,-1,Noise,2024,CN
CN119049132A,-1,Noise,2024,CN
EP3665675B1,8,T8,2018,Other
EP4059817B1,0,T0,2021,Other
CN118782273B,8,T8,2024,CN
CN119024875A,40,T40,2023,CN
CN119027499A,-1,Noise,2024,CN
CN119027878A,30,T30,2024,CN
JP2024543978A,45,T45,2023,JP
US12151893B2,42,T42,2023,US
KR1020240166512A,-1,Noise,2022,KR
KR102733333B1,3,T3,2022,KR
CN115256391B,1,T1,2022,CN
CN115256468B,1,T1,2022,CN
CN117143725B,24,T24,2023,CN
CN117572773B,3,T3,2023,CN
CN118123859B,1,T1,2024,CN
CN118990480A,35,T35,2024,CN
CN118990555A,5,T5,2024,CN
CN118990600A,12,T12,2024,CN
CN118990607A,13,T13,2024,CN
CN118991966A,9,T9,2024,CN
CN119002232A,5,T5,2024,CN
CN119002269A,-1,Noise,2024,CN
CN119006517A,15,T15,2024,CN
IN202441088814A,21,T21,2024,IN
KR1020240165392A,8,T8,2023,KR
CN116215692B,0,T0,2023,CN
CN118634463B,60,T60,2024,CN
CN118700179B,9,T9,2024,CN
CN118981551A,41,T41,2024,CN
CN118982678A,35,T35,2024,CN
CN118982847A,-1,Noise,2024,CN
CN222021623U,2,T2,2024,CN
CN112389571B,0,T0,2019,CN
CN118947757A,-1,Noise,2024,CN
CN118952165A,2,T2,2024,CN
CN118952267A,4,T4,2024,CN
CN118953121A,7,T7,2024,CN
CN118960734A,33,T33,2024,CN
CN118961105A,30,T30,2024,CN
CN118963111A,6,T6,2024,CN
CN118967891A,68,T68,2024,CN
CN118968559A,50,T50,2024,CN
CN118973768A,-1,Noise,2022,CN
IN202411084388A,2,T2,2024,IN
US20240375682A1,7,T7,2022,US
CN115816456B,10,T10,2022,CN
CN118927264A,29,T29,2023,CN
CN118927306A,47,T47,2024,CN
CN118928583A,0,T0,2024,CN
CN118928586A,37,T37,2024,CN
CN118928594A,0,T0,2024,CN
CN118945189A,46,T46,2024,CN
US12138803B2,45,T45,2022,US
US12139217B2,-1,Noise,2022,US
TWI861487B,20,T20,2022,Other
CN111895854B,-1,Noise,2020,CN
CN114915036B,64,T64,2021,CN
CN118906046A,10,T10,2024,CN
CN118906089A,1,T1,2024,CN
CN118907141A,15,T15,2024,CN
CN118907260A,-1,Noise,2024,CN
CN118907261A,9,T9,2024,CN
CN118907267A,-1,Noise,2024,CN
CN118907268A,0,T0,2024,CN
CN118907269A,0,T0,2024,CN
CN118915773A,27,T27,2024,CN
CN118915799A,6,T6,2024,CN
CN118915802A,6,T6,2024,CN
CN118919034A,8,T8,2024,CN
CN221969643U,0,T0,2024,CN
DE102023111659A1,-1,Noise,2023,DE
JP2024157539A,56,T56,2024,JP
JP2024157547A,56,T56,2024,JP
US20240367322A1,-1,Noise,2024,US
EP4458510A1,-1,Noise,2022,Other
JP2024540859A,71,T71,2022,JP
CN118897455A,3,T3,2024,CN
CN118898865A,26,T26,2024,CN
CN221954484U,9,T9,2024,CN
CN221954485U,-1,Noise,2024,CN
CN221954486U,13,T13,2024,CN
US12134194B2,1,T1,2022,US
CN118876065A,-1,Noise,2024,CN
CN118876082A,19,T19,2024,CN
CN118876109A,12,T12,2024,CN
CN118884984A,-1,Noise,2024,CN
CN221945033U,14,T14,2024,CN
IN202441081078A,-1,Noise,2024,IN
DE102024110615A1,56,T56,2024,DE
DE102024110656A1,56,T56,2024,DE
SG10202400501WA,70,T70,2024,Other
CN114563954B,6,T6,2022,CN
CN114721415B,-1,Noise,2022,CN
CN118845432A,-1,Noise,2024,CN
CN118848926A,0,T0,2024,CN
CN118848990A,10,T10,2024,CN
CN118848993A,60,T60,2024,CN
CN118849012A,-1,Noise,2024,CN
CN118849041A,13,T13,2024,CN
CN118852862A,20,T20,2024,CN
CN118855741A,50,T50,2024,CN
CN118868693A,1,T1,2024,CN
CN118869749A,52,T52,2024,CN
CN221912044U,0,T0,2023,CN
JP2024153303A,1,T1,2023,JP
US12130632B2,74,T74,2022,US
IT102022000024351B1,8,T8,2022,Other
CN118363310B,-1,Noise,2024,CN
CN118567388B,3,T3,2024,CN
CN118832576A,8,T8,2024,CN
CN118832630A,56,T56,2024,CN
CN118832631A,56,T56,2024,CN
CN118836877A,-1,Noise,2024,CN
CN118838323A,7,T7,2023,CN
CN118838387A,6,T6,2024,CN
CN221888599U,24,T24,2024,CN
IN202441076653A,-1,Noise,2024,IN
IN202441078589A,0,T0,2024,IN
IN202441080469A,69,T69,2024,IN
KR1020240154014A,-1,Noise,2023,KR
WO2024220811A2,2,T2,2024,Other
EP4449217A1,21,T21,2022,Other
CN118306495B,40,T40,2024,CN
CN118809606A,5,T5,2024,CN
CN118809629A,71,T71,2024,CN
CN118809634A,5,T5,2024,CN
CN118810954A,0,T0,2024,CN
CN118819177A,3,T3,2024,CN
TR2024013843U5,14,T14,2024,Other
TWM662074U,23,T23,2024,Other
CN113155397B,16,T16,2021,CN
CN114859911B,6,T6,2022,CN
CN116215694B,0,T0,2022,CN
CN118790366A,-1,Noise,2024,CN
CN118794445A,15,T15,2024,CN
CN118795894A,3,T3,2021,CN
CN118799795A,51,T51,2024,CN
CN118801735A,73,T73,2024,CN
US20240342909A1,-1,Noise,2024,US
WO2024212359A1,44,T44,2023,Other
WO2024212633A1,-1,Noise,2024,Other
WO2024214620A1,-1,Noise,2024,Other
JPWO2024214620A1,-1,Noise,2024,JP
TW202440032A,8,T8,2022,Other
CN116052500B,59,T59,2023,CN
CN118559729B,9,T9,2024,CN
CN118782273A,8,T8,2024,CN
CN118784975A,-1,Noise,2023,CN
CN116039798B,0,T0,2023,CN
CN118752499A,-1,Noise,2023,CN
CN118759864A,1,T1,2024,CN
CN118760164A,6,T6,2024,CN
CN221824406U,-1,Noise,2023,CN
IN202441046787A,19,T19,2024,IN
KR1020240148582A,44,T44,2023,KR
KR1020240148676A,44,T44,2023,KR
US20240335301A1,19,T19,2023,US
WO2024207865A1,7,T7,2024,Other
JP2024139608A,25,T25,2023,JP
CN118514086B,38,T38,2024,CN
CN118744440A,-1,Noise,2024,CN
KR1020240146365A,2,T2,2023,KR
US12113469B2,-1,Noise,2020,US
JP2024137804A,70,T70,2024,JP
WO2024204063A1,25,T25,2024,Other
WO2024205673A1,-1,Noise,2023,Other
WO2024206984A1,61,T61,2024,Other
CN113467445B,3,T3,2021,CN
CN116101363B,7,T7,2022,CN
CN118716006A,39,T39,2024,CN
CN118721215A,10,T10,2024,CN
CN118721241A,-1,Noise,2024,CN
CN118721242A,-1,Noise,2024,CN
CN118721251A,4,T4,2024,CN
CN118722903A,37,T37,2024,CN
CN221807449U,-1,Noise,2024,CN
TW202439232A,23,T23,2023,Other
TWI857532B,23,T23,2023,Other
PH12023050054A1,69,T69,2023,Other
CN118700179A,9,T9,2024,CN
CN118700180A,9,T9,2024,CN
CN118700181A,-1,Noise,2024,CN
CN118700182A,-1,Noise,2024,CN
CN118700183A,9,T9,2024,CN
CN118700186A,-1,Noise,2024,CN
CN118700187A,13,T13,2024,CN
CN118700209A,9,T9,2024,CN
SG11202405130XA,-1,Noise,2023,Other
US20240316762A1,-1,Noise,2023,US
US20240319743A1,70,T70,2024,US
EP3417338B1,-1,Noise,2017,Other
CN118682759A,44,T44,2024,CN
CN118682776A,2,T2,2024,CN
CN118682792A,9,T9,2024,CN
CN118682798A,4,T4,2024,CN
CN118682800A,4,T4,2024,CN
CN118682808A,-1,Noise,2024,CN
CN113359792B,-1,Noise,2021,CN
CN113478505B,2,T2,2021,CN
CN118664586A,5,T5,2024,CN
CN118672272A,3,T3,2024,CN
CN118675229A,-1,Noise,2024,CN
CN221736206U,-1,Noise,2024,CN
CN221737979U,9,T9,2024,CN
CN221737981U,9,T9,2024,CN
IN202411067060A,-1,Noise,2024,IN
JP2024125982A,5,T5,2023,JP
CN118379800B,53,T53,2024,CN
CN118514103B,24,T24,2024,CN
CN118655774A,38,T38,2024,CN
CN118660127A,61,T61,2024,CN
CN221710866U,11,T11,2024,CN
CN111439321B,0,T0,2020,CN
CN117578791B,49,T49,2023,CN
CN118634463A,60,T60,2024,CN
CN118636158A,-1,Noise,2024,CN
CN118636159A,10,T10,2024,CN
CN118636160A,10,T10,2024,CN
CN118636187A,4,T4,2024,CN
CN118636189A,12,T12,2024,CN
CN118636195A,2,T2,2024,CN
CN118636196A,-1,Noise,2024,CN
CN118636999A,-1,Noise,2024,CN
CN118642390A,-1,Noise,2024,CN
CN118646856A,43,T43,2024,CN
IN202441065464A,28,T28,2024,IN
US20240301921A1,-1,Noise,2024,US
JP7549340B2,0,T0,2020,JP
KR102705819B1,38,T38,2022,KR
CN114429008B,7,T7,2022,CN
CN115107013B,-1,Noise,2022,CN
CN115194771B,-1,Noise,2022,CN
CN116339362B,3,T3,2023,CN
CN118625847A,6,T6,2024,CN
CN118628802A,35,T35,2024,CN
CN221677258U,16,T16,2023,CN
TH103045B,-1,Noise,2009,Other
CN115877760B,38,T38,2022,CN
CN116339361B,3,T3,2023,CN
CN118596205A,-1,Noise,2024,CN
CN118601446A,23,T23,2024,CN
CN118603077A,15,T15,2024,CN
CN118609796A,8,T8,2024,CN
CN117804666B,0,T0,2024,CN
CN118578356A,9,T9,2024,CN
CN118579173A,1,T1,2024,CN
CN118579236A,-1,Noise,2024,CN
CN118583172A,15,T15,2024,CN
CN118584820A,6,T6,2024,CN
CN118584897A,5,T5,2024,CN
CN114486045B,-1,Noise,2022,CN
CN115096143B,-1,Noise,2022,CN
CN117788693B,-1,Noise,2023,CN
CN118559694A,6,T6,2024,CN
CN118559699A,38,T38,2024,CN
CN118559729A,9,T9,2024,CN
CN118560461A,7,T7,2023,CN
CN118560596A,1,T1,2024,CN
CN118560599A,0,T0,2023,CN
CN118560602A,0,T0,2024,CN
CN118567225A,6,T6,2024,CN
CN118567388A,3,T3,2024,CN
IN202411064078A,2,T2,2024,IN
JP2024118438A,-1,Noise,2024,JP
CN115035763B,-1,Noise,2022,CN
CN115291619B,6,T6,2022,CN
CN116039797B,-1,Noise,2023,CN
CN118544362A,28,T28,2024,CN
CN118548646A,-1,Noise,2024,CN
CN118550186A,6,T6,2024,CN
CN118550195A,-1,Noise,2024,CN
CN118550297A,-1,Noise,2024,CN
CN116859966B,0,T0,2023,CN
CN118528270A,1,T1,2024,CN
CN118529172A,9,T9,2024,CN
CN118538052A,23,T23,2024,CN
CN221585599U,0,T0,2023,CN
IN202421056825A,14,T14,2024,IN
CN113569659B,-1,Noise,2021,CN
CN113589817B,-1,Noise,2021,CN
CN118513634A,0,T0,2024,CN
CN118514086A,38,T38,2024,CN
CN118514103A,24,T24,2024,CN
CN118514117A,4,T4,2024,CN
CN118514781A,0,T0,2024,CN
CN118522064A,53,T53,2023,CN
CN113246154B,29,T29,2021,CN
CN114571500B,19,T19,2022,CN
CN118493415A,0,T0,2024,CN
CN118494634A,0,T0,2024,CN
CN118495034A,30,T30,2023,CN
CN118502405A,6,T6,2024,CN
IN202411053901A,-1,Noise,2024,IN
IN202441059770A,30,T30,2024,IN
US20240269865A1,62,T62,2024,US
WO2024168337A1,62,T62,2024,Other
CN112738409B,-1,Noise,2021,CN
CN113317139B,39,T39,2021,CN
CN115465382B,19,T19,2022,CN
CN118013016B,2,T2,2024,CN
CN118331283B,1,T1,2024,CN
CN118483997A,-1,Noise,2024,CN
CN113359800B,3,T3,2021,CN
CN114137992B,-1,Noise,2021,CN
CN118230135B,56,T56,2024,CN
CN118305813B,32,T32,2024,CN
CN118456395A,-1,Noise,2024,CN
CN118457620A,7,T7,2024,CN
CN118457770A,-1,Noise,2024,CN
CN221507355U,-1,Noise,2023,CN
IN202411056258A,-1,Noise,2024,IN
CN114771680B,0,T0,2022,CN
CN118143955B,3,T3,2024,CN
CN118439107A,37,T37,2024,CN
CN118443085A,20,T20,2024,CN
CN118444565A,3,T3,2024,CN
CN118444701A,-1,Noise,2024,CN
CN118447574A,50,T50,2024,CN
CN221477326U,0,T0,2024,CN
US12053887B2,15,T15,2021,US
CN114721414B,3,T3,2022,CN
CN116774713B,40,T40,2022,CN
CN118414977A,39,T39,2024,CN
CN118415626A,-1,Noise,2024,CN
CN118424762A,16,T16,2024,CN
IN202341006152A,36,T36,2023,IN
IN202421045736A,4,T4,2024,IN
CN118163880B,30,T30,2024,CN
CN118404618A,-1,Noise,2024,CN
CN118405213A,37,T37,2024,CN
US12048655B2,8,T8,2021,US
US12049010B2,-1,Noise,2021,US
CN109159141B,4,T4,2018,CN
CN112530000B,1,T1,2020,CN
CN113977639B,49,T49,2021,CN
CN116713992B,44,T44,2023,CN
CN116909284B,-1,Noise,2023,CN
CN118170033B,-1,Noise,2024,CN
CN118182678B,-1,Noise,2024,CN
CN118386203A,3,T3,2024,CN
IN202441053254A,48,T48,2024,IN
IN202441054046A,21,T21,2024,IN
IN202441054123A,1,T1,2024,IN
IN202441054169A,20,T20,2024,IN
CN115576352B,54,T54,2022,CN
CN117067226B,30,T30,2023,CN
CN117452860B,3,T3,2023,CN
CN118070840B,6,T6,2024,CN
CN118372903A,0,T0,2024,CN
CN118379800A,53,T53,2024,CN
CN221383943U,4,T4,2024,CN
CN221393765U,52,T52,2023,CN
US12042945B2,-1,Noise,2020,US
JP7520122B2,-1,Noise,2020,JP
JP7520123B2,-1,Noise,2020,JP
TR2024006724A2,54,T54,2024,Other
CN113762239B,30,T30,2021,CN
CN118357939A,-1,Noise,2024,CN
CN118363310A,-1,Noise,2024,CN
CN118365686A,15,T15,2023,CN
CN118366295A,-1,Noise,2024,CN
WO2024150796A1,68,T68,2024,Other
JPWO2024150796A1,68,T68,2024,JP
EP4399642A1,21,T21,2021,Other
CN112193346B,52,T52,2020,CN
CN114222091B,42,T42,2021,CN
CN114543825B,7,T7,2022,CN
CN116810812B,2,T2,2023,CN
CN118023799B,36,T36,2024,CN
CN221354398U,26,T26,2023,CN
CN118322212A,5,T5,2024,CN
CN118323255A,7,T7,2024,CN
CN118323301A,-1,Noise,2024,CN
CN118323515A,0,T0,2024,CN
CN118331283A,1,T1,2024,CN
CN118333460A,-1,Noise,2024,CN
CN221314260U,-1,Noise,2023,CN
CN221325262U,-1,Noise,2023,CN
IN202441051902A,21,T21,2024,IN
WO2024146687A1,-1,Noise,2023,Other
WO2024146745A1,23,T23,2023,Other
EP4112234B1,-1,Noise,2021,Other
JP2024094826A,9,T9,2022,JP
CN113657313B,-1,Noise,2021,CN
CN117944785B,-1,Noise,2024,CN
CN118305813A,32,T32,2024,CN
CN118306495A,40,T40,2024,CN
CN118311902A,6,T6,2024,CN
CN118313155A,1,T1,2024,CN
CN111433566B,7,T7,2017,CN
CN118143954B,1,T1,2024,CN
CN118288333A,16,T16,2024,CN
CN118289109A,0,T0,2024,CN
CN118295408A,3,T3,2024,CN
CN118295455A,54,T54,2024,CN
CN118297988A,15,T15,2024,CN
CN221272985U,7,T7,2023,CN
CN221280070U,-1,Noise,2023,CN
CN221281612U,23,T23,2023,CN
IN202441048433A,-1,Noise,2024,IN
DE102023200067A1,23,T23,2023,DE
WO2024143536A1,0,T0,2023,Other
EP4393656A1,45,T45,2023,Other
EP4393657A1,45,T45,2023,Other
CN112578716B,29,T29,2020,CN
CN113494916B,15,T15,2020,CN
CN114832390B,11,T11,2019,CN
CN117260718B,3,T3,2023,CN
CN117975283B,15,T15,2024,CN
CN118276478A,-1,Noise,2023,CN
CN118276602A,1,T1,2024,CN
CN118279983A,7,T7,2024,CN
CN221251511U,0,T0,2023,CN
CN221259650U,14,T14,2023,CN
CN221259653U,14,T14,2023,CN
KR1020240100780A,10,T10,2022,KR
US12023160B1,8,T8,2023,US
TW202427408A,-1,Noise,2022,Other
TWM657658U,11,T11,2024,Other
CN112307942B,2,T2,2020,CN
CN115489246B,-1,Noise,2022,CN
CN118254901A,0,T0,2022,CN
CN118261233A,7,T7,2024,CN
US20240208082A1,-1,Noise,2023,US
CN112388598B,0,T0,2019,CN
CN114228748B,7,T7,2022,CN
CN117856527B,12,T12,2024,CN
CN117921638B,-1,Noise,2024,CN
CN118238914A,0,T0,2024,CN
CN118244750A,1,T1,2023,CN
CN221214319U,37,T37,2023,CN
CN114321140B,0,T0,2021,CN
CN118217570A,0,T0,2024,CN
CN118219246A,19,T19,2024,CN
CN118219316A,-1,Noise,2024,CN
CN118220368A,0,T0,2024,CN
CN118223606A,18,T18,2024,CN
CN118230135A,56,T56,2024,CN
CN221188831U,-1,Noise,2023,CN
CN221200619U,24,T24,2023,CN
WO2024124996A1,12,T12,2023,Other
JP2024082201A,-1,Noise,2023,JP
JP2024082202A,-1,Noise,2023,JP
CN115070775B,1,T1,2022,CN
CN118061197B,3,T3,2024,CN
CN118212648A,41,T41,2023,CN
CN221176543U,13,T13,2023,CN
CN114329986B,1,T1,2021,CN
CN114397894B,27,T27,2021,CN
CN116062059B,6,T6,2023,CN
CN116252885B,0,T0,2023,CN
CN118181286A,10,T10,2024,CN
CN118182666A,0,T0,2024,CN
CN118182678A,-1,Noise,2024,CN
CN118192254A,6,T6,2024,CN
CN118192597A,33,T33,2024,CN
CN118192649A,6,T6,2024,CN
CN118196892A,5,T5,2024,CN
CN221142590U,-1,Noise,2023,CN
CN221147796U,7,T7,2023,CN
IN541543A1,55,T55,2020,IN
US20240190014A1,60,T60,2024,US
WO2024120607A1,-1,Noise,2022,Other
WO2024122516A1,-1,Noise,2023,Other
EP4382262A1,0,T0,2022,Other
CN112423948B,-1,Noise,2019,CN
CN117944055B,1,T1,2024,CN
CN118031135B,52,T52,2024,CN
CN118163092A,3,T3,2024,CN
CN118163880A,30,T30,2024,CN
CN118169420A,27,T27,2024,CN
CN118170033A,-1,Noise,2024,CN
CN118170129A,-1,Noise,2022,CN
CN118171682A,6,T6,2024,CN
CN118172707A,23,T23,2024,CN
CN118172725A,-1,Noise,2024,CN
CN118172798A,17,T17,2024,CN
CN221114157U,0,T0,2023,CN
TWM656451U,-1,Noise,2023,Other
CN115312054B,2,T2,2022,CN
CN118143954A,1,T1,2024,CN
CN118143955A,3,T3,2024,CN
CN118144003A,0,T0,2023,CN
CN118152020A,21,T21,2024,CN
CN221102887U,52,T52,2023,CN
CN221103259U,18,T18,2023,CN
IN202441041266A,5,T5,2024,IN
JP3246993U,0,T0,2024,JP
US20240181632A1,0,T0,2023,US
US20240181637A1,-1,Noise,2022,US
CN107825434B,-1,Noise,2017,CN
CN110696943B,0,T0,2019,CN
CN117930663B,6,T6,2024,CN
CN118123859A,-1,Noise,2024,CN
CN118131630A,6,T6,2024,CN
CN118132213A,-1,Noise,2022,CN
CN221061686U,14,T14,2023,CN
CN221075865U,-1,Noise,2023,CN
TWM656431U,23,T23,2024,Other
CN117572877B,6,T6,2024,CN
CN118119992A,16,T16,2022,CN
CN221049831U,0,T0,2023,CN
IN202441038711A,21,T21,2024,IN
IN202441039826A,-1,Noise,2024,IN
SA16215B1,-1,Noise,2021,Other
EP4376309A1,8,T8,2023,Other
CN110211454B,-1,Noise,2019,CN
CN110588826B,0,T0,2019,CN
CN114474034B,74,T74,2020,CN
CN115112161B,37,T37,2022,CN
CN118079411A,11,T11,2021,CN
CN118081207A,36,T36,2024,CN
CN118096879A,35,T35,2024,CN
CN221035643U,31,T31,2023,CN
IT202200024351A1,8,T8,2022,Other
CN110796035B,51,T51,2019,CN
CN114936363B,-1,Noise,2022,CN
CN115565057B,15,T15,2021,CN
CN117496464B,15,T15,2023,CN
CN118061197A,3,T3,2024,CN
CN118070840A,6,T6,2024,CN
CN118071798A,15,T15,2024,CN
CN220996569U,0,T0,2023,CN
US20240169292A1,21,T21,2023,US
US20240169985A1,2,T2,2022,US
CN118056744A,40,T40,2022,CN
US11986963B2,69,T69,2019,US
CN110253562B,19,T19,2019,CN
CN118044401A,39,T39,2024,CN
CN118046404A,-1,Noise,2024,CN
CN118046975A,-1,Noise,2024,CN
CN220972400U,2,T2,2023,CN
CN220983532U,46,T46,2023,CN
CN220985768U,-1,Noise,2023,CN
IN202211064127A,-1,Noise,2022,IN
JP2024068083A,-1,Noise,2023,JP
TW202420122A,-1,Noise,2022,Other
US20240157553A1,28,T28,2024,US
US20240157573A1,75,T75,2024,US
US20240158110A1,-1,Noise,2023,US
JP2024066420A,33,T33,2023,JP
CN114800600B,19,T19,2022,CN
CN118021558A,13,T13,2024,CN
CN118023798A,36,T36,2024,CN
CN118023799A,36,T36,2024,CN
CN118025055A,-1,Noise,2024,CN
CN118025366A,1,T1,2022,CN
CN118025368A,9,T9,2024,CN
CN118025369A,37,T37,2024,CN
CN118031135A,52,T52,2024,CN
CN118034040A,1,T1,2022,CN
CN220945443U,16,T16,2023,CN
CN220948272U,0,T0,2023,CN
KR1020240065560A,8,T8,2022,KR
US11980432B2,-1,Noise,2019,US
CN116673979B,20,T20,2023,CN
CN118001544A,14,T14,2024,CN
CN118003375A,9,T9,2024,CN
CN118004306A,-1,Noise,2024,CN
CN118013016A,2,T2,2024,CN
CN220922406U,19,T19,2023,CN
HK40100935A,45,T45,2024,Other
WO2024093209A1,-1,Noise,2023,Other
WO2024095202A1,48,T48,2023,Other
US20240149463A1,-1,Noise,2022,US
US20240153314A1,-1,Noise,2024,US
KR1020240059945A,65,T65,2022,KR
CN113095120B,50,T50,2020,CN
CN220913758U,31,T31,2023,CN
CA3211155A1,-1,Noise,2023,Other
CN112101139B,41,T41,2020,CN
CN113111681B,50,T50,2020,CN
CN117809379B,50,T50,2024,CN
CN117961888A,5,T5,2024,CN
CN117963390A,28,T28,2024,CN
CN117970965A,3,T3,2023,CN
CN117974585A,41,T41,2024,CN
CN117975283A,15,T15,2024,CN
CN117975406A,35,T35,2023,CN
CN220884605U,0,T0,2023,CN
CN220886590U,16,T16,2023,CN
CN220895029U,31,T31,2023,CN
HK40100485A,-1,Noise,2024,Other
IN202321073493A,-1,Noise,2023,IN
IN202431015607A,10,T10,2024,IN
WO2024088736A1,25,T25,2023,Other
EP3219447B1,2,T2,2016,Other
EP4272907B1,22,T22,2023,Other
EP4272907C0,22,T22,2023,Other
CN112265593B,19,T19,2020,CN
CN117944045A,5,T5,2024,CN
CN117944055A,1,T1,2024,CN
CN117944068A,36,T36,2024,CN
CN117944785A,-1,Noise,2024,CN
CN117953465A,27,T27,2023,CN
CN117956572A,-1,Noise,2022,CN
JP2024059057A,-1,Noise,2022,JP
CN114324751B,20,T20,2021,CN
CN114347078B,4,T4,2022,CN
CN117921638A,-1,Noise,2024,CN
CN117921728A,19,T19,2023,CN
CN117922714A,0,T0,2024,CN
CN117928551A,33,T33,2024,CN
CN117928652A,30,T30,2024,CN
CN117930663A,6,T6,2024,CN
CN117934716A,15,T15,2024,CN
CN117935106A,-1,Noise,2023,CN
CN117935137A,51,T51,2023,CN
CN117939076A,43,T43,2024,CN
CN220842752U,0,T0,2023,CN
CN220842753U,0,T0,2023,CN
CN220851580U,0,T0,2023,CN
CN220855627U,2,T2,2023,CN
IN202341039528A,11,T11,2023,IN
DE102022127983A1,25,T25,2022,DE
JP2024058514A,49,T49,2022,JP
US20240131706A1,-1,Noise,2023,US
US20240131719A1,60,T60,2023,US
EP4045390B1,-1,Noise,2020,Other
JP7474108B2,11,T11,2020,JP
CN117532596B,19,T19,2024,CN
JP2024056146A,-1,Noise,2024,JP
CN114442649B,-1,Noise,2021,CN
CN117901099A,1,T1,2024,CN
CN117901165A,4,T4,2024,CN
CN117908571A,40,T40,2023,CN
KR102659387B1,-1,Noise,2020,KR
JP2024054474A,-1,Noise,2022,JP
CN110478878B,14,T14,2019,CN
CN113743481B,-1,Noise,2021,CN
CN117885110A,71,T71,2024,CN
CN117885832A,0,T0,2024,CN
CN117889843A,15,T15,2024,CN
CN117891240A,-1,Noise,2023,CN
CN117896554A,43,T43,2024,CN
CN220796949U,-1,Noise,2023,CN
TW202416218A,-1,Noise,2022,Other
US11961415B2,24,T24,2022,US
CN114040140B,26,T26,2021,CN
CN114161434B,27,T27,2021,CN
CN117863171A,-1,Noise,2023,CN
CN117863226A,-1,Noise,2024,CN
CN117864270A,0,T0,2024,CN
CN117872771A,6,T6,2024,CN
CN220762648U,-1,Noise,2023,CN
CN220764551U,-1,Noise,2023,CN
TWI838897B,35,T35,2022,Other
EP4347194A1,-1,Noise,2022,Other
CN110696941B,19,T19,2019,CN
CN111539087B,7,T7,2019,CN
CN117841002A,27,T27,2024,CN
CN117842230A,9,T9,2023,CN
CN220751608U,16,T16,2023,CN
US11951636B1,28,T28,2021,US
CN112606009B,0,T0,2020,CN
CN220721230U,-1,Noise,2023,CN
CN220721231U,-1,Noise,2023,CN
CN220721232U,13,T13,2023,CN
KR102655668B1,38,T38,2022,KR
DE102023126036A1,-1,Noise,2023,DE
US20240112369A1,-1,Noise,2022,US
CN114235373B,-1,Noise,2021,CN
CN117034385B,68,T68,2023,CN
CN117809329A,26,T26,2023,CN
CN117809379A,50,T50,2024,CN
CN117813183A,-1,Noise,2022,CN
JP2024045637A,11,T11,2024,JP
TW202413232A,25,T25,2023,Other
TW202414356A,43,T43,2022,Other
CN109048914B,49,T49,2018,CN
CN113580127B,60,T60,2021,CN
CN113665852B,0,T0,2021,CN
CN116142216B,7,T7,2023,CN
CN117773926A,3,T3,2023,CN
CN117773982A,-1,Noise,2023,CN
CN117775138A,0,T0,2023,CN
CN117782069A,3,T3,2023,CN
CN117788693A,-1,Noise,2023,CN
CN117788820A,35,T35,2023,CN
IN202211055158A,9,T9,2022,IN
IN202421012725A,21,T21,2024,IN
IN202441020880A,-1,Noise,2024,IN
IN202441020896A,-1,Noise,2024,IN
JP2024513705A,-1,Noise,2022,JP
CN110524561B,-1,Noise,2019,CN
CN113673461B,-1,Noise,2021,CN
CN115145292B,3,T3,2022,CN
CN117115783B,43,T43,2023,CN
CN117565996B,0,T0,2024,CN
CN117769181A,0,T0,2023,CN
CN220660915U,-1,Noise,2023,CN
KR1020240039182A,45,T45,2023,KR
US11938635B2,1,T1,2022,US
JP2024040248A,11,T11,2024,JP
CN111880544B,1,T1,2020,CN
CN117734851A,0,T0,2024,CN
CN220648410U,-1,Noise,2023,CN
IN202421013263A,8,T8,2024,IN
IN202441014010A,8,T8,2024,IN
CN115963850B,3,T3,2023,CN
CN117718295A,0,T0,2024,CN
CN117724518A,-1,Noise,2023,CN
CN117729290A,-1,Noise,2023,CN
CN220615995U,0,T0,2023,CN
US11931890B2,69,T69,2020,US
CN117703036A,0,T0,2023,CN
IN523013A1,-1,Noise,2019,IN
WO2024051597A1,53,T53,2023,Other
CN113031639B,1,T1,2021,CN
CN115123422B,0,T0,2022,CN
CN117687431A,3,T3,2023,CN
CN117656072A,5,T5,2023,CN
CN117656124A,19,T19,2023,CN
CN117666348A,1,T1,2023,CN
IN202341087195A,2,T2,2023,IN
EP4008498B1,-1,Noise,2021,Other
US11920649B2,-1,Noise,2022,US
CN112232390B,41,T41,2020,CN
CN117621140A,0,T0,2022,CN
CN117622352A,15,T15,2023,CN
CN117631547A,6,T6,2024,CN
IN202241048750A,-1,Noise,2022,IN
TWI834153B,35,T35,2022,Other
EP4328863A1,-1,Noise,2022,Other
US11911892B2,75,T75,2021,US
US11911903B2,28,T28,2020,US
US11915523B2,-1,Noise,2022,US
CN114237233B,35,T35,2021,CN
CN117584110A,19,T19,2023,CN
CN117589161A,15,T15,2023,CN
CN117589404A,15,T15,2023,CN
CN117590747A,33,T33,2023,CN
IN202411010889A,17,T17,2024,IN
SG10202400501WA0,70,T70,2024,Other
JP2024023117A,74,T74,2022,JP
JP2024023695A,62,T62,2023,JP
CN112380627B,-1,Noise,2020,CN
CN113515135B,6,T6,2021,CN
CN116863509B,-1,Noise,2023,CN
CN117565996A,0,T0,2024,CN
CN117565998A,30,T30,2023,CN
CN117572768A,-1,Noise,2023,CN
CN117572773A,3,T3,2023,CN
CN117578791A,49,T49,2023,CN
US11904472B2,1,T1,2021,US
US11907670B1,2,T2,2020,US
JP7432048B1,-1,Noise,2023,JP
KR1020240020642A,74,T74,2022,KR
US20240051154A1,-1,Noise,2023,US
US20240053761A1,-1,Noise,2023,US
WO2024035700A1,-1,Noise,2023,Other
WO2024035800A1,-1,Noise,2023,Other
CN111142514B,27,T27,2019,CN
CN114310963B,0,T0,2022,CN
CN117550105A,-1,Noise,2023,CN
CN117554026A,54,T54,2023,CN
CN117558050A,2,T2,2023,CN
RU2813444C1,-1,Noise,2022,RU
CN113611388B,48,T48,2021,CN
CN117532596A,19,T19,2024,CN
CN117532609A,2,T2,2023,CN
CN117533334A,7,T7,2023,CN
CN117537824A,15,T15,2023,CN
CN220462722U,36,T36,2023,CN
IN202431007412A,28,T28,2024,IN
US20240042604A1,-1,Noise,2023,US
WO2024030669A2,-1,Noise,2023,Other
EP4315322A1,2,T2,2022,Other
CN113223512B,2,T2,2020,CN
CN116757524B,-1,Noise,2023,CN
CN117508398A,12,T12,2023,CN
CN117508401A,9,T9,2023,CN
CN117508402A,-1,Noise,2023,CN
CN117518821A,6,T6,2023,CN
CN117519128A,33,T33,2023,CN
JP7428769B2,-1,Noise,2022,JP
US11890756B2,0,T0,2021,US
US11890762B2,-1,Noise,2021,US
CN107246461B,12,T12,2016,CN
CN111687847B,-1,Noise,2020,CN
CN113537036B,50,T50,2021,CN
CN113865556B,15,T15,2021,CN
CN114100152B,11,T11,2021,CN
CN116823591B,-1,Noise,2023,CN
CN117496464A,15,T15,2023,CN
CN117499592A,53,T53,2023,CN
IN202311074144A,28,T28,2023,IN
TWM651124U,-1,Noise,2023,Other
US20240040336A1,69,T69,2023,US
WO2024021744A1,45,T45,2023,Other
WO2024021767A1,45,T45,2023,Other
CN109605213B,36,T36,2018,CN
CN117465578A,52,T52,2023,CN
CN117472090A,3,T3,2023,CN
CN220403155U,31,T31,2023,CN
CN220404773U,14,T14,2023,CN
CN220408778U,9,T9,2023,CN
SG10202400267QA0,-1,Noise,2024,Other
US11883959B2,-1,Noise,2022,US
JP7423400B2,-1,Noise,2020,JP
CN117173748B,41,T41,2023,CN
CN117237561B,35,T35,2023,CN
CN117452816A,3,T3,2023,CN
CN117452860A,3,T3,2023,CN
CN117452953A,-1,Noise,2023,CN
CN220401627U,-1,Noise,2023,CN
IN202341090178A,-1,Noise,2023,IN
JP7421759B2,25,T25,2022,JP
US20240031532A1,-1,Noise,2022,US
CN114571472B,-1,Noise,2020,CN
CN116256972B,6,T6,2022,CN
CN117437573A,26,T26,2023,CN
CN117425864A,45,T45,2022,CN
BRPI1304674A2,-1,Noise,2011,Other
WO2024011733A1,-1,Noise,2022,Other
KR102625488B1,55,T55,2018,KR
CN110936380B,73,T73,2019,CN
CN112529943B,-1,Noise,2020,CN
CN113110442B,6,T6,2021,CN
CN117401056A,-1,Noise,2023,CN
US11872169B2,8,T8,2021,US
US11875362B1,42,T42,2020,US
CN117381807A,36,T36,2023,CN
CN117382765A,0,T0,2023,CN
CN117382768A,30,T30,2023,CN
TWI829493B,-1,Noise,2022,Other
US20240009560A1,-1,Noise,2023,US
CN115476366B,-1,Noise,2021,CN
CN117133096B,7,T7,2023,CN
CN117359594A,1,T1,2023,CN
CN117369527A,-1,Noise,2023,CN
CN220324109U,31,T31,2023,CN
CN116604555B,10,T10,2023,CN
CN117067223B,3,T3,2023,CN
IN202241037321A,-1,Noise,2022,IN
IN202341087196A,2,T2,2023,IN
EP3797938B1,-1,Noise,2020,Other
EP3797938C0,-1,Noise,2020,Other
CN117325177A,-1,Noise,2023,CN
CN117325198A,49,T49,2023,CN
CN117330068A,-1,Noise,2023,CN
CN112084853B,27,T27,2020,CN
CN117296615A,18,T18,2023,CN
CN117301061A,5,T5,2023,CN
CN117309242A,-1,Noise,2023,CN
CN117310302A,20,T20,2023,CN
CN117311161A,-1,Noise,2023,CN
CN117311271A,6,T6,2023,CN
CN220257118U,14,T14,2023,CN
US20230418297A1,-1,Noise,2023,US
WO2023249979A1,-1,Noise,2023,Other
CN112051797B,74,T74,2020,CN
CN116880293B,3,T3,2023,CN
CN117290997A,7,T7,2023,CN
US11856098B2,-1,Noise,2022,US
CN117260718A,3,T3,2023,CN
CN117262062A,9,T9,2023,CN
CN117270385A,38,T38,2023,CN
CN117270551A,-1,Noise,2023,CN
CN220220959U,0,T0,2023,CN
TR2021001999B,60,T60,2021,Other
CN111209942B,38,T38,2019,CN
CN114337378B,73,T73,2021,CN
CN117246425A,-1,Noise,2023,CN
CN117250959A,27,T27,2023,CN
TW202349154A,23,T23,2022,Other
TW202349930A,-1,Noise,2022,Other
CN111891254B,0,T0,2020,CN
CN116551675B,1,T1,2023,CN
CN117233707A,16,T16,2023,CN
CN117237561A,35,T35,2023,CN
CN117241090A,-1,Noise,2023,CN
HK40030931B,8,T8,2020,Other
IN202341074333A,44,T44,2023,IN
US20230398684A1,-1,Noise,2023,US
CN117218547A,15,T15,2023,CN
CN111291831B,47,T47,2020,CN
CN117182406A,36,T36,2023,CN
CN117182904A,3,T3,2023,CN
CN117193070A,3,T3,2023,CN
CN117193341A,15,T15,2023,CN
CN117193342A,-1,Noise,2023,CN
IN202311077537A,28,T28,2023,IN
JP2023172901A,45,T45,2023,JP
JP7393201B2,-1,Noise,2019,JP
CN117173748A,41,T41,2023,CN
MY199994A,69,T69,2017,Other
CN107416066B,0,T0,2017,CN
CN108407918B,-1,Noise,2018,CN
CN113910217B,2,T2,2020,CN
CN117140463A,-1,Noise,2023,CN
CN117140508A,1,T1,2023,CN
CN117140542A,2,T2,2023,CN
CN117141611A,3,T3,2023,CN
CN117141613A,37,T37,2023,CN
IN202341078606A,8,T8,2023,IN
TW202347263A,-1,Noise,2022,Other
KR102607490B1,47,T47,2023,KR
KR102607493B1,47,T47,2023,KR
KR102608026B1,30,T30,2023,KR
CN108216412B,0,T0,2017,CN
CN111832450B,-1,Noise,2020,CN
CN117125020A,23,T23,2023,CN
CN117132801A,-1,Noise,2022,CN
CN117133096A,7,T7,2023,CN
CN117103261A,65,T65,2023,CN
CN117104360A,0,T0,2023,CN
CN117115783A,43,T43,2023,CN
CN117115849A,-1,Noise,2022,CN
CN220082665U,-1,Noise,2023,CN
IN202341078601A,8,T8,2023,IN
US20230375334A1,-1,Noise,2023,US
CN116609105B,16,T16,2023,CN
CN117067223A,3,T3,2023,CN
CN117067226A,30,T30,2023,CN
IN468965A1,2,T2,2021,IN
KR102604104B1,38,T38,2022,KR
JP7381322B2,-1,Noise,2019,JP
CN111913490B,3,T3,2020,CN
CN115705048B,45,T45,2021,CN
CN116787491B,16,T16,2023,CN
CN117047810A,4,T4,2023,CN
CN117048735A,45,T45,2023,CN
CN117055594A,6,T6,2023,CN
CN220013465U,31,T31,2023,CN
KR102601031B1,16,T16,2021,KR
TWI821772B,48,T48,2021,Other
TWI822096B,-1,Noise,2022,Other
CN114248804B,1,T1,2021,CN
CN117032254A,-1,Noise,2023,CN
CN117032283A,6,T6,2023,CN
CN117034385A,68,T68,2023,CN
CN117036469A,-1,Noise,2023,CN
CN219997304U,-1,Noise,2023,CN
IN465538A1,14,T14,2018,IN
IN466026A1,10,T10,2020,IN
KR1020230155076A,3,T3,2022,KR
KR1020230155396A,16,T16,2023,KR
EP3846982B1,75,T75,2018,Other
CN117001658A,6,T6,2023,CN
CN117008592A,45,T45,2022,CN
CN117008623A,-1,Noise,2022,CN
CN117011378A,15,T15,2023,CN
CN111753705B,43,T43,2020,CN
CN114945182B,-1,Noise,2022,CN
CN116985110A,45,T45,2022,CN
CN116985111A,40,T40,2022,CN
CN116985113A,45,T45,2022,CN
CN116985114A,-1,Noise,2022,CN
CN116985137A,33,T33,2023,CN
CN116996775A,41,T41,2023,CN
CN219948393U,-1,Noise,2023,CN
US20230347518A1,22,T22,2023,US
US20230347524A1,-1,Noise,2023,US
WO2023206498A1,45,T45,2022,Other
WO2023207129A1,4,T4,2022,Other
TW202342149A,35,T35,2022,Other
TW202343303A,26,T26,2022,Other
TW202343387A,35,T35,2022,Other
TWI820341B,-1,Noise,2020,Other
CN116787450B,-1,Noise,2023,CN
CN116966069A,48,T48,2023,CN
CN116968048A,28,T28,2023,CN
CN116978125A,50,T50,2023,CN
NL2031262B1,3,T3,2022,Other
CN115054794B,14,T14,2022,CN
CN116767381B,-1,Noise,2023,CN
CN116945151A,45,T45,2023,CN
CN116945167A,-1,Noise,2023,CN
CN116945168A,45,T45,2023,CN
CN116946280A,0,T0,2023,CN
CN116954237A,45,T45,2022,CN
CN219914605U,52,T52,2023,CN
US20230343138A1,26,T26,2023,US
WO2023205766A1,-1,Noise,2023,Other
CN116931561A,33,T33,2023,CN
CN116931795A,26,T26,2022,CN
CN116934791A,-1,Noise,2022,CN
CN219878755U,-1,Noise,2023,CN
JP7367283B2,29,T29,2019,JP
CN107757744B,0,T0,2017,CN
CN113348129B,-1,Noise,2019,CN
CN116901056A,52,T52,2023,CN
CN116902109A,37,T37,2023,CN
CN116909284A,-1,Noise,2023,CN
CN219854570U,0,T0,2023,CN
CN114750162B,1,T1,2022,CN
CN116893686A,45,T45,2023,CN
CN116894869A,15,T15,2023,CN
CN116880293A,3,T3,2023,CN
CN219815259U,11,T11,2022,CN
CN219819774U,9,T9,2023,CN
DE102022118439B3,1,T1,2022,DE
US20230321830A1,-1,Noise,2023,US
WO2023195425A1,8,T8,2023,Other
CN113031579B,-1,Noise,2019,CN
CN116442212B,38,T38,2023,CN
CN116849885A,19,T19,2023,CN
CN116852352A,-1,Noise,2023,CN
CN116858273A,-1,Noise,2023,CN
CN116859966A,0,T0,2023,CN
CN116859969A,3,T3,2023,CN
CN116859975A,6,T6,2023,CN
CN116863509A,-1,Noise,2023,CN
IN202311060121A,29,T29,2023,IN
IN202341055064A,21,T21,2023,IN
CN114102643B,4,T4,2021,CN
CN116832416A,-1,Noise,2023,CN
CN116834058A,-1,Noise,2023,CN
CN116840937A,30,T30,2023,CN
CN116843924A,51,T51,2023,CN
CN219790352U,-1,Noise,2023,CN
TWI817727B,-1,Noise,2022,Other
TWM646612U,31,T31,2023,Other
CN116610129B,-1,Noise,2023,CN
CN116811852A,-1,Noise,2023,CN
CN116823591A,41,T41,2023,CN
CN116824511A,41,T41,2023,CN
HK40071432B,74,T74,2022,Other
IN202321047533A,-1,Noise,2023,IN
WO2023183364A1,-1,Noise,2023,Other
CN109908565B,14,T14,2019,CN
CN115242958B,-1,Noise,2021,CN
US11766602B2,11,T11,2021,US
CN113633303B,-1,Noise,2021,CN
CN115046423B,-1,Noise,2022,CN
CN116787406A,19,T19,2023,CN
CN116787450A,-1,Noise,2023,CN
CN116787457A,30,T30,2023,CN
CN116787491A,16,T16,2023,CN
CN116788383A,0,T0,2023,CN
CN116795123A,6,T6,2022,CN
CN116796788A,8,T8,2023,CN
DE212021000357U1,-1,Noise,2021,DE
US20230294276A1,-1,Noise,2022,US
CN109204601B,0,T0,2018,CN
CN113504778B,-1,Noise,2021,CN
CN116767373A,37,T37,2022,CN
CN116767381A,-1,Noise,2023,CN
CN116774713A,40,T40,2022,CN
CN116778672A,53,T53,2022,CN
CN219708879U,43,T43,2023,CN
CN108657307B,0,T0,2018,CN
CN113917917B,27,T27,2021,CN
CN114888832B,4,T4,2022,CN
CN116749189A,1,T1,2023,CN
CN116749230A,12,T12,2023,CN
CN116749236A,10,T10,2023,CN
CN116750101A,0,T0,2023,CN
CN116750105A,0,T0,2023,CN
CN116757524A,-1,Noise,2023,CN
CN219687481U,9,T9,2023,CN
CN219687483U,13,T13,2023,CN
JP2023129743A,25,T25,2022,JP
JP2023128220A,-1,Noise,2022,JP
US20230286602A1,0,T0,2021,US
WO2023169674A1,-1,Noise,2022,Other
CN114625129B,3,T3,2022,CN
CN116740606A,6,T6,2023,CN
US11756461B2,-1,Noise,2021,US
KR1020230129836A,38,T38,2022,KR
KR1020230129837A,38,T38,2022,KR
KR1020230129838A,38,T38,2022,KR
CN114131590B,30,T30,2021,CN
CN114802520B,0,T0,2022,CN
CN116713976A,-1,Noise,2023,CN
CN116713992A,44,T44,2023,CN
CN116717575A,12,T12,2023,CN
CN116719335A,3,T3,2023,CN
WO2023166868A1,-1,Noise,2023,Other
CN116690557A,-1,Noise,2023,CN
CN116690596A,0,T0,2023,CN
CN116691869A,0,T0,2023,CN
CN116704390A,26,T26,2022,CN
CN114044066B,37,T37,2021,CN
CN115609629B,0,T0,2022,CN
CN115793649B,30,T30,2022,CN
CN116673979A,20,T20,2023,CN
CN116679688A,45,T45,2022,CN
CN116682040A,53,T53,2023,CN
IN202341049596A,-1,Noise,2023,IN
WO2023163958A1,-1,Noise,2023,Other
CA3243399A1,-1,Noise,2023,Other
CN114371613B,5,T5,2021,CN
CN116147642B,15,T15,2023,CN
CN116652945A,10,T10,2023,CN
CN116654146A,0,T0,2023,CN
CN116668611A,2,T2,2023,CN
CN219599541U,28,T28,2023,CN
CN116636855A,7,T7,2023,CN
CN116638497A,19,T19,2023,CN
CN116643569A,27,T27,2023,CN
US20230267590A1,-1,Noise,2023,US
WO2023155231A1,7,T7,2022,Other
CN114348299B,0,T0,2022,CN
CN116619436A,9,T9,2023,CN
CN116627023A,-1,Noise,2023,CN
US11731285B2,-1,Noise,2019,US
CN106956247B,19,T19,2017,CN
CN111508042B,-1,Noise,2020,CN
CN114253260B,1,T1,2021,CN
CN116030411B,-1,Noise,2022,CN
CN116602678A,8,T8,2023,CN
CN116604555A,10,T10,2023,CN
CN116607905A,0,T0,2023,CN
CN116610129A,-1,Noise,2023,CN
CN116612148A,50,T50,2023,CN
CN116612215A,68,T68,2023,CN
IN202341034578A,8,T8,2023,IN
EP3732004B1,-1,Noise,2018,Other
EP3732004C0,-1,Noise,2018,Other
KR102567371B1,42,T42,2022,KR
CN108151257B,20,T20,2017,CN
CN116588221A,40,T40,2023,CN
CN116595734A,3,T3,2023,CN
CN116597519A,-1,Noise,2023,CN
US11727784B2,26,T26,2020,US
CN111766885B,3,T3,2020,CN
CN116214527B,21,T21,2023,CN
CN116573077A,-1,Noise,2023,CN
CN116578079A,3,T3,2023,CN
CN116580064A,15,T15,2023,CN
CN219504775U,-1,Noise,2022,CN
TWI812478B,43,T43,2022,Other
JP7324932B2,-1,Noise,2020,JP
WO2023150384A1,8,T8,2023,Other
CN113378762B,53,T53,2021,CN
CN116551669A,1,T1,2023,CN
CN116551675A,1,T1,2023,CN
CN116551679A,1,T1,2023,CN
CN116551719A,-1,Noise,2023,CN
CN116562026A,7,T7,2023,CN
CN116566032A,38,T38,2022,CN
CN219485715U,0,T0,2023,CN
CN219487391U,-1,Noise,2022,CN
US11717958B2,0,T0,2021,US
CN109858472B,41,T41,2019,CN
CN116534055A,7,T7,2023,CN
CN116534156A,0,T0,2023,CN
CN116540206A,15,T15,2023,CN
CL2021003554A1,-1,Noise,2021,Other
AU2022200355A1,-1,Noise,2022,Other
CN116513506A,0,T0,2023,CN
CN116520352A,15,T15,2023,CN
CN116520869A,1,T1,2023,CN
CN116529060A,25,T25,2021,CN
CN219445107U,-1,Noise,2023,CN
CN219445108U,-1,Noise,2023,CN
JP7319001B2,-1,Noise,2020,JP
US11716444B2,17,T17,2020,US
CN219426799U,29,T29,2023,CN
IN202241004447A,-1,Noise,2022,IN
EP3319763B2,-1,Noise,2016,Other
CN106863302B,64,T64,2017,CN
CN112550513B,0,T0,2020,CN
CN116472869A,39,T39,2023,CN
CN116486650A,-1,Noise,2022,CN
US11708882B2,-1,Noise,2020,US
CN112550510B,0,T0,2020,CN
CN112550512B,0,T0,2020,CN
CN114313050B,0,T0,2021,CN
CN219388283U,0,T0,2023,CN
JP7312582B2,55,T55,2019,JP
US20230225609A1,8,T8,2021,US
CN108814778B,4,T4,2018,CN
CN114489092B,74,T74,2020,CN
CN116442212A,38,T38,2023,CN
CN116443683A,-1,Noise,2022,CN
CN116449711A,3,T3,2023,CN
CN116449822A,7,T7,2023,CN
CN116453181A,26,T26,2023,CN
JP2023530524A,0,T0,2021,JP
CN114412185B,0,T0,2022,CN
CN116424366A,23,T23,2023,CN
CN116424368A,7,T7,2023,CN
CN116424454A,0,T0,2023,CN
CN116430882A,3,T3,2023,CN
CN116434144A,-1,Noise,2023,CN
CN219339424U,31,T31,2022,CN
US20230219218A1,22,T22,2023,US
US20230222941A1,24,T24,2022,US
CN115214818B,-1,Noise,2022,CN
JP2023529648A,23,T23,2021,JP
CN113821045B,6,T6,2021,CN
CN116395058A,0,T0,2023,CN
CN116400103A,20,T20,2023,CN
IN436853A1,8,T8,2019,IN
WO2023122844A1,-1,Noise,2022,Other
JP7303840B2,-1,Noise,2021,JP
CN116386182A,-1,Noise,2023,CN
CN116386812A,1,T1,2023,CN
CN219293964U,-1,Noise,2022,CN
JP7302680B2,-1,Noise,2022,JP
US11695975B1,53,T53,2021,US
CA3142560C,-1,Noise,2020,Other
PL243135B1,-1,Noise,2020,Other
CN113055743B,-1,Noise,2021,CN
CN116366921A,46,T46,2023,CN
CN219272118U,14,T14,2022,CN
NL2031560A,-1,Noise,2022,Other
US20230202045A1,22,T22,2022,US
WO2023122278A1,22,T22,2022,Other
CN109623878B,4,T4,2019,CN
CN116339319A,33,T33,2023,CN
CN116339361A,-1,Noise,2023,CN
CN107932536B,4,T4,2017,CN
CN113386169B,0,T0,2021,CN
CN116279892A,30,T30,2023,CN
CN116279893A,0,T0,2023,CN
CN116279902A,0,T0,2023,CN
CN116279903A,0,T0,2023,CN
CN116300436A,5,T5,2023,CN
CN116300954A,54,T54,2023,CN
CN116308975A,43,T43,2023,CN
DE102021214584A1,21,T21,2021,DE
WO2023111184A1,21,T21,2022,Other
EP4197709A2,22,T22,2022,Other
EP4198714A1,-1,Noise,2022,Other
CN107564389B,24,T24,2017,CN
CN112936259B,2,T2,2021,CN
CN114474054B,27,T27,2022,CN
CN114771780B,-1,Noise,2022,CN
CN107081777B,4,T4,2017,CN
CN115215177B,23,T23,2022,CN
IN202331039330A,61,T61,2023,IN
CN116250422A,52,T52,2022,CN
CN116252302A,-1,Noise,2023,CN
CN116252885A,0,T0,2023,CN
CN116256972A,-1,Noise,2022,CN
CN116257072A,3,T3,2023,CN
CN116258986A,50,T50,2021,CN
CN219170928U,-1,Noise,2023,CN
JP2023524697A,11,T11,2021,JP
CN113858207B,1,T1,2021,CN
CN114104141B,37,T37,2021,CN
CN219152874U,-1,Noise,2022,CN
US20230176157A1,-1,Noise,2021,US
GB2613463A,-1,Noise,2021,GB
CN114084246B,-1,Noise,2021,CN
CN114096192B,-1,Noise,2020,CN
CN116211558A,20,T20,2023,CN
CN116214527A,21,T21,2023,CN
CN116214572A,-1,Noise,2023,CN
CN116215692A,0,T0,2023,CN
CN116215694A,0,T0,2022,CN
CN115447691B,0,T0,2022,CN
CN115958575B,71,T71,2023,CN
CN116197902A,4,T4,2023,CN
CN116198625A,-1,Noise,2023,CN
CN116203945A,6,T6,2022,CN
DE102021131028A1,22,T22,2021,DE
JP7285108B2,-1,Noise,2019,JP
EP4029659B1,0,T0,2021,Other
CN112258571B,-1,Noise,2020,CN
CN114631892B,24,T24,2022,CN
CN116176726A,0,T0,2023,CN
CN116176727A,3,T3,2022,CN
CN116189238A,53,T53,2023,CN
CN116189290A,26,T26,2022,CN
JP2023074136A,29,T29,2021,JP
CN114147760B,4,T4,2021,CN
CN116160441A,38,T38,2022,CN
CN116164748A,7,T7,2023,CN
US20230162494A1,56,T56,2022,US
EP3916507B1,2,T2,2021,Other
CN109645960B,48,T48,2019,CN
CN110053029B,5,T5,2019,CN
CN111209781B,51,T51,2018,CN
CN116141300A,-1,Noise,2023,CN
CN116142194A,-1,Noise,2023,CN
CN116142216A,7,T7,2023,CN
CN116142349A,0,T0,2023,CN
CN116142350A,3,T3,2023,CN
CN116152604A,35,T35,2023,CN
CN116152675A,54,T54,2022,CN
US11654984B2,-1,Noise,2021,US
CN116136692A,6,T6,2021,CN
CN116136693A,-1,Noise,2021,CN
WO2023082860A1,21,T21,2022,Other
DE102022110645B3,22,T22,2022,DE
CN114670837B,7,T7,2022,CN
CN116126001A,-1,Noise,2021,CN
CN116126002A,3,T3,2022,CN
CN116129055A,-1,Noise,2023,CN
CN116129497A,8,T8,2022,CN
CN219023190U,14,T14,2022,CN
CN219027515U,-1,Noise,2022,CN
CN111300408B,1,T1,2020,CN
CN113099170B,23,T23,2020,CN
CN113703467B,0,T0,2021,CN
CN115503013B,4,T4,2022,CN
CN116100560A,-1,Noise,2023,CN
CN116101363A,7,T7,2022,CN
CN116110011A,7,T7,2023,CN
CN116110073A,-1,Noise,2022,CN
CN219006062U,-1,Noise,2022,CN
US20230143315A1,-1,Noise,2023,US
EP3471927B1,0,T0,2017,Other
CN116079719A,-1,Noise,2022,CN
CN116079727A,32,T32,2023,CN
CN116079761A,25,T25,2022,CN
CN218992915U,-1,Noise,2022,CN
US11642786B2,1,T1,2020,US
US11644891B1,21,T21,2022,US
CN115840453B,3,T3,2023,CN
CN116070671A,-1,Noise,2023,CN
IN202341028068A,5,T5,2023,IN
US20230133934A1,45,T45,2022,US
US20230139454A1,-1,Noise,2022,US
WO2023071150A1,-1,Noise,2022,Other
CN108974172B,0,T0,2018,CN
CN113799130B,28,T28,2021,CN
CN113977586B,1,T1,2021,CN
CN116035874A,6,T6,2023,CN
CN116052270A,-1,Noise,2022,CN
CN116052500A,59,T59,2023,CN
CN116054020A,0,T0,2023,CN
TW202317034A,8,T8,2021,Other
CN114342904B,39,T39,2022,CN
CN116030411A,-1,Noise,2022,CN
CN116030493A,41,T41,2022,CN
IN202121048303A,56,T56,2021,IN
EP4170449A1,56,T56,2022,Other
US11635096B2,-1,Noise,2021,US
US11636712B2,-1,Noise,2021,US
CN108639181B,0,T0,2018,CN
CN115797884B,7,T7,2023,CN
IT102021000009071B1,61,T61,2021,Other
WO2023060339A1,62,T62,2022,Other
CN107127894B,18,T18,2017,CN
CN112004737B,45,T45,2019,CN
CN114852209B,-1,Noise,2022,CN
CN115983125A,6,T6,2022,CN
JP2023516219A,8,T8,2022,JP
US11631192B2,-1,Noise,2020,US
BRMU2120016U2,68,T68,2021,Other
CN109299665B,-1,Noise,2018,CN
CN111113412B,73,T73,2019,CN
CN115958575A,71,T71,2023,CN
CN115965993A,53,T53,2022,CN
IN202331025057A,8,T8,2023,IN
IN202341024693A,8,T8,2023,IN
JP2023054769A,17,T17,2022,JP
CA3134287A1,62,T62,2021,Other
CN114012748B,-1,Noise,2021,CN
CN218848345U,24,T24,2022,CN
CN110497400B,-1,Noise,2019,CN
CN111259566B,3,T3,2020,CN
CN111260057B,15,T15,2020,CN
CN111360834B,5,T5,2020,CN
CN113184040B,7,T7,2021,CN
CN113319869B,2,T2,2021,CN
CN115922692A,-1,Noise,2022,CN
US20230104775A1,-1,Noise,2021,US
CN115889079A,36,T36,2022,CN
CN115892283A,37,T37,2022,CN
CN115901290A,7,T7,2022,CN
CN115903797A,30,T30,2022,CN
CN115909396A,-1,Noise,2022,CN
CN115915720A,64,T64,2022,CN
CN110101935B,-1,Noise,2019,CN
CN113977593B,0,T0,2021,CN
CN114919675B,-1,Noise,2022,CN
CN115503850B,-1,Noise,2022,CN
CN115870394A,4,T4,2022,CN
CN115871700A,7,T7,2022,CN
CN115876187A,-1,Noise,2021,CN
CN115877760A,38,T38,2022,CN
CN115877861A,6,T6,2022,CN
CN218776603U,61,T61,2022,CN
US20230098466A1,0,T0,2022,US
US20230099337A1,0,T0,2022,US
US20230101090A1,0,T0,2021,US
WO2023049521A2,0,T0,2022,Other
EP4153452A1,-1,Noise,2021,Other
EP4153453A1,-1,Noise,2021,Other
EP4153455A1,-1,Noise,2021,Other
GB2611217A,-1,Noise,2021,GB
CN113635989B,0,T0,2021,CN
CN113858227B,0,T0,2021,CN
CN218762206U,2,T2,2022,CN
CN109635498B,3,T3,2018,CN
CN112906533B,-1,Noise,2021,CN
CN112954451B,26,T26,2021,CN
CN115410232B,26,T26,2022,CN
CN115840453A,3,T3,2023,CN
CN115841698A,53,T53,2022,CN
CN218698868U,16,T16,2022,CN
JP7245558B2,-1,Noise,2020,JP
EP4151508A1,0,T0,2021,Other
CN111059454B,55,T55,2019,CN
CN114770601B,16,T16,2022,CN
CN115816456A,10,T10,2022,CN
TWI796786B,53,T53,2021,Other
US11607817B2,-1,Noise,2018,US
CN115810172A,-1,Noise,2022,CN
IN202311014380A,-1,Noise,2023,IN
IN202341012867A,8,T8,2023,IN
DE212021000362U1,-1,Noise,2021,DE
JP2023037659A,42,T42,2021,JP
TW202312087A,53,T53,2021,Other
US20230078625A1,21,T21,2021,US
CN111113378B,73,T73,2019,CN
CN113894841B,19,T19,2021,CN
CN115783081A,45,T45,2022,CN
CN115793236A,2,T2,2022,CN
CN115793683A,74,T74,2022,CN
CN115797863A,-1,Noise,2022,CN
CN115797884A,7,T7,2023,CN
CN115800193A,46,T46,2022,CN
CN115803226A,-1,Noise,2021,CN
CN218614144U,13,T13,2022,CN
CN218614153U,-1,Noise,2022,CN
CN115771163A,64,T64,2022,CN
CN115775257A,-1,Noise,2021,CN
CN218592981U,4,T4,2022,CN
US20230073916A1,-1,Noise,2022,US
US20230076589A1,45,T45,2022,US
WO2023030662A1,21,T21,2021,Other
EP4144487A1,74,T74,2021,Other
EP4145364A1,-1,Noise,2021,Other
CN113580136B,3,T3,2021,CN
CN115743355A,0,T0,2022,CN
CN115761785A,-1,Noise,2021,CN
US11600013B2,2,T2,2020,US
WO2023026087A1,8,T8,2021,Other
CN110977965B,6,T6,2019,CN
US11590049B2,-1,Noise,2020,US
US11592829B2,55,T55,2018,US
CN112847371B,1,T1,2021,CN
CN113349762B,-1,Noise,2021,CN
CN113676387B,3,T3,2021,CN
CN115713545A,-1,Noise,2022,CN
JP7228443B2,23,T23,2019,JP
BR112013015879B1,30,T30,2011,Other
CN112859851B,33,T33,2021,CN
KR1020230024457A,-1,Noise,2021,KR
MYPI2024004492A,-1,Noise,2023,Other
JP3241001U,-1,Noise,2022,JP
JP3241004U,-1,Noise,2022,JP
CN115705048A,45,T45,2021,CN
CN115706854A,-1,Noise,2021,CN
CN114029984B,0,T0,2021,CN
US11577390B2,-1,Noise,2019,US
KR1020230020518A,23,T23,2021,KR
CN113319876B,4,T4,2021,CN
CN115674196A,10,T10,2022,CN
CN115676558A,18,T18,2022,CN
CN115695936A,26,T26,2022,CN
CN218428381U,0,T0,2022,CN
CN218431480U,9,T9,2022,CN
IN202321003900A,2,T2,2023,IN
IN419583A1,4,T4,2015,IN
US20230030054A1,45,T45,2022,US
WO2023005068A1,-1,Noise,2021,Other
AU2022279521A1,63,T63,2022,Other
GB2578695B,11,T11,2018,GB
TWM637176U,23,T23,2022,Other
CN110780786B,2,T2,2019,CN
CN115649316A,2,T2,2022,CN
CN115649320A,0,T0,2022,CN
CN115657696A,6,T6,2022,CN
CN115661864A,-1,Noise,2022,CN
CN115661882A,50,T50,2021,CN
CN218392206U,11,T11,2022,CN
CN112904884B,-1,Noise,2021,CN
CN115635477A,9,T9,2022,CN
CN218368051U,0,T0,2022,CN
CN218381637U,16,T16,2022,CN
CN111496830B,4,T4,2020,CN
CN218342151U,0,T0,2022,CN
CN218343630U,72,T72,2022,CN
US20230014536A1,-1,Noise,2020,US
US20230016514A1,74,T74,2022,US
US20230018155A1,-1,Noise,2021,US
GB202218394D0,-1,Noise,2021,GB
CN112462190B,30,T30,2020,CN
CN113696994B,0,T0,2021,CN
CN115609629A,0,T0,2022,CN
CN115610548A,0,T0,2022,CN
CN115610550A,0,T0,2021,CN
CN115615890A,59,T59,2020,CN
KR1020230008549A,0,T0,2021,KR
CN115597602A,-1,Noise,2022,CN
CN115601241A,-1,Noise,2022,CN
CN115604570A,26,T26,2021,CN
EP4114622A1,15,T15,2021,Other
EP4115340A1,-1,Noise,2021,Other
EP4115347A1,-1,Noise,2021,Other
EP4116782A1,74,T74,2021,Other
CN110597267B,-1,Noise,2019,CN
CN115586787A,-1,Noise,2022,CN
CN115588214A,41,T41,2022,CN
JP7200990B2,-1,Noise,2019,JP
CN115576352A,54,T54,2022,CN
CN218229219U,-1,Noise,2022,CN
IN202241077483A,61,T61,2022,IN
IN202341000033A,31,T31,2023,IN
JP7199259B2,-1,Noise,2019,JP
EP4112234A1,-1,Noise,2021,Other
CN115565057A,15,T15,2021,CN
CN218211960U,16,T16,2022,CN
US11544906B2,-1,Noise,2020,US
CN113788085B,3,T3,2021,CN
CN115533939A,10,T10,2022,CN
CN115546547A,6,T6,2022,CN
US20220412411A1,-1,Noise,2022,US
EP4109198A1,74,T74,2021,Other
CN114435507B,0,T0,2022,CN
CN115526358A,30,T30,2022,CN
US11537131B2,55,T55,2018,US
CN115502967A,10,T10,2022,CN
CN115503013A,-1,Noise,2022,CN
CN115503847A,0,T0,2021,CN
CN115503850A,-1,Noise,2022,CN
CN218110830U,-1,Noise,2022,CN
WO2022262757A1,-1,Noise,2022,Other
KR1020220167708A,16,T16,2021,KR
TWM635845U,23,T23,2022,Other
TWM635852U,-1,Noise,2022,Other
CN115488893A,3,T3,2022,CN
CN115489246A,-1,Noise,2022,CN
JP7192872B2,-1,Noise,2018,JP
US11531892B2,-1,Noise,2020,US
CN115476366A,-1,Noise,2021,CN
CN115480482A,-1,Noise,2021,CN
CN115480594A,40,T40,2021,CN
CN218052624U,4,T4,2022,CN
CN111625002B,1,T1,2020,CN
CN218036009U,11,T11,2022,CN
CN115446820A,-1,Noise,2022,CN
CN115446835A,10,T10,2022,CN
CN115447691A,0,T0,2022,CN
CN115457075A,15,T15,2022,CN
JP2022551218A,-1,Noise,2020,JP
US20220390952A1,-1,Noise,2022,US
WO2022256812A1,-1,Noise,2022,Other
CN114137998B,-1,Noise,2021,CN
CN115431254A,-1,Noise,2017,CN
CN217967105U,0,T0,2022,CN
KR102474702B1,-1,Noise,2020,KR
CN112288792B,50,T50,2020,CN
CN113212589B,0,T0,2021,CN
CN114492187B,-1,Noise,2022,CN
CN115416687A,7,T7,2022,CN
CN217947575U,18,T18,2022,CN
US20220379470A1,1,T1,2022,US
WO2022247170A1,1,T1,2021,Other
JP7180612B2,55,T55,2018,JP
CN113910236B,10,T10,2021,CN
CN115401698A,10,T10,2022,CN
CN115408805A,1,T1,2021,CN
CN115409794A,-1,Noise,2022,CN
CN115410232A,26,T26,2022,CN
US11511431B2,47,T47,2020,US
JP7178931B2,-1,Noise,2019,JP
CN111055285B,1,T1,2020,CN
CN112147889B,3,T3,2020,CN
CN112559039B,21,T21,2020,CN
CN112559052B,21,T21,2020,CN
CN115383790A,16,T16,2022,CN
CN115397078A,46,T46,2022,CN
VN91180A,68,T68,2022,Other
US20220370888A1,11,T11,2021,US
US20220371181A1,-1,Noise,2022,US
CN110662635B,-1,Noise,2018,CN
CN113978568B,-1,Noise,2021,CN
CN115202372B,3,T3,2022,CN
CN115365880A,18,T18,2022,CN
CN115372041A,16,T16,2022,CN
CN115373269A,3,T3,2022,CN
CN115376306A,23,T23,2022,CN
CN112882467B,1,T1,2021,CN
CN115352449A,-1,Noise,2022,CN
IN202241064218A,8,T8,2022,IN
US20220362950A1,69,T69,2020,US
US20220366725A1,-1,Noise,2022,US
CN113290559B,1,T1,2021,CN
CN115319764A,10,T10,2022,CN
CN115319798A,-1,Noise,2022,CN
HK40071432A,74,T74,2022,Other
IN202221061767A,8,T8,2022,IN
DE102013110901B4,25,T25,2013,DE
EP4086220A1,-1,Noise,2018,Other
CN115311620A,50,T50,2022,CN
CN217764683U,-1,Noise,2022,CN
US11491657B2,4,T4,2020,US
US11494641B2,57,T57,2017,US
CN115280970A,39,T39,2022,CN
CN115284291A,1,T1,2022,CN
CN115285136A,7,T7,2022,CN
CN115291621A,54,T54,2022,CN
CN115294546A,7,T7,2022,CN
CN217741772U,2,T2,2022,CN
JP2022546644A,-1,Noise,2020,JP
CN109976333B,-1,Noise,2019,CN
CN115252881A,20,T20,2022,CN
CN115253243A,14,T14,2022,CN
CN115256391A,1,T1,2022,CN
CN115256468A,1,T1,2022,CN
CN115257820A,7,T7,2022,CN
CN115272541A,5,T5,2022,CN
CN112365580B,5,T5,2020,CN
JP2022545468A,-1,Noise,2020,JP
JP2022545296A,-1,Noise,2020,JP
CN111300459B,4,T4,2020,CN
CN113071577B,40,T40,2021,CN
CN115240531A,16,T16,2022,CN
CN115242958A,-1,Noise,2021,CN
US11482311B2,8,T8,2021,US
CN114995657B,2,T2,2022,CN
CN115214632A,23,T23,2021,CN
CN115214672A,-1,Noise,2022,CN
CN115214818A,37,T37,2022,CN
CN115215177A,23,T23,2022,CN
CN115219358A,20,T20,2022,CN
CN217620616U,-1,Noise,2022,CN
CN217630735U,18,T18,2022,CN
WO2022219486A1,61,T61,2022,Other
JP7156305B2,55,T55,2018,JP
CN115194742A,39,T39,2022,CN
CN115194771A,-1,Noise,2022,CN
CN115195748A,7,T7,2022,CN
CN115202358A,29,T29,2022,CN
CN115202372A,3,T3,2022,CN
CN115202378A,1,T1,2022,CN
CN115206058A,43,T43,2022,CN
US11472028B2,-1,Noise,2019,US
JP2022159539A,11,T11,2022,JP
TW202240556A,23,T23,2021,Other
CN112557148B,24,T24,2020,CN
CN217579666U,18,T18,2022,CN
FR3109990B1,14,T14,2020,FR
IN202241054447A,21,T21,2022,IN
JP2022543776A,23,T23,2020,JP
US20220324106A1,1,T1,2022,US
IT202100009071A1,61,T61,2021,Other
CN111897332B,-1,Noise,2020,CN
CN115158346A,-1,Noise,2022,CN
CN115167400A,3,T3,2022,CN
CN115167666A,-1,Noise,2022,CN
US11465281B2,-1,Noise,2019,US
US11465283B2,55,T55,2019,US
NL2031262A,3,T3,2022,Other
WO2022205941A1,1,T1,2021,Other
WO2022213104A1,-1,Noise,2022,Other
CA3213537A1,-1,Noise,2022,Other
CN113312953B,-1,Noise,2021,CN
CN115143964A,33,T33,2022,CN
CN115145387A,2,T2,2022,CN
CN217536697U,18,T18,2022,CN
US11460076B2,-1,Noise,2020,US
CN111037573B,1,T1,2020,CN
CN112784771B,41,T41,2021,CN
CN113111733B,-1,Noise,2021,CN
CN113492404B,32,T32,2021,CN
CN115122325A,-1,Noise,2022,CN
CN115132178A,2,T2,2022,CN
CN217517458U,29,T29,2022,CN
IN202121012886A,2,T2,2021,IN
IN202241054706A,21,T21,2022,IN
WO2022199058A1,1,T1,2021,Other
WO2022199059A1,1,T1,2021,Other
WO2022199080A1,-1,Noise,2021,Other
WO2022201199A1,2,T2,2022,Other
WO2022204200A2,8,T8,2022,Other
CN113305836B,-1,Noise,2021,CN
CN115107013A,-1,Noise,2022,CN
CN115112161A,37,T37,2022,CN
CN115116192A,29,T29,2022,CN
CN115096143A,-1,Noise,2022,CN
US20220297304A1,-1,Noise,2020,US
US20220297776A1,0,T0,2021,US
EP4059817A1,0,T0,2021,Other
CN114434466B,7,T7,2022,CN
CN115070775A,1,T1,2022,CN
CN115079811A,2,T2,2021,CN
CN115082960A,26,T26,2022,CN
CN115086593A,26,T26,2022,CN
CN217453904U,-1,Noise,2022,CN
US11451532B2,42,T42,2019,US
PL241390B1,-1,Noise,2020,Other
PL241391B1,-1,Noise,2020,Other
PL241392B1,-1,Noise,2020,Other
PL241393B1,-1,Noise,2020,Other
PL241394B1,-1,Noise,2020,Other
PL241395B1,-1,Noise,2020,Other
PL241398B1,-1,Noise,2020,Other
PL241399B1,-1,Noise,2020,Other
CN111070201B,3,T3,2019,CN
CN111168677B,1,T1,2020,CN
CN115054794A,14,T14,2022,CN
CN115056219A,44,T44,2022,CN
CN115056250A,4,T4,2022,CN
IN406603A1,8,T8,2021,IN
CN111590579B,1,T1,2020,CN
CN115047759A,21,T21,2022,CN
CN217414072U,-1,Noise,2021,CN
US11442429B2,-1,Noise,2019,US
CN113070880B,1,T1,2021,CN
CN113846824B,18,T18,2021,CN
CN114506401B,-1,Noise,2022,CN
CN115027593A,0,T0,2022,CN
CN115035552A,53,T53,2022,CN
CN115035763A,-1,Noise,2022,CN
CN217395763U,-1,Noise,2022,CN
CN217403272U,14,T14,2022,CN
IN202241050532A,29,T29,2022,IN
WO2022183786A1,40,T40,2021,Other
EP4052860A1,-1,Noise,2017,Other
EP4052866A1,-1,Noise,2020,Other
CN114536380B,4,T4,2022,CN
CN115006786A,8,T8,2022,CN
CN115008447A,19,T19,2022,CN
CN115016475A,-1,Noise,2022,CN
CN217367084U,14,T14,2022,CN
CN217377310U,20,T20,2022,CN
US11436869B1,-1,Noise,2019,US
CN114993330A,27,T27,2022,CN
CN114995657A,2,T2,2022,CN
CN115002350A,50,T50,2022,CN
IN202221047166A,4,T4,2022,IN
JP2022128093A,-1,Noise,2021,JP
JP7129525B2,11,T11,2021,JP
EP3820657B1,-1,Noise,2019,Other
EP3823798B1,62,T62,2019,Other
CN114952792A,71,T71,2022,CN
CN114954723A,2,T2,2022,CN
CN114973623A,46,T46,2022,CN
CN217308545U,39,T39,2021,CN
CN112818921B,-1,Noise,2021,CN
CN114104140B,0,T0,2021,CN
CN114945182A,-1,Noise,2022,CN
EP4045390A1,-1,Noise,2020,Other
CN113091749B,27,T27,2021,CN
CN114932509A,0,T0,2022,CN
CN114936363A,-1,Noise,2022,CN
TR202021707B,-1,Noise,2020,Other
TR2021001999A1,60,T60,2021,Other
CN112325705B,-1,Noise,2020,CN
CN114919675A,-1,Noise,2022,CN
CN114924645A,-1,Noise,2022,CN
EP4040940A1,69,T69,2020,Other
CN113343850B,26,T26,2021,CN
CN114911159A,-1,Noise,2022,CN
CN217187865U,-1,Noise,2021,CN
US11413745B2,-1,Noise,2018,US
US11413749B2,25,T25,2018,US
CN110053066B,4,T4,2019,CN
CN113478478B,10,T10,2021,CN
CN114030474B,7,T7,2021,CN
CN114536382B,4,T4,2022,CN
CN114888832A,4,T4,2022,CN
CN114900607A,26,T26,2022,CN
WO2022166329A1,22,T22,2021,Other
JP2022115856A,63,T63,2022,JP
CN111679660B,7,T7,2020,CN
CN112904883B,-1,Noise,2021,CN
CN112936264B,-1,Noise,2021,CN
CN114859947A,3,T3,2022,CN
CN217119284U,14,T14,2021,CN
JP2022534797A,-1,Noise,2020,JP
CN112497262B,4,T4,2020,CN
CN113658705B,8,T8,2021,CN
CN114832390A,11,T11,2019,CN
CN217113385U,29,T29,2022,CN
CN112975978B,40,T40,2021,CN
CN114800600A,19,T19,2022,CN
CN114802520A,0,T0,2022,CN
CN114802524A,0,T0,2022,CN
CN114827466A,-1,Noise,2022,CN
CN217072911U,-1,Noise,2022,CN
US20220233390A1,-1,Noise,2020,US
WO2022156476A1,1,T1,2021,Other
CN113084799B,3,T3,2021,CN
CN113341974B,54,T54,2021,CN
CN113894822B,0,T0,2021,CN
CN217048854U,0,T0,2022,CN
US11396096B2,-1,Noise,2020,US
US11396099B2,-1,Noise,2020,US
CN114770489A,19,T19,2022,CN
CN114771680A,0,T0,2022,CN
CN114771780A,-1,Noise,2022,CN
CN114786890A,-1,Noise,2020,CN
TR202021707A1,-1,Noise,2020,Other
TWI771857B,50,T50,2021,Other
US20220226984A1,0,T0,2021,US
EP3638616B1,-1,Noise,2018,Other
EP4029659A1,0,T0,2021,Other
CN114750162A,1,T1,2022,CN
CN114750179A,15,T15,2022,CN
CN114750853A,0,T0,2022,CN
CN216967793U,61,T61,2021,CN
JP7101876B2,48,T48,2019,JP
DE102019102833B4,22,T22,2019,DE
EP4025394A1,28,T28,2020,Other
CN108778634B,63,T63,2016,CN
CN110076758B,1,T1,2019,CN
CN114347070B,67,T67,2022,CN
CN114475607B,7,T7,2022,CN
CN114475608B,7,T7,2022,CN
CN114732064A,39,T39,2022,CN
CN114733212A,11,T11,2020,CN
CN113610835B,41,T41,2021,CN
CN114721267A,-1,Noise,2022,CN
CN114723811A,15,T15,2022,CN
CN216913896U,0,T0,2021,CN
CN216913898U,0,T0,2021,CN
CN216916094U,0,T0,2021,CN
CN216916095U,0,T0,2022,CN
CN216925317U,14,T14,2022,CN
WO2022141268A1,1,T1,2020,Other
JP2022101597A,6,T6,2022,JP
JP2022531491A,2,T2,2020,JP
CN114708529A,41,T41,2022,CN
JP2022099034A,0,T0,2020,JP
KR1020220092993A,-1,Noise,2020,KR
US20220203526A1,1,T1,2021,US
WO2022137746A1,0,T0,2021,Other
CN114670837A,7,T7,2022,CN
CN114677347A,41,T41,2022,CN
CN216839110U,29,T29,2021,CN
US11370117B2,-1,Noise,2018,US
CN110840639B,12,T12,2015,CN
CN112274357B,8,T8,2020,CN
CN114359314B,67,T67,2022,CN
DE102019107851B4,62,T62,2019,DE
CN112744315B,-1,Noise,2021,CN
CN114648808A,-1,Noise,2021,CN
CN108858208B,1,T1,2018,CN
CN114631892A,24,T24,2022,CN
CN114633282A,19,T19,2022,CN
CN216759943U,13,T13,2021,CN
CN216767235U,18,T18,2021,CN
CN216770355U,14,T14,2022,CN
IN202041054189A,8,T8,2020,IN
US20220184812A1,62,T62,2020,US
CN114617117A,-1,Noise,2022,CN
CN114625129A,-1,Noise,2022,CN
CN114627552A,-1,Noise,2022,CN
CN216725331U,-1,Noise,2021,CN
CN216748540U,-1,Noise,2022,CN
CN216749226U,31,T31,2022,CN
KR102408011B1,5,T5,2020,KR
CN111914437B,24,T24,2020,CN
CN114200947B,1,T1,2022,CN
CN114604259A,7,T7,2022,CN
WO2022117845A1,64,T64,2021,Other
WO2022117847A1,0,T0,2021,Other
EP4008498A1,-1,Noise,2021,Other
KR102406815B1,-1,Noise,2018,KR
CN111496838B,-1,Noise,2020,CN
CN111959633B,-1,Noise,2020,CN
CN114595757A,-1,Noise,2022,CN
CN114595797A,2,T2,2022,CN
CN114596766A,24,T24,2022,CN
CN216695291U,-1,Noise,2022,CN
US11351680B1,21,T21,2020,US
CN110900601B,38,T38,2019,CN
CN111673781B,4,T4,2020,CN
CN114571500A,19,T19,2022,CN
CN114580600A,21,T21,2020,CN
CN114582026A,50,T50,2022,CN
CN216673274U,2,T2,2021,CN
IN201921039326A,-1,Noise,2019,IN
IN202211029364A,8,T8,2022,IN
IN202211030118A,8,T8,2022,IN
US20220168897A1,-1,Noise,2021,US
WO2022111597A1,8,T8,2021,Other
EP3554770B1,-1,Noise,2017,Other
EP3722904B1,55,T55,2018,Other
IL291995A,69,T69,2022,Other
IL291995A0,69,T69,2022,Other
CN111300426B,-1,Noise,2020,CN
CN216636661U,0,T0,2021,CN
CN216643726U,43,T43,2021,CN
US11348298B2,11,T11,2019,US
RO135775A0,33,T33,2021,Other
CN108664853B,26,T26,2017,CN
CN112888535B,12,T12,2019,CN
CN112936267B,28,T28,2021,CN
CN114536382A,4,T4,2022,CN
CN114550273A,53,T53,2022,CN
CN114550499A,7,T7,2022,CN
CN216620826U,-1,Noise,2021,CN
IN202041042166A,3,T3,2020,IN
EP4001010A1,7,T7,2021,Other
CN112743540B,6,T6,2020,CN
CN216599859U,23,T23,2021,CN
JP2022526351A,62,T62,2020,JP
CN112762921B,-1,Noise,2020,CN
IN202141033877A,14,T14,2021,IN
JP7072307B2,73,T73,2020,JP
US20220153207A1,7,T7,2021,US
CN111390908B,5,T5,2020,CN
CN113111004B,7,T7,2021,CN
CN114506401A,-1,Noise,2022,CN
CN216552943U,18,T18,2021,CN
CN110083155B,7,T7,2019,CN
CN114474054A,27,T27,2022,CN
CN114474066A,1,T1,2022,CN
CN114475607A,7,T7,2022,CN
CN114475608A,7,T7,2022,CN
CN114492187A,-1,Noise,2022,CN
CN114495395A,50,T50,2021,CN
CN216497372U,14,T14,2021,CN
CN216505077U,8,T8,2021,CN
US20220143828A1,-1,Noise,2022,US
US20220143846A1,-1,Noise,2020,US
SA521421289A,-1,Noise,2021,Other
CN114460840A,48,T48,2020,CN
CN114463243A,26,T26,2020,CN
CN114463253A,50,T50,2021,CN
CN109333532B,38,T38,2018,CN
CN112888534B,12,T12,2019,CN
CN114434466A,7,T7,2022,CN
CN114442620A,54,T54,2022,CN
CN114446106A,-1,Noise,2022,CN
CN114449947A,8,T8,2020,CN
IN202241022984A,-1,Noise,2022,IN
WO2022089195A1,74,T74,2021,Other
WO2022089247A1,74,T74,2021,Other
CN113111003B,7,T7,2021,CN
CN114404900A,48,T48,2021,CN
CN114407035A,29,T29,2022,CN
CN114407931A,7,T7,2022,CN
CN114417807A,2,T2,2022,CN
CN114419660A,41,T41,2021,CN
IN395331A1,2,T2,2019,IN
US20220126189A1,48,T48,2019,US
ZA202202060A,14,T14,2022,Other
JP2022523966A,-1,Noise,2020,JP
CN114397894A,27,T27,2021,CN
CN216372227U,0,T0,2021,CN
CN114078151B,15,T15,2022,CN
CN114379666A,0,T0,2022,CN
CN114387617A,41,T41,2021,CN
IN202221011919A,8,T8,2022,IN
AU2020267269B2,66,T66,2020,Other
JP7057077B2,42,T42,2017,JP
CN112783043B,1,T1,2020,CN
CN113733106B,1,T1,2021,CN
CN114342904A,39,T39,2022,CN
CN114344071A,24,T24,2022,CN
CN114347070A,67,T67,2022,CN
CN114347078A,4,T4,2022,CN
CN114350855A,-1,Noise,2022,CN
CN114353598A,-1,Noise,2022,CN
CN114359314A,67,T67,2022,CN
CN114359885A,-1,Noise,2021,CN
CN114360201A,-1,Noise,2021,CN
US20220111516A1,-1,Noise,2021,US
WO2022073467A1,-1,Noise,2021,Other
EP3980225A1,-1,Noise,2020,Other
EP3980853A1,-1,Noise,2020,Other
CN109562277B,24,T24,2017,CN
CN112632854B,17,T17,2020,CN
CN114116987B,21,T21,2022,CN
CN114313051A,0,T0,2021,CN
CN114321140A,0,T0,2021,CN
CN114324751A,20,T20,2021,CN
CN114329986A,1,T1,2021,CN
CN114337378A,73,T73,2021,CN
CN216283008U,14,T14,2021,CN
CN216286570U,-1,Noise,2021,CN
US11302213B2,-1,Noise,2019,US
CN109514556B,1,T1,2018,CN
CN113126659B,1,T1,2021,CN
CN113156892B,6,T6,2021,CN
CN113163110B,51,T51,2021,CN
CN114299549A,50,T50,2021,CN
CN216245863U,-1,Noise,2021,CN
CN216249343U,50,T50,2021,CN
US20220105635A1,22,T22,2021,US
CN114272588A,14,T14,2021,CN
CN216167511U,24,T24,2021,CN
CN216180518U,19,T19,2021,CN
US11295160B2,51,T51,2019,US
CN216152354U,8,T8,2020,CN
US20220099112A1,-1,Noise,2021,US
US20220101477A1,2,T2,2021,US
CN111923916B,7,T7,2020,CN
CN112051735B,1,T1,2020,CN
CN114248804A,1,T1,2021,CN
CN114251975A,14,T14,2021,CN
CN114253260A,1,T1,2021,CN
CN114253614A,-1,Noise,2021,CN
CN108838991B,-1,Noise,2018,CN
CN110517427B,53,T53,2018,CN
CN112644600B,0,T0,2021,CN
CN114225359A,14,T14,2021,CN
CN114234967A,15,T15,2021,CN
CN114237225A,30,T30,2021,CN
CN114237233A,35,T35,2021,CN
CN114237271A,67,T67,2021,CN
CN216127248U,16,T16,2021,CN
CN216130550U,18,T18,2021,CN
VN84707A,31,T31,2021,Other
CN109782593B,-1,Noise,2019,CN
CN114219592A,-1,Noise,2021,CN
CN114222091A,42,T42,2021,CN
CN114200947A,1,T1,2022,CN
CN114201640A,23,T23,2021,CN
CN114202742A,23,T23,2022,CN
CN114206560A,-1,Noise,2020,CN
JP7038832B2,-1,Noise,2018,JP
US20220083134A1,-1,Noise,2019,US
WO2022053078A1,-1,Noise,2021,Other
TW202211170A,-1,Noise,2021,Other
CN114179112A,0,T0,2022,CN
CN114179932A,0,T0,2021,CN
CN114186496A,-1,Noise,2021,CN
CN114186663A,17,T17,2021,CN
CN216021926U,24,T24,2021,CN
CN216034757U,0,T0,2021,CN
CN216048490U,18,T18,2021,CN
CN216049955U,-1,Noise,2021,CN
KR1020220031862A,-1,Noise,2020,KR
CN113873439B,-1,Noise,2021,CN
CN114161434A,-1,Noise,2021,CN
CN114161454A,10,T10,2020,CN
CN114162231A,0,T0,2020,CN
CN114166529A,7,T7,2022,CN
CN114170572A,-1,Noise,2021,CN
JP2022040244A,-1,Noise,2022,JP
WO2022048472A1,74,T74,2021,Other
CN113627403B,-1,Noise,2021,CN
CN113688810B,-1,Noise,2021,CN
CN114147760A,4,T4,2021,CN
CN114155829A,2,T2,2021,CN
CN215968859U,-1,Noise,2021,CN
CN108828622B,-1,Noise,2018,CN
CN114137998A,-1,Noise,2021,CN
CN114143449A,-1,Noise,2021,CN
CN215956474U,43,T43,2021,CN
US20220062075A1,8,T8,2021,US
US20220067354A1,-1,Noise,2021,US
US20220068109A1,26,T26,2020,US
WO2022042775A1,-1,Noise,2021,Other
CN112405577B,4,T4,2020,CN
CN114102643A,4,T4,2021,CN
CN114104140A,0,T0,2021,CN
CN114104141A,37,T37,2021,CN
CN114116987A,21,T21,2022,CN
CN114120313A,-1,Noise,2021,CN
CN215920433U,13,T13,2021,CN
TW202209860A,-1,Noise,2020,Other
US11260545B2,-1,Noise,2020,US
CN109483540B,-1,Noise,2018,CN
CN111790165B,11,T11,2020,CN
CN112757275B,1,T1,2020,CN
CN114083792A,24,T24,2021,CN
CN114084246A,-1,Noise,2021,CN
CN114089646A,7,T7,2021,CN
CN114096192A,-1,Noise,2020,CN
JP7025830B2,40,T40,2019,JP
SG10201910615UB,63,T63,2015,Other
US20220054336A1,8,T8,2021,US
US20220055228A1,75,T75,2021,US
CN114078151A,15,T15,2022,CN
CA3103086C,18,T18,2020,Other
TWI755833B,26,T26,2020,Other
CN110470183B,-1,Noise,2019,CN
CN114067552A,23,T23,2021,CN
CN215840112U,59,T59,2021,CN
CN215848280U,13,T13,2021,CN
IN202041034517A,8,T8,2020,IN
KR1020220020249A,62,T62,2020,KR
KR102363857B1,-1,Noise,2018,KR
CN114044065A,-1,Noise,2021,CN
CN114049630A,35,T35,2021,CN
CN114049681A,26,T26,2018,CN
CN114049743A,46,T46,2021,CN
CN215832577U,14,T14,2021,CN
CN109696824B,3,T3,2019,CN
CN111766088B,-1,Noise,2019,CN
CN112578799B,64,T64,2021,CN
CN114030474A,7,T7,2021,CN
CN114030485A,7,T7,2021,CN
CN114037728A,-1,Noise,2021,CN
CN114037928A,14,T14,2021,CN
CN114040140A,26,T26,2021,CN
DE102009051146B4,25,T25,2009,DE
WO2022027914A1,1,T1,2020,Other
EP3946829A1,62,T62,2020,Other
CN113771884B,7,T7,2021,CN
CN114012748A,-1,Noise,2021,CN
CN114013532A,0,T0,2021,CN
CN114022673A,53,T53,2021,CN
US20220032449A1,19,T19,2021,US
WO2022021739A1,-1,Noise,2020,Other
WO2022022399A1,70,T70,2021,Other
JP7015068B2,-1,Noise,2018,JP
TW202205850A,-1,Noise,2020,Other
CN113977586A,1,T1,2021,CN
CN113977639A,49,T49,2021,CN
CN113978568A,-1,Noise,2021,CN
CN113989850A,41,T41,2021,CN
CN215652211U,24,T24,2021,CN
RO135461A2,-1,Noise,2020,Other
US20220024395A1,-1,Noise,2019,US
WO2022018480A1,11,T11,2020,Other
JP7010385B2,-1,Noise,2018,JP
CN109304735B,-1,Noise,2018,CN
CN215618183U,-1,Noise,2021,CN
CN113964720A,0,T0,2021,CN
CN215586927U,-1,Noise,2021,CN
CN215596276U,-1,Noise,2021,CN
IN202241000472A,-1,Noise,2022,IN
CN215548811U,13,T13,2021,CN
US11225984B2,-1,Noise,2015,US
CN113928482A,-1,Noise,2021,CN
CN215511065U,13,T13,2021,CN
US20220013228A1,8,T8,2021,US
WO2022007754A1,-1,Noise,2021,Other
EP3936420A1,-1,Noise,2020,Other
CN113910217A,2,T2,2020,CN
CN113910236A,10,T10,2021,CN
CN113911129A,7,T7,2021,CN
CN113917917A,27,T27,2021,CN
CN215470266U,0,T0,2021,CN
CN215491342U,14,T14,2021,CN
NL2026115B1,-1,Noise,2020,Other
CN113893535A,11,T11,2021,CN
CN113894822A,0,T0,2021,CN
CN113894841A,19,T19,2021,CN
CN215436687U,0,T0,2021,CN
EP3930887A1,-1,Noise,2020,Other
CN113876556A,24,T24,2020,CN
CN113884097A,33,T33,2021,CN
CN113554693B,26,T26,2021,CN
CN113602177B,-1,Noise,2021,CN
CN113858158A,29,T29,2021,CN
CN113858207A,1,T1,2021,CN
CN113858227A,0,T0,2021,CN
CN113859385A,-1,Noise,2021,CN
CN113873200A,26,T26,2021,CN
CN113873439A,-1,Noise,2021,CN
CN215358431U,19,T19,2021,CN
CN113843799A,3,T3,2021,CN
CN113846824A,18,T18,2021,CN
CN113848793A,73,T73,2021,CN
CN215318735U,2,T2,2021,CN
CN215318736U,-1,Noise,2021,CN
CN215322949U,0,T0,2021,CN
CN215341327U,31,T31,2021,CN
CN111716356B,10,T10,2020,CN
CN112859901B,1,T1,2021,CN
CN113837121A,-1,Noise,2021,CN
CN215240908U,10,T10,2021,CN
CN215252430U,29,T29,2020,CN
CN215254990U,60,T60,2021,CN
CN109333506B,-1,Noise,2018,CN
CN109333534B,3,T3,2018,CN
CN111923067B,4,T4,2020,CN
CN112558622B,3,T3,2020,CN
CN113797514A,14,T14,2021,CN
US20210387332A1,0,T0,2021,US
US20210387346A1,7,T7,2020,US
CN109571509B,-1,Noise,2019,CN
CN215155135U,0,T0,2021,CN
CN215187031U,43,T43,2021,CN
CN215187085U,-1,Noise,2020,CN
US11200681B2,-1,Noise,2020,US
CN113771884A,7,T7,2021,CN
CN113771991A,23,T23,2021,CN
CN113777058A,2,T2,2021,CN
CN215078720U,24,T24,2021,CN
CN215080546U,24,T24,2021,CN
CN215117889U,24,T24,2021,CN
IN202141051519A,2,T2,2021,IN
IN202141056091A,63,T63,2021,IN
IN383590A1,-1,Noise,2015,IN
JP2021534725A,73,T73,2020,JP
US20210379774A1,-1,Noise,2019,US
CN112092939B,0,T0,2020,CN
CN113762101A,41,T41,2021,CN
CN113766121A,-1,Noise,2021,CN
CN113766188A,-1,Noise,2021,CN
CN215020919U,24,T24,2021,CN
CN110598540B,51,T51,2019,CN
CN112077879B,36,T36,2020,CN
CN113733106A,1,T1,2021,CN
CN113734316A,-1,Noise,2021,CN
CN113740847A,-1,Noise,2021,CN
CN113741689A,-1,Noise,2021,CN
CN113743481A,56,T56,2021,CN
CN113744547A,31,T31,2021,CN
CN214981183U,13,T13,2021,CN
WO2021237667A1,15,T15,2020,Other
CN110617742B,12,T12,2019,CN
CN113721649A,3,T3,2021,CN
CN113723750A,65,T65,2021,CN
CN214901164U,43,T43,2021,CN
CN214901877U,2,T2,2021,CN
US20210366272A1,-1,Noise,2021,US
WO2021237201A1,-1,Noise,2021,Other
EP3912013A1,-1,Noise,2019,Other
JP6970216B2,25,T25,2018,JP
CN112025698B,-1,Noise,2020,CN
CN113691562A,42,T42,2021,CN
CN214817724U,25,T25,2020,CN
US11179855B2,1,T1,2019,US
TR201818255B,54,T54,2018,Other
CN113673461A,-1,Noise,2021,CN
JP3235006U,29,T29,2021,JP
US20210354298A1,4,T4,2020,US
CN113657313A,-1,Noise,2021,CN
CN113658705A,8,T8,2021,CN
CN214752448U,-1,Noise,2021,CN
PL433919A1,-1,Noise,2020,Other
PL433920A1,-1,Noise,2020,Other
PL433921A1,-1,Noise,2020,Other
PL433922A1,-1,Noise,2020,Other
PL433923A1,-1,Noise,2020,Other
PL433924A1,-1,Noise,2020,Other
PL433928A1,-1,Noise,2020,Other
PL433929A1,-1,Noise,2020,Other
PL433930A1,-1,Noise,2020,Other
CN112519914B,0,T0,2020,CN
CN113633303A,-1,Noise,2021,CN
CN214678814U,0,T0,2021,CN
CN214686581U,19,T19,2021,CN
CN214695380U,29,T29,2020,CN
CN214703239U,59,T59,2021,CN
FR3109990A1,14,T14,2020,FR
CN112573223B,39,T39,2020,CN
CN113618750A,-1,Noise,2021,CN
CN214629432U,-1,Noise,2021,CN
CN214643676U,2,T2,2021,CN
CN113602177A,-1,Noise,2021,CN
CN113610835A,41,T41,2021,CN
CN113611388A,48,T48,2021,CN
LU500115B1,73,T73,2020,Other
CN109634100B,1,T1,2018,CN
CN110143245B,66,T66,2019,CN
CN112215346B,17,T17,2020,CN
CN113580127A,60,T60,2021,CN
CN113589805A,64,T64,2021,CN
CN214560914U,39,T39,2021,CN
CN113562020A,7,T7,2021,CN
CN113572949A,-1,Noise,2021,CN
CN214524134U,0,T0,2021,CN
JP2021168964A,11,T11,2021,JP
US20210333863A1,-1,Noise,2020,US
CN108136583B,58,T58,2016,CN
CN110068250B,-1,Noise,2019,CN
CN113547539A,13,T13,2021,CN
CN113552867A,7,T7,2020,CN
CN108683243B,73,T73,2018,CN
CN112109085B,-1,Noise,2020,CN
CN113520812A,-1,Noise,2021,CN
CN113525548A,0,T0,2020,CN
CN113537036A,50,T50,2021,CN
KR1020210127558A,54,T54,2020,KR
TWM618444U,-1,Noise,2021,Other
CN113511284A,0,T0,2021,CN
CN113515135A,6,T6,2021,CN
CN109304734B,-1,Noise,2018,CN
CN214394220U,13,T13,2021,CN
CN214394227U,-1,Noise,2021,CN
CN214397164U,-1,Noise,2021,CN
CN214410087U,46,T46,2021,CN
ES1272694Y,-1,Noise,2021,Other
US20210318693A1,54,T54,2021,US
EP3891052A1,-1,Noise,2019,Other
CN113492404A,32,T32,2021,CN
CN113496175A,41,T41,2020,CN
CN113478505A,2,T2,2021,CN
CN113478506A,-1,Noise,2021,CN
US20210309264A1,-1,Noise,2020,US
CN113459100A,17,T17,2021,CN
CN109807908B,-1,Noise,2019,CN
CN214293141U,13,T13,2021,CN
CN214311448U,0,T0,2021,CN
CN108544473B,9,T9,2018,CN
CN112025679B,10,T10,2020,CN
CN113433961A,40,T40,2021,CN
WO2021185032A1,0,T0,2021,Other
CN111168681B,7,T7,2020,CN
CN113419521A,7,T7,2020,CN
US11127401B2,-1,Noise,2020,US
CN111086012B,-1,Noise,2019,CN
CN111086015B,13,T13,2019,CN
CN113401244A,0,T0,2021,CN
CN113410892A,64,T64,2021,CN
CN112937718B,0,T0,2021,CN
CN214202651U,31,T31,2021,CN
JP2021133487A,-1,Noise,2020,JP
CN112666939B,-1,Noise,2020,CN
CN113370182A,19,T19,2021,CN
CN214163030U,-1,Noise,2020,CN
WO2021174664A1,47,T47,2020,Other
WO2021178865A1,-1,Noise,2021,Other
WO2021178872A1,-1,Noise,2021,Other
US20210276185A1,15,T15,2021,US
US20210276187A1,-1,Noise,2021,US
US20210276188A1,-1,Noise,2021,US
US20210276190A1,47,T47,2020,US
CN113349762A,37,T37,2021,CN
CN108582066B,1,T1,2018,CN
CN110540676B,20,T20,2019,CN
CN113341698A,1,T1,2021,CN
CN113341974A,54,T54,2021,CN
CN113342011A,54,T54,2021,CN
CN113342023A,1,T1,2021,CN
CN113348129A,-1,Noise,2019,CN
IN202141038299A,8,T8,2021,IN
SG11201806770TB,-1,Noise,2017,Other
WO2021172139A1,-1,Noise,2021,Other
TWI737588B,26,T26,2016,Other
CN110455564B,16,T16,2019,CN
CN113317139A,39,T39,2021,CN
CN113319869A,2,T2,2021,CN
CN113319876A,4,T4,2021,CN
CN214081466U,13,T13,2020,CN
CN214081467U,-1,Noise,2020,CN
CN214081507U,-1,Noise,2020,CN
CN113305836A,-1,Noise,2021,CN
CN113306646A,0,T0,2021,CN
CN113312953A,51,T51,2021,CN
CN108438083B,19,T19,2018,CN
CN113290559A,1,T1,2021,CN
CN113294479A,-1,Noise,2021,CN
CN113297484A,21,T21,2021,CN
CN214025742U,2,T2,2020,CN
US11101023B2,8,T8,2018,US
CN113276125A,9,T9,2021,CN
US20210251838A1,-1,Noise,2019,US
EP2933068B1,34,T34,2014,Other
CN109246600B,-1,Noise,2018,CN
CN213974225U,52,T52,2021,CN
CN113247138A,0,T0,2021,CN
JP2021119341A,-1,Noise,2021,JP
CN111595739B,59,T59,2020,CN
CN113240695A,43,T43,2021,CN
CN213925936U,31,T31,2020,CN
CN113209589A,14,T14,2021,CN
KR102286200B1,-1,Noise,2015,KR
RU2019144161A,-1,Noise,2018,RU
US20210236032A1,11,T11,2021,US
WO2021155136A1,8,T8,2021,Other
CN113197480A,20,T20,2021,CN
CN113202828A,0,T0,2021,CN
KR102284862B1,-1,Noise,2020,KR
CN113179862A,39,T39,2021,CN
CN113183158A,72,T72,2021,CN
CN113184040A,7,T7,2021,CN
CN113184078A,0,T0,2021,CN
CN113184430A,28,T28,2021,CN
CN213843825U,29,T29,2020,CN
CN213844347U,31,T31,2020,CN
WO2021147217A1,8,T8,2020,Other
CN110412921B,-1,Noise,2019,CN
CN213799961U,0,T0,2020,CN
CN213817990U,53,T53,2020,CN
CN108875507B,51,T51,2017,CN
CN112906679B,51,T51,2021,CN
CN113156836A,-1,Noise,2021,CN
CN113163110A,51,T51,2021,CN
CN213765845U,4,T4,2020,CN
US20210221455A1,45,T45,2020,US
CN213740723U,-1,Noise,2020,CN
CN113126483A,3,T3,2021,CN
CN113126659A,1,T1,2021,CN
DE202021101304U1,-1,Noise,2021,DE
JP2021102254A,49,T49,2019,JP
US20210213609A1,-1,Noise,2019,US
AU2019393830A1,-1,Noise,2019,Other
EP3846982A1,75,T75,2018,Other
CN108237531B,5,T5,2016,CN
CN108942973B,2,T2,2018,CN
CN113111003A,7,T7,2021,CN
CN113111004A,7,T7,2021,CN
CN113111733A,-1,Noise,2021,CN
CN111891250B,9,T9,2020,CN
CN113086039A,0,T0,2021,CN
CN113091749A,27,T27,2021,CN
IN202141028846A,29,T29,2021,IN
US20210210181A1,8,T8,2021,US
US20210210200A1,53,T53,2021,US
CN110217308B,-1,Noise,2019,CN
CN113070880A,1,T1,2021,CN
CN113071577A,40,T40,2021,CN
CN213632678U,16,T16,2020,CN
KR1020210082906A,0,T0,2019,KR
CN110442947B,40,T40,2019,CN
CN113057023A,39,T39,2021,CN
JP2021098269A,-1,Noise,2021,JP
US20210199183A1,-1,Noise,2020,US
US20210200213A1,7,T7,2019,US
WO2021131417A1,-1,Noise,2020,Other
EP3840714A1,-1,Noise,2019,Other
CN111300451B,10,T10,2020,CN
CN113050645A,1,T1,2021,CN
CN213552969U,24,T24,2020,CN
CN112043208B,72,T72,2020,CN
CN113021347A,1,T1,2021,CN
CN113021389A,4,T4,2021,CN
CN113022733A,0,T0,2021,CN
CN113031528A,6,T6,2021,CN
CN113031579A,-1,Noise,2019,CN
CN113031639A,1,T1,2021,CN
CN113033399A,53,T53,2021,CN
JP2021094640A,49,T49,2019,JP
JP2021094694A,-1,Noise,2021,JP
WO2021124773A1,-1,Noise,2020,Other
CN111596665B,15,T15,2020,CN
CN113011331A,23,T23,2021,CN
CN213522106U,43,T43,2020,CN
CN112975978A,40,T40,2021,CN
CN112990067A,8,T8,2021,CN
CN213471194U,-1,Noise,2020,CN
JP2021515336A,69,T69,2019,JP
KR102266849B1,16,T16,2019,KR
US20210178606A1,62,T62,2019,US
US11035703B2,-1,Noise,2020,US
CN110549355B,4,T4,2019,CN
CN112936264A,-1,Noise,2021,CN
CN112936267A,28,T28,2021,CN
CN112936308A,2,T2,2021,CN
CN112937718A,0,T0,2021,CN
CN112937911A,54,T54,2019,CN
CN112947538A,54,T54,2019,CN
CN213406910U,24,T24,2020,CN
IN201931049884A,8,T8,2019,IN
US20210170590A1,-1,Noise,2019,US
US20210171135A1,-1,Noise,2021,US
US20210173377A1,-1,Noise,2019,US
WO2021112255A2,-1,Noise,2020,Other
WO2021112256A2,-1,Noise,2020,Other
CN111367044B,2,T2,2019,CN
CN112918586A,0,T0,2021,CN
CN111113398B,12,T12,2019,CN
CN112894773A,-1,Noise,2021,CN
CN112894852A,-1,Noise,2021,CN
CN112904859A,6,T6,2021,CN
CN112904883A,3,T3,2021,CN
CN112906679A,51,T51,2021,CN
US20210166416A1,-1,Noise,2020,US
EP3827934A1,73,T73,2019,Other
CN112874783A,0,T0,2019,CN
CN112882467A,1,T1,2021,CN
CN112888534A,12,T12,2019,CN
CN112888535A,12,T12,2019,CN
CN213308752U,-1,Noise,2020,CN
CN213320231U,0,T0,2020,CN
CN213336699U,52,T52,2020,CN
CN112847354A,-1,Noise,2020,CN
CN112847371A,1,T1,2021,CN
CN112847376A,-1,Noise,2021,CN
CN112849294A,0,T0,2021,CN
CN112859593A,3,T3,2020,CN
CN112859851A,33,T33,2021,CN
CN112859901A,1,T1,2021,CN
CN213301487U,-1,Noise,2020,CN
US20210154860A1,-1,Noise,2019,US
EP3823798A1,62,T62,2019,Other
CN111603146B,-1,Noise,2020,CN
CN112828912A,-1,Noise,2021,CN
US20210146233A1,14,T14,2018,US
EP3820654A1,62,T62,2019,Other
EP3820657A1,-1,Noise,2019,Other
JP6874437B2,2,T2,2017,JP
CN109591038B,4,T4,2019,CN
CN213226207U,0,T0,2020,CN
CN213228930U,0,T0,2020,CN
CN112800836A,51,T51,2020,CN
CN112801880A,-1,Noise,2021,CN
JP2021512377A,-1,Noise,2019,JP
AU2020267269A1,66,T66,2020,Other
CN109648589B,4,T4,2019,CN
CN110187639B,7,T7,2019,CN
CN112775951A,9,T9,2021,CN
CN112783043A,1,T1,2020,CN
CN112784771A,41,T41,2021,CN
CN213165400U,65,T65,2020,CN
CN213181197U,20,T20,2020,CN
CN213185738U,0,T0,2020,CN
CN213185790U,0,T0,2020,CN
CN112757275A,1,T1,2020,CN
CN112757279A,39,T39,2021,CN
CN112762921A,-1,Noise,2020,CN
CN112765722A,7,T7,2020,CN
CN213138967U,0,T0,2020,CN
CN213147574U,72,T72,2020,CN
CN108638054B,10,T10,2018,CN
CN112744310A,0,T0,2020,CN
CN112744315A,-1,Noise,2021,CN
CN213095223U,18,T18,2020,CN
CN213106875U,0,T0,2020,CN
CN108638058B,1,T1,2018,CN
CN112720545A,4,T4,2021,CN
CN112733592A,56,T56,2020,CN
CN213092748U,31,T31,2020,CN
WO2021077693A1,18,T18,2020,Other
CN107472396B,0,T0,2017,CN
CN110161900B,-1,Noise,2019,CN
CN108931988B,3,T3,2018,CN
CN111488433B,42,T42,2020,CN
CN111552183B,6,T6,2020,CN
CN213031850U,20,T20,2020,CN
CN213034634U,-1,Noise,2020,CN
IN202141012644A,2,T2,2021,IN
WO2021076453A1,-1,Noise,2020,Other
TWI725524B,53,T53,2019,Other
CN109746926B,13,T13,2018,CN
CN109866218B,1,T1,2017,CN
CN112346999B,7,T7,2021,CN
CN112686545A,61,T61,2020,CN
CN213005352U,4,T4,2020,CN
CN109085173B,-1,Noise,2018,CN
CN111003074B,0,T0,2019,CN
CN112465078B,51,T51,2021,CN
CN112478015B,-1,Noise,2021,CN
CN112659108A,71,T71,2021,CN
CN112666939A,-1,Noise,2020,CN
CN112669413A,68,T68,2021,CN
IN201911040807A,-1,Noise,2019,IN
US20210107150A1,-1,Noise,2019,US
WO2021070158A1,69,T69,2020,Other
CN108089578B,3,T3,2017,CN
CN108214520B,4,T4,2016,CN
CN110337994B,39,T39,2019,CN
CN110775180B,0,T0,2019,CN
CN112644600A,0,T0,2021,CN
CN212950900U,0,T0,2020,CN
CN108748103B,-1,Noise,2018,CN
CN109872372B,15,T15,2019,CN
CN111267992B,-1,Noise,2020,CN
CN112623064A,0,T0,2021,CN
CN112631131A,6,T6,2020,CN
CN112631184A,46,T46,2020,CN
CN112632854A,17,T17,2020,CN
DE102019126807A1,-1,Noise,2019,DE
WO2021062635A1,12,T12,2019,Other
WO2021062637A1,12,T12,2019,Other
CN108939890B,-1,Noise,2018,CN
CN110329390B,37,T37,2019,CN
CN111544874B,14,T14,2018,CN
CN212902901U,14,T14,2020,CN
CN109292017B,0,T0,2018,CN
CN212859475U,29,T29,2020,CN
US20210094180A1,69,T69,2019,US
US20210097995A1,-1,Noise,2020,US
EP3797938A1,-1,Noise,2020,Other
CN107943021B,3,T3,2017,CN
CN110091973B,-1,Noise,2019,CN
CN110363074B,2,T2,2019,CN
CN111176342B,1,T1,2020,CN
CN111331603B,-1,Noise,2020,CN
CN112573223A,39,T39,2020,CN
CN112578716A,29,T29,2020,CN
CN112580455A,51,T51,2020,CN
CN212815797U,18,T18,2020,CN
CN109318227B,1,T1,2018,CN
CN112549025A,-1,Noise,2020,CN
CN112559039A,21,T21,2020,CN
CN112559052A,21,T21,2020,CN
US20210089890A1,-1,Noise,2020,US
JP6845961B2,-1,Noise,2020,JP
TH81834B,-1,Noise,2006,Other
CN108762253B,-1,Noise,2018,CN
CN112540456A,-1,Noise,2020,CN
US10957066B2,-1,Noise,2019,US
US10957428B2,8,T8,2018,US
TWI722332B,51,T51,2018,Other
CN112517399A,39,T39,2020,CN
CN112519914A,0,T0,2020,CN
CN112526996A,0,T0,2020,CN
CN112529943A,-1,Noise,2020,CN
CN112530000A,1,T1,2020,CN
CN212742261U,29,T29,2020,CN
CN107025433B,5,T5,2017,CN
CN109982759B,-1,Noise,2017,CN
CN112497262A,4,T4,2020,CN
CN112502689A,-1,Noise,2020,CN
CN212706781U,72,T72,2020,CN
US10946528B2,21,T21,2018,US
US10948907B2,-1,Noise,2018,US
CN109085294B,20,T20,2018,CN
JP2021039525A,29,T29,2019,JP
JP2021508608A,-1,Noise,2018,JP
US20210069903A1,28,T28,2020,US
US20210069918A1,-1,Noise,2020,US
US20210072751A1,7,T7,2020,US
US20210074001A1,-1,Noise,2020,US
WO2021046529A1,28,T28,2020,Other
CN112460085A,0,T0,2020,CN
CN112462190A,30,T30,2020,CN
CN112464843A,51,T51,2020,CN
US10940582B2,0,T0,2018,US
CN110073811B,39,T39,2019,CN
HK40030931A,8,T8,2020,Other
US20210060796A1,12,T12,2018,US
WO2021040958A1,-1,Noise,2020,Other
WO2021041213A1,-1,Noise,2020,Other
CA3103086A1,18,T18,2020,Other
EP3640523B1,55,T55,2019,Other
EP3785867A1,-1,Noise,2019,Other
LU102027B1,7,T7,2020,Other
CN108372506B,-1,Noise,2018,CN
CN112429112A,0,T0,2020,CN
TW202109468A,53,T53,2019,Other
CN112405568A,47,T47,2020,CN
CN112405577A,4,T4,2020,CN
JP2021027852A,11,T11,2019,JP
JP2021027984A,11,T11,2020,JP
US20210053227A1,-1,Noise,2020,US
EP3783781A1,-1,Noise,2015,Other
CN108638057B,1,T1,2018,CN
CN112388598A,0,T0,2019,CN
CN112380627A,-1,Noise,2020,CN
IN202141006183A,17,T17,2021,IN
KR1020210019014A,-1,Noise,2019,KR
DE102018125736B4,55,T55,2018,DE
WO2021027845A1,21,T21,2020,Other
GB2572472B,-1,Noise,2019,GB
NL2026115A,-1,Noise,2020,Other
CN112365580A,5,T5,2020,CN
CN212529854U,0,T0,2020,CN
CN111290272B,3,T3,2020,CN
CN112346999A,7,T7,2021,CN
CN112319650A,0,T0,2020,CN
CN112334760A,-1,Noise,2019,CN
CN112297009A,3,T3,2020,CN
CN112297058A,16,T16,2020,CN
CN112307942A,2,T2,2020,CN
CN212450167U,18,T18,2020,CN
CN212452244U,18,T18,2020,CN
IR103605B,8,T8,2020,Other
CN112274357A,8,T8,2020,CN
CN112277011A,4,T4,2020,CN
CN112285502A,30,T30,2020,CN
CN112291509A,-1,Noise,2020,CN
US20210023693A1,-1,Noise,2020,US
US20210023934A1,7,T7,2019,US
CN109853687B,-1,Noise,2018,CN
CN112267369A,18,T18,2020,CN
CN212399591U,-1,Noise,2020,CN
CN112257771A,-1,Noise,2020,CN
KR1020210008313A,-1,Noise,2020,KR
CN110119692B,26,T26,2019,CN
CN110271009B,5,T5,2019,CN
CN112237524A,48,T48,2020,CN
CN212373552U,0,T0,2020,CN
TW202103488A,26,T26,2019,Other
CN112224490A,0,T0,2020,CN
CN112232390A,41,T41,2020,CN
CN212352049U,0,T0,2020,CN
WO2021003865A1,13,T13,2019,Other
CA3142560A1,-1,Noise,2020,Other
EP3762190A1,69,T69,2019,Other
KR1020210001339A,16,T16,2019,KR
CN109782126B,-1,Noise,2018,CN
CN110174108B,27,T27,2019,CN
CN212275593U,8,T8,2020,CN
IN202048056454A,63,T63,2020,IN
CN108791560B,-1,Noise,2018,CN
CN111240339B,1,T1,2020,CN
CN112146896A,16,T16,2020,CN
CN212241086U,4,T4,2020,CN
CN109367541B,7,T7,2018,CN
CN110714775B,18,T18,2019,CN
CN111038616B,0,T0,2019,CN
CN111060182B,54,T54,2019,CN
US20200402256A1,55,T55,2018,US
CN110202583B,-1,Noise,2019,CN
CN110361026B,27,T27,2019,CN
CN112109074A,10,T10,2020,CN
CN212180272U,7,T7,2020,CN
FR3097149A1,30,T30,2019,FR
MY181014A,2,T2,2015,Other
CN112077879A,36,T36,2020,CN
CN112084853A,27,T27,2020,CN
CN112084961A,8,T8,2020,CN
CN212159490U,59,T59,2020,CN
CN212116344U,2,T2,2020,CN
FR3083728B1,62,T62,2018,FR
US20200387162A1,55,T55,2018,US
US20200388074A1,-1,Noise,2020,US
WO2020247622A1,-1,Noise,2020,Other
CN110509279B,1,T1,2019,CN
CN110696942B,9,T9,2019,CN
CN112043208A,72,T72,2020,CN
CN112051735A,1,T1,2020,CN
CN112025679A,10,T10,2020,CN
CN112025698A,-1,Noise,2020,CN
CN112025700A,63,T63,2015,CN
CN112026951A,0,T0,2020,CN
CN112036746A,7,T7,2020,CN
CN112015088A,3,T3,2020,CN
CN112016664A,17,T17,2020,CN
CN107598897B,1,T1,2017,CN
CN108237532B,3,T3,2016,CN
CN108508906B,-1,Noise,2018,CN
JPWO2019111701A1,55,T55,2018,JP
US20200368616A1,11,T11,2018,US
WO2020233106A1,-1,Noise,2019,Other
CN111957054A,11,T11,2016,CN
CN111959633A,-1,Noise,2020,CN
CN211961616U,20,T20,2020,CN
DE102019001373B4,22,T22,2019,DE
JPWO2019098082A1,55,T55,2018,JP
CN111948949A,46,T46,2020,CN
CN110561447B,20,T20,2019,CN
CN111923056A,8,T8,2020,CN
CN111923067A,4,T4,2020,CN
CN111923916A,7,T7,2020,CN
CN111924018A,29,T29,2020,CN
CN111924019A,0,T0,2020,CN
CN111914437A,24,T24,2020,CN
US10828772B2,0,T0,2018,US
CN109044753B,71,T71,2018,CN
CN111890384A,-1,Noise,2020,CN
CN111891250A,9,T9,2020,CN
CN111897332A,-1,Noise,2020,CN
CN211864360U,18,T18,2019,CN
CN211869540U,0,T0,2020,CN
CN211878852U,24,T24,2020,CN
JP2020178993A,0,T0,2019,JP
EP3732004A1,-1,Noise,2018,Other
CN111880544A,1,T1,2020,CN
CN111882474A,7,T7,2020,CN
US10821604B2,1,T1,2017,US
CN108388123B,1,T1,2018,CN
CN211806137U,-1,Noise,2020,CN
CN211822143U,31,T31,2020,CN
DE102019110658A1,-1,Noise,2019,DE
US20200337934A1,19,T19,2019,US
US20200338761A1,-1,Noise,2018,US
CN109446901B,-1,Noise,2018,CN
CN211791694U,-1,Noise,2020,CN
CN111805557A,17,T17,2020,CN
JP2020172022A,-1,Noise,2020,JP
US20200333790A1,55,T55,2018,US
US20200334853A1,2,T2,2020,US
EP3151399B1,-1,Noise,2015,Other
CN111790165A,11,T11,2020,CN
CN211709355U,12,T12,2019,CN
US10809970B2,8,T8,2019,US
CN109716927B,39,T39,2019,CN
CN111781125A,59,T59,2020,CN
WO2020208824A1,-1,Noise,2019,Other
EP3722904A1,55,T55,2018,Other
CN111759338A,24,T24,2020,CN
CN111766885A,3,T3,2020,CN
CN211662069U,8,T8,2019,CN
CN107457802B,13,T13,2017,CN
CN110281228B,1,T1,2019,CN
CN110481670B,0,T0,2019,CN
CN111753705A,43,T43,2020,CN
CN211646107U,31,T31,2019,CN
JP2020167477A,23,T23,2019,JP
CN111730595A,5,T5,2020,CN
CN111730622A,-1,Noise,2020,CN
IN202027021519A,55,T55,2020,IN
DE102019107851A1,62,T62,2019,DE
DE112019000359A5,-1,Noise,2019,DE
TWI706676B,26,T26,2019,Other
WO2020193340A1,62,T62,2020,Other
GB2582676A,-1,Noise,2019,GB
CN110764413B,40,T40,2019,CN
CN111716356A,10,T10,2020,CN
CN111722622A,64,T64,2019,CN
CN211590111U,12,T12,2019,CN
CN211590137U,-1,Noise,2019,CN
CN211590138U,13,T13,2019,CN
US10786908B2,-1,Noise,2016,US
CN111700651A,24,T24,2020,CN
CN211565870U,-1,Noise,2019,CN
JP2020154635A,55,T55,2019,JP
US20200302633A1,-1,Noise,2019,US
CN108972494B,10,T10,2018,CN
CN111687847A,-1,Noise,2020,CN
CN211543732U,0,T0,2020,CN
CN110405769B,1,T1,2019,CN
CN111673781A,4,T4,2020,CN
CN111679660A,7,T7,2020,CN
CN111679679A,33,T33,2020,CN
CN211530785U,64,T64,2020,CN
JP2020149105A,-1,Noise,2019,JP
US20200290209A1,-1,Noise,2020,US
US20200292363A1,-1,Noise,2020,US
AU2020226988A1,63,T63,2020,Other
CN111660301A,29,T29,2020,CN
CN111670096A,-1,Noise,2018,CN
CN211491539U,49,T49,2019,CN
CN211491546U,8,T8,2019,CN
CN211498374U,18,T18,2019,CN
CN108392357B,24,T24,2018,CN
CN111648266A,29,T29,2020,CN
US20200281670A1,-1,Noise,2019,US
US20200282554A1,0,T0,2018,US
WO2020177565A1,-1,Noise,2020,Other
CN211442538U,9,T9,2020,CN
CN108241339B,1,T1,2017,CN
CN109850025B,40,T40,2019,CN
CN111617499A,-1,Noise,2020,CN
CN111625002A,1,T1,2020,CN
WO2020173098A1,40,T40,2019,Other
WO2020174080A1,-1,Noise,2020,Other
CN107765686B,22,T22,2017,CN
CN110405761B,1,T1,2019,CN
CN110405763B,1,T1,2019,CN
CN111605642A,3,T3,2020,CN
CN111607597A,20,T20,2020,CN
CN211382224U,24,T24,2019,CN
TWM600923U,31,T31,2020,Other
JP2020130435A,11,T11,2019,JP
CN109606368B,7,T7,2018,CN
CN111590579A,1,T1,2020,CN
CN111595739A,59,T59,2020,CN
CN111596665A,15,T15,2020,CN
FR3075681B1,-1,Noise,2017,FR
IN202021031197A,0,T0,2020,IN
DE102019001373A1,22,T22,2019,DE
CN108327812B,0,T0,2018,CN
CN111567219A,39,T39,2020,CN
CN111580550A,54,T54,2020,CN
CN107343382B,-1,Noise,2015,CN
CN108909870B,0,T0,2018,CN
CN211301007U,24,T24,2019,CN
IN201911005923A,2,T2,2019,IN
IN202041027734A,8,T8,2020,IN
CN108290073B,11,T11,2016,CN
CN111544874A,14,T14,2018,CN
CN111546349A,5,T5,2020,CN
CN111552183A,6,T6,2020,CN
CN111552189A,46,T46,2020,CN
CN111554282A,46,T46,2020,CN
CN111555390A,49,T49,2020,CN
CN108398672B,15,T15,2018,CN
CN211254527U,18,T18,2019,CN
US20200256399A1,-1,Noise,2020,US
EP3365143B1,-1,Noise,2016,Other
KR1020200096662A,-1,Noise,2018,KR
CN108254458B,20,T20,2017,CN
CN111515942A,1,T1,2020,CN
CN111521540A,59,T59,2020,CN
CN211237096U,46,T46,2020,CN
US10737388B2,58,T58,2016,US
CN111496830A,4,T4,2020,CN
CN111497855A,7,T7,2020,CN
CN111508042A,-1,Noise,2020,CN
CN111509802A,49,T49,2020,CN
DE102019102833A1,22,T22,2019,DE
EP3365141B1,58,T58,2016,Other
CN111488433A,42,T42,2020,CN
CN211163916U,0,T0,2019,CN
US10732197B2,-1,Noise,2018,US
US20200244639A1,42,T42,2019,US
KR1020200090777A,55,T55,2018,KR
CN111458766A,-1,Noise,2020,CN
US10726248B2,-1,Noise,2018,US
JP2020521645A,-1,Noise,2018,JP
CN109397271B,40,T40,2018,CN
CN111438708A,-1,Noise,2019,CN
CN111439269A,7,T7,2020,CN
CN111439321A,0,T0,2020,CN
CN211073604U,0,T0,2019,CN
FR3083936B1,62,T62,2018,FR
WO2020147948A1,-1,Noise,2019,Other
JP6726759B2,-1,Noise,2016,JP
TR201921535A2,8,T8,2019,Other
CN109607178B,39,T39,2019,CN
CN111419632A,19,T19,2020,CN
CN211029975U,0,T0,2019,CN
CN211030041U,4,T4,2019,CN
IN202041028636A,10,T10,2020,IN
US20200226463A1,57,T57,2017,US
CN108910089B,18,T18,2018,CN
CN210989325U,59,T59,2019,CN
CN210998745U,2,T2,2019,CN
CN211015544U,-1,Noise,2019,CN
US10710252B2,-1,Noise,2017,US
CN111389026A,11,T11,2020,CN
CN210963843U,14,T14,2019,CN
CN210971343U,0,T0,2019,CN
CN210981816U,59,T59,2019,CN
FR3083729B1,-1,Noise,2018,FR
FR3084002B1,62,T62,2018,FR
CN210942027U,0,T0,2019,CN
CN107729737B,53,T53,2017,CN
CN111359194A,27,T27,2020,CN
CN111360834A,5,T5,2020,CN
CN111360857A,4,T4,2020,CN
CN111367044A,2,T2,2019,CN
US20200206944A1,1,T1,2019,US
WO2020133628A1,1,T1,2019,Other
WO2020133735A1,-1,Noise,2019,Other
CN108674521B,0,T0,2018,CN
CN109163722B,27,T27,2018,CN
CN111347432A,-1,Noise,2018,CN
CN111355295A,49,T49,2020,CN
CN111331603A,-1,Noise,2020,CN
CN111334924A,39,T39,2020,CN
CN111338267A,21,T21,2017,CN
CN109367645B,37,T37,2018,CN
CN111319696A,71,T71,2020,CN
CN111323414A,8,T8,2020,CN
CN111325150A,-1,Noise,2020,CN
CN111325287A,47,T47,2020,CN
TR201818255A2,54,T54,2018,Other
TWI696958B,51,T51,2018,Other
CN111298457A,11,T11,2018,CN
CN111300408A,1,T1,2020,CN
CN111300426A,-1,Noise,2020,CN
CN111300451A,10,T10,2020,CN
CN111300459A,4,T4,2020,CN
CN111301553A,0,T0,2020,CN
CN111311359A,-1,Noise,2020,CN
CN210803404U,-1,Noise,2019,CN
US20200189896A1,-1,Noise,2018,US
CN107598896B,9,T9,2017,CN
CN111290272A,3,T3,2020,CN
CN111291831A,47,T47,2020,CN
CN210757696U,0,T0,2019,CN
CN210757697U,0,T0,2019,CN
CN210761039U,0,T0,2019,CN
TW202021756A,62,T62,2019,Other
US10682759B1,-1,Noise,2012,US
CN108068113B,1,T1,2017,CN
CN108333971B,1,T1,2018,CN
CN111267992A,-1,Noise,2020,CN
CN210732471U,-1,Noise,2019,CN
IN202031019682A,8,T8,2020,IN
JP2020089398A,11,T11,2018,JP
JP2020091854A,29,T29,2019,JP
US20200180152A1,25,T25,2018,US
WO2020113262A1,-1,Noise,2019,Other
CN109018061B,37,T37,2018,CN
CN109646920B,14,T14,2019,CN
CN111249148A,-1,Noise,2018,CN
CN111251272A,13,T13,2020,CN
CN111251310A,-1,Noise,2020,CN
CN210706761U,0,T0,2019,CN
CN210707684U,0,T0,2019,CN
CN210678771U,12,T12,2019,CN
CN210678773U,12,T12,2019,CN
US20200171680A1,-1,Noise,2017,US
JP6703637B1,11,T11,2019,JP
CN107133564B,43,T43,2017,CN
CN111216123A,-1,Noise,2019,CN
CN210661516U,18,T18,2019,CN
CN210661517U,18,T18,2019,CN
KR1020200061160A,57,T57,2018,KR
US10668623B2,28,T28,2016,US
TW202020724A,51,T51,2018,Other
CN111208822A,6,T6,2020,CN
CN111209573A,43,T43,2018,CN
CN111209781A,51,T51,2018,CN
CN111210066A,42,T42,2020,CN
CN108181354B,20,T20,2017,CN
CN210616548U,2,T2,2019,CN
CN110099105B,-1,Noise,2019,CN
CN111185437A,-1,Noise,2020,CN
CN111191765A,2,T2,2019,CN
CN210583683U,11,T11,2019,CN
CN210589256U,-1,Noise,2019,CN
WO2020099866A2,-1,Noise,2019,Other
US20200160088A1,51,T51,2019,US
GB2578695A,11,T11,2018,GB
CN110550122B,0,T0,2018,CN
CN111168677A,1,T1,2020,CN
CN111176115A,-1,Noise,2019,CN
CN111177850A,-1,Noise,2019,CN
CN210542306U,24,T24,2019,CN
CN210543229U,14,T14,2019,CN
CN210543357U,11,T11,2019,CN
CN210551293U,4,T4,2019,CN
US10653969B1,11,T11,2013,US
US10655684B2,-1,Noise,2019,US
TW202018583A,51,T51,2018,Other
CN108854107B,11,T11,2018,CN
CN111152244A,0,T0,2019,CN
CN210525152U,-1,Noise,2019,CN
CN210525153U,-1,Noise,2019,CN
CN210525154U,13,T13,2019,CN
US20200147813A1,-1,Noise,2018,US
CN109795576B,19,T19,2019,CN
CN111142514A,27,T27,2019,CN
CN111144165A,-1,Noise,2018,CN
CN111144166A,-1,Noise,2018,CN
CN111144167A,-1,Noise,2018,CN
CN111144170A,-1,Noise,2018,CN
CN111144171A,-1,Noise,2018,CN
CN111113377A,-1,Noise,2019,CN
CN111113378A,73,T73,2019,CN
CN111113387A,-1,Noise,2020,CN
CN111113398A,12,T12,2019,CN
CN210484520U,0,T0,2019,CN
CN107756441B,9,T9,2017,CN
CN111104554A,23,T23,2019,CN
CN210466971U,24,T24,2019,CN
CN111086012A,-1,Noise,2019,CN
CN111086015A,-1,Noise,2019,CN
CN111086022A,12,T12,2019,CN
CA3022258A1,-1,Noise,2018,Other
CN108549237B,5,T5,2018,CN
CN111080659A,35,T35,2019,CN
CN210414556U,0,T0,2019,CN
CN107045552B,3,T3,2017,CN
CN111055285A,1,T1,2020,CN
CN111060182A,54,T54,2019,CN
CN210389189U,-1,Noise,2019,CN
CN210389249U,0,T0,2019,CN
DE102018125736A1,55,T55,2018,DE
US20200122329A1,55,T55,2019,US
EP3638616A1,-1,Noise,2018,Other
EP3640523A1,55,T55,2019,Other
JP6687573B2,22,T22,2017,JP
CN111037573A,1,T1,2020,CN
CN210361334U,0,T0,2019,CN
CN210378298U,31,T31,2019,CN
CN210378301U,31,T31,2019,CN
CA2950652C,-1,Noise,2015,Other
CN210335979U,4,T4,2019,CN
EP3634695A1,-1,Noise,2018,Other
CN108544532B,-1,Noise,2018,CN
CN109079788B,35,T35,2018,CN
CN111003075A,0,T0,2019,CN
CN210312468U,16,T16,2019,CN
CN109045676B,35,T35,2018,CN
CN110977965A,6,T6,2019,CN
CN110978029A,-1,Noise,2019,CN
CN110990769A,5,T5,2019,CN
CN210284437U,0,T0,2019,CN
EP3630419A1,25,T25,2018,Other
CN108297056B,22,T22,2017,CN
CN110962118A,-1,Noise,2018,CN
CN110962133A,-1,Noise,2019,CN
CN210256201U,13,T13,2019,CN
CN210258621U,0,T0,2019,CN
SE542305C2,16,T16,2018,Other
CN110954100A,15,T15,2019,CN
CN210244959U,31,T31,2019,CN
CN107175674B,2,T2,2017,CN
CN109733347B,7,T7,2019,CN
CN210223116U,24,T24,2019,CN
KR1020200033806A,-1,Noise,2018,KR
SG10202000787PA,-1,Noise,2015,Other
CN110916688A,2,T2,2019,CN
AU2020201692A1,-1,Noise,2020,Other
CN110900601A,38,T38,2019,CN
CN110909259A,42,T42,2019,CN
CN110909606A,43,T43,2019,CN
CN110910145A,42,T42,2018,CN
CN110910597A,-1,Noise,2019,CN
CN210181844U,48,T48,2019,CN
CN210161164U,21,T21,2019,CN
CN210164297U,61,T61,2019,CN
US20200088758A1,-1,Noise,2018,US
WO2020052310A1,50,T50,2019,Other
RU2018130825A,0,T0,2017,RU
CN106778705B,51,T51,2017,CN
CN107253497B,0,T0,2017,CN
CN108292384B,-1,Noise,2016,CN
CN110877335A,10,T10,2019,CN
JP2020037141A,2,T2,2018,JP
JP2020508035A,0,T0,2017,JP
US20200082293A1,8,T8,2018,US
WO2020049230A1,75,T75,2018,Other
CN210131376U,11,T11,2019,CN
CN210126069U,8,T8,2019,CN
JP2020032488A,22,T22,2018,JP
JP2020034407A,-1,Noise,2018,JP
US20200070338A1,0,T0,2018,US
CN110840639A,12,T12,2015,CN
CN110841303A,11,T11,2019,CN
CN110842921A,-1,Noise,2019,CN
CN110842947A,8,T8,2019,CN
CN110850742A,-1,Noise,2019,CN
CN110852156A,23,T23,2019,CN
CN110852303A,-1,Noise,2019,CN
US20200061835A1,-1,Noise,2018,US
WO2020039409A1,-1,Noise,2019,Other
EP3434426B1,-1,Noise,2018,Other
GB202000300D0,11,T11,2018,GB
JP6654284B2,75,T75,2013,JP
CN110834171A,-1,Noise,2018,CN
CN110810561A,39,T39,2019,CN
CN110812761A,60,T60,2019,CN
CN110815218A,-1,Noise,2019,CN
CN210101818U,0,T0,2019,CN
IN201841031037A,2,T2,2018,IN
KR1020200019119A,75,T75,2018,KR
JP6651221B1,29,T29,2019,JP
CN110796035A,51,T51,2019,CN
CN210061190U,9,T9,2019,CN
CN210061197U,12,T12,2019,CN
CN210063193U,-1,Noise,2019,CN
US20200051456A1,-1,Noise,2019,US
CN110780786A,2,T2,2019,CN
KR102062056B1,-1,Noise,2016,KR
CN110764416A,5,T5,2019,CN
CN110767059A,24,T24,2019,CN
WO2020024727A1,4,T4,2019,Other
EP3600794A1,-1,Noise,2018,Other
CN109256894B,0,T0,2018,CN
CN110743175A,11,T11,2016,CN
CN209999187U,-1,Noise,2019,CN
SG11201910185TA,-1,Noise,2018,Other
AU2019101190A4,0,T0,2019,Other
JP6638060B2,-1,Noise,2016,JP
BRPI1814174A2,8,T8,2018,Other
CN110722564A,17,T17,2019,CN
CN110723231A,0,T0,2019,CN
CN110723232A,0,T0,2019,CN
CN110730758A,-1,Noise,2018,CN
FR3084002A1,62,T62,2018,FR
US20200023519A1,-1,Noise,2018,US
WO2020016019A1,62,T62,2019,Other
CN110717885A,-1,Noise,2019,CN
CN209972623U,9,T9,2019,CN
CN110696025A,4,T4,2019,CN
CN110696942A,9,T9,2019,CN
CN110706700A,46,T46,2019,CN
CN209954679U,4,T4,2017,CN
FR3083728A1,62,T62,2018,FR
FR3083729A1,-1,Noise,2018,FR
FR3083936A1,62,T62,2018,FR
KR102067869B1,4,T4,2015,KR
WO2020011521A1,62,T62,2019,Other
WO2020011633A1,-1,Noise,2019,Other
WO2020011692A1,62,T62,2019,Other
CN106886155B,6,T6,2017,CN
CN107315346B,1,T1,2017,CN
CN110162625B,2,T2,2019,CN
CN110683240A,23,T23,2019,CN
CN110689891A,2,T2,2019,CN
CN209936912U,-1,Noise,2019,CN
LU101381B1,14,T14,2019,Other
TWI681767B,18,T18,2018,Other
CN110666836A,12,T12,2019,CN
DE102019128284A1,11,T11,2019,DE
US20200012594A1,21,T21,2018,US
EP3591618A2,-1,Noise,2019,Other
CN108995727B,0,T0,2018,CN
CN110662635A,-1,Noise,2018,CN
CN209905001U,18,T18,2019,CN
US10527392B2,-1,Noise,2016,US
CN110647678A,2,T2,2019,CN
CN110647797A,43,T43,2019,CN
CN108928450B,0,T0,2018,CN
CN110625624A,-1,Noise,2019,CN
SG10201910615UA,63,T63,2015,Other
CN110617742A,12,T12,2019,CN
WO2019242330A1,-1,Noise,2019,Other
EP2952301B1,-1,Noise,2014,Other
CN209828253U,11,T11,2019,CN
CN106992909B,46,T46,2017,CN
CN108854001B,14,T14,2018,CN
CN110588826A,0,T0,2019,CN
CN209812328U,61,T61,2019,CN
IN201921052300A,22,T22,2019,IN
IN201941049396A,71,T71,2019,IN
US20190381665A1,75,T75,2019,US
CN209789829U,48,T48,2019,CN
CN209793754U,-1,Noise,2019,CN
CN209793783U,-1,Noise,2019,CN
CN106214163B,8,T8,2016,CN
CN110561447A,20,T20,2019,CN
CN110572570A,26,T26,2019,CN
CN209783913U,-1,Noise,2019,CN
CN106573377B,-1,Noise,2015,CN
CN107132840B,7,T7,2017,CN
CN107953331B,-1,Noise,2017,CN
CN109987170B,37,T37,2019,CN
CN110549355A,4,T4,2019,CN
CN110550122A,0,T0,2018,CN
CN209766032U,2,T2,2019,CN
CN106660205B,58,T58,2015,CN
CN108394485B,0,T0,2018,CN
CN110539303A,-1,Noise,2019,CN
CN110540676A,20,T20,2019,CN
CN110545378A,26,T26,2019,CN
DE212018000182U1,0,T0,2018,DE
US20190366558A1,21,T21,2018,US
CN110524561A,-1,Noise,2019,CN
CN110531779A,54,T54,2019,CN
KR1020190133769A,-1,Noise,2018,KR
CN110509279A,1,T1,2019,CN
FR3071312B1,-1,Noise,2017,FR
EP3572128A1,14,T14,2018,Other
KR1020190132302A,70,T70,2019,KR
CN110496381A,14,T14,2019,CN
CN110497981A,0,T0,2019,CN
CN110502857A,3,T3,2019,CN
CN107456302B,24,T24,2017,CN
CN209667255U,-1,Noise,2019,CN
JP2019198900A,1,T1,2018,JP
GB201914470D0,-1,Noise,2019,GB
CN110470183A,-1,Noise,2019,CN
CN209652805U,-1,Noise,2018,CN
CN209652855U,18,T18,2018,CN
CN110450880A,0,T0,2019,CN
CN110455564A,16,T16,2019,CN
WO2019214935A1,64,T64,2019,Other
KR1020190126974A,20,T20,2018,KR
CN106144816B,23,T23,2015,CN
CN106416026B,-1,Noise,2015,CN
CN109571465B,49,T49,2018,CN
CN110434886A,22,T22,2019,CN
CN110440036A,18,T18,2019,CN
CN110422246A,0,T0,2019,CN
CN110427536A,21,T21,2019,CN
CN110427740A,53,T53,2019,CN
CN209598939U,36,T36,2018,CN
CN209600672U,0,T0,2019,CN
CN209605666U,-1,Noise,2019,CN
IN201841016659A,60,T60,2018,IN
DE102018110741A1,22,T22,2018,DE
KR102042390B1,-1,Noise,2016,KR
US20190339046A1,-1,Noise,2016,US
WO2019212086A1,20,T20,2018,Other
EP3563991A1,22,T22,2019,Other
CN110405761A,1,T1,2019,CN
CN110405763A,1,T1,2019,CN
CN110405769A,1,T1,2019,CN
CN209579623U,-1,Noise,2019,CN
CN106861199B,11,T11,2016,CN
CN110395331A,0,T0,2019,CN
CN107049500B,-1,Noise,2017,CN
CN110386203A,0,T0,2019,CN
CN209551719U,-1,Noise,2018,CN
CN110377042A,-1,Noise,2019,CN
CN110378179A,51,T51,2019,CN
CN209535273U,9,T9,2018,CN
WO2019201470A1,-1,Noise,2019,Other
EP3554770A1,-1,Noise,2017,Other
CN107564065B,-1,Noise,2017,CN
CN109483570B,2,T2,2018,CN
CN110363074A,2,T2,2019,CN
US10449672B2,-1,Noise,2017,US
CN106737669B,3,T3,2016,CN
CN110337994A,39,T39,2019,CN
CN110340459A,36,T36,2019,CN
CN110329390A,37,T37,2019,CN
US10445591B2,-1,Noise,2017,US
CN209479812U,0,T0,2018,CN
JP6588624B2,-1,Noise,2017,JP
CN110303513A,29,T29,2019,CN
CN209465368U,39,T39,2019,CN
CN209467724U,39,T39,2019,CN
WO2019184038A1,14,T14,2018,Other
EP2880755B1,-1,Noise,2013,Other
GB2572472A,-1,Noise,2019,GB
CN110293575A,4,T4,2019,CN
CN110299666A,1,T1,2019,CN
TW201939212A,2,T2,2018,Other
GC0010609A,-1,Noise,2013,Other
GC0010742A,-1,Noise,2014,Other
GC0010752A,-1,Noise,2015,Other
KR101987114B1,2,T2,2017,KR
KR101993243B1,-1,Noise,2013,KR
BG66971B1,12,T12,2013,Other
CN105583814B,0,T0,2016,CN
CN110278771A,39,T39,2019,CN
CN110281228A,1,T1,2019,CN
CN110287783A,41,T41,2019,CN
EP3504506B1,-1,Noise,2016,Other
CN110271009A,5,T5,2019,CN
CN209425474U,-1,Noise,2019,CN
CN107672686B,0,T0,2017,CN
CN110251347A,24,T24,2019,CN
CN110251849A,24,T24,2019,CN
CN110251964A,11,T11,2018,CN
CN110253624A,9,T9,2019,CN
CN110253625A,13,T13,2019,CN
IN201841035016A,15,T15,2018,IN
IN201911036936A,24,T24,2019,IN
WO2019174487A1,2,T2,2019,Other
EP2933067B1,2,T2,2014,Other
CN110238861A,0,T0,2019,CN
CN209387312U,-1,Noise,2019,CN
WO2019173396A1,69,T69,2019,Other
CN110217308A,-1,Noise,2019,CN
CN110223313A,-1,Noise,2019,CN
CN209373431U,64,T64,2019,CN
CN110202583A,-1,Noise,2019,CN
CN110211454A,-1,Noise,2019,CN
US20190271361A1,-1,Noise,2019,US
CN107807655B,3,T3,2017,CN
CN110185749A,0,T0,2019,CN
CN110187639A,7,T7,2019,CN
CN110188671A,41,T41,2019,CN
EP3319763B1,-1,Noise,2016,Other
JP6567563B2,-1,Noise,2015,JP
CN106564055B,1,T1,2016,CN
CN110174108A,27,T27,2019,CN
CN209308694U,18,T18,2018,CN
CN110161900A,10,T10,2019,CN
CN110162625A,2,T2,2019,CN
CN209289274U,-1,Noise,2019,CN
CN209289292U,61,T61,2018,CN
IN201821006046A,14,T14,2018,IN
JP2019136817A,3,T3,2018,JP
CN107796332B,-1,Noise,2017,CN
CN110143245A,66,T66,2019,CN
CN209273478U,13,T13,2019,CN
CN209273479U,9,T9,2019,CN
CN209274762U,9,T9,2018,CN
US10386179B2,16,T16,2013,US
CN110123463A,8,T8,2019,CN
CN110136035A,42,T42,2019,CN
CN110119692A,26,T26,2019,CN
CN110104090A,0,T0,2019,CN
CN110110735A,-1,Noise,2019,CN
JP6556167B2,76,T76,2015,JP
CN106547206B,3,T3,2016,CN
CN110096740A,-1,Noise,2019,CN
CN209207526U,0,T0,2018,CN
US10369697B2,-1,Noise,2015,US
CN110076758A,9,T9,2019,CN
CN209190788U,64,T64,2018,CN
DE102019102518A1,-1,Noise,2019,DE
US20190236341A1,-1,Noise,2018,US
SE1800077A1,16,T16,2018,Other
CN110072676A,-1,Noise,2017,CN
CN209175748U,0,T0,2018,CN
CN209175765U,36,T36,2018,CN
CN209184567U,-1,Noise,2019,CN
CN106570523B,-1,Noise,2016,CN
CN110053029A,5,T5,2019,CN
CN110062511A,46,T46,2019,CN
DE102018100217B4,22,T22,2018,DE
KR102003588B1,58,T58,2015,KR
CN105003405B,-1,Noise,2013,CN
CN110039544A,-1,Noise,2019,CN
CN110039573A,12,T12,2019,CN
CN110045737A,-1,Noise,2019,CN
CN110047480A,-1,Noise,2019,CN
CN209149669U,-1,Noise,2017,CN
CN110032186A,27,T27,2019,CN
CN110032191A,-1,Noise,2019,CN
CN110032192A,-1,Noise,2019,CN
CN110033577A,46,T46,2019,CN
CN209123306U,14,T14,2018,CN
CN209125823U,-1,Noise,2018,CN
CN109986587A,20,T20,2018,CN
CN109987170A,37,T37,2019,CN
CN107521724B,60,T60,2017,CN
CN109968355A,-1,Noise,2019,CN
CN109968363A,0,T0,2017,CN
CN109968373A,-1,Noise,2019,CN
CN109976333A,-1,Noise,2019,CN
CN109982759A,-1,Noise,2017,CN
WO2019127063A1,57,T57,2017,Other
WO2019129828A1,-1,Noise,2018,Other
WO2019131198A1,55,T55,2018,Other
EP2933069B1,34,T34,2014,Other
EP3504506A1,-1,Noise,2016,Other
CN209050746U,0,T0,2018,CN
RU2693325C2,42,T42,2017,RU
US10337561B2,-1,Noise,2016,US
CN106272534B,9,T9,2016,CN
FR3075681A1,-1,Noise,2017,FR
CN106573370B,34,T34,2015,CN
CN106794576B,34,T34,2015,CN
CN109908565A,14,T14,2019,CN
CN209011670U,14,T14,2018,CN
JP2019097270A,-1,Noise,2017,JP
DE102018111008B3,64,T64,2018,DE
DE202018100762U1,16,T16,2018,DE
CN105339214B,-1,Noise,2014,CN
CN109903312A,-1,Noise,2019,CN
CN208992730U,-1,Noise,2018,CN
CN104919462B,75,T75,2013,CN
CN109887503A,2,T2,2019,CN
CN208977818U,-1,Noise,2018,CN
WO2019111701A1,55,T55,2018,Other
CN109866218A,1,T1,2017,CN
CN109870947A,-1,Noise,2018,CN
CN109873983A,42,T42,2019,CN
CN208962035U,12,T12,2018,CN
CN109850025A,40,T40,2019,CN
CN109853687A,-1,Noise,2018,CN
CN208951999U,31,T31,2018,CN
KR101986919B1,-1,Noise,2015,KR
CN103417315B,4,T4,2013,CN
CN106457575B,-1,Noise,2015,CN
CN106965954B,0,T0,2017,CN
CA2950979C,-1,Noise,2015,Other
CA2951087C,-1,Noise,2015,Other
CN106625751B,-1,Noise,2016,CN
CN109807908A,-1,Noise,2019,CN
CN208907876U,-1,Noise,2018,CN
KR101982420B1,-1,Noise,2015,KR
CN106625670B,-1,Noise,2016,CN
CN109795576A,19,T19,2019,CN
JP2019080488A,-1,Noise,2018,JP
WO2019098082A1,55,T55,2018,Other
CN108000543B,12,T12,2017,CN
CN109773767A,-1,Noise,2019,CN
CN109782126A,-1,Noise,2018,CN
CN109784130A,51,T51,2017,CN
US10293486B2,34,T34,2015,US
CN106217388B,-1,Noise,2016,CN
CN109760762A,0,T0,2019,CN
IN201947016027A,-1,Noise,2019,IN
US20190143517A1,-1,Noise,2018,US
JP6513864B2,-1,Noise,2018,JP
CN208854642U,70,T70,2018,CN
KR101977912B1,34,T34,2015,KR
CN109732647A,-1,Noise,2019,CN
CN109733500A,0,T0,2019,CN
CN109736546A,0,T0,2019,CN
KR1020190049899A,-1,Noise,2016,KR
WO2019085296A1,8,T8,2018,Other
CN106577903B,28,T28,2017,CN
CN109716927A,39,T39,2019,CN
US10279732B2,31,T31,2017,US
US10272570B2,75,T75,2013,US
CN106903695B,17,T17,2017,CN
CN109690555A,-1,Noise,2017,CN
CN208785768U,18,T18,2018,CN
CN208789747U,-1,Noise,2018,CN
DE102017218819A1,-1,Noise,2017,DE
EP3471927A1,0,T0,2017,Other
GB201903153D0,-1,Noise,2019,GB
JP6505748B2,2,T2,2015,JP
CN106573371B,76,T76,2015,CN
CN107200078B,0,T0,2017,CN
CN109664324A,4,T4,2019,CN
CN106737671B,1,T1,2016,CN
CN109645960A,48,T48,2019,CN
CN109646920A,14,T14,2019,CN
CN109648589A,4,T4,2019,CN
CN208759549U,-1,Noise,2018,CN
CN109623849A,22,T22,2018,CN
CN109623878A,4,T4,2019,CN
CN109635498A,3,T3,2018,CN
CN109635632A,42,T42,2018,CN
CN109636688A,2,T2,2018,CN
CN208740137U,59,T59,2018,CN
US10259128B2,25,T25,2015,US
CN109605213A,36,T36,2018,CN
CN109605364A,1,T1,2018,CN
CN109606368A,7,T7,2018,CN
CN109607178A,39,T39,2019,CN
CN208726689U,14,T14,2018,CN
CN208729797U,49,T49,2018,CN
KR101942167B1,34,T34,2015,KR
US20190105779A1,25,T25,2017,US
US20190108403A1,-1,Noise,2017,US
US20190108770A1,8,T8,2018,US
CN106054894B,-1,Noise,2016,CN
CN109591016A,1,T1,2018,CN
CN109591038A,4,T4,2019,CN
CN208715327U,0,T0,2018,CN
CN208716758U,72,T72,2018,CN
CN106476926B,0,T0,2015,CN
CN109571509A,-1,Noise,2019,CN
CN208692661U,59,T59,2018,CN
JP6495331B2,58,T58,2015,JP
JP6496396B2,34,T34,2015,JP
CN105850613B,39,T39,2016,CN
CN106413996B,25,T25,2015,CN
CN208681642U,-1,Noise,2018,CN
US10248085B2,-1,Noise,2016,US
CN109533642A,18,T18,2018,CN
CN208665510U,-1,Noise,2018,CN
US20190091857A1,-1,Noise,2018,US
CN109514556A,1,T1,2018,CN
CN208645313U,10,T10,2018,CN
CN208655229U,-1,Noise,2018,CN
CN109501881A,0,T0,2019,CN
CN109507231A,16,T16,2018,CN
FR3071312A1,-1,Noise,2017,FR
JP2019507930A,-1,Noise,2016,JP
US20190084157A1,58,T58,2016,US
GB201901308D0,-1,Noise,2019,GB
CN106078752B,32,T32,2016,CN
CN106882284B,-1,Noise,2017,CN
CN107088128B,8,T8,2017,CN
CN109483570A,2,T2,2018,CN
CN208622162U,-1,Noise,2018,CN
US10232508B2,34,T34,2015,US
CN109475301A,2,T2,2017,CN
CN106113057B,2,T2,2016,CN
CN208595354U,0,T0,2018,CN
CN105608268B,3,T3,2015,CN
CN106184463B,9,T9,2016,CN
CN109446901A,-1,Noise,2018,CN
DE102014223701B4,-1,Noise,2014,DE
JP2019034403A,-1,Noise,2018,JP
JP2019034852A,25,T25,2018,JP
CN105957328B,8,T8,2016,CN
KR101953113B1,-1,Noise,2012,KR
CN105599821B,49,T49,2016,CN
CN109393707A,-1,Noise,2018,CN
CN109397271A,40,T40,2018,CN
CN109397302A,61,T61,2018,CN
CN109398523A,0,T0,2018,CN
CN109407542A,3,T3,2017,CN
JP2019032778A,42,T42,2017,JP
CN208547981U,-1,Noise,2018,CN
RU2680791C2,34,T34,2015,RU
RU2680628C2,34,T34,2015,RU
VN20001984000Y,1,T1,2013,Other
CN109366476A,4,T4,2018,CN
CN109367645A,37,T37,2018,CN
JP2019030218A,-1,Noise,2018,JP
US20190054631A1,-1,Noise,2016,US
CN109361077A,-1,Noise,2018,CN
CN208514500U,61,T61,2018,CN
CN106390415B,14,T14,2016,CN
CN106584461B,1,T1,2016,CN
CN109333506A,-1,Noise,2018,CN
CN109333571A,-1,Noise,2018,CN
CN208493202U,59,T59,2018,CN
JP2019503875A,63,T63,2016,JP
EP3441197A1,-1,Noise,2017,Other
KR101921799B1,35,T35,2016,KR
CN109318227A,1,T1,2018,CN
CN109318236A,8,T8,2017,CN
CN109318237A,29,T29,2017,CN
CN208489018U,13,T13,2018,CN
JP6466460B2,4,T4,2015,JP
CN106695791B,3,T3,2017,CN
CN107260488B,19,T19,2017,CN
CN109304289A,66,T66,2018,CN
CN109304734A,-1,Noise,2018,CN
CN109304735A,-1,Noise,2018,CN
CN109291046A,1,T1,2017,CN
CN109292017A,0,T0,2018,CN
CN109299665A,-1,Noise,2018,CN
WO2019020874A1,-1,Noise,2017,Other
EP3434426A1,-1,Noise,2018,Other
JP6462008B2,-1,Noise,2015,JP
CN109278885A,0,T0,2018,CN
CN109284419A,-1,Noise,2018,CN
CN208444560U,31,T31,2018,CN
CN208444566U,31,T31,2018,CN
CN109269706A,20,T20,2018,CN
CN109271877A,41,T41,2018,CN
DE102017006812A1,10,T10,2017,DE
JPWO2017175532A1,-1,Noise,2017,JP
GB201820093D0,-1,Noise,2018,GB
CN106514653B,-1,Noise,2016,CN
CN109255535A,42,T42,2018,CN
CN109256894A,0,T0,2018,CN
CN109257559A,26,T26,2018,CN
TR201820577A2,-1,Noise,2018,Other
CN109227575A,8,T8,2018,CN
CN109227576A,8,T8,2018,CN
CN109204600A,0,T0,2017,CN
CN109212973A,7,T7,2018,CN
CN109219856A,25,T25,2017,CN
US10179406B2,-1,Noise,2015,US
CA2945896C,58,T58,2015,Other
CN106373240B,42,T42,2016,CN
CN109176551A,2,T2,2018,CN
CN109178122A,-1,Noise,2018,CN
CN109178134A,0,T0,2018,CN
CN109178139A,9,T9,2018,CN
CN208358530U,39,T39,2018,CN
DE102016001643B4,22,T22,2016,DE
JP6449337B2,76,T76,2015,JP
CN105555490B,25,T25,2014,CN
CN109159141A,4,T4,2018,CN
CN109163722A,27,T27,2018,CN
CN109165692A,2,T2,2018,CN
CN208340083U,-1,Noise,2018,CN
CN208344378U,0,T0,2018,CN
IR97593B,29,T29,2018,Other
CN109131339A,-1,Noise,2018,CN
CN208323404U,2,T2,2018,CN
CN109112934A,18,T18,2018,CN
CN109116981A,2,T2,2018,CN
CN105538302B,12,T12,2016,CN
CN109090087A,69,T69,2018,CN
CN109091771A,59,T59,2018,CN
CN109093626A,-1,Noise,2018,CN
CN208289905U,0,T0,2018,CN
CN208289911U,2,T2,2018,CN
IN201821047111A,20,T20,2018,IN
JP2018202607A,4,T4,2018,JP
US20180370040A1,-1,Noise,2016,US
EP3417338A1,-1,Noise,2017,Other
GB201818492D0,-1,Noise,2018,GB
CN109079788A,35,T35,2018,CN
CN109080525A,0,T0,2018,CN
CN109085173A,-1,Noise,2018,CN
CN109085294A,20,T20,2018,CN
CN208276894U,4,T4,2018,CN
CN109048914A,49,T49,2018,CN
CN109064486A,-1,Noise,2018,CN
WO2018228727A1,-1,Noise,2018,Other
CN109015631A,1,T1,2018,CN
CN109018061A,37,T37,2018,CN
CN109033600A,1,T1,2018,CN
CN109033924A,26,T26,2017,CN
CN109036071A,14,T14,2018,CN
CN208246832U,-1,Noise,2018,CN
DE102017209838A1,-1,Noise,2017,DE
DE102018126840A1,11,T11,2018,DE
US20180354143A1,-1,Noise,2018,US
WO2018224847A2,11,T11,2018,Other
JP6437566B2,11,T11,2014,JP
CN106094817B,5,T5,2016,CN
CN108972494A,10,T10,2018,CN
CN108982580A,20,T20,2018,CN
CN108985627A,-1,Noise,2018,CN
CN208216867U,0,T0,2018,CN
CN208216870U,-1,Noise,2018,CN
CN208223297U,-1,Noise,2018,CN
CN108939890A,-1,Noise,2018,CN
CN108942879A,1,T1,2017,CN
CN108942973A,2,T2,2018,CN
CN108949914A,-1,Noise,2018,CN
CN208198629U,0,T0,2018,CN
CN208204090U,18,T18,2018,CN
CN208208285U,2,T2,2018,CN
KR101926351B1,-1,Noise,2017,KR
KR101907536B1,4,T4,2017,KR
US20180349828A1,-1,Noise,2017,US
WO2018219744A1,25,T25,2018,Other
WO2018219952A1,-1,Noise,2018,Other
WO2018223148A2,-1,Noise,2018,Other
CN108928450A,0,T0,2018,CN
CN108931988A,3,T3,2018,CN
CN208180882U,23,T23,2018,CN
KR1020180128727A,75,T75,2017,KR
US10144135B2,58,T58,2015,US
CN106519099B,66,T66,2016,CN
CN108908231A,-1,Noise,2018,CN
CN108908333A,-1,Noise,2018,CN
CN108908378A,16,T16,2018,CN
CN108908393A,-1,Noise,2018,CN
CN108909870A,0,T0,2018,CN
CN108909874A,0,T0,2018,CN
CN208160988U,14,T14,2018,CN
DE102017111651A1,25,T25,2017,DE
WO2018214040A1,11,T11,2017,Other
WO2018214042A1,11,T11,2017,Other
CN108898650A,-1,Noise,2018,CN
KR101921687B1,57,T57,2017,KR
CN108854107A,11,T11,2018,CN
CN108858208A,1,T1,2018,CN
CN108858223A,-1,Noise,2018,CN
CN108860487A,-1,Noise,2018,CN
CN108877022A,-1,Noise,2018,CN
CN208132950U,-1,Noise,2018,CN
DE102017124713B3,25,T25,2017,DE
CN107218849B,-1,Noise,2017,CN
CN108838991A,-1,Noise,2018,CN
CN108839017A,2,T2,2018,CN
CN208117898U,13,T13,2018,CN
CA2946049C,34,T34,2015,Other
CN108814778A,4,T4,2018,CN
CN108818559A,13,T13,2018,CN
CN108825565A,0,T0,2018,CN
CN208097303U,14,T14,2018,CN
JP6423075B2,34,T34,2015,JP
CN108789408A,22,T22,2018,CN
CN108791560A,-1,Noise,2018,CN
CN208084345U,2,T2,2018,CN
CN208084346U,2,T2,2018,CN
CN208087074U,-1,Noise,2017,CN
CA2946047C,34,T34,2015,Other
CN108778634A,63,T63,2016,CN
CN208065434U,-1,Noise,2017,CN
CN108748103A,-1,Noise,2018,CN
CN108762148A,-1,Noise,2018,CN
CN108762253A,-1,Noise,2018,CN
CN108764660A,42,T42,2018,CN
CN208051957U,-1,Noise,2018,CN
CN108724163A,19,T19,2018,CN
CN108733962A,7,T7,2018,CN
CN108711912A,64,T64,2018,CN
EP3389955A2,63,T63,2016,Other
CN106489030B,-1,Noise,2015,CN
CN106840724B,16,T16,2017,CN
CN108674521A,0,T0,2018,CN
CN108683243A,73,T73,2018,CN
CN108664853A,26,T26,2017,CN
CN207972691U,0,T0,2018,CN
TW201837859A,23,T23,2017,Other
CN108635798A,14,T14,2018,CN
CN108638054A,10,T10,2018,CN
CN108638057A,1,T1,2018,CN
CN108638058A,1,T1,2018,CN
CN108638082A,29,T29,2018,CN
CN108638100A,4,T4,2018,CN
CN108639181A,0,T0,2018,CN
CN108639182A,0,T0,2018,CN
CN108646730A,70,T70,2018,CN
CN108646765A,33,T33,2018,CN
CN108648348A,61,T61,2018,CN
CN207953861U,-1,Noise,2017,CN
CN207953882U,13,T13,2018,CN
CN207955834U,-1,Noise,2018,CN
KR1020180110820A,57,T57,2017,KR
CN108618492A,18,T18,2018,CN
CN108622228A,52,T52,2018,CN
CN108630120A,31,T31,2018,CN
CN207947555U,60,T60,2018,CN
RU2669130C2,13,T13,2015,RU
DE102017106791A1,-1,Noise,2017,DE
WO2018177848A1,-1,Noise,2018,Other
CN207931311U,36,T36,2018,CN
KR1020180107353A,4,T4,2017,KR
CN108577839A,8,T8,2018,CN
CN108577945A,-1,Noise,2018,CN
CN108582066A,1,T1,2018,CN
CN108592936A,21,T21,2018,CN
SG11201806770TA,-1,Noise,2017,Other
CN105619425B,-1,Noise,2015,CN
CN105938364B,3,T3,2016,CN
CN108569600A,70,T70,2017,CN
CN106428287B,0,T0,2016,CN
CN106428288B,0,T0,2016,CN
CN108556943A,0,T0,2017,CN
CN108563220A,-1,Noise,2018,CN
CN108564038A,42,T42,2018,CN
CN207887697U,-1,Noise,2017,CN
CN207888637U,8,T8,2018,CN
CN108544473A,9,T9,2018,CN
CN108544532A,-1,Noise,2018,CN
TW201833875A,46,T46,2017,Other
CN105919796B,24,T24,2016,CN
CN108536075A,-1,Noise,2018,CN
CN108538013A,29,T29,2018,CN
JP2018526234A,-1,Noise,2016,JP
CN207836827U,-1,Noise,2018,CN
SG11201609651QB,-1,Noise,2015,Other
CN108502047A,0,T0,2018,CN
CN108508906A,-1,Noise,2018,CN
CN108508927A,-1,Noise,2017,CN
CN207824995U,-1,Noise,2018,CN
CN108469732A,1,T1,2018,CN
CN108472893A,-1,Noise,2016,CN
CN207785349U,20,T20,2017,CN
IN201611016089A,2,T2,2016,IN
US20180243926A1,-1,Noise,2016,US
EP3365141A1,58,T58,2016,Other
CN207780600U,0,T0,2017,CN
CN108438083A,19,T19,2018,CN
RU2664841C2,58,T58,2015,RU
CN108426488A,14,T14,2018,CN
CN108407918A,-1,Noise,2018,CN
CN207737381U,-1,Noise,2018,CN
MYPI2017700516A,69,T69,2017,Other
CN106647334B,1,T1,2017,CN
CN108394485A,0,T0,2018,CN
CN207725509U,0,T0,2017,CN
CN207731131U,73,T73,2018,CN
CN106275061B,7,T7,2016,CN
CN108388123A,1,T1,2018,CN
MX358164B,76,T76,2015,Other
CN108372506A,-1,Noise,2018,CN
CN207694255U,11,T11,2017,CN
US10043279B1,-1,Noise,2016,US
CN108354564A,-1,Noise,2017,CN
CN108363941A,41,T41,2017,CN
CN207679994U,14,T14,2017,CN
TWI630995B,-1,Noise,2017,Other
CN106871730B,-1,Noise,2017,CN
CN108346935A,18,T18,2018,CN
CN108351701A,8,T8,2016,CN
SG11201804933SA,63,T63,2016,Other
CN108327812A,0,T0,2018,CN
CN108333971A,1,T1,2018,CN
CN108335601A,24,T24,2018,CN
KR101882532B1,-1,Noise,2011,KR
EP3152008B1,76,T76,2015,Other
CN105666502B,0,T0,2016,CN
CN108312127A,19,T19,2017,CN
CN104932264B,5,T5,2015,CN
CN108297056A,22,T22,2017,CN
DE102018100217A1,22,T22,2018,DE
US20180201183A1,31,T31,2017,US
CN106409571B,18,T18,2016,CN
CN108290073A,11,T11,2016,CN
CN207617837U,0,T0,2017,CN
CN207623998U,46,T46,2017,CN
CN207607564U,0,T0,2017,CN
JP6356434B2,-1,Noise,2014,JP
TWI629668B,46,T46,2017,Other
CN207593798U,19,T19,2017,CN
RU2016152159A,-1,Noise,2015,RU
KR101875510B1,40,T40,2016,KR
KR1020180077712A,35,T35,2016,KR
RU2016151181A,13,T13,2015,RU
RU2016151215A,76,T76,2015,RU
CN108254458A,20,T20,2017,CN
CN108255055A,-1,Noise,2018,CN
CN108255099A,31,T31,2017,CN
CN207575160U,24,T24,2017,CN
CN207585392U,18,T18,2017,CN
JP2018102537A,8,T8,2016,JP
EP3148751B1,25,T25,2015,Other
CN105165700B,39,T39,2015,CN
CN108237531A,5,T5,2016,CN
CN207570736U,16,T16,2017,CN
KR1020180074796A,-1,Noise,2016,KR
CN108227484A,1,T1,2016,CN
CN108230956A,31,T31,2018,CN
CN207550352U,0,T0,2017,CN
NZ728053A,-1,Noise,2015,Other
WO2018113262A1,3,T3,2017,Other
WO2018113263A1,75,T75,2017,Other
CN207532782U,11,T11,2017,CN
CN106347517B,61,T61,2016,CN
CN106818416B,69,T69,2016,CN
CN108189025A,2,T2,2017,CN
IN201821021323A,2,T2,2018,IN
DE102016001644B4,22,T22,2016,DE
US20180172080A1,-1,Noise,2016,US
WO2018112097A1,-1,Noise,2017,Other
CN105741672B,-1,Noise,2016,CN
CN108181354A,20,T20,2017,CN
CN207509229U,2,T2,2017,CN
CN207511115U,18,T18,2017,CN
CN105774939B,0,T0,2016,CN
CN106386942B,-1,Noise,2016,CN
CN106394718B,0,T0,2016,CN
CN108161987A,-1,Noise,2017,CN
CN108163036A,2,T2,2017,CN
CN207495510U,2,T2,2017,CN
CN207495512U,2,T2,2017,CN
CN105339213B,-1,Noise,2014,CN
CN108145720A,-1,Noise,2017,CN
CN108153310A,7,T7,2017,CN
CN108154071A,51,T51,2016,CN
KR101865691B1,21,T21,2016,KR
CN108127673A,-1,Noise,2017,CN
CN207465234U,2,T2,2017,CN
CN207465261U,2,T2,2017,CN
CN108119054A,18,T18,2017,CN
CN207455685U,-1,Noise,2017,CN
CN207429681U,11,T11,2017,CN
CN207433592U,-1,Noise,2017,CN
AU2016370628A1,63,T63,2016,Other
CN108081296A,49,T49,2016,CN
CN108089578A,3,T3,2017,CN
US9981394B2,25,T25,2014,US
CN108068113A,1,T1,2017,CN
CN108073729A,24,T24,2016,CN
CN207400911U,20,T20,2017,CN
CN105751199B,71,T71,2014,CN
RU2016144026A,34,T34,2015,RU
CN207376525U,18,T18,2017,CN
IN201611039031A,51,T51,2016,IN
KR1020180052321A,9,T9,2016,KR
SG11201608199UB,58,T58,2015,Other
JP2018075665A,0,T0,2016,JP
RU2016144008A,34,T34,2015,RU
RU2016144021A,58,T58,2015,RU
EP3319763A1,-1,Noise,2016,Other
CN207356013U,-1,Noise,2017,CN
CN207360449U,0,T0,2017,CN
CN207361627U,-1,Noise,2017,CN
US9973688B2,26,T26,2015,US
CN105197125B,-1,Noise,2015,CN
CN108024733A,8,T8,2016,CN
CN108027942A,42,T42,2016,CN
CN207344615U,72,T72,2017,CN
CN207345416U,-1,Noise,2017,CN
KR1020180048889A,-1,Noise,2016,KR
AU2015270458B2,-1,Noise,2015,Other
JP6321905B2,-1,Noise,2011,JP
CN108000518A,47,T47,2017,CN
CN108005454A,30,T30,2017,CN
CN108009680A,1,T1,2017,CN
CN108010258A,46,T46,2017,CN
US9962836B2,-1,Noise,2014,US
CN107995450A,-1,Noise,2017,CN
CN207319560U,24,T24,2017,CN
CN207302261U,46,T46,2017,CN
US9956407B2,2,T2,2015,US
CN107963145A,0,T0,2017,CN
CN207273208U,13,T13,2017,CN
CN207282517U,2,T2,2017,CN
NZ725474A,13,T13,2015,Other
NZ727012A,1,T1,2015,Other
NZ727046A,27,T27,2015,Other
JP2018068106A,-1,Noise,2017,JP
WO2018073405A2,11,T11,2017,Other
EP1972416B1,-1,Noise,2007,Other
EP3312824A1,11,T11,2016,Other
CN107953331A,-1,Noise,2017,CN
DE102016012385A1,22,T22,2016,DE
JP2018511125A,-1,Noise,2016,JP
US20180107175A1,-1,Noise,2016,US
CN107921648A,-1,Noise,2016,CN
CN207241837U,0,T0,2017,CN
CN107901046A,-1,Noise,2017,CN
CN207220812U,24,T24,2017,CN
CN106005092B,-1,Noise,2016,CN
CN107891839A,-1,Noise,2017,CN
CN207206443U,-1,Noise,2017,CN
CN207209153U,13,T13,2017,CN
CN104875813B,0,T0,2015,CN
CN106428484B,0,T0,2016,CN
CN107878592A,0,T0,2017,CN
CN207185985U,20,T20,2017,CN
WO2018060752A1,-1,Noise,2016,Other
CN104898672B,1,T1,2015,CN
CN107865545A,20,T20,2017,CN
CN207172081U,10,T10,2017,CN
CN207182098U,-1,Noise,2017,CN
CN107856756A,0,T0,2017,CN
CN207151225U,39,T39,2017,CN
CN207165176U,31,T31,2017,CN
CN207165177U,31,T31,2017,CN
HK1236471A,-1,Noise,2017,Other
CN107838931A,2,T2,2017,CN
CN207139820U,29,T29,2017,CN
CN107825473A,2,T2,2017,CN
NZ725276A,34,T34,2015,Other
DE102017119149A1,-1,Noise,2017,DE
CN107816951A,-1,Noise,2017,CN
CN207123507U,-1,Noise,2017,CN
CN105798924B,72,T72,2016,CN
CN107807655A,3,T3,2017,CN
CN207104925U,2,T2,2017,CN
CN207109475U,18,T18,2017,CN
CN207115987U,14,T14,2017,CN
CN104202694B,2,T2,2014,CN
CN107791265A,67,T67,2016,CN
CN107796332A,-1,Noise,2017,CN
CN207089485U,0,T0,2017,CN
CN105137969B,3,T3,2015,CN
CN105259105B,20,T20,2015,CN
CN107775633A,19,T19,2017,CN
KR101836413B1,19,T19,2016,KR
WO2018041743A1,22,T22,2017,Other
CN107756441A,9,T9,2017,CN
CN107765686A,22,T22,2017,CN
CN107767959A,8,T8,2017,CN
CN107745384A,-1,Noise,2017,CN
IR95162B,29,T29,2016,Other
CH709251B1,2,T2,2014,Other
CN107738400A,66,T66,2017,CN
CN105963911B,14,T14,2016,CN
CN107716695A,-1,Noise,2017,CN
CN107727380A,16,T16,2017,CN
CN207029356U,0,T0,2017,CN
NZ726252A,-1,Noise,2015,Other
CN102730189B,0,T0,2012,CN
CN102756625B,0,T0,2012,CN
CN102756804B,0,T0,2012,CN
CN104281787B,11,T11,2014,CN
CN105353773B,-1,Noise,2015,CN
CN105607632B,3,T3,2015,CN
CN107030722B,4,T4,2017,CN
CN107697184A,0,T0,2017,CN
AU2015248794C1,58,T58,2015,Other
CN107685786A,0,T0,2017,CN
US9889563B1,-1,Noise,2017,US
CN206980024U,18,T18,2017,CN
CN206982673U,8,T8,2017,CN
AU2015248710B2,34,T34,2015,Other
SG11201609419RB,-1,Noise,2015,Other
CN206965128U,11,T11,2017,CN
CN105881550B,67,T67,2016,CN
CN206953009U,75,T75,2017,CN
CN206953019U,-1,Noise,2017,CN
AU2015248711B2,34,T34,2015,Other
CN105946483B,0,T0,2016,CN
CN107644441A,15,T15,2017,CN
CN107631256A,31,T31,2017,CN
CN107633719A,-1,Noise,2017,CN
NZ724839A,58,T58,2015,Other
TWI612497B,23,T23,2017,Other
CN107598896A,9,T9,2017,CN
CN107598897A,1,T1,2017,CN
CN107610376A,42,T42,2017,CN
CN107613254A,-1,Noise,2017,CN
CN206905624U,14,T14,2017,CN
CN206883927U,18,T18,2017,CN
CN206885198U,-1,Noise,2017,CN
CN206885201U,0,T0,2017,CN
CN107571933A,0,T0,2017,CN
CN107562052A,6,T6,2017,CN
CN107562053A,6,T6,2017,CN
CN107564065A,-1,Noise,2017,CN
CN206855451U,2,T2,2017,CN
CN206840098U,44,T44,2017,CN
DE102016216441B3,22,T22,2016,DE
WO2018000261A1,17,T17,2016,Other
CN107521724A,60,T60,2017,CN
WO2017220186A1,0,T0,2017,Other
CN104200816B,2,T2,2014,CN
CN107500146A,-1,Noise,2017,CN
CN107506360A,2,T2,2016,CN
NZ725275A,34,T34,2015,Other
NZ726418A,13,T13,2015,Other
DE102016007519A1,0,T0,2016,DE
CN206764788U,64,T64,2017,CN
CN206766180U,-1,Noise,2017,CN
CN206766181U,6,T6,2017,CN
CN206770874U,-1,Noise,2017,CN
CN105539626B,0,T0,2015,CN
CN105599822B,19,T19,2016,CN
CN107472396A,0,T0,2017,CN
CN107456302A,24,T24,2017,CN
CN107457802A,13,T13,2017,CN
CN206733044U,-1,Noise,2017,CN
CN206734445U,0,T0,2016,CN
SG11201608204QB,34,T34,2015,Other
JP2017536247A,-1,Noise,2015,JP
CN206709701U,-1,Noise,2017,CN
CN107416065A,0,T0,2017,CN
CN206690102U,2,T2,2017,CN
CN107407936A,-1,Noise,2016,CN
US9827679B2,-1,Noise,2015,US
CN107380294A,-1,Noise,2017,CN
CN206658943U,-1,Noise,2017,CN
CN206663258U,8,T8,2016,CN
CN206663279U,9,T9,2017,CN
CN206671254U,-1,Noise,2017,CN
CN206653064U,-1,Noise,2017,CN
JP2017204231A,2,T2,2016,JP
TH170435A,-1,Noise,2016,Other
AU2015248794B2,58,T58,2015,Other
CN104793621B,1,T1,2015,CN
CN105346618B,3,T3,2015,CN
CN105545829B,0,T0,2016,CN
CN107336233A,10,T10,2017,CN
CN107340738A,8,T8,2017,CN
CN107343382A,63,T63,2015,CN
CN206627091U,-1,Noise,2017,CN
KR101795429B1,-1,Noise,2015,KR
TH170376A,76,T76,2016,Other
TH170377A,-1,Noise,2017,Other
JP6227683B2,63,T63,2016,JP
JP6228605B2,-1,Noise,2013,JP
CN104331081B,3,T3,2014,CN
CN104375417B,29,T29,2014,CN
CN104487174B,-1,Noise,2013,CN
CN104656676B,10,T10,2014,CN
CN107323561A,0,T0,2017,CN
CN107331250A,14,T14,2017,CN
CN107309877A,-1,Noise,2017,CN
CN107315346A,1,T1,2017,CN
SG11201609420RB,76,T76,2015,Other
CN206601729U,31,T31,2016,CN
US9802314B2,-1,Noise,2016,US
WO2017181319A1,1,T1,2016,Other
WO2017181956A1,38,T38,2017,Other
WO2017181976A1,3,T3,2017,Other
CN104950888B,1,T1,2015,CN
CN105751200B,71,T71,2014,CN
CN206565690U,59,T59,2016,CN
CN107253204A,0,T0,2017,CN
CN107253497A,0,T0,2017,CN
CN107256284A,-1,Noise,2017,CN
KR1020170114614A,-1,Noise,2016,KR
CN105619379B,20,T20,2016,CN
CN206544552U,0,T0,2017,CN
US9784249B2,-1,Noise,2015,US
RU2632770C,5,T5,2016,RU
RU2632770C1,5,T5,2016,RU
WO2017166830A1,31,T31,2016,Other
MX2016013016A,34,T34,2015,Other
MX2016013020A,34,T34,2015,Other
MX2016015824A,-1,Noise,2015,Other
MX2016015826A,-1,Noise,2015,Other
CN105644650B,19,T19,2015,CN
CN107229226A,1,T1,2016,CN
TWI601426B,23,T23,2015,Other
NZ726224A,-1,Noise,2015,Other
WO2017163251A2,25,T25,2017,Other
KR101782345B1,-1,Noise,2015,KR
CN105171776B,0,T0,2015,CN
CN105329333B,3,T3,2015,CN
CN105460100B,0,T0,2015,CN
CN106313049B,4,T4,2016,CN
CN107203490A,1,T1,2017,CN
CN107209084A,-1,Noise,2015,CN
CN107182443A,39,T39,2017,CN
CN107186732A,2,T2,2017,CN
CN107187512A,-1,Noise,2017,CN
CN206509681U,36,T36,2016,CN
TH168063A,-1,Noise,2013,Other
CN107175674A,2,T2,2017,CN
CN206499796U,59,T59,2016,CN
CN107160399A,44,T44,2017,CN
CN107168061A,1,T1,2017,CN
CN107170321A,59,T59,2017,CN
US20170259428A1,-1,Noise,2017,US
AU2015270477B2,-1,Noise,2015,Other
CN206482959U,14,T14,2016,CN
KR101772974B1,48,T48,2010,KR
CN107145153A,70,T70,2017,CN
EP3213159A1,28,T28,2015,Other
CN105904455B,22,T22,2016,CN
CN107127760A,-1,Noise,2017,CN
CN107132840A,7,T7,2017,CN
CN107133564A,43,T43,2017,CN
CN107116549A,1,T1,2017,CN
CN107116572A,-1,Noise,2017,CN
CN206455655U,13,T13,2016,CN
TW201729961A,2,T2,2016,Other
CN103448063B,-1,Noise,2013,CN
AU2015270476B2,76,T76,2015,Other
CN206445813U,4,T4,2016,CN
CN206452472U,2,T2,2016,CN
CN104760630B,-1,Noise,2015,CN
CN206436253U,9,T9,2017,CN
CN102996151B,18,T18,2012,CN
WO2017142480A1,-1,Noise,2017,Other
CN107085422A,-1,Noise,2017,CN
BRPI1624133A2,34,T34,2015,Other
BRPI1624135A2,34,T34,2015,Other
BRPI1627953A2,-1,Noise,2015,Other
BRPI1628046A2,76,T76,2015,Other
BRPI1628357A2,-1,Noise,2015,Other
CN107049500A,-1,Noise,2017,CN
CN107049743A,24,T24,2017,CN
CN206414691U,14,T14,2017,CN
CN206419661U,-1,Noise,2017,CN
CN107045552A,3,T3,2017,CN
CN206406045U,72,T72,2017,CN
BRPI1623925A2,58,T58,2015,Other
CN107030722A,4,T4,2017,CN
DE102016102178A1,30,T30,2016,DE
CN206383150U,-1,Noise,2017,CN
CN206383949U,7,T7,2017,CN
CN206371136U,18,T18,2016,CN
JPWO2016067474A1,11,T11,2014,JP
US20170217028A1,25,T25,2015,US
CN206366995U,-1,Noise,2016,CN
TWI593524B,2,T2,2016,Other
CN104948139B,18,T18,2015,CN
CN106985594A,20,T20,2016,CN
CN106992909A,46,T46,2017,CN
US20170209796A1,2,T2,2016,US
GB201709199D0,11,T11,2017,GB
CN106981075A,-1,Noise,2017,CN
CN106981163A,43,T43,2017,CN
CN104932254B,1,T1,2015,CN
CN106965954A,0,T0,2017,CN
CN206342912U,11,T11,2016,CN
DE102016200455A1,22,T22,2016,DE
WO2017121044A1,18,T18,2016,Other
CN104678766B,1,T1,2015,CN
CN106956261A,-1,Noise,2017,CN
CN104942820B,12,T12,2015,CN
CN106943054A,-1,Noise,2017,CN
CN106945049A,1,T1,2017,CN
CN106945051A,14,T14,2017,CN
CN106950863A,29,T29,2017,CN
CN106952507A,5,T5,2017,CN
US20170198728A1,-1,Noise,2015,US
EP3188625A1,-1,Noise,2015,Other
CN206321793U,2,T2,2016,CN
CN105666498B,3,T3,2016,CN
CN106926222A,-1,Noise,2017,CN
CN106933100A,1,T1,2017,CN
CN206306128U,2,T2,2016,CN
KR1020170078269A,1,T1,2015,KR
CN102881100B,-1,Noise,2012,CN
WO2017115385A2,-1,Noise,2016,Other
CN104279705B,26,T26,2014,CN
CN105252532B,32,T32,2015,CN
CN106901764A,24,T24,2017,CN
CN106901765A,24,T24,2017,CN
CN106903695A,17,T17,2017,CN
CN206287131U,4,T4,2016,CN
IN7012CHE2015A,-1,Noise,2015,IN
DE202017102379U1,28,T28,2017,DE
MX2016015822A,76,T76,2015,Other
MX2016015823A,-1,Noise,2015,Other
MX2016015831A,13,T13,2015,Other
CN104799740B,-1,Noise,2015,CN
CN106891338A,29,T29,2017,CN
CN106892015A,2,T2,2015,CN
CN106899796A,26,T26,2015,CN
CN206277406U,4,T4,2016,CN
CN106882184A,7,T7,2017,CN
CN106882284A,-1,Noise,2017,CN
CN106886155A,6,T6,2017,CN
JP2017516670A,-1,Noise,2015,JP
JP2017516671A,76,T76,2015,JP
JP2017516672A,76,T76,2015,JP
US20170173791A1,-1,Noise,2015,US
WO2017103682A2,63,T63,2016,Other
CA3008562A1,63,T63,2016,Other
TWM544079U,46,T46,2017,Other
CN106863309A,10,T10,2015,CN
CN106871730A,-1,Noise,2017,CN
CN106873614A,1,T1,2017,CN
CN206267005U,18,T18,2016,CN
CN104236651B,1,T1,2014,CN
CN104985585B,9,T9,2015,CN
CN105035196B,2,T2,2015,CN
JP2017515698A,34,T34,2015,JP
CN104267618B,2,T2,2014,CN
CN105033997B,-1,Noise,2015,CN
CN105269577B,-1,Noise,2015,CN
CN106826759A,13,T13,2016,CN
CN206247215U,31,T31,2016,CN
IN201747006161A,63,T63,2017,IN
CN104635762B,1,T1,2015,CN
CN104656440B,1,T1,2014,CN
CN106803377A,-1,Noise,2017,CN
JP2017513724A,58,T58,2015,JP
JP2017513726A,34,T34,2015,JP
TW201720141A,23,T23,2015,Other
US20170151069A1,19,T19,2017,US
US20170151677A1,-1,Noise,2015,US
CN106730893A,11,T11,2017,CN
CN106737669A,3,T3,2016,CN
CN106737671A,1,T1,2016,CN
CN106737744A,29,T29,2016,CN
CN106767711A,43,T43,2016,CN
CN106791389A,-1,Noise,2016,CN
CN106794576A,34,T34,2015,CN
CN106794578A,76,T76,2015,CN
CN206200978U,64,T64,2016,CN
SG11201608202YB,34,T34,2015,Other
MX2016013018A,58,T58,2015,Other
WO2017087987A1,-1,Noise,2016,Other
US20170144299A1,34,T34,2015,US
US20170144306A1,34,T34,2015,US
CN104792559B,1,T1,2015,CN
CN105459120B,22,T22,2015,CN
CN106695791A,3,T3,2017,CN
CN106712573A,0,T0,2015,CN
WO2017080649A2,22,T22,2016,Other
CN106667716A,24,T24,2016,CN
CN106681341A,3,T3,2016,CN
US9649766B2,-1,Noise,2015,US
DE102015222166A1,22,T22,2015,DE
CN106625670A,-1,Noise,2016,CN
CN106625751A,-1,Noise,2016,CN
CN106628812A,18,T18,2016,CN
CN106646486A,2,T2,2016,CN
CN106647334A,1,T1,2017,CN
CN106660205A,58,T58,2015,CN
CN206154281U,-1,Noise,2016,CN
CN206154282U,-1,Noise,2016,CN
CN206154325U,8,T8,2016,CN
CN106607910A,1,T1,2015,CN
DE102015220517A1,58,T58,2015,DE
WO2017067661A1,58,T58,2016,Other
CN105178467B,66,T66,2015,CN
CN106584460A,1,T1,2016,CN
CN106584461A,1,T1,2016,CN
CN106585763A,-1,Noise,2016,CN
CN106600631A,51,T51,2016,CN
CN106603995A,2,T2,2016,CN
KR101728604B1,-1,Noise,2015,KR
CN104217107B,47,T47,2014,CN
CN106564052A,-1,Noise,2016,CN
CN106564055A,1,T1,2016,CN
CN106570523A,-1,Noise,2016,CN
CN106573370A,34,T34,2015,CN
CN106573371A,-1,Noise,2015,CN
CN106573377A,-1,Noise,2015,CN
CN206105891U,-1,Noise,2016,CN
CN206107973U,-1,Noise,2016,CN
KR1020170042547A,-1,Noise,2015,KR
US20170100842A1,58,T58,2015,US
CN104943765B,20,T20,2015,CN
CN206081552U,14,T14,2016,CN
CN206085042U,-1,Noise,2016,CN
CN206085068U,11,T11,2016,CN
CN206085631U,-1,Noise,2016,CN
EP3152008A1,76,T76,2015,Other
JP2017064835A,3,T3,2015,JP
US20170095925A1,-1,Noise,2016,US
CN104586608B,4,T4,2015,CN
CN104665962B,4,T4,2015,CN
CN104890756B,19,T19,2015,CN
CN105128011B,1,T1,2015,CN
CN105690383B,22,T22,2015,CN
CN206063775U,11,T11,2016,CN
CN206065876U,-1,Noise,2016,CN
CN206066467U,2,T2,2016,CN
EP3148751A1,25,T25,2015,Other
EP3148863A1,-1,Noise,2015,Other
EP3151399A1,-1,Noise,2015,Other
SG11201701093SA,-1,Noise,2015,Other
CN106547206A,3,T3,2016,CN
CN206060602U,49,T49,2016,CN
JP6105674B2,22,T22,2015,JP
US20170080565A1,-1,Noise,2015,US
CN104842372B,12,T12,2015,CN
CN105252544B,4,T4,2015,CN
CN106514653A,-1,Noise,2016,CN
CN106525049A,15,T15,2016,CN
CN106525630A,16,T16,2016,CN
CN106529118A,7,T7,2016,CN
CN206032651U,72,T72,2016,CN
DE102015011926A1,23,T23,2015,DE
KR1020170030078A,34,T34,2015,KR
US20170072560A1,76,T76,2015,US
CN104443105B,0,T0,2014,CN
CN106492470A,11,T11,2016,CN
CN106493738A,-1,Noise,2016,CN
CN206011103U,61,T61,2016,CN
KR1020170029408A,34,T34,2015,KR
KR1020170029409A,58,T58,2015,KR
WO2017036690A1,-1,Noise,2016,Other
WO2017036732A1,-1,Noise,2016,Other
CN104709374B,3,T3,2015,CN
CN106476926A,0,T0,2015,CN
CN106483964A,-1,Noise,2015,CN
CN106489030A,-1,Noise,2015,CN
CN205996979U,2,T2,2016,CN
CN205996982U,0,T0,2016,CN
DE102015216659A1,-1,Noise,2015,DE
DE102015216665A1,-1,Noise,2015,DE
GB2491308B,-1,Noise,2011,GB
CN103401932B,2,T2,2013,CN
KR1020170021800A,76,T76,2015,KR
IN201617039107A,-1,Noise,2016,IN
IN201617039124A,76,T76,2016,IN
AU2015311234A1,63,T63,2015,Other
CN106426237A,4,T4,2016,CN
CN106426269A,-1,Noise,2016,CN
CN106428266A,-1,Noise,2016,CN
CN106428287A,0,T0,2016,CN
CN106428288A,0,T0,2016,CN
CN106444359A,54,T54,2016,CN
CN106457574A,4,T4,2015,CN
CN106457575A,-1,Noise,2015,CN
US9573277B2,17,T17,2014,US
IN201617034082A,34,T34,2016,IN
CN103761392B,1,T1,2014,CN
CN103940714B,23,T23,2014,CN
CN104298243B,1,T1,2014,CN
CN106390334A,-1,Noise,2016,CN
CN106413996A,25,T25,2015,CN
CN106416026A,-1,Noise,2015,CN
IN201617034064A,34,T34,2016,IN
CN106383441A,-1,Noise,2016,CN
CN106384285A,42,T42,2016,CN
CN205924969U,11,T11,2016,CN
CN205928674U,0,T0,2016,CN
CN205928689U,66,T66,2016,CN
CN205930612U,7,T7,2016,CN
DE202016006747U1,22,T22,2016,DE
JP2017028810A,49,T49,2015,JP
CN104407611B,1,T1,2014,CN
CN104816766B,0,T0,2015,CN
CN104842363B,4,T4,2015,CN
CN106363626A,-1,Noise,2016,CN
CN106373240A,42,T42,2016,CN
DE202015104886U1,25,T25,2015,DE
US20170021497A1,-1,Noise,2016,US
CN104842345B,4,T4,2015,CN
CN106346500A,4,T4,2016,CN
CN106353769A,23,T23,2016,CN
CN205903275U,24,T24,2016,CN
KR1020170008637A,-1,Noise,2015,KR
CN106339669A,-1,Noise,2016,CN
CN205889207U,29,T29,2016,CN
CN205890814U,7,T7,2016,CN
DE102011109908B4,22,T22,2011,DE
DE202015104686U1,25,T25,2015,DE
US20170008174A1,17,T17,2014,US
CN106313103A,-1,Noise,2016,CN
CN205870548U,-1,Noise,2016,CN
CN205881254U,7,T7,2016,CN
IN201647040059A,-1,Noise,2016,IN
CN106272461A,2,T2,2016,CN
CN106272534A,-1,Noise,2016,CN
CN106274776A,0,T0,2016,CN
CN106275061A,7,T7,2016,CN
CN106276707A,59,T59,2016,CN
CN106289254A,23,T23,2016,CN
CN205850212U,11,T11,2016,CN
CN205854318U,0,T0,2016,CN
SG11201609420RA,76,T76,2015,Other
SG11201609651QA,-1,Noise,2015,Other
CN205831539U,-1,Noise,2016,CN
CN205832148U,24,T24,2016,CN
EP3108217A1,25,T25,2015,Other
GB2539707A,-1,Noise,2015,GB
AU2015270458A1,-1,Noise,2015,Other
KR1020160146000A,-1,Noise,2015,KR
CN106214163A,8,T8,2016,CN
CN106217388A,-1,Noise,2016,CN
CN106218575A,-1,Noise,2016,CN
CN205799540U,2,T2,2016,CN
CN205799542U,72,T72,2016,CN
CN205801357U,11,T11,2016,CN
CN102896637B,4,T4,2012,CN
JP2016202094A,-1,Noise,2015,JP
WO2016196512A1,28,T28,2016,Other
CN106181960A,-1,Noise,2016,CN
CN106181961A,-1,Noise,2016,CN
CN106184456A,0,T0,2016,CN
CN106184463A,9,T9,2016,CN
CN106200516A,-1,Noise,2016,CN
CN106210794A,0,T0,2016,CN
CN205766244U,13,T13,2016,CN
CN205775935U,31,T31,2016,CN
IN201621039626A,17,T17,2016,IN
US20160346928A1,28,T28,2016,US
AU2015270476A1,76,T76,2015,Other
AU2015270477A1,-1,Noise,2015,Other
CN205738931U,-1,Noise,2016,CN
JP6035590B2,-1,Noise,2014,JP
CN106142043A,4,T4,2015,CN
CN106155093A,-1,Noise,2016,CN
CN205706943U,0,T0,2016,CN
CN205708814U,18,T18,2016,CN
CN205721372U,49,T49,2016,CN
CN205723240U,18,T18,2016,CN
TWM532302U,-1,Noise,2016,Other
CN106113026A,19,T19,2016,CN
CN106113057A,2,T2,2016,CN
CN106114434A,-1,Noise,2016,CN
CN205692045U,44,T44,2016,CN
HK1216402A,58,T58,2016,Other
HK1216404A,34,T34,2016,Other
HK1216406A,34,T34,2016,Other
IN201647033140A,58,T58,2016,IN
CN104174138B,-1,Noise,2014,CN
CN106078752A,32,T32,2016,CN
CN106081757A,70,T70,2015,CN
CN106088116A,18,T18,2016,CN
CN106094813A,5,T5,2016,CN
CN106094817A,5,T5,2016,CN
AU2015248710A1,34,T34,2015,Other
AU2015248711A1,34,T34,2015,Other
SG11201608199UA,58,T58,2015,Other
SG11201608202YA,34,T34,2015,Other
SG11201608204QA,34,T34,2015,Other
CN106041962A,2,T2,2016,CN
CN205659320U,14,T14,2016,CN
JP6015474B2,-1,Noise,2013,JP
US20160309079A1,26,T26,2015,US
AU2015248794A1,58,T58,2015,Other
CN103596631B,-1,Noise,2011,CN
CN205651333U,72,T72,2016,CN
JP6007908B2,-1,Noise,2011,JP
KR1020160120732A,4,T4,2015,KR
KR101665543B1,-1,Noise,2009,KR
CN106005086A,-1,Noise,2016,CN
CN106005092A,-1,Noise,2016,CN
CN205628635U,23,T23,2016,CN
EP3077163A1,25,T25,2014,Other
TWI552745B,24,T24,2014,Other
CN104476550B,71,T71,2014,CN
TW201634200A,29,T29,2015,Other
US20160279797A1,-1,Noise,2014,US
CN105965506A,1,T1,2016,CN
CN105965520A,2,T2,2016,CN
EP3071372A1,25,T25,2014,Other
US20160271800A1,-1,Noise,2015,US
CN103676797B,-1,Noise,2012,CN
CN105947200A,-1,Noise,2016,CN
CN105957328A,8,T8,2016,CN
CN205586510U,14,T14,2016,CN
MYPI2015700860A,2,T2,2015,Other
EP3066441A2,-1,Noise,2014,Other
KR101653235B1,-1,Noise,2016,KR
CN105919796A,24,T24,2016,CN
CN105930588A,-1,Noise,2016,CN
CN205549266U,-1,Noise,2016,CN
CN205555862U,18,T18,2016,CN
EP3062971A1,25,T25,2014,Other
JP5987316B2,9,T9,2009,JP
KR1020160105055A,-1,Noise,2015,KR
JP2016154845A,63,T63,2016,JP
CN104816298B,1,T1,2015,CN
CN105904455A,22,T22,2016,CN
CN205521395U,0,T0,2016,CN
CN205521397U,12,T12,2016,CN
CN205521431U,-1,Noise,2016,CN
CN205521502U,16,T16,2016,CN
CN205524559U,0,T0,2016,CN
US9427649B2,14,T14,2014,US
US9427868B1,63,T63,2015,US
US9429948B2,-1,Noise,2011,US
DE102016001643A1,22,T22,2016,DE
DE102016001644A1,22,T22,2016,DE
JP2016153155A,22,T22,2015,JP
JP2016153156A,22,T22,2015,JP
US20160243699A1,63,T63,2015,US
CN104225895B,14,T14,2014,CN
CN104589310B,4,T4,2014,CN
CN105881543A,2,T2,2014,CN
CN105881550A,67,T67,2016,CN
CN105892829A,2,T2,2016,CN
CN205494954U,11,T11,2016,CN
CN205508319U,31,T31,2016,CN
JP5974220B2,0,T0,2012,JP
JP5975735B2,-1,Noise,2012,JP
TWI546168B,29,T29,2015,Other
CN103770116B,-1,Noise,2014,CN
CN104550348B,18,T18,2015,CN
CN205461015U,11,T11,2016,CN
CN205466309U,12,T12,2016,CN
CN205469365U,0,T0,2016,CN
CN205482613U,14,T14,2016,CN
KR1020160095789A,52,T52,2015,KR
DE202015101621U1,25,T25,2015,DE
US20160229068A1,25,T25,2014,US
AU2016101054A4,11,T11,2016,Other
CN104584861B,-1,Noise,2015,CN
CN105835986A,37,T37,2016,CN
CN105843222A,33,T33,2016,CN
CN105849538A,-1,Noise,2014,CN
CN205438576U,-1,Noise,2016,CN
EP3052275A2,25,T25,2014,Other
US9412010B2,-1,Noise,2012,US
CN205411952U,-1,Noise,2016,CN
CN205415637U,-1,Noise,2015,CN
CN205415691U,2,T2,2015,CN
JP5962679B2,-1,Noise,2014,JP
TWI544367B,-1,Noise,2013,Other
DE202015101427U1,-1,Noise,2015,DE
AU2013204965B2,75,T75,2013,Other
CN105798924A,72,T72,2016,CN
EP3046735A1,25,T25,2014,Other
CN205389272U,-1,Noise,2016,CN
CN105751199A,71,T71,2014,CN
CN105751200A,71,T71,2014,CN
CN105751220A,-1,Noise,2016,CN
CN105760894A,70,T70,2016,CN
TH11740U,-1,Noise,2012,Other
CN105726125A,-1,Noise,2016,CN
CN105739437A,-1,Noise,2016,CN
CN105741672A,-1,Noise,2016,CN
CN205369091U,18,T18,2016,CN
CN205375184U,61,T61,2015,CN
US9381961B1,-1,Noise,2014,US
FR3021572B1,76,T76,2014,FR
TH153734A,-1,Noise,2014,Other
CN104354784B,0,T0,2014,CN
CN205343143U,-1,Noise,2016,CN
CN205354595U,-1,Noise,2016,CN
CN103124669B,-1,Noise,2011,CN
US20160176375A1,-1,Noise,2014,US
CN104367405B,4,T4,2014,CN
CN105690383A,22,T22,2015,CN
CN105690390A,-1,Noise,2016,CN
CN105690394A,32,T32,2016,CN
JP2016105865A,-1,Noise,2016,JP
CN105666502A,0,T0,2016,CN
DE102014017899A1,-1,Noise,2014,DE
CN105643632A,-1,Noise,2016,CN
CN105644650A,19,T19,2015,CN
CN105619379A,20,T20,2016,CN
CN105619425A,-1,Noise,2015,CN
CN205281265U,44,T44,2016,CN
US20160144504A1,-1,Noise,2015,US
CN105599816A,1,T1,2015,CN
CN105599822A,19,T19,2016,CN
CN105602250A,14,T14,2016,CN
CN105605746A,2,T2,2016,CN
CN105608268A,3,T3,2015,CN
DE102014223701A1,-1,Noise,2014,DE
DE102014223771A1,75,T75,2014,DE
CA2819722C,11,T11,2013,Other
CN105583814A,0,T0,2016,CN
CN105583856A,-1,Noise,2016,CN
CN105593076A,-1,Noise,2014,CN
CN205235325U,14,T14,2015,CN
CN205239481U,7,T7,2015,CN
CN205220396U,-1,Noise,2015,CN
CN205220397U,-1,Noise,2015,CN
CN103345894B,31,T31,2013,CN
US9333652B2,-1,Noise,2014,US
WO2016066616A1,28,T28,2015,Other
CN105538302A,12,T12,2016,CN
CN105539626A,0,T0,2015,CN
CN105543020A,14,T14,2016,CN
CN105545829A,0,T0,2016,CN
CN105551278A,31,T31,2016,CN
CN105555490A,25,T25,2014,CN
CN205205713U,31,T31,2015,CN
DE202014010054U1,22,T22,2014,DE
DE102014221798A1,28,T28,2014,DE
CN105528081A,10,T10,2015,CN
CN205184805U,4,T4,2015,CN
CN205188823U,-1,Noise,2015,CN
JP2016061302A,-1,Noise,2014,JP
IR88467B,0,T0,2015,Other
HK1210549A,-1,Noise,2015,Other
CN104198105B,-1,Noise,2014,CN
CN205166945U,61,T61,2015,CN
CN205172369U,18,T18,2015,CN
JP5906506B1,-1,Noise,2014,JP
TW201614562A,42,T42,2014,Other
DE102015013507A1,25,T25,2015,DE
JP2016052697A,-1,Noise,2014,JP
CN104589348B,1,T1,2014,CN
CN205148332U,8,T8,2015,CN
CN103042525B,1,T1,2013,CN
TWM520036U,23,T23,2015,Other
CN105459120A,22,T22,2015,CN
CN105460100A,0,T0,2015,CN
CN205125477U,14,T14,2015,CN
CN205129886U,4,T4,2015,CN
CN205139614U,44,T44,2015,CN
JP5898199B2,-1,Noise,2012,JP
JP5899788B2,-1,Noise,2011,JP
CN103318290B,-1,Noise,2013,CN
JP2016042783A,-1,Noise,2015,JP
CN205106482U,-1,Noise,2015,CN
JP5897105B2,-1,Noise,2012,JP
KR1020160032608A,27,T27,2014,KR
CN105415377A,61,T61,2015,CN
CN105425799A,42,T42,2015,CN
CN105430767A,-1,Noise,2016,CN
CN205098334U,-1,Noise,2015,CN
US9293016B2,46,T46,2012,US
KR101606543B1,65,T65,2014,KR
WO2016039140A1,-1,Noise,2015,Other
CN105397814A,44,T44,2014,CN
WO2016034269A1,63,T63,2015,Other
CA2959698A1,63,T63,2015,Other
CN105383308A,-1,Noise,2015,CN
CN205075061U,-1,Noise,2015,CN
US20160059412A1,63,T63,2015,US
CN104690730B,9,T9,2015,CN
CN105365582A,-1,Noise,2015,CN
CN105365583A,-1,Noise,2015,CN
CN205059785U,0,T0,2015,CN
TWI524286B,42,T42,2014,Other
US20160052140A1,21,T21,2013,US
CN105353670A,44,T44,2015,CN
CN105336133A,46,T46,2014,CN
CN105339213A,-1,Noise,2014,CN
WO2016020843A1,2,T2,2015,Other
CN205019680U,0,T0,2015,CN
CN205021596U,29,T29,2015,CN
CN205022730U,-1,Noise,2015,CN
US20160030744A1,2,T2,2015,US
CN105286157A,-1,Noise,2015,CN
CN105291853A,-1,Noise,2015,CN
CN105303855A,29,T29,2015,CN
TW201604721A,-1,Noise,2013,Other
CN105269577A,-1,Noise,2015,CN
CN104036652B,31,T31,2014,CN
CN105252532A,32,T32,2015,CN
CN105252544A,4,T4,2015,CN
JP5845334B2,-1,Noise,2012,JP
CN102262725B,-1,Noise,2011,CN
CN103149933B,-1,Noise,2013,CN
CN103217903B,-1,Noise,2013,CN
CN204949169U,39,T39,2015,CN
CN204951264U,14,T14,2015,CN
CN204960892U,18,T18,2015,CN
TWI515605B,-1,Noise,2013,Other
TWI516120B,26,T26,2012,Other
CN105197125A,-1,Noise,2015,CN
CN204910761U,2,T2,2015,CN
CN204926654U,-1,Noise,2015,CN
JP5836565B2,-1,Noise,2010,JP
CN105165700A,39,T39,2015,CN
CN105171776A,0,T0,2015,CN
CN105178467A,66,T66,2015,CN
CN105151155A,-1,Noise,2015,CN
CN105158769A,-1,Noise,2015,CN
CN204871266U,2,T2,2015,CN
TWM514083U,8,T8,2015,Other
WO2015185442A1,25,T25,2015,Other
WO2015185497A1,-1,Noise,2015,Other
WO2015185670A1,76,T76,2015,Other
WO2015185671A1,-1,Noise,2015,Other
WO2015185738A2,-1,Noise,2015,Other
CA2950652A1,-1,Noise,2015,Other
CA2950660A1,76,T76,2015,Other
CA2950979A1,-1,Noise,2015,Other
CN105128011A,-1,Noise,2015,CN
CN105137449A,50,T50,2015,CN
EP2952301A1,-1,Noise,2014,Other
US9205887B2,-1,Noise,2011,US
FR3021572A1,76,T76,2014,FR
DE102014210362A1,25,T25,2014,DE
WO2015182634A1,-1,Noise,2015,Other
CN103923151B,-1,Noise,2014,CN
JP2015533521A,-1,Noise,2013,JP
WO2015177760A2,-1,Noise,2015,Other
CN105083502A,54,T54,2015,CN
US9193403B2,-1,Noise,2013,US
CN103661667B,0,T0,2013,CN
CN105060040A,70,T70,2015,CN
CN105060041A,70,T70,2015,CN
CN204766530U,24,T24,2015,CN
CN204775577U,9,T9,2015,CN
CN103072136B,16,T16,2012,CN
CN103373407B,3,T3,2013,CN
JP2015199174A,25,T25,2014,JP
CN105033997A,-1,Noise,2015,CN
CN105035287A,54,T54,2015,CN
CN204734957U,11,T11,2015,CN
CN103263256B,24,T24,2013,CN
CN105003405A,-1,Noise,2013,CN
CN204725494U,4,T4,2015,CN
WO2015158876A1,58,T58,2015,Other
WO2015158884A2,34,T34,2015,Other
WO2015158885A2,34,T34,2015,Other
CA2945896A1,58,T58,2015,Other
CA2946047A1,34,T34,2015,Other
CA2946049A1,34,T34,2015,Other
CN104985585A,9,T9,2015,CN
CN204712061U,4,T4,2015,CN
CN204713233U,-1,Noise,2015,CN
CN204718963U,10,T10,2015,CN
EP2933064A1,58,T58,2014,Other
EP2933068A1,34,T34,2014,Other
EP2933069A1,34,T34,2014,Other
TW201538151A,24,T24,2014,Other
CN103434581B,0,T0,2013,CN
TWI503756B,41,T41,2013,Other
CN104942820A,12,T12,2015,CN
CN104950888A,1,T1,2015,CN
JP2015167470A,42,T42,2015,JP
CN104924320A,-1,Noise,2015,CN
CN104932254A,1,T1,2015,CN
CN104932264A,5,T5,2015,CN
CN204658463U,22,T22,2014,CN
CN103722565B,1,T1,2014,CN
CN104916188A,0,T0,2014,CN
CN104918775A,-1,Noise,2013,CN
CN103465991B,0,T0,2013,CN
DE102014204251A1,8,T8,2014,DE
CN104888464A,2,T2,2015,CN
CN104890756A,19,T19,2015,CN
CN104898672A,1,T1,2015,CN
CN204622045U,-1,Noise,2015,CN
US9129154B2,-1,Noise,2009,US
CN104883423A,64,T64,2015,CN
CN204600319U,-1,Noise,2015,CN
WO2015124635A1,25,T25,2015,Other
CN104865929A,-1,Noise,2015,CN
CN104842345A,4,T4,2015,CN
CN104842363A,4,T4,2015,CN
CN104842372A,12,T12,2015,CN
CN104843102A,-1,Noise,2015,CN
CH709251A2,2,T2,2014,Other
CN104827486A,13,T13,2015,CN
CN204541502U,59,T59,2015,CN
CN102975784B,-1,Noise,2012,CN
CN104816298A,1,T1,2015,CN
CN104816766A,0,T0,2015,CN
CN204525487U,0,T0,2015,CN
CN103537087B,14,T14,2013,CN
CN104799740A,-1,Noise,2015,CN
US9089968B2,-1,Noise,2013,US
CN104792559A,1,T1,2015,CN
CN104793621A,1,T1,2015,CN
CN204489003U,-1,Noise,2014,CN
US9081384B2,55,T55,2013,US
CN104769834A,-1,Noise,2013,CN
CN204452651U,0,T0,2014,CN
CN204452652U,0,T0,2014,CN
US20150182834A1,14,T14,2014,US
CN204426944U,2,T2,2015,CN
CN204428215U,4,T4,2014,CN
CN204428216U,4,T4,2014,CN
TW201524814A,23,T23,2013,Other
TWI489965B,-1,Noise,2012,Other
DE102012213188B4,-1,Noise,2012,DE
CN104724202A,0,T0,2015,CN
CN104731092A,-1,Noise,2014,CN
CN204414097U,4,T4,2014,CN
CN204415556U,0,T0,2014,CN
DE102010018438B4,-1,Noise,2010,DE
US20150161103A1,21,T21,2012,US
WO2015082485A1,25,T25,2014,Other
CN104690730A,9,T9,2015,CN
CN204380195U,14,T14,2015,CN
CN204380196U,14,T14,2015,CN
EP2880755A2,-1,Noise,2013,Other
US20150152852A1,-1,Noise,2015,US
CN104665962A,4,T4,2015,CN
CN104678766A,1,T1,2015,CN
CN204366968U,10,T10,2015,CN
DE102010045528B4,-1,Noise,2010,DE
US9044859B2,3,T3,2013,US
WO2015074790A1,25,T25,2014,Other
WO2015074841A1,25,T25,2014,Other
CN104645508A,24,T24,2015,CN
CN104656440A,1,T1,2014,CN
CN104656676A,10,T10,2014,CN
WO2015071483A1,25,T25,2014,Other
CN104635762A,1,T1,2015,CN
KR101523268B1,70,T70,2013,KR
US20150131896A1,-1,Noise,2014,US
WO2015067680A2,-1,Noise,2014,Other
CN104586608A,4,T4,2015,CN
CN104589310A,4,T4,2014,CN
CN104589348A,1,T1,2014,CN
CN104598675A,-1,Noise,2015,CN
CN204311964U,18,T18,2014,CN
CN204311966U,18,T18,2014,CN
US20150120044A1,3,T3,2013,US
BG111602A,12,T12,2013,Other
CN204295698U,-1,Noise,2014,CN
US20150111185A1,11,T11,2013,US
CN104527832A,0,T0,2014,CN
CN104527833A,0,T0,2014,CN
TWI481980B,55,T55,2012,Other
CN204270146U,15,T15,2014,CN
CN102348102B,-1,Noise,2010,CN
CN102853831B,38,T38,2012,CN
DE202013105501U1,25,T25,2013,DE
DE202013105504U1,25,T25,2013,DE
WO2015049136A2,25,T25,2014,Other
WO2015049202A2,25,T25,2014,Other
WO2015049207A2,25,T25,2014,Other
KR1020150038475A,-1,Noise,2013,KR
DE102013110901A1,25,T25,2013,DE
DE102013110905A1,25,T25,2013,DE
DE202013105203U1,25,T25,2013,DE
CN104476550A,71,T71,2014,CN
CN104487174A,-1,Noise,2013,CN
CN204242810U,36,T36,2014,CN
JP5692122B2,-1,Noise,2012,JP
TWI478832B,23,T23,2010,Other
WO2015040071A1,25,T25,2014,Other
CN104434350A,4,T4,2014,CN
CN104465071A,-1,Noise,2014,CN
TWI478107B,-1,Noise,2011,Other
DE202013105036U1,-1,Noise,2013,DE
CN204207925U,24,T24,2014,CN
FR3010528A1,21,T21,2013,FR
FR3010529A1,21,T21,2013,FR
DE202013104860U1,25,T25,2013,DE
CN104407611A,1,T1,2014,CN
US20150066156A1,19,T19,2014,US
DE202013104389U1,25,T25,2013,DE
DE202013104544U1,25,T25,2013,DE
JP2015037467A,8,T8,2013,JP
US20150057971A1,16,T16,2013,US
CN104367405A,4,T4,2014,CN
JPWO2013011644A1,-1,Noise,2012,JP
DE202013104264U1,25,T25,2013,DE
DE202013104392U1,25,T25,2013,DE
CN104354784A,0,T0,2014,CN
TW201506808A,41,T41,2013,Other
CN104340779A,23,T23,2013,CN
CN204150142U,0,T0,2014,CN
CN204153050U,0,T0,2014,CN
KR1020150015575A,70,T70,2013,KR
TWI473026B,-1,Noise,2010,Other
CN204143709U,14,T14,2014,CN
TW201504130A,23,T23,2013,Other
TWI471825B,43,T43,2010,Other
JP5659349B2,20,T20,2011,JP
JP5659898B2,-1,Noise,2011,JP
US8942848B2,-1,Noise,2012,US
DE102010045531B4,-1,Noise,2010,DE
CN104297775A,24,T24,2014,CN
CN104298243A,1,T1,2014,CN
CN103057619B,0,T0,2013,CN
JP2015006650A,31,T31,2013,JP
CN104275695A,28,T28,2013,CN
EP2822462A1,16,T16,2013,Other
TWI469098B,43,T43,2013,Other
CN104260097A,2,T2,2014,CN
CN104267618A,2,T2,2014,CN
CN204067830U,18,T18,2014,CN
CN104236651A,1,T1,2014,CN
TWI466545B,26,T26,2010,Other
US20140370779A1,11,T11,2014,US
CN104217107A,47,T47,2014,CN
CN102211547B,23,T23,2010,CN
CN203993890U,-1,Noise,2014,CN
CN204010327U,31,T31,2014,CN
CN104174138A,-1,Noise,2014,CN
CN203974997U,0,T0,2014,CN
CN102314856B,-1,Noise,2010,CN
TWI461593B,23,T23,2011,Other
CN104149101A,67,T67,2014,CN
CN104155965A,38,T38,2014,CN
CN102672719B,1,T1,2012,CN
EP2800688A2,60,T60,2012,Other
TWI460686B,43,T43,2011,Other
KR1020140129446A,57,T57,2013,KR
KR1020140130045A,65,T65,2014,KR
KR101460140B1,32,T32,2008,KR
US8880221B2,-1,Noise,2012,US
TW201441075A,23,T23,2013,Other
TW201441079A,23,T23,2013,Other
CN104118384A,23,T23,2013,CN
CN104118489A,0,T0,2014,CN
CN203899136U,-1,Noise,2014,CN
CN203883372U,18,T18,2014,CN
CN102806563B,4,T4,2012,CN
KR101451061B1,-1,Noise,2011,KR
US8855821B2,-1,Noise,2012,US
JP2014188645A,22,T22,2013,JP
TWI454612B,23,T23,2012,Other
US8849454B2,-1,Noise,2012,US
JP2014180748A,-1,Noise,2014,JP
US20140288705A1,-1,Noise,2013,US
CN102646148B,1,T1,2012,CN
TR201302219A2,-1,Noise,2013,Other
TWI453154B,23,T23,2011,Other
US20140254896A1,-1,Noise,2014,US
CN104036652A,31,T31,2014,CN
CN102356417B,-1,Noise,2009,CN
US8824781B2,-1,Noise,2013,US
KR101438003B1,8,T8,2013,KR
JP2014151370A,-1,Noise,2013,JP
CN102512795B,14,T14,2011,CN
KR1020140100353A,-1,Noise,2013,KR
CN103978484A,3,T3,2014,CN
TWI448976B,23,T23,2011,Other
RU2524875C2,14,T14,2012,RU
CN103962982A,18,T18,2013,CN
CN103963868A,0,T0,2014,CN
CN103970076A,38,T38,2013,CN
US8798793B2,-1,Noise,2010,US
TW201430614A,-1,Noise,2013,Other
TW201430777A,43,T43,2013,Other
US20140213951A1,48,T48,2012,US
CN203738813U,67,T67,2014,CN
US8788093B2,22,T22,2011,US
CN102145489B,-1,Noise,2010,CN
CN102202443B,23,T23,2010,CN
KR101421230B1,-1,Noise,2012,KR
WO2014101714A1,21,T21,2013,Other
KR1020140079604A,-1,Noise,2012,KR
CN103871008A,26,T26,2014,CN
CN203648064U,11,T11,2013,CN
CN203660923U,12,T12,2014,CN
TW201423295A,55,T55,2012,Other
CN203643256U,16,T16,2013,CN
CN102431042B,13,T13,2011,CN
US8751041B2,48,T48,2011,US
US20140150806A1,60,T60,2012,US
US20140156125A1,55,T55,2013,US
JP5509226B2,1,T1,2012,JP
CA2741710C,-1,Noise,2009,Other
TWI439967B,43,T43,2011,Other
WO2014080733A1,10,T10,2013,Other
CN203612098U,67,T67,2013,CN
VN2452U,1,T1,2013,Other
IN1626MUM2014A,-1,Noise,2014,IN
US20140140596A1,-1,Noise,2012,US
CN103803423A,-1,Noise,2012,CN
CN203600251U,19,T19,2013,CN
TWI438703B,-1,Noise,2010,Other
TWI438728B,23,T23,2012,Other
KR101398880B1,8,T8,2013,KR
CN103770111A,1,T1,2012,CN
CN103770116A,-1,Noise,2014,CN
CN203577314U,11,T11,2013,CN
CN102736628B,3,T3,2012,CN
TWI435842B,23,T23,2011,Other
CN103753553A,-1,Noise,2014,CN
CN103753573A,29,T29,2014,CN
CN103753582A,8,T8,2014,CN
CN103759734A,29,T29,2014,CN
CN103761392A,1,T1,2014,CN
CN103761821A,69,T69,2014,CN
CN103761884A,29,T29,2014,CN
EP2723296A2,48,T48,2012,Other
RU2012144922A,14,T14,2012,RU
ES2400996B1,-1,Noise,2011,Other
CN103736231A,29,T29,2014,CN
CN103738428A,37,T37,2013,CN
CN103745556A,46,T46,2013,CN
CN103745557A,46,T46,2013,CN
US8706299B2,-1,Noise,2011,US
WO2014056376A1,46,T46,2013,Other
CN103722565A,1,T1,2014,CN
US8700197B2,-1,Noise,2009,US
FR2987735B1,16,T16,2012,FR
JP2014508660A,-1,Noise,2012,JP
US20140100697A1,-1,Noise,2013,US
JP5464514B2,22,T22,2009,JP
WO2014048444A1,22,T22,2012,Other
CN103692453A,19,T19,2013,CN
KR1020140037786A,-1,Noise,2011,KR
CN103661669A,0,T0,2012,CN
CN103676447A,-1,Noise,2012,CN
CN103676797A,-1,Noise,2012,CN
CN103680234A,8,T8,2012,CN
CN203495949U,4,T4,2013,CN
US8682485B2,-1,Noise,2012,US
CN103642251A,20,T20,2013,CN
CN103633216A,66,T66,2013,CN
PT106205B,12,T12,2012,Other
JP5433872B2,14,T14,2011,JP
KR1020140025814A,42,T42,2012,KR
TWI428508B,26,T26,2011,Other
TWM471819U,-1,Noise,2013,Other
US20140037191A1,-1,Noise,2013,US
US20140039675A1,5,T5,2012,US
WO2014022667A2,-1,Noise,2013,Other
CN103537087A,14,T14,2013,CN
US8634969B2,-1,Noise,2009,US
US8630763B2,-1,Noise,2013,US
TWM469749U,46,T46,2013,Other
JP2014000615A,0,T0,2012,JP
US8621954B1,73,T73,2011,US
CA2819722A1,11,T11,2013,Other
TWM469111U,11,T11,2013,Other
EP2608997B1,-1,Noise,2011,Other
TWI420440B,-1,Noise,2010,Other
TWM468742U,43,T43,2012,Other
JP2013544689A,-1,Noise,2011,JP
CN103448063A,-1,Noise,2013,CN
CN102333621B,-1,Noise,2010,CN
CN103434581A,0,T0,2013,CN
RU2012120102A,-1,Noise,2010,RU
CN103417315A,4,T4,2013,CN
JP2013237126A,3,T3,2012,JP
CN103406917A,2,T2,2013,CN
US8594425B2,-1,Noise,2010,US
CN203294226U,0,T0,2013,CN
CN103401932A,2,T2,2013,CN
CN203280795U,31,T31,2013,CN
US8582867B2,-1,Noise,2011,US
CN103382473A,-1,Noise,2013,CN
TW201344645A,23,T23,2012,Other
JP2013540057A,-1,Noise,2011,JP
CN103377558A,23,T23,2012,CN
JP2013216408A,70,T70,2012,JP
CN103362393A,23,T23,2012,CN
CN103365294A,-1,Noise,2012,CN
WO2013153288A1,21,T21,2012,Other
CN102323818B,1,T1,2011,CN
CN103345894A,31,T31,2013,CN
US8554370B2,47,T47,2010,US
TH127967A,-1,Noise,2008,Other
DE102012006180A1,25,T25,2012,DE
TW201339400A,23,T23,2012,Other
TW201339903A,-1,Noise,2012,Other
TW201340706A,26,T26,2012,Other
CN102310411B,4,T4,2011,CN
CN103318290A,-1,Noise,2013,CN
CN203198620U,-1,Noise,2013,CN
TW201337867A,-1,Noise,2012,Other
FR2987735A1,16,T16,2012,FR
PT106205A,-1,Noise,2012,Other
DE102012007242A1,22,T22,2012,DE
JP2013180384A,-1,Noise,2012,JP
US20130238183A1,-1,Noise,2013,US
WO2013131990A1,16,T16,2013,Other
CN102494910B,16,T16,2011,CN
JP2013176847A,-1,Noise,2013,JP
US20130231822A1,-1,Noise,2011,US
CN103273980A,0,T0,2013,CN
WO2013121469A1,2,T2,2012,Other
CN203149981U,59,T59,2013,CN
TW201332500A,-1,Noise,2012,Other
CN203121967U,20,T20,2013,CN
JP5261495B2,-1,Noise,2008,JP
CN103231751A,0,T0,2013,CN
JP5249969B2,-1,Noise,2010,JP
CN102306017B,67,T67,2011,CN
CN102389359B,19,T19,2011,CN
CN103217903A,-1,Noise,2013,CN
US20130184861A1,-1,Noise,2012,US
KR101286981B1,67,T67,2011,KR
TWI401473B,51,T51,2009,Other
CN103197671A,1,T1,2012,CN
US8483879B2,-1,Noise,2009,US
EP2608997A1,-1,Noise,2011,Other
JP5228589B2,-1,Noise,2008,JP
CN102324099B,35,T35,2011,CN
TW201328340A,23,T23,2011,Other
CN203019371U,16,T16,2012,CN
CN103175789A,54,T54,2013,CN
CN103164923A,43,T43,2011,CN
KR1020130064270A,-1,Noise,2011,KR
TW201323296A,23,T23,2011,Other
TW201324446A,43,T43,2011,Other
CN202983198U,11,T11,2012,CN
CN202987317U,-1,Noise,2013,CN
CN202993169U,66,T66,2012,CN
EP2601100A2,60,T60,2011,Other
CN103144599A,31,T31,2012,CN
JP2013106794A,14,T14,2011,JP
JP2013520327A,-1,Noise,2011,JP
US8457830B2,-1,Noise,2011,US
TW201322188A,43,T43,2011,Other
DE102010045345B4,-1,Noise,2010,DE
CN103124669A,-1,Noise,2011,CN
KR1020130054798A,-1,Noise,2011,KR
CN103116360A,54,T54,2013,CN
US8443693B2,-1,Noise,2012,US
JP2013086205A,-1,Noise,2011,JP
KR101262840B1,22,T22,2011,KR
WO2013060693A2,60,T60,2012,Other
EP2448810B1,-1,Noise,2010,Other
TW201317944A,43,T43,2011,Other
CN102085666B,4,T4,2010,CN
CN103072136A,16,T16,2012,CN
CN103075999A,23,T23,2013,CN
US20130103195A1,-1,Noise,2012,US
CN103057619A,0,T0,2013,CN
CN103065629A,2,T2,2012,CN
RU2479414C,-1,Noise,2009,RU
RU2479414C2,25,T25,2009,RU
CN202878318U,4,T4,2012,CN
EP2281668B1,-1,Noise,2006,Other
JP5185473B1,0,T0,2012,JP
JP5186318B2,12,T12,2008,JP
CN103042525A,1,T1,2013,CN
ES2400996A2,-1,Noise,2011,Other
KR101255807B1,-1,Noise,2011,KR
JP5180989B2,-1,Noise,2010,JP
CN103021119A,46,T46,2012,CN
CN103021120A,46,T46,2012,CN
TW201313597A,23,T23,2011,Other
TWI391881B,53,T53,2008,Other
CN202806656U,-1,Noise,2012,CN
CN202806930U,0,T0,2012,CN
CN102975784A,-1,Noise,2012,CN
CN202787109U,31,T31,2012,CN
CN202794402U,28,T28,2012,CN
JP5163227B2,-1,Noise,2008,JP
CN102029610B,-1,Noise,2010,CN
CN102124874B,39,T39,2011,CN
US8396595B2,-1,Noise,2008,US
TWM448303U,-1,Noise,2012,Other
US20130059284A1,11,T11,2012,US
JP5156836B2,-1,Noise,2008,JP
CN102955461A,23,T23,2011,CN
TW201310398A,23,T23,2011,Other
JP5148669B2,35,T35,2010,JP
US8379918B2,-1,Noise,2008,US
TW201308219A,23,T23,2011,Other
JP2013031913A,-1,Noise,2012,JP
KR1020130015818A,22,T22,2011,KR
CN101408435B,1,T1,2008,CN
DE102011109144A1,-1,Noise,2011,DE
DE102012213188A1,-1,Noise,2012,DE
US20130035792A1,-1,Noise,2011,US
CN202720819U,24,T24,2012,CN
CN102915044A,2,T2,2012,CN
US8369991B2,-1,Noise,2009,US
US8369992B2,-1,Noise,2009,US
CN102896632A,1,T1,2012,CN
CN102896637A,4,T4,2012,CN
US8364314B2,-1,Noise,2009,US
WO2013011644A1,-1,Noise,2012,Other
TWM445642U,31,T31,2010,Other
CN202669948U,9,T9,2012,CN
CN102883348A,-1,Noise,2012,CN
US20130013112A1,-1,Noise,2011,US
US8352077B2,-1,Noise,2009,US
CN102853831A,38,T38,2012,CN
US8346391B1,-1,Noise,2006,US
WO2012178171A2,48,T48,2012,Other
CN102828643A,23,T23,2011,CN
TW201249713A,26,T26,2011,Other
TW201250096A,23,T23,2011,Other
EP2157903B1,-1,Noise,2008,Other
US8332068B2,-1,Noise,2009,US
JP2012531316A,-1,Noise,2010,JP
US20120310412A1,-1,Noise,2012,US
CN101947787B,-1,Noise,2010,CN
CN102809969A,26,T26,2011,CN
KR101210498B1,-1,Noise,2010,KR
JP2012232352A,2,T2,2011,JP
WO2012159264A1,-1,Noise,2011,Other
GB2491308A,-1,Noise,2011,GB
JP5083763B2,-1,Noise,2007,JP
JP2012223864A,-1,Noise,2011,JP
CN102288336B,0,T0,2011,CN
US20120279338A1,-1,Noise,2012,US
JP5069538B2,45,T45,2007,JP
JP2012210703A,38,T38,2012,JP
CN202507280U,2,T2,2011,CN
CN202511972U,31,T31,2012,CN
GB201216423D0,-1,Noise,2011,GB
CN101947786B,-1,Noise,2010,CN
CN101972197B,24,T24,2010,CN
CN202497615U,-1,Noise,2012,CN
CN102749919A,3,T3,2012,CN
US8291788B2,-1,Noise,2009,US
JP2012196743A,-1,Noise,2011,JP
CN102734193A,26,T26,2011,CN
CN102736628A,3,T3,2012,CN
TW201241321A,26,T26,2011,Other
JP2012192502A,-1,Noise,2011,JP
KR1020120111298A,-1,Noise,2011,KR
CN102717381A,1,T1,2012,CN
JP5040693B2,-1,Noise,2008,JP
CN102699926A,4,T4,2012,CN
US20120245734A1,-1,Noise,2012,US
US20120245735A1,-1,Noise,2012,US
WO2012129250A2,-1,Noise,2012,Other
WO2012129259A1,-1,Noise,2012,Other
KR1020120105611A,1,T1,2011,KR
TWI373012B,53,T53,2008,Other
CN202441677U,-1,Noise,2011,CN
CN102672719A,-1,Noise,2012,CN
CN102681856A,65,T65,2012,CN
TW201238326A,11,T11,2011,Other
JP2012177565A,20,T20,2011,JP
CN202432927U,14,T14,2011,CN
CN102658548A,1,T1,2012,CN
IN3583CHENP2011A,-1,Noise,2011,IN
CN101947152B,2,T2,2010,CN
CN202397747U,8,T8,2011,CN
CN202406073U,-1,Noise,2012,CN
CN101993151B,-1,Noise,2009,CN
CN102646148A,1,T1,2012,CN
FR2964055B1,-1,Noise,2010,FR
CN202376714U,14,T14,2011,CN
CN202378991U,0,T0,2011,CN
JP4998506B2,-1,Noise,2009,JP
CN102628690A,54,T54,2012,CN
WO2012102442A1,44,T44,2011,Other
CN202315291U,-1,Noise,2011,CN
CN102566474A,2,T2,2012,CN
CN102570616A,46,T46,2012,CN
GB2486980A,-1,Noise,2011,GB
CN102526795A,20,T20,2012,CN
CN101941207B,4,T4,2010,CN
CN102512795A,14,T14,2011,CN
US20120158174A1,48,T48,2011,US
CN102494910A,16,T16,2011,CN
US8195332B2,-1,Noise,2008,US
US8195343B2,-1,Noise,2008,US
CN202257212U,44,T44,2011,CN
CN101941205B,4,T4,2010,CN
FR2959208B1,60,T60,2010,FR
CN102463583A,20,T20,2010,CN
JP2012091300A,-1,Noise,2010,JP
EP2448810A1,-1,Noise,2010,Other
CN102447881A,26,T26,2010,CN
CN102447882A,26,T26,2010,CN
US8172013B2,-1,Noise,2008,US
KR101144755B1,2,T2,2010,KR
CN101941206B,4,T4,2010,CN
CN102039598B,4,T4,2010,CN
CN102431042A,13,T13,2011,CN
CN102431604A,-1,Noise,2011,CN
CN102434543A,-1,Noise,2011,CN
TW201217920A,43,T43,2010,Other
TW201217921A,43,T43,2010,Other
TW201218091A,26,T26,2010,Other
US8170287B2,-1,Noise,2008,US
ES2359212B2,14,T14,2008,Other
CN101364082B,-1,Noise,2008,CN
CN102419926A,-1,Noise,2011,CN
US8160745B2,-1,Noise,2008,US
TW201216711A,26,T26,2010,Other
TW201216712A,26,T26,2010,Other
US20120070070A1,-1,Noise,2011,US
TWM424985U,11,T11,2011,Other
CN102385716A,-1,Noise,2010,CN
US8139068B2,68,T68,2006,US
CN102371586A,22,T22,2011,CN
CN102374646A,-1,Noise,2010,CN
CN102375416A,-1,Noise,2010,CN
KR1020120019893A,-1,Noise,2010,KR
FR2964055A1,-1,Noise,2010,FR
TW201209733A,-1,Noise,2010,Other
TW201209773A,-1,Noise,2010,Other
WO2012025387A1,-1,Noise,2011,Other
CN102363302A,4,T4,2011,CN
DE102011109908A1,22,T22,2011,DE
US20120043831A1,22,T22,2011,US
CN102357889A,4,T4,2011,CN
CN102358287A,7,T7,2011,CN
CN102360190A,44,T44,2011,CN
CN101733758B,4,T4,2010,CN
CN102356417A,-1,Noise,2009,CN
US20120035762A1,45,T45,2011,US
CN101835569B,-1,Noise,2008,CN
CN102348102A,-1,Noise,2010,CN
TW201205449A,26,T26,2010,Other
TW201205506A,43,T43,2010,Other
CN102335902A,-1,Noise,2010,CN
CN102335905A,-1,Noise,2010,CN
KR101111714B1,-1,Noise,2008,KR
WO2012011182A1,3,T3,2010,Other
EP2409287A1,-1,Noise,2009,Other
CN102323817A,-1,Noise,2011,CN
CN102323818A,1,T1,2011,CN
CN102324099A,35,T35,2011,CN
TW201201972A,-1,Noise,2010,Other
TW201201978A,-1,Noise,2010,Other
TWM420787U,50,T50,2011,Other
CN102310411A,4,T4,2011,CN
DE102010045701B3,-1,Noise,2010,DE
US20120004791A1,-1,Noise,2009,US
CN101763119B,-1,Noise,2009,CN
CN101915975B,2,T2,2010,CN
CN102303317A,4,T4,2011,CN
CN102306017A,67,T67,2011,CN
KR101103862B1,4,T4,2009,KR
TW201201118A,-1,Noise,2010,Other
KR1020110136930A,-1,Noise,2010,KR
CN101439733B,7,T7,2007,CN
CN101982809B,40,T40,2010,CN
CN102288336A,-1,Noise,2011,CN
CN102289946A,31,T31,2011,CN
CN202075069U,-1,Noise,2011,CN
JP4833121B2,-1,Noise,2007,JP
US20110295399A1,-1,Noise,2009,US
CN102262725A,-1,Noise,2011,CN
CN102233583A,4,T4,2011,CN
FR2959208A1,60,T60,2010,FR
WO2011131733A2,60,T60,2011,Other
TW201135681A,75,T75,2010,Other
CN201996802U,24,T24,2011,CN
JP4788976B2,-1,Noise,2008,JP
TW201132537A,23,T23,2010,Other
TWI349870B,-1,Noise,2006,Other
WO2011119599A2,-1,Noise,2011,Other
JP4780147B2,-1,Noise,2008,JP
CN101823517B,37,T37,2010,CN
US20110231050A1,-1,Noise,2011,US
CN201984350U,-1,Noise,2010,CN
KR1020110103230A,-1,Noise,2010,KR
KR101066999B1,2,T2,2008,KR
CN201970314U,4,T4,2010,CN
CN102183956A,3,T3,2011,CN
KR101064638B1,-1,Noise,2009,KR
WO2011106239A1,-1,Noise,2011,Other
CN102152315A,20,T20,2011,CN
JP2011155267A,0,T0,2011,JP
DE102010045528A1,-1,Noise,2010,DE
CN201906310U,59,T59,2010,CN
KR1020110084630A,1,T1,2010,KR
CN101598118B,-1,Noise,2007,CN
CN101673116B,1,T1,2009,CN
CN102124874A,39,T39,2011,CN
CN102126220A,63,T63,2010,CN
FR2947236B1,-1,Noise,2009,FR
US20110172822A1,-1,Noise,2010,US
EP2207645B1,-1,Noise,2008,Other
EP2342031A1,-1,Noise,2009,Other
BRPI0904540A2,2,T2,2009,Other
CN201881383U,24,T24,2010,CN
USRE042469E,64,T64,2008,US
CN102085666A,4,T4,2010,CN
JP2011105307A,0,T0,2011,JP
US20110130876A1,-1,Noise,2009,US
ES2359212A1,14,T14,2008,Other
CN102039598A,4,T4,2010,CN
DE102009051146A1,25,T25,2009,DE
CN102029610A,-1,Noise,2010,CN
DE102010045345A1,-1,Noise,2010,DE
DE102010045531A1,-1,Noise,2010,DE
JP2011067942A,-1,Noise,2010,JP
CN201784730U,0,T0,2010,CN
JP2011065652A,-1,Noise,2010,JP
CN101995877A,44,T44,2009,CN
US20110067517A1,-1,Noise,2009,US
US20110071679A1,-1,Noise,2009,US
CN201763795U,18,T18,2010,CN
JP4647687B2,-1,Noise,2006,JP
KR1020110023339A,4,T4,2009,KR
JP2011042011A,22,T22,2009,JP
CN101982809A,-1,Noise,2010,CN
KR1020110016520A,-1,Noise,2009,KR
US20110040407A1,-1,Noise,2010,US
CN101972197A,24,T24,2010,CN
KR1020110015314A,-1,Noise,2009,KR
EP2281668A1,-1,Noise,2006,Other
JP2011022157A,35,T35,2010,JP
CN101403619B,47,T47,2008,CN
KR101012739B1,-1,Noise,2008,KR
KR101012918B1,4,T4,2008,KR
CN101947786A,-1,Noise,2010,CN
DE102010018438A1,-1,Noise,2010,DE
CN101592951B,44,T44,2009,CN
CN101941205A,4,T4,2010,CN
CN101941206A,4,T4,2010,CN
CN101941207A,4,T4,2010,CN
KR1020110003146A,-1,Noise,2009,KR
JP2011500349A,-1,Noise,2008,JP
US20110001813A1,-1,Noise,2009,US
WO2011000832A1,-1,Noise,2010,Other
CN201692632U,11,T11,2010,CN
CN101508115B,4,T4,2009,CN
FR2947236A1,-1,Noise,2009,FR
CN201670291U,37,T37,2010,CN
CN101915975A,2,T2,2010,CN
CN201664922U,4,T4,2010,CN
US7848565B2,-1,Noise,2006,US
JP2010260173A,-1,Noise,2010,JP
US20100292838A1,47,T47,2010,US
WO2010132132A1,47,T47,2010,Other
CN101045300B,4,T4,2006,CN
US20100280662A1,-1,Noise,2010,US
US20100280663A1,-1,Noise,2009,US
TWM391143U,75,T75,2010,Other
WO2010105638A1,-1,Noise,2009,Other
CN101835569A,-1,Noise,2008,CN
JP4542067B2,-1,Noise,2006,JP
CN101823517A,37,T37,2010,CN
KR1020100093833A,-1,Noise,2009,KR
CN101804637A,4,T4,2010,CN
CN201548827U,21,T21,2009,CN
CN101439738B,1,T1,2008,CN
CN101797752A,49,T49,2010,CN
KR1020100086262A,2,T2,2009,KR
CN101234489B,4,T4,2008,CN
US20100183205A1,-1,Noise,2008,US
US20100185328A1,2,T2,2010,US
EP2207645A2,-1,Noise,2008,Other
TW201026456A,-1,Noise,2009,Other
WO2010080370A1,-1,Noise,2009,Other
WO2010080448A1,-1,Noise,2009,Other
CN101763119A,-1,Noise,2009,CN
JP2010137289A,1,T1,2008,JP
US20100161120A1,-1,Noise,2009,US
US20100161126A1,-1,Noise,2009,US
US20100161131A1,-1,Noise,2009,US
WO2010071773A1,-1,Noise,2009,Other
CN101380740B,0,T0,2008,CN
CN101733758A,4,T4,2010,CN
CN101734301A,0,T0,2010,CN
CN101738937A,-1,Noise,2009,CN
WO2010063349A1,-1,Noise,2009,Other
CA2741710A1,-1,Noise,2009,Other
CN101290519B,10,T10,2008,CN
CN101305939B,4,T4,2008,CN
TWM381842U,31,T31,2009,Other
US20100126785A1,-1,Noise,2008,US
WO2010057897A1,68,T68,2009,Other
JP4466715B2,-1,Noise,2007,JP
CN201477408U,-1,Noise,2009,CN
JPWO2008090686A1,11,T11,2007,JP
DE102009051148A1,-1,Noise,2009,DE
WO2010049162A1,25,T25,2009,Other
CN201445795U,2,T2,2009,CN
US7706920B2,-1,Noise,2007,US
US20100099475A1,11,T11,2007,US
CN101695838A,-1,Noise,2009,CN
JP2010069565A,12,T12,2008,JP
CN201432303Y,12,T12,2009,CN
JP2010064242A,4,T4,2009,JP
KR1020100030879A,19,T19,2008,KR
CN201423097Y,59,T59,2009,CN
CN100594459C,1,T1,2008,CN
CN100594460C,1,T1,2008,CN
CN101673116A,1,T1,2009,CN
CN101664930A,4,T4,2009,CN
EP2157903A1,-1,Noise,2008,Other
KR1020100022877A,4,T4,2008,KR
JP4418905B2,8,T8,2007,JP
CN100590554C,-1,Noise,2008,CN
US7664571B2,-1,Noise,2006,US
CN201399236Y,11,T11,2009,CN
CN101639665A,1,T1,2009,CN
KR1020100003097A,65,T65,2008,KR
TW201001303A,41,T41,2008,Other
JP2009285816A,-1,Noise,2008,JP
CN101598118A,-1,Noise,2007,CN
DE502006005176D1,47,T47,2006,DE
CN101592951A,44,T44,2009,CN
EP2123336A1,11,T11,2007,Other
KR1020090119984A,-1,Noise,2008,KR
CN201346067Y,20,T20,2009,CN
CN100558322C,19,T19,2008,CN
CN100558323C,19,T19,2008,CN
CN201337198Y,4,T4,2008,CN
JP2009248277A,-1,Noise,2008,JP
CN101564840A,-1,Noise,2009,CN
CN101565064A,0,T0,2008,CN
EP1842630B1,47,T47,2006,Other
KR1020090109652A,32,T32,2008,KR
FR2929874A1,-1,Noise,2008,FR
JP2009233841A,-1,Noise,2008,JP
JP2009536731A,-1,Noise,2007,JP
CN100548242C,-1,Noise,2007,CN
CN101554894A,37,T37,2009,CN
CN201322867Y,-1,Noise,2008,CN
JP2009214255A,-1,Noise,2008,JP
CN101518903A,4,T4,2009,CN
JP2009190122A,-1,Noise,2008,JP
JP2009184034A,-1,Noise,2008,JP
JP2009184035A,-1,Noise,2008,JP
CN101508115A,4,T4,2009,CN
TW200930523A,-1,Noise,2008,Other
KR1020090065004A,1,T1,2007,KR
WO2009075096A1,11,T11,2008,Other
CN201249032Y,11,T11,2007,CN
KR1020090056699A,22,T22,2007,KR
WO2009067458A1,-1,Noise,2008,Other
CN101439733A,7,T7,2007,CN
CN101439738A,1,T1,2008,CN
CN101441480A,1,T1,2008,CN
JP2009107035A,45,T45,2007,JP
US20090132087A1,-1,Noise,2008,US
HK1082451B,11,T11,2006,Other
JP2009101497A,-1,Noise,2007,JP
JP2009101498A,-1,Noise,2007,JP
JP2009096335A,0,T0,2007,JP
US20090118863A1,-1,Noise,2008,US
WO2009058693A1,-1,Noise,2008,Other
CN201231484Y,4,T4,2008,CN
CN100484788C,1,T1,2006,CN
TW200919382A,53,T53,2008,Other
WO2009053838A2,-1,Noise,2008,Other
WO2009055707A1,-1,Noise,2008,Other
CN201223724Y,2,T2,2007,CN
CN101412218A,63,T63,2008,CN
TW200917165A,53,T53,2008,Other
CN101408435A,1,T1,2008,CN
KR1020090036093A,9,T9,2009,KR
CN101403619A,47,T47,2008,CN
CN101403925A,1,T1,2008,CN
CN101398687A,38,T38,2008,CN
JPWO2007029568A1,-1,Noise,2006,JP
US20090073034A1,-1,Noise,2008,US
US20090074252A1,-1,Noise,2008,US
US20090076652A1,-1,Noise,2007,US
AT505338B1,-1,Noise,2007,Other
JP2009509673A,-1,Noise,2006,JP
CN101380739A,0,T0,2008,CN
CN101380740A,0,T0,2008,CN
IDW00200803870A,-1,Noise,2008,Other
JP2009039852A,-1,Noise,2008,JP
JP2009042145A,15,T15,2007,JP
JP2009042146A,15,T15,2007,JP
CN101373380A,10,T10,2008,CN
CN101367209A,4,T4,2007,CN
CN101364082A,-1,Noise,2008,CN
CN100450857C,-1,Noise,2007,CN
CN101340337A,2,T2,2008,CN
TW200900984A,-1,Noise,2008,Other
TW200901074A,-1,Noise,2008,Other
CN201169180Y,-1,Noise,2007,CN
GB0821070D0,68,T68,2008,GB
GB821070D0,68,T68,2008,GB
US20080312771A1,-1,Noise,2008,US
WO2008151346A1,-1,Noise,2008,Other
AT505338A1,-1,Noise,2007,Other
GB2449836A,29,T29,2007,GB
CN101320251A,6,T6,2008,CN
JP2008290247A,-1,Noise,2008,JP
TW200846053A,14,T14,2008,Other
CN100435050C,-1,Noise,2006,CN
CN101305939A,20,T20,2008,CN
TW200842640A,-1,Noise,2008,Other
CN101290519A,10,T10,2008,CN
TW200840631A,11,T11,2007,Other
JP2008229747A,-1,Noise,2007,JP
CN101273945A,48,T48,2007,CN
EP1972416A1,-1,Noise,2007,Other
CN101261007A,-1,Noise,2008,CN
CN201109115Y,4,T4,2007,CN
CN101254347A,11,T11,2008,CN
KR200441761Y1,2,T2,2008,KR
CN101244563A,4,T4,2008,CN
KR1020080075268A,2,T2,2007,KR
KR1020080075269A,67,T67,2007,KR
CN101234045A,20,T20,2008,CN
CN101234489A,0,T0,2008,CN
WO2008090686A1,11,T11,2007,Other
WO2008084480A2,0,T0,2008,Other
EP1941411A2,-1,Noise,2006,Other
JP2008126330A,-1,Noise,2006,JP
JP2008126399A,-1,Noise,2007,JP
US20080129829A1,-1,Noise,2007,US
CN101164648A,67,T67,2006,CN
JP2008049458A,-1,Noise,2006,JP
FR2904944A1,-1,Noise,2006,FR
JP2008036761A,-1,Noise,2006,JP
KR100807449B1,-1,Noise,2007,KR
KR100806126B1,2,T2,2006,KR
CN201020717Y,0,T0,2007,CN
CN101116970A,-1,Noise,2007,CN
DE102007022973A1,76,T76,2007,DE
JP2008022023A,25,T25,2007,JP
CN101108146A,20,T20,2007,CN
KR100798086B1,-1,Noise,2006,KR
JP2008000884A,-1,Noise,2007,JP
US7313463B2,-1,Noise,2006,US
JP2007300470A,-1,Noise,2006,JP
CN101071455A,8,T8,2006,CN
CN200967506Y,37,T37,2006,CN
JP2007280408A,8,T8,2007,JP
CN200957174Y,24,T24,2006,CN
EP1842630A1,47,T47,2006,Other
CN101038223A,0,T0,2007,CN
US20070198128A1,-1,Noise,2006,US
US7259541B2,64,T64,2006,US
US20070192910A1,-1,Noise,2006,US
CN101011985A,-1,Noise,2007,CN
KR1020070078102A,45,T45,2007,KR
TW200726436A,8,T8,2006,Other
JP2007175860A,5,T5,2006,JP
IN291CHENP2006A,-1,Noise,2006,IN
WO2007063633A1,5,T5,2006,Other
HK1096190A,-1,Noise,2007,Other
TWI280867B,8,T8,2006,Other
JP3131012U,61,T61,2007,JP
CN1947960A,10,T10,2006,CN
WO2007041295A2,-1,Noise,2006,Other
JP2007088487A,18,T18,2006,JP
KR200435980Y1,29,T29,2006,KR
WO2007032120A1,-1,Noise,2006,Other
GB0701824D0,29,T29,2007,GB
GB701824D0,29,T29,2007,GB
US20070035541A1,68,T68,2006,US
EP1748391A2,68,T68,2006,Other
CA2553546A1,68,T68,2006,Other
TWM305002U,24,T24,2006,Other
US20070016329A1,-1,Noise,2006,US
US20070003130A1,-1,Noise,2006,US
CN1885217A,-1,Noise,2006,CN
US20060271239A1,-1,Noise,2006,US
WO2006113755A2,-1,Noise,2006,Other
US20060226809A1,64,T64,2006,US
WO2006105094A2,50,T50,2006,Other
CN1807135A,1,T1,2006,CN
HK1082451A,11,T11,2006,Other
US60921192P0,8,T8,2007,US
US60931048P0,-1,Noise,2007,US
US60975447P0,-1,Noise,2007,US
US60982300P0,8,T8,2007,US
US60984639P0,-1,Noise,2007,US
US60989706P0,-1,Noise,2007,US
US61080910P0,17,T17,2008,US
US61115468P0,25,T25,2008,US
US61139442P0,-1,Noise,2008,US
US61174316P0,-1,Noise,2009,US
US61216377P0,47,T47,2009,US
US61242726P0,-1,Noise,2009,US
US61308203P0,-1,Noise,2010,US
US61351397P0,73,T73,2010,US
US61383342P0,-1,Noise,2010,US
US61419529P0,1,T1,2010,US
US61454933P0,-1,Noise,2011,US
US61454937P0,-1,Noise,2011,US
US61500797P0,48,T48,2011,US
US61504921P0,-1,Noise,2011,US
US61531673P0,11,T11,2011,US
US61678340P0,-1,Noise,2012,US
US61784126P0,-1,Noise,2013,US
US61803533P0,-1,Noise,2013,US
US61812028P0,17,T17,2013,US
US61834701P0,11,T11,2013,US
US62032776P0,2,T2,2014,US
US62041275P0,-1,Noise,2014,US
US62041431P0,75,T75,2014,US
US62046158P0,-1,Noise,2014,US
US62167933P0,28,T28,2015,US
US62196792P0,-1,Noise,2015,US
US62235806P0,-1,Noise,2015,US
US62258320P0,-1,Noise,2015,US
US62306908P0,31,T31,2016,US
US62312543P0,25,T25,2016,US
US62412814P0,42,T42,2016,US
US62514498P0,-1,Noise,2017,US
US62517870P0,-1,Noise,2017,US
US62562149P0,-1,Noise,2017,US
US62585791P0,-1,Noise,2017,US
US62646446P0,11,T11,2018,US
US62672767P0,56,T56,2018,US
US62698461P0,14,T14,2018,US
US62815605P0,-1,Noise,2019,US
US62857347P0,-1,Noise,2019,US
US62869492P0,21,T21,2019,US
US62890897P0,-1,Noise,2019,US
US62904139P0,-1,Noise,2019,US
US62953094P0,0,T0,2019,US
US62966820P0,28,T28,2020,US
US62967873P0,11,T11,2020,US
US62968215P0,8,T8,2020,US
US62985971P0,-1,Noise,2020,US
US62985978P0,-1,Noise,2020,US
US62986675P0,53,T53,2020,US
US63012500P0,-1,Noise,2020,US
US63028953P0,-1,Noise,2020,US
US63051560P0,2,T2,2020,US
US63074126P0,8,T8,2020,US
US63169303P0,-1,Noise,2021,US
US63198845P0,7,T7,2020,US
US63202283P0,-1,Noise,2021,US
US63266004P0,22,T22,2021,US
US63266727P0,22,T22,2022,US
US63298207P0,24,T24,2022,US
US63312491P0,-1,Noise,2022,US
US63321753P0,-1,Noise,2022,US
US63322548P0,-1,Noise,2022,US
US63330989P0,16,T16,2022,US
US63333850P0,-1,Noise,2022,US
US63343435P0,-1,Noise,2022,US
US63354763P0,-1,Noise,2022,US
US63390136P0,21,T21,2022,US
US63395420P0,-1,Noise,2022,US
US63396319P0,-1,Noise,2022,US
US63396343P0,-1,Noise,2022,US
US63400061P0,8,T8,2022,US
US63410520P0,-1,Noise,2022,US
US63411495P0,-1,Noise,2022,US
US63435302P0,-1,Noise,2022,US
US63453847P0,70,T70,2023,US
US63460523P0,69,T69,2023,US
US63484517P0,62,T62,2023,US
US63492008P0,-1,Noise,2023,US
US62638578P0,69,T69,2018,US
US63257120P0,53,T53,2021,US
US63494666P0,75,T75,2023,US
US63514777P0,-1,Noise,2023,US
US63538353P0,22,T22,2023,US
US63586402P0,-1,Noise,2023,US
US63592374P0,22,T22,2023,US
US63610937P0,38,T38,2023,US
US63617762P0,-1,Noise,2024,US
US63620633P0,-1,Noise,2024,US
US63634697P0,36,T36,2024,US
US63659832P0,-1,Noise,2024,US
US63706768P0,-1,Noise,2024,US
US63556102P0,10,T10,2024,US
US63558373P0,10,T10,2024,US
US63633113P0,10,T10,2024,US
US63633405P0,-1,Noise,2024,US
US63633920P0,10,T10,2024,US
US63574551P0,-1,Noise,2024,US
US63575887P0,-1,Noise,2024,US
US63632630P0,36,T36,2024,US
US63739006P0,2,T2,2024,US
US63638391P0,21,T21,2024,US
US63646930P0,17,T17,2024,US
US63690334P0,5,T5,2024,US
US63692747P0,5,T5,2024,US
US63697793P0,-1,Noise,2024,US
US63759665P0,-1,Noise,2025,US
US63760617P0,-1,Noise,2025,US
US63653561P0,22,T22,2024,US
US63663917P0,-1,Noise,2024,US
US63674723P0,38,T38,2024,US
US63679998P0,38,T38,2024,US
US63705715P0,36,T36,2024,US
US63718771P0,-1,Noise,2024,US
US63770620P0,-1,Noise,2025,US
US63757440P0,-1,Noise,2025,US
US63691599P0,34,T34,2024,US
US63714989P0,44,T44,2024,US
US63715117P0,5,T5,2024,US
US63776429P0,5,T5,2025,US
US63819533P0,-1,Noise,2025,US
US63839688P0,44,T44,2025,US
US63845821P0,-1,Noise,2025,US
US63860580P0,-1,Noise,2025,US
US63883647P0,-1,Noise,2025,US
US63694282P0,70,T70,2024,US
US63698668P0,2,T2,2024,US
US63714403P0,-1,Noise,2024,US
US63804871P0,-1,Noise,2025,US
US63816910P0,-1,Noise,2025,US
US63818419P0,-1,Noise,2025,US
US63841496P0,-1,Noise,2025,US
US63717945P0,34,T34,2024,US
US63719418P0,-1,Noise,2024,US
US63792948P0,-1,Noise,2025,US
US63798070P0,-1,Noise,2025,US
US63798088P0,-1,Noise,2025,US
US63798255P0,-1,Noise,2025,US
US63804900P0,-1,Noise,2025,US
US63816975P0,-1,Noise,2025,US
US63825999P0,-1,Noise,2025,US
US63836517P0,21,T21,2025,US
US63840912P0,-1,Noise,2025,US
US63860403P0,-1,Noise,2025,US
US63905666P0,-1,Noise,2025,US
US63905711P0,-1,Noise,2025,US
