family_doc_id,简单同族ID,Publication No,Application Date,application_date,source_row,topic,app_year
0,CN202610759692.020260529,CN122353527A,2026-05-29,2026-05-29,1,-1,2026
1,CN202610816025.120260608,CN122353549A,2026-06-08,2026-06-08,2,9,2026
2,CN202610821095.620260609,CN122353550A,2026-06-09,2026-06-09,3,12,2026
3,CN202610460778.320260409,CN122353572A,2026-04-09,2026-04-09,4,32,2026
4,CN202610555860.420260424,CN122353585A,2026-04-24,2026-04-24,5,1,2026
5,CN202610818543.720260608,CN122353628A,2026-06-08,2026-06-08,6,-1,2026
6,CN202510063771.320250115,CN122353641A,2025-01-15,2025-01-15,7,-1,2025
7,CN202610639550.020260511,CN122353665A,2026-05-11,2026-05-11,8,-1,2026
8,CN202610596679.820260430,CN122354669A,2026-04-30,2026-04-30,9,9,2026
9,CN202610419661.020260401,CN122360416A,2026-04-01,2026-04-01,10,7,2026
10,CN202610807252.820260605,CN122362891A,2026-06-05,2026-06-05,11,5,2026
11,CN202610393094.620260327,CN122362977A,2026-03-27,2026-03-27,12,1,2026
12,CN202610647064.320260512,CN122363235A,2026-05-12,2026-05-12,13,17,2026
13,CN202610672260.620260515,CN122363238A,2026-05-15,2026-05-15,14,27,2026
14,CN202610437642.020260403,CN122363295A,2026-04-03,2026-04-03,15,3,2026
15,CN202610829251.320260610,CN122369453A,2026-06-10,2026-06-10,16,2,2026
16,CN202521234480.820250616,CN224476207U,2025-06-16,2025-06-16,17,9,2025
17,CN202521280011.X20250620,CN224476993U,2025-06-20,2025-06-20,18,-1,2025
18,CN202521280021.320250620,CN224476994U,2025-06-20,2025-06-20,19,-1,2025
19,CN202521277179.520250620,CN224481552U,2025-06-20,2025-06-20,20,0,2025
20,420230457,IN202641082192A,2026-07-03,2026-07-03,21,65,2026
21,400737580,JP2026116655A,2025-05-12,2025-05-12,22,18,2025
22,411858816,CN121209388B,2025-11-26,2025-11-26,23,6,2025
23,411719671,CN121223770B,2025-09-25,2025-09-25,24,-1,2025
24,413529534,CN121477955B,2025-11-25,2025-11-25,25,-1,2025
25,417843274,CN122069115B,2026-04-20,2026-04-20,26,17,2026
26,418428328,CN122125731B,2026-05-08,2026-05-08,27,1,2026
27,418607657,CN122154749B,2026-04-30,2026-04-30,28,-1,2026
28,420019807,CN122342909A,2026-04-16,2026-04-16,29,52,2026
29,420024381,CN122343385A,2026-06-08,2026-06-08,30,36,2026
30,420026665,CN122343440A,2026-04-13,2026-04-13,31,-1,2026
31,420024615,CN122343461A,2026-05-28,2026-05-28,32,57,2026
32,420024806,CN122343466A,2026-05-19,2026-05-19,33,-1,2026
33,420025619,CN122343484A,2025-01-06,2025-01-06,34,-1,2025
34,420025654,CN122343485A,2025-01-06,2025-01-06,35,-1,2025
35,420068189,CN122346125A,2026-03-27,2026-03-27,36,52,2026
36,420071464,CN122346163A,2026-06-05,2026-06-05,37,33,2026
37,420067780,CN122349000A,2026-04-16,2026-04-16,38,-1,2026
38,420015611,CN224464722U,2025-08-05,2025-08-05,39,-1,2025
39,420027270,CN224465593U,2025-07-17,2025-07-17,40,-1,2025
40,382073692,CN117565998B,2023-12-09,2023-12-09,41,30,2023
41,411747073,CN121232883B,2025-10-09,2025-10-09,42,73,2025
42,412899210,CN121374700B,2025-10-24,2025-10-24,43,12,2025
43,415901888,CN121782237B,2025-12-31,2025-12-31,44,16,2025
44,415913776,CN121782939B,2026-02-24,2026-02-24,45,52,2026
45,417266909,CN121977581B,2026-04-07,2026-04-07,46,-1,2026
46,419865031,CN122323097A,2026-03-06,2026-03-06,47,13,2026
47,419868148,CN122323140A,2026-03-17,2026-03-17,48,-1,2026
48,419866901,CN122323197A,2026-05-19,2026-05-19,49,-1,2026
49,419867419,CN122323205A,2026-05-28,2026-05-28,50,5,2026
50,419871309,CN122323265A,2026-05-19,2026-05-19,51,12,2026
51,419887793,CN122324149A,2026-06-05,2026-06-05,52,0,2026
52,419888070,CN122324154A,2026-04-13,2026-04-13,53,-1,2026
53,419852315,CN122327614A,2026-03-27,2026-03-27,54,30,2026
54,419925128,CN122331290A,2026-04-16,2026-04-16,55,3,2026
55,419927625,CN122331468A,2026-04-08,2026-04-08,56,10,2026
56,419930829,CN122331584A,2026-04-16,2026-04-16,57,3,2026
57,419853556,CN122333824A,2026-06-04,2026-06-04,58,-1,2026
58,419911807,CN122336465A,2026-04-08,2026-04-08,59,17,2026
59,419863032,CN122340352A,2025-01-02,2025-01-02,60,-1,2025
60,419903668,CN224446014U,2025-08-07,2025-08-07,61,12,2025
61,419904672,CN224446030U,2025-07-15,2025-07-15,62,12,2025
62,419939533,CN224447959U,2025-07-25,2025-07-25,63,0,2025
63,419940152,CN224447969U,2025-09-22,2025-09-22,64,9,2025
64,419981574,IN202621048411A,2026-04-16,2026-04-16,65,21,2026
65,419816289,DE102025144738A1,2025-10-31,2025-10-31,66,2,2025
66,387484395,US20260186494A1,2022-12-05,2022-12-05,67,-1,2022
67,419805569,US20260186507A1,2026-02-20,2026-02-20,68,56,2026
68,396983257,CN119260728B,2024-11-11,2024-11-11,69,5,2024
69,408408986,CN120763686B,2025-06-13,2025-06-13,70,47,2025
70,410910415,CN121093995B,2025-08-28,2025-08-28,71,2,2025
71,411172959,CN121132640B,2025-09-04,2025-09-04,72,32,2025
72,411172140,CN121143009B,2025-09-26,2025-09-26,73,3,2025
73,412888542,CN121391718B,2025-09-17,2025-09-17,74,10,2025
74,414200265,CN121552375B,2025-12-30,2025-12-30,75,17,2025
75,415102393,CN121670746B,2025-12-16,2025-12-16,76,16,2025
76,416911649,CN121934612B,2026-03-30,2026-03-30,77,3,2026
77,417265975,CN121977565B,2026-01-23,2026-01-23,78,-1,2026
78,417508701,CN122018332B,2026-04-10,2026-04-10,79,6,2026
79,419680571,CN122299574A,2026-04-30,2026-04-30,80,3,2026
80,419678351,CN122299623A,2026-03-22,2026-03-22,81,38,2026
81,419679095,CN122299633A,2026-04-02,2026-04-02,82,-1,2026
82,419679472,CN122299638A,2026-04-07,2026-04-07,83,10,2026
83,419679845,CN122299643A,2026-04-10,2026-04-10,84,10,2026
84,419680192,CN122299648A,2026-04-22,2026-04-22,85,5,2026
85,419681074,CN122299660A,2026-05-15,2026-05-15,86,5,2026
86,419682449,CN122299681A,2026-06-01,2026-06-01,87,10,2026
87,419679684,CN122299728A,2026-05-31,2026-05-31,88,-1,2026
88,419680040,CN122299733A,2026-06-01,2026-06-01,89,16,2026
89,419652537,CN122303459A,2026-04-29,2026-04-29,90,-1,2026
90,419757798,CN122308221A,2026-04-10,2026-04-10,91,6,2026
91,419763170,CN122308353A,2026-02-09,2026-02-09,92,15,2026
92,419758098,CN122308377A,2026-04-13,2026-04-13,93,6,2026
93,419766739,CN122308621A,2026-05-20,2026-05-20,94,32,2026
94,419651631,CN122309520A,2026-04-14,2026-04-14,95,21,2026
95,419702787,CN122311848A,2026-03-25,2026-03-25,96,30,2026
96,419714063,CN122312338A,2026-03-26,2026-03-26,97,17,2026
97,419727345,CN122312944A,2026-04-06,2026-04-06,98,33,2026
98,419778255,CN122315225A,2026-05-06,2026-05-06,99,-1,2026
99,419726428,CN224425616U,2025-07-09,2025-07-09,100,9,2025
100,419753192,CN224427278U,2025-09-11,2025-09-11,101,0,2025
101,419640227,CN224427616U,2025-06-20,2025-06-20,102,9,2025
102,419640643,CN224427624U,2025-08-06,2025-08-06,103,0,2025
103,419746961,CN224433157U,2025-04-22,2025-04-22,104,12,2025
104,420000425,KR1020260100240A,2026-06-10,2026-06-10,105,22,2026
105,405431423,CN120363183B,2025-04-10,2025-04-10,106,6,2025
106,408038642,CN120717223B,2025-07-25,2025-07-25,107,28,2025
107,411484486,CN121180324B,2025-11-19,2025-11-19,108,0,2025
108,412286057,CN121300450B,2025-09-01,2025-09-01,109,27,2025
109,412287490,CN121300473B,2025-09-02,2025-09-02,110,3,2025
110,412893200,CN121392348B,2025-08-26,2025-08-26,111,27,2025
111,415205712,CN121704883B,2026-02-12,2026-02-12,112,32,2026
112,416801861,CN121918613B,2026-03-24,2026-03-24,113,6,2026
113,417081209,CN121946543B,2026-04-01,2026-04-01,114,1,2026
114,419510682,CN122274330A,2025-12-04,2025-12-04,115,36,2025
115,419512117,CN122274582A,2025-12-11,2025-12-11,116,-1,2025
116,419519056,CN122274926A,2026-05-25,2026-05-25,117,19,2026
117,419519925,CN122274939A,2026-02-26,2026-02-26,118,1,2026
118,419520044,CN122274941A,2026-03-02,2026-03-02,119,1,2026
119,419519107,CN122274989A,2026-05-06,2026-05-06,120,10,2026
120,419520037,CN122275003A,2026-05-20,2026-05-20,121,29,2026
121,419521224,CN122275023A,2026-05-29,2026-05-29,122,1,2026
122,419521271,CN122275024A,2026-03-24,2026-03-24,123,9,2026
123,419518628,CN122275058A,2026-05-18,2026-05-18,124,-1,2026
124,419540831,CN122276047A,2026-04-22,2026-04-22,125,9,2026
125,419557411,CN122281926A,2026-05-13,2026-05-13,126,33,2026
126,419469429,CN122283593A,2026-05-09,2026-05-09,127,30,2026
127,419473178,CN122283746A,2026-04-01,2026-04-01,128,15,2026
128,419484791,CN122284520A,2026-03-26,2026-03-26,129,65,2026
129,419485543,CN122284596A,2026-03-17,2026-03-17,130,3,2026
130,419487745,CN122284637A,2026-04-03,2026-04-03,131,-1,2026
131,419484954,CN122284661A,2026-05-09,2026-05-09,132,3,2026
132,419480024,CN122290189A,2026-03-13,2026-03-13,133,26,2026
133,419485039,CN122290568A,2026-05-27,2026-05-27,134,2,2026
134,419464625,CN224407616U,2025-07-25,2025-07-25,135,-1,2025
135,419465220,CN224407640U,2025-04-17,2025-04-17,136,12,2025
136,419499182,CN224409118U,2025-07-25,2025-07-25,137,0,2025
137,419425761,US20260179318A1,2026-02-19,2026-02-19,139,-1,2026
138,419455303,WO2026135573A1,2025-12-19,2025-12-19,142,42,2025
139,400705928,EP4761885A1,2024-09-30,2024-09-30,143,-1,2024
140,419410934,JP2026103405A,2024-12-12,2024-12-12,144,14,2024
141,385269637,JP7879790B2,2022-11-02,2022-11-02,145,-1,2022
142,360092887,CN115311620B,2022-08-08,2022-08-08,146,50,2022
143,415602245,CN121746555B,2026-02-28,2026-02-28,147,68,2026
144,419382633,CN122250292A,2026-02-10,2026-02-10,148,39,2026
145,419319255,CN122253153A,2026-05-09,2026-05-09,149,15,2026
146,419319989,CN122253163A,2026-02-05,2026-02-05,150,1,2026
147,419320211,CN122253166A,2026-02-14,2026-02-14,151,5,2026
148,419320532,CN122253170A,2026-03-11,2026-03-11,152,5,2026
149,419320711,CN122253257A,2026-05-25,2026-05-25,153,19,2026
150,419337228,CN122253988A,2026-04-07,2026-04-07,154,13,2026
151,419343405,CN122258919A,2026-04-01,2026-04-01,155,-1,2026
152,419343612,CN122258922A,2026-04-09,2026-04-09,156,33,2026
153,419343277,CN122259079A,2026-03-25,2026-03-25,157,20,2026
154,419345621,CN122259112A,2024-12-20,2024-12-20,158,1,2024
155,419372698,CN122260507A,2026-02-28,2026-02-28,159,29,2026
156,419375121,CN122260767A,2026-03-12,2026-03-12,160,-1,2026
157,419379712,CN122260837A,2026-03-20,2026-03-20,161,57,2026
158,419377005,CN122260870A,2026-05-07,2026-05-07,162,3,2026
159,419381023,CN122260935A,2026-02-25,2026-02-25,163,5,2026
160,419379032,CN122260964A,2026-03-26,2026-03-26,164,1,2026
161,419379262,CN122260968A,2026-03-27,2026-03-27,165,-1,2026
162,419383864,CN122261029A,2026-04-01,2026-04-01,166,49,2026
163,419384043,CN122261101A,2026-03-13,2026-03-13,167,17,2026
164,419385248,CN122261194A,2026-04-07,2026-04-07,168,1,2026
165,419373751,CN122265711A,2026-03-19,2026-03-19,169,10,2026
166,419319333,CN122268066A,2026-03-26,2026-03-26,170,13,2026
167,419374006,CN224391171U,2025-07-09,2025-07-09,171,13,2025
168,419374106,CN224391173U,2025-08-04,2025-08-04,172,-1,2025
169,419296111,CN224392340U,2025-08-06,2025-08-06,173,0,2025
170,419305048,CN224392803U,2025-08-22,2025-08-22,174,0,2025
171,419344115,CN224399750U,2025-09-09,2025-09-09,175,2,2025
172,384089569,US12664684B2,2022-09-30,2022-09-30,177,-1,2022
173,TR202600843120260526,TR2026008431A2,2026-05-26,2026-05-26,178,2,2026
174,382270562,CN117589161B,2023-11-24,2023-11-24,179,15,2023
175,402914896,CN120036246B,2025-01-16,2025-01-16,180,61,2025
176,413516400,CN121483768B,2025-12-30,2025-12-30,181,36,2025
177,417216589,CN121979267B,2026-04-07,2026-04-07,182,27,2026
178,417891403,CN122058378B,2026-04-20,2026-04-20,183,10,2026
179,419148158,CN122230311A,2026-03-20,2026-03-20,184,14,2026
180,419178598,CN122231822A,2026-03-24,2026-03-24,185,9,2026
181,419175067,CN122231839A,2026-05-25,2026-05-25,186,19,2026
182,419175138,CN122231840A,2026-05-25,2026-05-25,187,-1,2026
183,419176045,CN122231855A,2026-03-23,2026-03-23,188,57,2026
184,419176506,CN122231863A,2026-03-30,2026-03-30,189,-1,2026
185,419176567,CN122231864A,2026-04-02,2026-04-02,190,1,2026
186,419178138,CN122231888A,2026-04-30,2026-04-30,191,1,2026
187,419178682,CN122231896A,2026-05-13,2026-05-13,192,65,2026
188,419179841,CN122231915A,2026-05-21,2026-05-21,193,6,2026
189,419175310,CN122231926A,2026-03-24,2026-03-24,194,-1,2026
190,419175427,CN122231928A,2026-03-24,2026-03-24,195,12,2026
191,419175499,CN122231929A,2026-03-24,2026-03-24,196,9,2026
192,419175619,CN122231931A,2026-05-09,2026-05-09,197,-1,2026
193,419177369,CN122231960A,2026-05-25,2026-05-25,198,-1,2026
194,419193268,CN122232765A,2026-04-02,2026-04-02,199,-1,2026
195,419193329,CN122232766A,2026-04-28,2026-04-28,200,0,2026
196,419193435,CN122232768A,2026-05-14,2026-05-14,201,0,2026
197,419221794,CN122239414A,2026-05-21,2026-05-21,202,3,2026
198,419224143,CN122239448A,2026-03-16,2026-03-16,203,5,2026
199,419224272,CN122239593A,2026-04-03,2026-04-03,204,-1,2026
200,419230437,CN122239750A,2026-04-07,2026-04-07,205,3,2026
201,419230821,CN122239755A,2026-05-20,2026-05-20,206,-1,2026
202,419226994,CN122239774A,2026-02-12,2026-02-12,207,6,2026
203,419150338,CN122241442A,2026-05-21,2026-05-21,208,35,2026
204,419222889,CN122244869A,2026-04-16,2026-04-16,209,6,2026
205,419229557,CN122245316A,2026-04-29,2026-04-29,210,2,2026
206,419147636,CN224370636U,2025-07-25,2025-07-25,211,11,2025
207,419139964,CN224375742U,2025-07-23,2025-07-23,212,9,2025
208,419213708,CN224385223U,2025-06-20,2025-06-20,213,0,2025
209,419260792,IN202641069496A,2026-06-03,2026-06-03,214,2,2026
210,419261529,IN202641070932A,2026-06-08,2026-06-08,215,69,2026
211,419259060,IN202641071981A,2026-06-10,2026-06-10,216,2,2026
212,418781215,DE202026001560U1,2026-04-08,2026-04-08,217,20,2026
213,419086242,US20260165900A1,2023-11-02,2023-11-02,218,48,2023
214,419086643,US20260166744A1,2025-10-12,2025-10-12,219,10,2025
215,404528783,CN120246123B,2025-05-14,2025-05-14,220,0,2025
216,411318527,CN121170876B,2025-09-19,2025-09-19,221,2,2025
217,413876477,CN121516132B,2026-01-16,2026-01-16,222,0,2026
218,418988156,CN122210575A,2026-04-08,2026-04-08,223,8,2026
219,418988458,CN122210579A,2026-04-28,2026-04-28,224,-1,2026
220,418988665,CN122210582A,2026-05-13,2026-05-13,225,-1,2026
221,418990146,CN122210604A,2026-03-16,2026-03-16,226,57,2026
222,418990292,CN122210606A,2026-03-20,2026-03-20,227,5,2026
223,418990356,CN122210607A,2026-03-23,2026-03-23,228,57,2026
224,418991914,CN122210633A,2026-04-24,2026-04-24,229,32,2026
225,418989599,CN122210668A,2024-12-16,2024-12-16,230,-1,2024
226,418989725,CN122210670A,2026-04-29,2026-04-29,231,36,2026
227,418991988,CN122210705A,2026-04-02,2026-04-02,232,1,2026
228,418992280,CN122210710A,2026-05-14,2026-05-14,233,16,2026
229,418982766,CN122219069A,2026-01-26,2026-01-26,234,5,2026
230,418983157,CN122219076A,2026-02-28,2026-02-28,235,5,2026
231,418986873,CN122219202A,2026-03-09,2026-03-09,236,-1,2026
232,418990053,CN122219243A,2026-03-20,2026-03-20,237,6,2026
233,418991259,CN122219426A,2026-03-04,2026-03-04,238,-1,2026
234,419032669,CN122221403A,2026-03-10,2026-03-10,239,-1,2026
235,419060750,CN122222573A,2026-04-21,2026-04-21,240,30,2026
236,418988022,CN122223721A,2026-05-20,2026-05-20,241,-1,2026
237,386442833,US12658188B2,2022-03-24,2022-03-24,243,2,2022
238,415955343,TW202623976A,2024-12-04,2024-12-04,244,19,2024
239,418018713,KR102978664B1,2026-05-01,2026-05-01,245,12,2026
240,418946554,JP2026096918A,2025-09-09,2025-09-09,246,11,2025
241,377599405,CN117036469B,2023-05-24,2023-05-24,247,-1,2023
242,380837120,CN117434841B,2023-11-27,2023-11-27,248,3,2023
243,415915315,CN121783173B,2026-03-05,2026-03-05,249,33,2026
244,418848693,CN122185121A,2025-12-30,2025-12-30,250,9,2025
245,418849219,CN122185131A,2026-04-28,2026-04-28,251,19,2026
246,418851642,CN122185171A,2026-03-09,2026-03-09,252,72,2026
247,418852655,CN122185192A,2026-03-23,2026-03-23,253,57,2026
248,418851024,CN122185237A,2026-05-08,2026-05-08,254,-1,2026
249,418851134,CN122185241A,2026-05-12,2026-05-12,255,6,2026
250,418851428,CN122185248A,2026-05-15,2026-05-15,256,5,2026
251,418853332,CN122185285A,2026-02-11,2026-02-11,257,1,2026
252,418854318,CN122185303A,2026-05-15,2026-05-15,258,-1,2026
253,418865631,CN122186124A,2026-01-23,2026-01-23,259,1,2026
254,418918392,CN122188408A,2026-04-24,2026-04-24,260,66,2026
255,418830923,CN122189333A,2026-05-14,2026-05-14,261,36,2026
256,418908609,CN122192572A,2026-04-28,2026-04-28,262,-1,2026
257,418911173,CN122192811A,2026-03-31,2026-03-31,263,16,2026
258,418840120,CN122194988A,2026-03-09,2026-03-09,264,33,2026
259,418840756,CN122195060A,2026-04-21,2026-04-21,265,3,2026
260,418840826,CN122195061A,2026-05-12,2026-05-12,266,3,2026
261,418841328,CN122195069A,2026-02-12,2026-02-12,267,6,2026
262,418858482,CN122195958A,2026-04-10,2026-04-10,268,-1,2026
263,418864934,CN122196245A,2026-03-10,2026-03-10,269,2,2026
264,418881044,CN122196859A,2025-12-10,2025-12-10,270,56,2025
265,418908603,CN122197955A,2026-05-14,2026-05-14,271,6,2026
266,418828173,CN122199760A,2026-03-17,2026-03-17,272,-1,2026
267,418837751,CN122200206A,2026-05-18,2026-05-18,273,-1,2026
268,418850861,CN122200737A,2026-03-03,2026-03-03,274,-1,2026
269,418872637,CN122201723A,2026-03-12,2026-03-12,275,8,2026
270,418862288,CN224349029U,2025-08-25,2025-08-25,276,0,2025
271,418940433,IN202541047561A,2025-05-16,2025-05-16,277,44,2025
272,418940540,IN202541053567A,2025-06-02,2025-06-02,278,20,2025
273,418939221,IN202641047909A,2026-04-15,2026-04-15,279,2,2026
274,418948265,TWI928955B,2025-12-09,2025-12-09,280,26,2025
275,418960849,KR1020260086749A,2026-05-23,2026-05-23,281,30,2026
276,383806792,CN117775138B,2023-12-13,2023-12-13,282,0,2023
277,386493895,CN118071798B,2024-03-04,2024-03-04,283,-1,2024
278,413071256,CN121403406B,2025-12-23,2025-12-23,284,28,2025
279,417216492,CN121979265B,2026-04-08,2026-04-08,285,3,2026
280,418762496,CN122163061A,2025-03-04,2025-03-04,286,-1,2025
281,418700050,CN122165325A,2026-04-28,2026-04-28,287,-1,2026
282,418697939,CN122165364A,2026-05-13,2026-05-13,288,72,2026
283,418701411,CN122165414A,2026-04-08,2026-04-08,289,32,2026
284,418701870,CN122165420A,2026-04-20,2026-04-20,290,6,2026
285,418701938,CN122165421A,2026-04-21,2026-04-21,291,5,2026
286,418697853,CN122165432A,2026-05-07,2026-05-07,292,2,2026
287,418698231,CN122165437A,2026-05-09,2026-05-09,293,1,2026
288,418699058,CN122165448A,2026-05-12,2026-05-12,294,-1,2026
289,418702376,CN122165491A,2026-05-11,2026-05-11,295,-1,2026
290,418725109,CN122171087A,2026-03-19,2026-03-19,296,20,2026
291,418745386,CN122172122A,2026-04-15,2026-04-15,297,2,2026
292,418664651,CN122172777A,2026-01-23,2026-01-23,298,33,2026
293,418665416,CN122172830A,2026-05-13,2026-05-13,299,6,2026
294,418706880,CN122174868A,2026-01-29,2026-01-29,300,1,2026
295,418751255,CN224334489U,2025-07-03,2025-07-03,302,12,2025
296,418689688,CN224335732U,2025-08-06,2025-08-06,303,0,2025
297,418689981,CN224335736U,2025-08-06,2025-08-06,304,0,2025
298,418662186,US12649240B1,2025-07-11,2025-07-11,305,-1,2025
299,415058864,CN121680475B,2026-02-11,2026-02-11,306,67,2026
300,415560768,CN121733581B,2026-02-26,2026-02-26,307,16,2026
301,417081740,CN121946550B,2026-04-03,2026-04-03,308,6,2026
302,418543261,CN122142696A,2026-04-09,2026-04-09,309,-1,2026
303,418548043,CN122142977A,2026-02-24,2026-02-24,310,5,2026
304,418548607,CN122142989A,2026-02-11,2026-02-11,311,1,2026
305,418549644,CN122143010A,2026-03-20,2026-03-20,312,5,2026
306,418550175,CN122143021A,2026-03-31,2026-03-31,313,1,2026
307,418549609,CN122143069A,2026-05-09,2026-05-09,314,1,2026
308,418550776,CN122143092A,2026-04-30,2026-04-30,315,4,2026
309,418551543,CN122143108A,2026-04-20,2026-04-20,316,19,2026
310,418572433,CN122144038A,2026-04-28,2026-04-28,317,0,2026
311,418543075,CN122151619A,2026-01-20,2026-01-20,318,6,2026
312,418548747,CN122151903A,2026-03-13,2026-03-13,319,-1,2026
313,418582148,CN122153654A,2026-03-23,2026-03-23,320,-1,2026
314,418573091,CN122157312A,2026-03-24,2026-03-24,322,-1,2026
315,418560423,CN122160998A,2026-02-05,2026-02-05,323,-1,2026
316,418611000,CN224321004U,2025-05-07,2025-05-07,324,11,2025
317,418567250,CN224323129U,2025-07-23,2025-07-23,325,9,2025
318,418567533,CN224323133U,2025-04-24,2025-04-24,326,-1,2025
319,418637727,IN202641044411A,2026-04-07,2026-04-07,327,2,2026
320,418637381,IN202641065460A,2026-05-24,2026-05-24,328,2,2026
321,418505966,US20260153625A1,2026-01-29,2026-01-29,329,15,2026
322,401444771,CN119847023B,2024-12-27,2024-12-27,330,1,2024
323,402033482,CN119927950B,2025-02-11,2025-02-11,331,4,2025
324,409463747,CN120901960B,2025-08-28,2025-08-28,332,5,2025
325,412705631,CN121340233B,2025-09-04,2025-09-04,333,17,2025
326,414756626,CN121625158B,2026-01-12,2026-01-12,334,-1,2026
327,414941831,CN121661700B,2026-02-09,2026-02-09,335,2,2026
328,416911680,CN121934613B,2026-03-31,2026-03-31,336,7,2026
329,418425783,CN122125691A,2026-02-27,2026-02-27,337,-1,2026
330,418430193,CN122125760A,2026-04-01,2026-04-01,339,-1,2026
331,418428060,CN122133256A,2026-02-13,2026-02-13,340,3,2026
332,418442475,CN122133702A,2026-02-27,2026-02-27,341,1,2026
333,418470010,CN122134889A,2026-01-28,2026-01-28,342,68,2026
334,406460811,US12645773B2,2024-02-21,2024-02-21,343,42,2024
335,418646955,TWM683771U,2026-02-13,2026-02-13,344,23,2026
336,418649622,KR102972174B1,2026-01-30,2026-01-30,345,21,2026
337,VN120260231820260323,VN125611A,2026-03-23,2026-03-23,346,2,2026
338,373103360,CN116580064B,2023-04-12,2023-04-12,347,15,2023
339,413536342,CN121485372B,2026-01-07,2026-01-07,348,-1,2026
340,414917351,CN121650030B,2026-02-09,2026-02-09,349,1,2026
341,415100117,CN121682451B,2026-02-10,2026-02-10,350,15,2026
342,418274953,CN122100107A,2026-02-13,2026-02-13,351,-1,2026
343,418278171,CN122100155A,2026-04-13,2026-04-13,352,5,2026
344,418278674,CN122100163A,2026-04-16,2026-04-16,353,-1,2026
345,418275535,CN122100196A,2026-03-23,2026-03-23,354,-1,2026
346,418278047,CN122100231A,2026-03-25,2026-03-25,355,1,2026
347,418295858,CN122101227A,2026-02-28,2026-02-28,356,7,2026
348,418296550,CN122101237A,2026-04-29,2026-04-29,357,7,2026
349,418300304,CN122101358A,2026-01-30,2026-01-30,358,-1,2026
350,418319518,CN122108148A,2026-03-31,2026-03-31,359,6,2026
351,418252394,CN122110672A,2026-03-25,2026-03-25,360,6,2026
352,418257461,CN122110835A,2026-02-28,2026-02-28,361,3,2026
353,418257175,CN224295861U,2025-06-12,2025-06-12,362,4,2025
354,418287709,CN224297307U,2025-06-20,2025-06-20,363,9,2025
355,418372784,IN202641062477A,2026-05-18,2026-05-18,364,46,2026
356,418372418,IN202641063500A,2026-05-20,2026-05-20,365,28,2026
357,396142887,WO2026108507A1,2025-10-23,2025-10-23,366,73,2025
358,397608665,EP4746797A1,2024-07-19,2024-07-19,367,-1,2024
359,355716961,CN115047759B,2022-05-23,2022-05-23,368,-1,2022
360,381712968,CN117532609B,2023-12-06,2023-12-06,369,2,2023
361,402872262,CN120038753B,2025-03-29,2025-03-29,370,1,2025
362,412315706,CN121290419B,2025-11-08,2025-11-08,371,65,2025
363,414369437,CN121572351B,2026-01-27,2026-01-27,372,4,2026
364,415353033,CN121721972B,2026-02-25,2026-02-25,373,6,2026
365,416377179,CN121847880B,2026-03-19,2026-03-19,374,36,2026
366,418130472,CN122077598A,2025-12-31,2025-12-31,375,-1,2025
367,418131509,CN122077611A,2026-02-05,2026-02-05,376,-1,2026
368,418132060,CN122077618A,2026-02-11,2026-02-11,377,32,2026
369,418132955,CN122077630A,2026-03-09,2026-03-09,378,-1,2026
370,418134974,CN122077656A,2026-04-22,2026-04-22,379,3,2026
371,418131064,CN122077687A,2026-03-25,2026-03-25,380,4,2026
372,418146067,CN122078245A,2026-04-22,2026-04-22,381,-1,2026
373,418105216,CN122083953A,2026-04-06,2026-04-06,382,15,2026
374,418149641,CN122085989A,2025-12-11,2025-12-11,383,-1,2025
375,418149948,CN122085993A,2026-01-20,2026-01-20,384,5,2026
376,418149849,CN122086069A,2026-01-28,2026-01-28,385,6,2026
377,418151944,CN122086099A,2026-02-26,2026-02-26,386,27,2026
378,418046168,CN122087574A,2026-02-10,2026-02-10,387,-1,2026
379,418063585,CN122088551A,2026-03-31,2026-03-31,388,5,2026
380,418087990,CN122089989A,2026-04-23,2026-04-23,389,33,2026
381,418045633,CN122094136A,2026-04-27,2026-04-27,390,49,2026
382,418129245,CN224269985U,2025-06-24,2025-06-24,391,0,2025
383,418098361,CN224275106U,2025-06-16,2025-06-16,392,13,2025
384,418099921,CN224275128U,2025-04-10,2025-04-10,393,-1,2025
385,418133187,CN224276974U,2025-06-30,2025-06-30,394,-1,2025
386,418147290,CN224277367U,2025-06-11,2025-06-11,395,13,2025
387,377689086,US12636785B2,2024-08-20,2024-08-20,396,21,2024
388,417326843,US12638859B2,2025-10-20,2025-10-20,397,-1,2025
389,373589507,US12638922B2,2024-07-21,2024-07-21,398,-1,2024
390,418381941,KR102967195B1,2025-10-02,2025-10-02,399,8,2025
391,TH250100402420250618,TH2501004024A,2025-06-18,2025-06-18,400,18,2025
392,384824683,US20260138273A1,2023-10-05,2023-10-05,402,49,2023
393,417969428,WO2026102554A1,2025-11-10,2025-11-10,403,28,2025
394,TR202400672420240529,TR2024006724B,2024-05-29,2024-05-29,407,54,2024
395,362040286,CN115480594B,2021-05-31,2021-05-31,409,40,2021
396,379903537,CN117310302B,2023-09-22,2023-09-22,410,20,2023
397,415351567,CN121722121B,2026-02-10,2026-02-10,411,33,2026
398,417853970,CN122056724A,2025-12-25,2025-12-25,412,48,2025
399,417889046,CN122058346A,2026-01-23,2026-01-23,413,1,2026
400,417890849,CN122058371A,2026-04-03,2026-04-03,414,28,2026
401,417891790,CN122058383A,2026-03-02,2026-03-02,416,-1,2026
402,417887664,CN122058401A,2026-03-31,2026-03-31,417,5,2026
403,417904488,CN122058987A,2026-02-26,2026-02-26,418,-1,2026
404,417901636,CN122059016A,2026-04-13,2026-04-13,419,0,2026
405,417905754,CN122059071A,2025-11-25,2025-11-25,420,12,2025
406,417909327,CN122064027A,2026-02-05,2026-02-05,421,5,2026
407,417909615,CN122064031A,2026-02-13,2026-02-13,422,-1,2026
408,417909640,CN122064106A,2026-04-20,2026-04-20,423,1,2026
409,417897721,CN224255349U,2025-06-25,2025-06-25,425,9,2025
410,417894805,CN224255389U,2025-08-19,2025-08-19,426,-1,2025
411,349504867,CN114463243B,2020-10-22,2020-10-22,427,26,2020
412,363857984,CN115631348B,2022-10-08,2022-10-08,428,50,2022
413,417684184,CN122033891A,2026-03-26,2026-03-26,429,13,2026
414,417684242,CN122033892A,2026-03-26,2026-03-26,430,13,2026
415,417684311,CN122033893A,2026-03-26,2026-03-26,431,13,2026
416,417687041,CN122033938A,2026-01-30,2026-01-30,432,5,2026
417,417689913,CN122034044A,2026-04-03,2026-04-03,433,-1,2026
418,417694535,CN122034554A,2026-02-04,2026-02-04,434,67,2026
419,417699361,CN122034679A,2025-10-24,2025-10-24,435,2,2025
420,417710450,CN122035042A,2026-01-14,2026-01-14,436,-1,2026
421,417706313,CN122035168A,2026-03-31,2026-03-31,437,0,2026
422,417706367,CN122035169A,2026-03-25,2026-03-25,438,19,2026
423,417766247,CN122038010A,2026-02-27,2026-02-27,439,66,2026
424,417657046,CN122043948A,2026-02-10,2026-02-10,440,67,2026
425,417658264,CN122044035A,2026-02-05,2026-02-05,441,-1,2026
426,417663957,CN122044306A,2026-01-29,2026-01-29,442,44,2026
427,417788937,CN122049225A,2026-02-04,2026-02-04,443,35,2026
428,417723997,CN122052439A,2026-04-15,2026-04-15,444,-1,2026
429,417694690,CN224241141U,2025-05-30,2025-05-30,445,0,2025
430,417694780,CN224241142U,2025-06-13,2025-06-13,446,0,2025
431,417676772,CN224245856U,2025-08-19,2025-08-19,447,-1,2025
432,417739062,CN224249432U,2025-05-28,2025-05-28,448,49,2025
433,417806520,IN202641057487A,2026-05-06,2026-05-06,449,2,2026
434,417654121,JP2026078948A,2024-10-29,2024-10-29,450,71,2024
435,326466090,IN588837A1,2019-10-09,2019-10-09,452,-1,2019
436,417635336,JP2026078104A,2024-10-28,2024-10-28,453,71,2024
437,417635354,JP2026078105A,2024-10-28,2024-10-28,454,71,2024
438,417638173,US20260131464A1,2025-11-10,2025-11-10,455,34,2025
439,417642633,US20260133584A1,2025-09-14,2025-09-14,456,70,2025
440,417644303,US20260134412A1,2025-11-05,2025-11-05,457,-1,2025
441,400255013,CN119682878B,2025-01-02,2025-01-02,458,9,2025
442,407907417,CN120697023B,2025-07-16,2025-07-16,459,65,2025
443,411473826,CN121179480B,2025-11-27,2025-11-27,460,-1,2025
444,412702417,CN121340271B,2025-11-17,2025-11-17,461,5,2025
445,414040465,CN121541648B,2026-01-12,2026-01-12,462,15,2026
446,417527895,CN122008213A,2026-02-12,2026-02-12,463,-1,2026
447,417528108,CN122008216A,2026-03-05,2026-03-05,464,-1,2026
448,417528945,CN122008227A,2026-03-20,2026-03-20,465,5,2026
449,417529720,CN122008238A,2026-04-01,2026-04-01,466,5,2026
450,417530630,CN122008250A,2026-04-10,2026-04-10,467,32,2026
451,417530710,CN122008251A,2026-04-10,2026-04-10,468,-1,2026
452,417528607,CN122008293A,2026-01-27,2026-01-27,469,1,2026
453,417530646,CN122008320A,2026-03-27,2026-03-27,470,-1,2026
454,417554103,CN122009359A,2026-02-05,2026-02-05,471,-1,2026
455,417495757,CN122011932A,2026-03-26,2026-03-26,472,20,2026
456,417533427,CN122013843A,2026-03-19,2026-03-19,473,-1,2026
457,417516328,CN122018682A,2026-01-16,2026-01-16,475,-1,2026
458,417553119,CN122020539A,2026-01-28,2026-01-28,476,2,2026
459,417576469,CN122021709A,2025-12-02,2025-12-02,477,5,2025
460,417501136,CN224223883U,2025-06-11,2025-06-11,478,29,2025
461,417527269,CN224225180U,2025-05-06,2025-05-06,479,0,2025
462,417527417,CN224225182U,2025-06-27,2025-06-27,480,-1,2025
463,417483339,JP2026076684A,2024-10-24,2024-10-24,481,71,2024
464,417483310,JP2026076685A,2024-10-24,2024-10-24,482,71,2024
465,417828838,KR1020260066276A,2024-11-04,2024-11-04,483,0,2024
466,380079506,CN117325177B,2023-11-08,2023-11-08,485,-1,2023
467,403525609,CN120125755B,2025-03-10,2025-03-10,486,15,2025
468,411837558,CN121199998B,2025-10-09,2025-10-09,487,65,2025
469,414926731,CN121660920B,2025-12-15,2025-12-15,488,15,2025
470,417363495,CN121988000A,2026-04-07,2026-04-07,489,6,2026
471,417387464,CN121989231A,2025-12-31,2025-12-31,490,65,2025
472,417387827,CN121989238A,2026-01-30,2026-01-30,491,1,2026
473,417387139,CN121989286A,2026-03-05,2026-03-05,492,19,2026
474,417387252,CN121989288A,2026-02-05,2026-02-05,493,19,2026
475,417387689,CN121989296A,2026-02-13,2026-02-13,494,-1,2026
476,417387217,CN121989300A,2026-03-26,2026-03-26,495,-1,2026
477,417401443,CN121990076A,2026-02-27,2026-02-27,496,-1,2026
478,417396682,CN121994172A,2026-03-02,2026-03-02,497,12,2026
479,417399162,CN121994228A,2025-12-29,2025-12-29,498,1,2025
480,417424530,CN121995943A,2026-01-28,2026-01-28,499,27,2026
481,417424531,CN121995944A,2026-02-09,2026-02-09,500,-1,2026
482,417440830,CN224209992U,2025-06-06,2025-06-06,501,13,2025
483,417463970,IN202631052683A,2026-04-24,2026-04-24,502,2,2026
484,417324786,US20260124746A1,2025-11-03,2025-11-03,503,5,2025
485,417324885,US20260124750A1,2025-11-03,2025-11-03,504,-1,2025
486,396050502,US20260124769A1,2025-09-10,2025-09-10,505,-1,2025
487,417326554,US20260126796A1,2025-10-20,2025-10-20,506,-1,2025
488,417326808,US20260126804A1,2025-10-20,2025-10-20,507,-1,2025
489,417345591,WO2026093977A1,2025-10-30,2025-10-30,509,-1,2025
490,417475521,KR1020260061130A,2026-04-15,2026-04-15,510,33,2026
491,417475712,KR1020260061389A,2026-04-16,2026-04-16,511,-1,2026
492,375013684,CN116788383B,2023-05-16,2023-05-16,512,0,2023
493,382257361,CN117584110B,2023-12-12,2023-12-12,513,19,2023
494,412433884,CN121325859B,2025-09-16,2025-09-16,514,1,2025
495,415730364,CN121757299B,2026-03-02,2026-03-02,515,19,2026
496,417257919,CN121973146A,2026-03-19,2026-03-19,516,1,2026
497,417256521,CN121973208A,2026-02-03,2026-02-03,517,5,2026
498,417258408,CN121973232A,2026-03-27,2026-03-27,518,5,2026
499,417258744,CN121973236A,2026-03-30,2026-03-30,519,1,2026
500,417259519,CN121973246A,2026-04-03,2026-04-03,520,28,2026
501,417260423,CN121973258A,2026-02-11,2026-02-11,521,13,2026
502,417261875,CN121973277A,2026-04-09,2026-04-09,522,16,2026
503,417271894,CN121973869A,2026-02-02,2026-02-02,523,3,2026
504,417269104,CN121977535A,2026-04-03,2026-04-03,524,15,2026
505,417266377,CN121977572A,2026-02-12,2026-02-12,526,33,2026
506,417216614,CN121979188A,2024-10-31,2024-10-31,528,27,2024
507,417216036,CN121979255A,2026-01-15,2026-01-15,529,1,2026
508,417278262,CN121982361A,2025-12-15,2025-12-15,532,-1,2025
509,417282304,CN121982627A,2025-12-19,2025-12-19,533,41,2025
510,417284609,CN121982653A,2026-04-03,2026-04-03,534,51,2026
511,417243777,CN121984799A,2026-03-02,2026-03-02,535,46,2026
512,417280389,CN224196831U,2025-03-27,2025-03-27,536,12,2025
513,341957638,US12617104B2,2022-09-15,2022-09-15,537,0,2022
514,417471324,KR1020260059760A,2024-10-24,2024-10-24,538,0,2024
515,380871661,CN117429531B,2023-09-20,2023-09-20,539,0,2023
516,413399012,CN121455036B,2025-12-25,2025-12-25,540,-1,2025
517,413700335,CN121492126B,2026-01-13,2026-01-13,541,5,2026
518,417139509,CN121942670A,2025-12-23,2025-12-23,542,-1,2025
519,417080227,CN121946454A,2026-03-29,2026-03-29,543,12,2026
520,417080728,CN121946461A,2025-12-17,2025-12-17,544,5,2025
521,417081249,CN121946467A,2025-12-26,2025-12-26,545,1,2025
522,417084546,CN121946508A,2026-03-16,2026-03-16,546,1,2026
523,417079922,CN121946527A,2026-03-26,2026-03-26,547,1,2026
524,417102770,CN121947650A,2026-03-30,2026-03-30,550,40,2026
525,417119300,CN121954006A,2026-01-21,2026-01-21,551,33,2026
526,417058088,CN121956524A,2025-12-31,2025-12-31,552,6,2025
527,417062642,CN121956659A,2025-12-16,2025-12-16,553,44,2025
528,417073199,CN121957078A,2026-02-04,2026-02-04,554,6,2026
529,417080249,CN121957481A,2025-12-23,2025-12-23,555,17,2025
530,417099611,CN121958481A,2025-12-31,2025-12-31,556,17,2025
531,417142762,CN121960563A,2025-12-18,2025-12-18,557,32,2025
532,417142827,CN121960564A,2026-01-07,2026-01-07,558,32,2026
533,417142915,CN121960565A,2026-01-07,2026-01-07,559,32,2026
534,417143008,CN121960566A,2026-01-12,2026-01-12,560,63,2026
535,417073296,CN121962722A,2025-12-31,2025-12-31,561,17,2025
536,417074689,CN121962883A,2025-12-02,2025-12-02,562,17,2025
537,417063669,CN121967892A,2025-12-16,2025-12-16,563,35,2025
538,417142588,CN224179879U,2025-01-15,2025-01-15,564,24,2025
539,417147523,CN224180233U,2025-04-28,2025-04-28,565,11,2025
540,417092277,CN224183069U,2026-03-31,2026-03-31,566,12,2026
541,417094117,CN224183101U,2025-04-30,2025-04-30,567,13,2025
542,417094805,CN224183114U,2025-05-20,2025-05-20,568,13,2025
543,417095011,CN224183118U,2025-05-13,2025-05-13,569,-1,2025
544,417195667,IN202621012402A,2026-02-05,2026-02-05,570,8,2026
545,417197957,IN202641049775A,2026-04-19,2026-04-19,571,2,2026
546,392526731,DE212025000085U1,2025-08-01,2025-08-01,572,-1,2025
547,417029778,US20260118225A1,2025-10-30,2025-10-30,573,-1,2025
548,417041176,WO2026089026A1,2025-10-23,2025-10-23,575,71,2025
549,382551126,CN117621140B,2022-08-12,2022-08-12,576,0,2022
550,410669984,CN121074210B,2025-08-18,2025-08-18,577,68,2025
551,415127591,CN121677735B,2026-02-09,2026-02-09,578,27,2026
552,415265746,CN121702728B,2026-02-11,2026-02-11,579,20,2026
553,416970788,CN121928530A,2026-01-14,2026-01-14,580,2,2026
554,416968099,CN121928562A,2026-02-28,2026-02-28,581,-1,2026
555,416969309,CN121928581A,2026-02-12,2026-02-12,582,2,2026
556,416970256,CN121928596A,2024-10-26,2024-10-26,583,-1,2024
557,416983439,CN121929149A,2025-12-29,2025-12-29,584,7,2025
558,416971231,CN121933015A,2026-01-27,2026-01-27,585,27,2026
559,416910836,CN121934644A,2026-01-15,2026-01-15,588,48,2026
560,416982501,CN224169828U,2025-02-13,2025-02-13,589,19,2025
561,416953007,CN224177140U,2025-04-21,2025-04-21,590,-1,2025
562,414863306,US12611767B2,2025-09-08,2025-09-08,591,34,2025
563,416858933,CN121912389A,2026-02-11,2026-02-11,592,10,2026
564,416859879,CN121912402A,2026-03-20,2026-03-20,593,5,2026
565,416857009,CN121912430A,2026-03-16,2026-03-16,594,13,2026
566,416857368,CN121912436A,2026-02-06,2026-02-06,595,5,2026
567,416857430,CN121912437A,2026-02-13,2026-02-13,596,-1,2026
568,416834988,CN121916275A,2026-03-10,2026-03-10,597,12,2026
569,416846630,CN121916882A,2026-02-05,2026-02-05,598,-1,2026
570,416847510,CN121916894A,2025-12-15,2025-12-15,599,1,2025
571,416855515,CN121917221A,2026-03-27,2026-03-27,600,-1,2026
572,416797357,CN121918389A,2025-12-10,2025-12-10,601,1,2025
573,416798196,CN121918405A,2025-12-31,2025-12-31,602,5,2025
574,416798990,CN121918491A,2026-01-28,2026-01-28,603,1,2026
575,416841323,CN121924288A,2026-01-26,2026-01-26,605,26,2026
576,416840406,CN121924359A,2026-01-13,2026-01-13,606,-1,2026
577,416831414,CN224156236U,2025-05-20,2025-05-20,607,0,2025
578,416878070,IN202441079325A,2024-10-18,2024-10-18,608,-1,2024
579,416874820,IN202641045435A,2026-04-09,2026-04-09,609,8,2026
580,417018025,FR3167753A1,2024-10-22,2024-10-22,610,2,2024
581,417202034,KR102956448B1,2025-11-28,2025-11-28,611,10,2025
582,411467986,CN121186788B,2025-09-28,2025-09-28,612,1,2025
583,412289867,CN121300636B,2025-12-12,2025-12-12,613,-1,2025
584,414339343,CN121580141B,2026-01-26,2026-01-26,614,47,2026
585,414774116,CN121626325B,2026-02-03,2026-02-03,615,9,2026
586,416726573,CN121893221A,2026-01-26,2026-01-26,616,-1,2026
587,416726937,CN121893226A,2026-03-18,2026-03-18,617,39,2026
588,416723910,CN121893278A,2026-03-09,2026-03-09,618,1,2026
589,416726499,CN121893321A,2026-03-23,2026-03-23,619,19,2026
590,416727146,CN121893332A,2026-03-17,2026-03-17,620,17,2026
591,416630486,CN121894073A,2026-03-16,2026-03-16,621,0,2026
592,416663065,CN121895754A,2025-12-30,2025-12-30,622,66,2025
593,416716965,CN121898395A,2026-01-13,2026-01-13,623,15,2026
594,416718593,CN121898422A,2026-01-20,2026-01-20,624,-1,2026
595,416650093,CN121900395A,2025-12-05,2025-12-05,625,15,2025
596,416677617,CN121902025A,2025-12-22,2025-12-22,626,17,2025
597,416670904,CN121906846A,2025-12-22,2025-12-22,627,-1,2025
598,416629406,CN224144706U,2025-05-16,2025-05-16,628,-1,2025
599,416654043,CN224146051U,2025-04-27,2025-04-27,629,0,2025
600,416621081,US12605823B1,2024-04-04,2024-04-04,630,-1,2024
601,368180033,CN116030493B,2022-12-13,2022-12-13,631,41,2022
602,370821898,CN116279893B,2023-04-11,2023-04-11,632,0,2023
603,373554635,CN116625364B,2023-03-28,2023-03-28,633,33,2023
604,401685695,CN119880205B,2025-01-07,2025-01-07,634,20,2025
605,411324885,CN121157111B,2025-10-28,2025-10-28,635,1,2025
606,413699857,CN121492070B,2026-01-13,2026-01-13,636,5,2026
607,414651458,CN121612315B,2026-02-03,2026-02-03,637,33,2026
608,416542386,CN121870783A,2026-03-18,2026-03-18,638,1,2026
609,416542643,CN121870787A,2026-03-19,2026-03-19,639,-1,2026
610,416481451,CN121878858A,2023-10-21,2023-10-21,640,46,2023
611,416484449,CN121879126A,2025-12-31,2025-12-31,641,-1,2025
612,416486606,CN121879233A,2025-12-31,2025-12-31,642,10,2025
613,416489212,CN121879363A,2026-01-29,2026-01-29,643,6,2026
614,416499777,CN121880015A,2026-01-07,2026-01-07,644,65,2026
615,416541089,CN121881853A,2026-01-13,2026-01-13,645,7,2026
616,416547394,CN121882096A,2025-11-11,2025-11-11,646,5,2025
617,416481526,CN121884311A,2025-12-19,2025-12-19,647,-1,2025
618,416484883,CN121884442A,2025-12-25,2025-12-25,648,53,2025
619,416467752,CN224128773U,2025-05-24,2025-05-24,649,36,2025
620,416465228,IN202441078598A,2024-10-16,2024-10-16,650,0,2024
621,416464051,IN202531082661A,2025-08-31,2025-08-31,651,8,2025
622,416462665,IN202621023885A,2026-02-27,2026-02-27,652,5,2026
623,416461515,IN202641022334A,2026-02-25,2026-02-25,653,8,2026
624,416449520,US20260102903A1,2025-10-10,2025-10-10,654,36,2025
625,416447201,WO2026080502A1,2025-10-07,2025-10-07,655,-1,2025
626,410486500,TW202615804A,2024-10-14,2024-10-14,656,-1,2024
627,398399237,CN119440025B,2024-12-16,2024-12-16,657,3,2024
628,403111581,CN120063276B,2025-02-25,2025-02-25,658,-1,2025
629,405433006,CN120369006B,2025-06-20,2025-06-20,659,27,2025
630,413700197,CN121492124B,2026-01-09,2026-01-09,660,-1,2026
631,414018483,CN121535787B,2026-01-13,2026-01-13,661,0,2026
632,414664113,CN121613756B,2026-01-30,2026-01-30,662,-1,2026
633,414916993,CN121650025B,2026-02-06,2026-02-06,663,6,2026
634,416336665,CN121845910A,2026-02-02,2026-02-02,664,2,2026
635,416347176,CN121846550A,2026-01-31,2026-01-31,665,24,2026
636,416385287,CN121848352A,2026-02-06,2026-02-06,667,9,2026
637,416386514,CN121848369A,2024-10-12,2024-10-12,668,1,2024
638,416386800,CN121848373A,2025-12-02,2025-12-02,669,-1,2025
639,416387658,CN121848385A,2026-01-13,2026-01-13,670,5,2026
640,416387946,CN121848389A,2026-01-21,2026-01-21,671,1,2026
641,416388156,CN121848392A,2026-01-29,2026-01-29,672,-1,2026
642,416386997,CN121848442A,2026-02-04,2026-02-04,673,1,2026
643,416403590,CN121849265A,2025-12-17,2025-12-17,674,19,2025
644,416314918,CN121855534A,2025-12-26,2025-12-26,675,27,2025
645,416345608,CN121857307A,2025-12-31,2025-12-31,676,5,2025
646,416345698,CN121857308A,2026-01-06,2026-01-06,677,1,2026
647,416350123,CN121857367A,2025-12-01,2025-12-01,678,44,2025
648,416346403,CN121857400A,2025-07-31,2025-07-31,679,3,2025
649,416350817,CN121857675A,2025-12-16,2025-12-16,680,1,2025
650,416352840,CN121857704A,2026-01-20,2026-01-20,681,-1,2026
651,416356725,CN121857755A,2025-12-31,2025-12-31,682,3,2025
652,416355601,CN121857978A,2026-03-16,2026-03-16,683,20,2026
653,416391663,CN121859535A,2025-12-15,2025-12-15,684,-1,2025
654,416310391,CN121860519A,2026-01-26,2026-01-26,685,-1,2026
655,416376020,CN121863774A,2026-01-28,2026-01-28,686,0,2026
656,416373776,CN224112960U,2025-03-07,2025-03-07,687,24,2025
657,416364546,CN224117400U,2025-06-09,2025-06-09,688,0,2025
658,416299040,US12600568B1,2025-06-29,2025-06-29,689,-1,2025
659,409462851,TWI922316B,2025-05-13,2025-05-13,690,75,2025
660,373389730,CN116607905B,2023-02-17,2023-02-17,691,0,2023
661,378531806,CN117141613B,2023-08-25,2023-08-25,692,-1,2023
662,378451281,CN117440909B,2022-05-23,2022-05-23,693,40,2022
663,407604610,CN120673228B,2025-06-12,2025-06-12,694,7,2025
664,414910013,CN121659991B,2026-02-09,2026-02-09,695,5,2026
665,416185411,CN121821311A,2025-12-16,2025-12-16,696,-1,2025
666,416185614,CN121821396A,2026-03-02,2026-03-02,697,-1,2026
667,416185862,CN121821400A,2026-03-09,2026-03-09,698,8,2026
668,416189043,CN121821463A,2026-02-06,2026-02-06,699,-1,2026
669,416206517,CN121822677A,2025-12-18,2025-12-18,700,0,2025
670,416206621,CN121822679A,2026-03-04,2026-03-04,701,6,2026
671,416206966,CN121822684A,2026-03-13,2026-03-13,702,9,2026
672,416207573,CN121822773A,2025-12-19,2025-12-19,703,-1,2025
673,416189052,CN121832581A,2025-11-13,2025-11-13,704,-1,2025
674,416189514,CN121832590A,2026-01-14,2026-01-14,705,6,2026
675,416138323,CN121835816A,2025-11-28,2025-11-28,706,57,2025
676,416167792,CN121837157A,2025-12-15,2025-12-15,707,30,2025
677,416190823,CN121838028A,2025-12-30,2025-12-30,708,15,2025
678,416152566,CN121842253A,2026-01-07,2026-01-07,709,21,2026
679,416183674,CN224102963U,2025-05-09,2025-05-09,710,0,2025
680,416205166,CN224104184U,2025-06-05,2025-06-05,711,0,2025
681,416280105,IN202641038527A,2026-03-28,2026-03-28,712,15,2026
682,416280654,IN202641038926A,2026-03-29,2026-03-29,713,-1,2026
683,416281207,IN202641038945A,2026-03-29,2026-03-29,714,-1,2026
684,416281851,IN202641040368A,2026-03-31,2026-03-31,715,2,2026
685,416106918,JP2026062316A,2024-09-30,2024-09-30,716,-1,2024
686,350322328,EP4001010B1,2021-11-15,2021-11-15,718,7,2021
687,412902619,CN121386792B,2025-12-25,2025-12-25,719,1,2025
688,416027469,CN121798581A,2025-11-25,2025-11-25,720,5,2025
689,416024138,CN121798600A,2025-12-30,2025-12-30,721,-1,2025
690,416025431,CN121798619A,2026-01-28,2026-01-28,722,21,2026
691,416026502,CN121798634A,2026-03-05,2026-03-05,723,-1,2026
692,416028106,CN121798655A,2026-02-13,2026-02-13,724,10,2026
693,416029448,CN121798674A,2025-12-09,2025-12-09,725,17,2025
694,416044307,CN121799378A,2025-12-24,2025-12-24,726,7,2025
695,415981508,CN121801037A,2025-12-10,2025-12-10,727,66,2025
696,416058875,CN121804723A,2026-01-12,2026-01-12,728,66,2026
697,415985902,CN121806458A,2025-12-22,2025-12-22,729,5,2025
698,415988520,CN121806509A,2026-01-16,2026-01-16,730,-1,2026
699,415988630,CN121806511A,2026-01-20,2026-01-20,731,6,2026
700,415988680,CN121806512A,2026-02-27,2026-02-27,732,-1,2026
701,415988229,CN121806572A,2025-11-27,2025-11-27,733,38,2025
702,415990766,CN121806618A,2025-12-25,2025-12-25,734,-1,2025
703,416049249,CN121809538A,2025-12-31,2025-12-31,735,17,2025
704,415986545,CN121811453A,2025-12-30,2025-12-30,736,-1,2025
705,416057662,CN121814856A,2025-12-16,2025-12-16,737,-1,2025
706,416291991,KR1020260047037A,2024-09-30,2024-09-30,738,6,2024
707,344976132,CN114049681B,2018-06-19,2018-06-19,739,26,2018
708,414205327,CN121552445B,2026-01-21,2026-01-21,740,32,2026
709,415927629,CN121776725A,2025-12-12,2025-12-12,741,36,2025
710,415821972,CN121777129A,2026-02-09,2026-02-09,742,-1,2026
711,415821313,CN121777165A,2026-02-05,2026-02-05,743,5,2026
712,415823094,CN121777198A,2025-11-20,2025-11-20,744,48,2025
713,415844430,CN121785330A,2026-03-05,2026-03-05,748,-1,2026
714,415888285,CN121788194A,2025-12-25,2025-12-25,749,42,2025
715,415892395,CN121788566A,2025-12-18,2025-12-18,750,51,2025
716,415863494,CN121793060A,2025-12-22,2025-12-22,751,52,2025
717,415870963,CN224074361U,2025-05-09,2025-05-09,752,-1,2025
718,415889401,CN224075659U,2025-05-09,2025-05-09,753,0,2025
719,415829053,CN224077963U,2025-05-06,2025-05-06,754,18,2025
720,415904766,CN224083327U,2025-06-18,2025-06-18,755,12,2025
721,415947808,IN202521012377A,2025-02-13,2025-02-13,756,8,2025
722,415948413,IN202641013775A,2026-02-09,2026-02-09,757,-1,2026
723,415948488,IN202641016802A,2026-02-16,2026-02-16,758,8,2026
724,415804364,WO2026065373A1,2024-09-30,2024-09-30,759,15,2024
725,346254836,EP4010659B1,2019-09-13,2019-09-13,761,-1,2019
726,415957094,TWM681730U,2025-12-23,2025-12-23,763,-1,2025
727,401285955,CN119821068B,2025-02-14,2025-02-14,764,1,2025
728,410868658,CN121083647B,2025-10-11,2025-10-11,765,32,2025
729,411321406,CN121156985B,2025-10-15,2025-10-15,766,1,2025
730,411474829,CN121179441B,2025-11-24,2025-11-24,767,6,2025
731,411863574,CN121212193B,2025-11-28,2025-11-28,768,5,2025
732,412196921,CN121267989B,2025-12-09,2025-12-09,769,-1,2025
733,413341681,CN121447655B,2026-01-07,2026-01-07,770,57,2026
734,413699049,CN121492057B,2026-01-05,2026-01-05,771,57,2026
735,415710650,CN121756299A,2026-02-13,2026-02-13,772,40,2026
736,415712846,CN121756330A,2025-12-16,2025-12-16,773,1,2025
737,415713396,CN121756339A,2025-12-26,2025-12-26,774,1,2025
738,415714391,CN121756354A,2026-02-09,2026-02-09,775,-1,2026
739,415714640,CN121756358A,2026-03-02,2026-03-02,776,-1,2026
740,415761377,CN121762967A,2025-12-15,2025-12-15,778,-1,2025
741,415762383,CN121763055A,2025-12-17,2025-12-17,779,-1,2025
742,415670770,CN121764080A,2025-12-15,2025-12-15,780,15,2025
743,415672518,CN121764108A,2025-12-31,2025-12-31,781,15,2025
744,415760162,CN121767901A,2025-12-18,2025-12-18,782,56,2025
745,415758805,CN121768043A,2025-12-26,2025-12-26,783,41,2025
746,415667473,CN224059839U,2025-03-31,2025-03-31,784,-1,2025
747,415687803,CN224061076U,2025-05-21,2025-05-21,785,0,2025
748,364972293,CN115705703B,2021-08-02,2021-08-02,787,50,2021
749,375589891,CN116852352B,2023-06-14,2023-06-14,788,-1,2023
750,378244331,CN117103261B,2023-08-29,2023-08-29,789,65,2023
751,405928126,CN120451488B,2025-04-08,2025-04-08,790,-1,2025
752,407771921,CN120687743B,2025-07-29,2025-07-29,791,17,2025
753,409201541,CN120862689B,2025-08-21,2025-08-21,792,-1,2025
754,411187115,CN121143869B,2025-08-13,2025-08-13,793,17,2025
755,411357813,CN121163545B,2025-11-14,2025-11-14,794,6,2025
756,413428911,CN121459412B,2026-01-08,2026-01-08,795,26,2026
757,413699812,CN121492069B,2026-01-13,2026-01-13,796,47,2026
758,414018799,CN121535720B,2026-01-16,2026-01-16,797,1,2026
759,414517649,CN121589818B,2026-01-26,2026-01-26,798,44,2026
760,415544323,CN121732752A,2025-12-25,2025-12-25,799,36,2025
761,415559808,CN121733500A,2026-02-09,2026-02-09,800,-1,2026
762,415557338,CN121733532A,2025-12-12,2025-12-12,801,6,2025
763,415558928,CN121733555A,2025-12-30,2025-12-30,802,3,2025
764,415558988,CN121733556A,2025-12-30,2025-12-30,803,1,2025
765,415559419,CN121733562A,2026-01-05,2026-01-05,804,3,2026
766,415560848,CN121733582A,2026-02-26,2026-02-26,806,17,2026
767,415557815,CN121733612A,2026-01-16,2026-01-16,807,13,2026
768,415576767,CN121734546A,2026-02-24,2026-02-24,808,37,2026
769,415506857,CN121736750A,2025-12-26,2025-12-26,809,66,2025
770,415588208,CN121740003A,2025-12-31,2025-12-31,810,-1,2025
771,415588507,CN121740007A,2026-02-06,2026-02-06,811,-1,2026
772,415504108,CN121742308A,2025-12-29,2025-12-29,812,3,2025
773,415570912,CN121745152A,2025-12-30,2025-12-30,813,5,2025
774,415604374,CN121746593A,2025-12-17,2025-12-17,815,-1,2025
775,415609901,CN121746837A,2025-11-25,2025-11-25,816,56,2025
776,415574544,CN121750997A,2026-01-04,2026-01-04,817,52,2026
777,415501753,CN224043790U,2025-02-25,2025-02-25,818,4,2025
778,415503114,CN224043818U,2025-01-24,2025-01-24,819,-1,2025
779,415503566,CN224043824U,2025-04-18,2025-04-18,820,0,2025
780,415636197,IN202611015954A,2026-02-12,2026-02-12,821,8,2026
781,415640308,IN202621015364A,2026-02-11,2026-02-11,822,-1,2026
782,386088001,CN118023798B,2024-03-28,2024-03-28,823,36,2024
783,412197363,CN121267943B,2025-12-10,2025-12-10,824,5,2025
784,412197372,CN121267944B,2025-12-10,2025-12-10,825,57,2025
785,413502486,CN121468592B,2026-01-07,2026-01-07,826,57,2026
786,413827724,CN121523059B,2026-01-14,2026-01-14,827,6,2026
787,415426631,CN121716023A,2026-02-03,2026-02-03,828,0,2026
788,415427663,CN121716036A,2025-11-17,2025-11-17,829,10,2025
789,415429731,CN121716066A,2026-01-05,2026-01-05,830,-1,2026
790,415430187,CN121716074A,2026-01-28,2026-01-28,831,19,2026
791,415425796,CN121716095A,2026-01-26,2026-01-26,832,5,2026
792,415427541,CN121716118A,2025-12-22,2025-12-22,833,49,2025
793,415428050,CN121716126A,2026-02-05,2026-02-05,834,-1,2026
794,415428128,CN121716127A,2026-02-24,2026-02-24,835,47,2026
795,415346681,CN121721735A,2026-02-27,2026-02-27,836,30,2026
796,415350288,CN121722017A,2025-12-26,2025-12-26,838,3,2025
797,415398381,CN121724724A,2025-12-22,2025-12-22,839,35,2025
798,415349749,CN121726660A,2025-12-03,2025-12-03,840,-1,2025
799,415352816,CN224024218U,2025-03-28,2025-03-28,841,11,2025
800,410751455,CN121067747B,2025-08-21,2025-08-21,842,30,2025
801,411836919,CN121200084B,2025-11-26,2025-11-26,843,47,2025
802,411960037,CN121245866B,2025-12-05,2025-12-05,844,17,2025
803,412895712,CN121374662B,2025-12-26,2025-12-26,845,1,2025
804,413019269,CN121411291B,2025-12-26,2025-12-26,846,1,2025
805,413019302,CN121411292B,2025-12-26,2025-12-26,847,10,2025
806,415248056,CN121696947A,2025-12-15,2025-12-15,848,5,2025
807,415250645,CN121696985A,2026-02-06,2026-02-06,849,1,2026
808,415246758,CN121697000A,2025-10-28,2025-10-28,850,2,2025
809,415248757,CN121697028A,2025-12-19,2025-12-19,851,10,2025
810,415258187,CN121697382A,2025-10-22,2025-10-22,852,0,2025
811,415263899,CN121697767A,2025-11-28,2025-11-28,853,0,2025
812,415244887,CN121701626A,2026-02-13,2026-02-13,854,-1,2026
813,415193129,CN121704173A,2025-11-10,2025-11-10,856,17,2025
814,415199341,CN121704503A,2024-09-20,2024-09-20,857,74,2024
815,415199722,CN121704509A,2025-11-28,2025-11-28,858,33,2025
816,415247992,CN121706840A,2026-02-12,2026-02-12,860,2,2026
817,415274188,CN121708231A,2025-11-03,2025-11-03,861,33,2025
818,415223801,CN121710572A,2025-12-19,2025-12-19,862,-1,2025
819,415311909,IN202641012362A,2026-02-05,2026-02-05,863,48,2026
820,415314125,IN202641028164A,2026-03-10,2026-03-10,864,21,2026
821,415153631,US20260077484A1,2024-09-16,2024-09-16,865,-1,2024
822,415153650,US20260077485A1,2025-08-29,2025-08-29,866,-1,2025
823,415153934,US20260077497A1,2025-09-26,2025-09-26,867,38,2025
824,415158971,US20260080036A1,2025-10-29,2025-10-29,868,21,2025
825,415183134,WO2026060354A1,2025-09-15,2025-09-15,870,70,2025
826,415330307,KR1020260038844A,2025-09-12,2025-09-12,871,17,2025
827,415330300,KR1020260038845A,2025-09-12,2025-09-12,872,-1,2025
828,415330308,KR1020260038846A,2025-09-12,2025-09-12,873,17,2025
829,415330324,KR1020260038847A,2025-09-12,2025-09-12,874,-1,2025
830,360649947,CN115359405B,2022-08-31,2022-08-31,875,43,2022
831,406618533,CN120538534B,2025-06-03,2025-06-03,876,6,2025
832,408504428,CN120773051B,2025-08-18,2025-08-18,877,1,2025
833,409899327,CN120962662B,2025-09-02,2025-09-02,878,10,2025
834,412749852,CN121361103B,2025-12-23,2025-12-23,879,1,2025
835,412933699,CN121394963B,2025-12-23,2025-12-23,880,49,2025
836,413433441,CN121459816B,2025-12-31,2025-12-31,881,2,2025
837,413856185,CN121515221B,2026-01-15,2026-01-15,882,1,2026
838,415085426,CN121669965A,2025-12-24,2025-12-24,883,66,2025
839,415102133,CN121670599A,2026-02-06,2026-02-06,884,4,2026
840,415097598,CN121670606A,2026-01-29,2026-01-29,885,32,2026
841,415099140,CN121670626A,2025-11-24,2025-11-24,886,1,2025
842,415102321,CN121670745A,2025-12-11,2025-12-11,887,16,2025
843,415121302,CN121671761A,2025-12-31,2025-12-31,889,37,2025
844,415121936,CN121671770A,2025-12-17,2025-12-17,890,-1,2025
845,415010567,CN121678003A,2025-12-19,2025-12-19,892,-1,2025
846,415012972,CN121678033A,2026-01-22,2026-01-22,893,1,2026
847,415048011,CN121680044A,2025-10-30,2025-10-30,894,-1,2025
848,415051510,CN121680153A,2025-11-12,2025-11-12,895,32,2025
849,415052519,CN121680167A,2025-11-29,2025-11-29,896,5,2025
850,415059079,CN121680399A,2025-12-15,2025-12-15,897,-1,2025
851,415056243,CN121680439A,2025-12-08,2025-12-08,898,-1,2025
852,415064347,CN121686287A,2025-12-08,2025-12-08,901,54,2025
853,415065983,CN121686519A,2025-12-18,2025-12-18,902,-1,2025
854,415067696,CN121686550A,2026-02-10,2026-02-10,903,26,2026
855,415123436,CN121689409A,2025-12-22,2025-12-22,904,49,2025
856,415029639,CN121691496A,2025-12-25,2025-12-25,905,-1,2025
857,415072443,CN223999641U,2026-02-10,2026-02-10,906,9,2026
858,373757891,JP7831825B2,2022-02-16,2022-02-16,907,4,2022
859,415327940,KR1020260037630A,2026-01-08,2026-01-08,908,-1,2026
860,377052155,CN117011378B,2023-07-20,2023-07-20,909,15,2023
861,409269655,CN120873640B,2025-06-12,2025-06-12,910,47,2025
862,414911340,CN121649957A,2025-12-24,2025-12-24,911,12,2025
863,414915561,CN121650006A,2026-01-16,2026-01-16,912,1,2026
864,414924364,CN121650591A,2026-02-02,2026-02-02,915,-1,2026
865,414969384,CN121655500A,2025-12-18,2025-12-18,916,27,2025
866,414921668,CN121657086A,2025-12-10,2025-12-10,917,-1,2025
867,414925648,CN121657435A,2025-11-21,2025-11-21,918,5,2025
868,414930354,CN121657659A,2025-12-19,2025-12-19,919,-1,2025
869,414930430,CN121657718A,2025-12-09,2025-12-09,920,3,2025
870,414930709,CN121657722A,2025-12-22,2025-12-22,921,10,2025
871,414947179,CN121661771A,2024-08-27,2024-08-27,925,29,2024
872,414960894,CN121662528A,2026-01-26,2026-01-26,926,-1,2026
873,414954714,CN223990086U,2025-04-25,2025-04-25,927,0,2025
874,414979121,IN202431067769A,2024-09-07,2024-09-07,928,29,2024
875,414977667,IN202641024867A,2026-03-02,2026-03-02,929,21,2026
876,414977843,IN202641024899A,2026-03-02,2026-03-02,930,-1,2026
877,414580788,JP2026046233A,2024-09-02,2024-09-02,931,40,2024
878,414852184,JP2026044480A,2024-08-30,2024-08-30,932,20,2024
879,414867716,US20260072450A1,2024-08-19,2024-08-19,934,30,2024
880,402355123,CN119975603B,2025-04-17,2025-04-17,935,9,2025
881,413072704,CN121403422B,2025-12-30,2025-12-30,936,57,2025
882,413262194,CN121424414B,2025-12-31,2025-12-31,937,5,2025
883,414756120,CN121625090A,2025-12-03,2025-12-03,938,32,2025
884,414757418,CN121625117A,2025-10-21,2025-10-21,939,28,2025
885,414755586,CN121625136A,2025-12-08,2025-12-08,940,1,2025
886,414756068,CN121625147A,2025-12-16,2025-12-16,941,1,2025
887,414756581,CN121625157A,2026-01-07,2026-01-07,942,10,2026
888,414757793,CN121625184A,2025-11-27,2025-11-27,944,2,2025
889,414759763,CN121625230A,2025-12-08,2025-12-08,945,-1,2025
890,414768365,CN121626046A,2026-02-02,2026-02-02,946,-1,2026
891,414774077,CN121626324A,2026-01-14,2026-01-14,947,0,2026
892,414774163,CN121626326A,2026-02-03,2026-02-03,949,37,2026
893,414763824,CN121632129A,2025-11-17,2025-11-17,950,27,2025
894,414805662,CN121635000A,2025-12-02,2025-12-02,951,1,2025
895,414808785,CN121635338A,2025-12-11,2025-12-11,952,5,2025
896,414810493,CN121635434A,2025-10-22,2025-10-22,953,33,2025
897,414810562,CN121635435A,2025-11-28,2025-11-28,954,5,2025
898,414813443,CN121635478A,2025-09-02,2025-09-02,955,-1,2025
899,414813718,CN121635554A,2025-12-12,2025-12-12,956,1,2025
900,414776829,CN121639648A,2025-12-05,2025-12-05,957,30,2025
901,414786224,CN121640520A,2025-12-25,2025-12-25,958,41,2025
902,414738732,CN223981815U,2025-03-27,2025-03-27,959,-1,2025
903,413342610,CN121447710B,2026-01-05,2026-01-05,960,-1,2026
904,414622782,CN121608127A,2026-02-03,2026-02-03,961,12,2026
905,414620889,CN121608155A,2025-12-31,2025-12-31,962,1,2025
906,414626633,CN121608821A,2025-12-29,2025-12-29,963,-1,2025
907,414626682,CN121608822A,2026-01-05,2026-01-05,964,37,2026
908,414680964,CN121615680A,2025-11-26,2025-11-26,967,17,2025
909,414611070,IN202641020606A,2026-02-22,2026-02-22,968,70,2026
910,414588110,US20260061611A1,2025-11-03,2025-11-03,969,44,2025
911,414588372,US20260061625A1,2025-11-06,2025-11-06,970,-1,2025
912,374096977,CN116690557B,2023-05-09,2023-05-09,973,-1,2023
913,395722745,CN119115940B,2024-09-13,2024-09-13,974,5,2024
914,414516047,CN121589798A,2025-11-24,2025-11-24,975,35,2025
915,414533102,CN121590664A,2025-11-19,2025-11-19,977,0,2025
916,414473095,CN121596874A,2025-11-17,2025-11-17,978,-1,2025
917,414463979,CN121600201A,2025-11-04,2025-11-04,979,56,2025
918,414472005,CN121600695A,2024-08-14,2024-08-14,980,-1,2024
919,414478792,CN223961292U,2025-01-17,2025-01-17,981,-1,2025
920,378512455,CN117140542B,2023-08-07,2023-08-07,982,2,2023
921,378531716,CN117141611B,2023-08-08,2023-08-08,983,3,2023
922,408200617,CN120735021B,2025-07-17,2025-07-17,984,17,2025
923,408648437,CN120805549B,2025-06-17,2025-06-17,985,20,2025
924,409894896,CN120979671B,2025-08-07,2025-08-07,986,38,2025
925,410679756,CN121069743B,2025-11-07,2025-11-07,987,5,2025
926,411722901,CN121224725B,2025-12-01,2025-12-01,988,7,2025
927,414368226,CN121572259A,2025-11-21,2025-11-21,989,32,2025
928,414367683,CN121572325A,2026-01-07,2026-01-07,990,-1,2026
929,414367878,CN121572328A,2026-01-20,2026-01-20,991,1,2026
930,414370405,CN121572361A,2025-12-31,2025-12-31,993,-1,2025
931,414383667,CN121573085A,2026-01-16,2026-01-16,994,0,2026
932,414432409,CN121578654A,2026-01-26,2026-01-26,995,5,2026
933,414355625,CN121580848A,2025-12-03,2025-12-03,997,-1,2025
934,414393551,CN223947923U,2025-04-14,2025-04-14,998,13,2025
935,414393606,CN223947924U,2025-01-03,2025-01-03,999,-1,2025
936,414332611,CN223949242U,2025-01-21,2025-01-21,1000,0,2025
937,414332693,CN223949244U,2025-04-28,2025-04-28,1001,13,2025
938,414294504,US20260054369A1,2025-10-29,2025-10-29,1002,-1,2025
939,414294729,US20260054379A1,2025-10-28,2025-10-28,1003,-1,2025
940,393403734,EP4698351A2,2024-04-19,2024-04-19,1005,2,2024
941,376588647,CN116946280B,2023-08-23,2023-08-23,1006,0,2023
942,406926944,CN120578041B,2025-05-30,2025-05-30,1007,28,2025
943,410682039,CN121069800B,2025-11-07,2025-11-07,1008,6,2025
944,414201552,CN121552315A,2025-11-27,2025-11-27,1009,1,2025
945,414200883,CN121552383A,2026-01-13,2026-01-13,1011,3,2026
946,414205122,CN121552442A,2025-12-24,2025-12-24,1012,-1,2025
947,414205267,CN121552444A,2025-12-29,2025-12-29,1013,32,2025
948,414218845,CN121553273A,2025-12-23,2025-12-23,1015,2,2025
949,414218502,CN121558023A,2025-11-21,2025-11-21,1016,38,2025
950,414202313,CN121562404A,2025-11-25,2025-11-25,1017,5,2025
951,414222685,CN121568191A,2025-12-03,2025-12-03,1018,44,2025
952,414162294,CN223933636U,2025-04-09,2025-04-09,1019,-1,2025
953,414186470,CN223934846U,2025-04-22,2025-04-22,1020,37,2025
954,414147828,JP2026031287A,2024-08-09,2024-08-09,1021,11,2024
955,388166941,US12558801B2,2023-12-26,2023-12-26,1022,-1,2023
956,414137398,IN202641014325A,2026-02-10,2026-02-10,1023,22,2026
957,414137898,IN202641015026A,2026-02-11,2026-02-11,1024,21,2026
958,KZ20240953120241108,KZ37827B,2024-11-08,2024-11-08,1025,71,2024
959,414093652,US20260048506A1,2025-07-23,2025-07-23,1026,-1,2025
960,393042140,EP4696465A1,2024-04-03,2024-04-03,1027,-1,2024
961,414088841,EP4696468A2,2022-12-05,2022-12-05,1028,-1,2022
962,367163459,CN115933628B,2022-01-21,2022-01-21,1029,27,2022
963,376589949,CN116946390B,2023-05-30,2023-05-30,1030,0,2023
964,411030479,CN121105040B,2025-11-13,2025-11-13,1031,1,2025
965,412917545,CN121375984B,2025-12-25,2025-12-25,1032,0,2025
966,414020453,CN121535742A,2025-12-18,2025-12-18,1034,1,2025
967,414021101,CN121535750A,2025-12-25,2025-12-25,1035,1,2025
968,414018735,CN121535790A,2025-12-17,2025-12-17,1036,-1,2025
969,414036442,CN121541463A,2025-10-28,2025-10-28,1037,6,2025
970,414015261,CN121544855A,2025-11-21,2025-11-21,1039,-1,2025
971,413981710,CN121547747A,2026-01-15,2026-01-15,1040,44,2026
972,371151170,US12552034B2,2022-12-21,2022-12-21,1041,22,2022
973,414081738,US12552038B1,2024-01-31,2024-01-31,1042,38,2024
974,408655033,CN120807727B,2025-06-27,2025-06-27,1044,68,2025
975,410056399,CN120985675B,2025-10-22,2025-10-22,1045,1,2025
976,410056751,CN120991885B,2025-10-24,2025-10-24,1046,27,2025
977,410743853,CN121061903B,2025-11-07,2025-11-07,1047,5,2025
978,411030844,CN121105047B,2025-11-14,2025-11-14,1048,32,2025
979,411356755,CN121163530B,2025-11-21,2025-11-21,1049,27,2025
980,412136641,CN121277188B,2025-12-09,2025-12-09,1050,1,2025
981,413834055,CN121514170A,2025-11-27,2025-11-27,1051,-1,2025
982,413851687,CN121515156A,2025-09-26,2025-09-26,1052,-1,2025
983,413851954,CN121515160A,2025-10-15,2025-10-15,1053,-1,2025
984,413853338,CN121515181A,2025-11-26,2025-11-26,1054,1,2025
985,413855052,CN121515206A,2025-12-24,2025-12-24,1055,1,2025
986,413855413,CN121515211A,2025-12-26,2025-12-26,1056,6,2025
987,413852714,CN121515248A,2026-01-14,2026-01-14,1058,-1,2026
988,413876629,CN121516134A,2025-12-24,2025-12-24,1059,9,2025
989,413885993,CN121520929A,2025-12-30,2025-12-30,1060,52,2025
990,413889149,CN121521112A,2025-10-31,2025-10-31,1061,-1,2025
991,413918175,CN121522574A,2025-10-28,2025-10-28,1062,2,2025
992,413826851,CN121523030A,2025-11-19,2025-11-19,1063,-1,2025
993,413832731,CN121523385A,2025-11-19,2025-11-19,1065,3,2025
994,413920257,CN121527069A,2025-11-22,2025-11-22,1066,6,2025
995,413917927,CN121527121A,2025-10-30,2025-10-30,1067,26,2025
996,413918004,CN121527122A,2025-10-30,2025-10-30,1068,26,2025
997,413844086,CN121528482A,2025-09-01,2025-09-01,1069,-1,2025
998,413832442,CN223903975U,2025-03-20,2025-03-20,1070,-1,2025
999,413895491,CN223912268U,2025-03-07,2025-03-07,1071,49,2025
1000,413817969,IN202541124066A,2025-12-09,2025-12-09,1072,21,2025
1001,413804563,WO2026035805A1,2025-08-06,2025-08-06,1073,38,2025
1002,392636222,EP4691698A1,2023-08-31,2023-08-31,1074,74,2023
1003,392643385,EP4691708A1,2024-03-25,2024-03-25,1075,25,2024
1004,378760349,CN117125167B,2023-08-07,2023-08-07,1076,0,2023
1005,410743964,CN121061906B,2025-11-07,2025-11-07,1077,-1,2025
1006,411719886,CN121223868B,2025-12-02,2025-12-02,1078,-1,2025
1007,413695234,CN121491998A,2025-10-16,2025-10-16,1079,12,2025
1008,413696359,CN121492014A,2025-10-30,2025-10-30,1080,10,2025
1009,413696962,CN121492023A,2025-11-17,2025-11-17,1081,38,2025
1010,413699464,CN121492064A,2026-01-12,2026-01-12,1082,10,2026
1011,413699510,CN121492065A,2026-01-12,2026-01-12,1083,1,2026
1012,413700396,CN121492078A,2025-12-22,2025-12-22,1086,0,2025
1013,413700445,CN121492079A,2026-01-13,2026-01-13,1087,0,2026
1014,413698678,CN121492102A,2025-12-24,2025-12-24,1088,-1,2025
1015,413698740,CN121492103A,2025-12-30,2025-12-30,1089,-1,2025
1016,413651888,CN121499736A,2024-11-22,2024-11-22,1092,20,2024
1017,413670185,CN121500982A,2026-01-12,2026-01-12,1093,33,2026
1018,413671746,CN121501008A,2025-12-11,2025-12-11,1094,15,2025
1019,413710426,CN121503548A,2024-08-09,2024-08-09,1095,35,2024
1020,413654126,CN121505377A,2025-11-07,2025-11-07,1096,5,2025
1021,403081238,CN120056123B,2025-04-03,2025-04-03,1097,5,2025
1022,409204148,CN120862748B,2025-08-15,2025-08-15,1098,-1,2025
1023,411177286,CN121132701B,2025-11-17,2025-11-17,1099,28,2025
1024,413541154,CN121464838A,2025-12-31,2025-12-31,1100,39,2025
1025,413501768,CN121468487A,2025-10-21,2025-10-21,1101,-1,2025
1026,413500376,CN121468516A,2025-11-11,2025-11-11,1102,-1,2025
1027,413500432,CN121468518A,2025-11-11,2025-11-11,1103,2,2025
1028,413500517,CN121468521A,2025-11-17,2025-11-17,1104,27,2025
1029,413500544,CN121468522A,2025-11-18,2025-11-18,1105,5,2025
1030,413501663,CN121468564A,2025-12-24,2025-12-24,1106,71,2025
1031,413502072,CN121468577A,2025-12-30,2025-12-30,1107,-1,2025
1032,413501054,CN121468602A,2026-01-09,2026-01-09,1109,10,2026
1033,413501351,CN121468612A,2025-11-28,2025-11-28,1110,-1,2025
1034,413501480,CN121468616A,2025-11-21,2025-11-21,1111,4,2025
1035,413501811,CN121468627A,2025-09-28,2025-09-28,1112,4,2025
1036,413502377,CN121468646A,2025-12-03,2025-12-03,1113,13,2025
1037,413503260,CN121468674A,2025-12-23,2025-12-23,1114,-1,2025
1038,413507890,CN121469202A,2025-12-16,2025-12-16,1115,0,2025
1039,413515277,CN121469757A,2025-12-22,2025-12-22,1116,0,2025
1040,413496372,CN121475168A,2025-09-25,2025-09-25,1117,10,2025
1041,413530088,CN121477902A,2026-01-09,2026-01-09,1118,2,2026
1042,413529270,CN121477950A,2025-09-25,2025-09-25,1119,3,2025
1043,413529583,CN121477956A,2025-11-28,2025-11-28,1121,5,2025
1044,413553928,CN121479665A,2025-11-07,2025-11-07,1122,15,2025
1045,413569609,CN121480731A,2025-11-20,2025-11-20,1123,-1,2025
1046,413597354,CN223876997U,2024-12-31,2024-12-31,1126,-1,2024
1047,413610321,CN223878118U,2025-03-15,2025-03-15,1127,-1,2025
1048,413627894,IN202641000645A,2026-01-03,2026-01-03,1128,1,2026
1049,413386599,US20260034683A1,2025-01-16,2025-01-16,1129,-1,2025
1050,413484463,WO2026025420A1,2024-07-31,2024-07-31,1130,8,2024
1051,392640109,EP4686379A1,2023-12-15,2023-12-15,1132,-1,2023
1052,365821883,CN115775257B,2021-09-02,2021-09-02,1133,-1,2021
1053,368714088,CN116088546B,2022-12-27,2022-12-27,1134,-1,2022
1054,399940653,CN119644827B,2024-11-21,2024-11-21,1135,44,2024
1055,400062868,CN119672114B,2024-12-13,2024-12-13,1136,35,2024
1056,404659190,CN120277963B,2025-06-07,2025-06-07,1137,1,2025
1057,409201560,CN120862690B,2025-08-21,2025-08-21,1138,5,2025
1058,410086445,CN120993711B,2025-10-22,2025-10-22,1139,6,2025
1059,411842144,CN121200037B,2025-11-28,2025-11-28,1140,57,2025
1060,413342056,CN121447588A,2025-11-06,2025-11-06,1141,9,2025
1061,413342088,CN121447591A,2025-12-10,2025-12-10,1142,-1,2025
1062,413342257,CN121447603A,2025-10-28,2025-10-28,1143,4,2025
1063,413342442,CN121447613A,2025-09-30,2025-09-30,1144,15,2025
1064,413342520,CN121447617A,2025-10-13,2025-10-13,1145,-1,2025
1065,413343152,CN121447647A,2025-12-31,2025-12-31,1146,57,2025
1066,413342109,CN121447687A,2025-03-17,2025-03-17,1148,-1,2025
1067,413349860,CN121448540A,2025-03-28,2025-03-28,1150,9,2025
1068,413397383,CN121454954A,2025-12-08,2025-12-08,1151,3,2025
1069,413399563,CN121455194A,2025-11-13,2025-11-13,1153,-1,2025
1070,413399579,CN121455195A,2025-11-19,2025-11-19,1154,-1,2025
1071,413399615,CN121455197A,2025-11-19,2025-11-19,1155,-1,2025
1072,413399786,CN121455208A,2025-12-04,2025-12-04,1156,38,2025
1073,413433380,CN121459815A,2025-12-10,2025-12-10,1158,2,2025
1074,413437137,CN121460273A,2025-11-18,2025-11-18,1160,-1,2025
1075,413374654,CN223864997U,2025-03-31,2025-03-31,1161,9,2025
1076,398907952,US12539621B1,2025-05-27,2025-05-27,1162,4,2025
1077,412742750,KR102922421B1,2024-07-03,2024-07-03,1163,-1,2024
1078,398138781,KR102921123B1,2023-07-18,2023-07-18,1164,-1,2023
1079,376928198,CN116985110B,2022-07-25,2022-07-25,1165,45,2022
1080,405510638,CN120386385B,2025-06-27,2025-06-27,1166,3,2025
1081,409640717,CN120928375B,2025-10-15,2025-10-15,1167,27,2025
1082,409896632,CN120962680B,2025-10-20,2025-10-20,1168,-1,2025
1083,410090204,CN120993921B,2025-10-16,2025-10-16,1169,5,2025
1084,411009837,CN121115523B,2025-11-12,2025-11-12,1170,5,2025
1085,413259427,CN121424378A,2025-12-04,2025-12-04,1171,35,2025
1086,413259550,CN121424380A,2025-12-09,2025-12-09,1172,-1,2025
1087,413259658,CN121424382A,2025-12-11,2025-12-11,1173,-1,2025
1088,413260926,CN121424399A,2025-12-29,2025-12-29,1174,-1,2025
1089,413264761,CN121424441A,2025-11-27,2025-11-27,1176,19,2025
1090,413259610,CN121424456A,2025-12-26,2025-12-26,1177,12,2025
1091,413272540,CN121430571A,2025-09-22,2025-09-22,1178,3,2025
1092,413302270,CN121432023A,2025-12-16,2025-12-16,1179,1,2025
1093,413205956,CN121432930A,2025-12-08,2025-12-08,1180,-1,2025
1094,413209732,CN121433294A,2025-11-11,2025-11-11,1181,-1,2025
1095,413209886,CN121433297A,2025-11-24,2025-11-24,1182,33,2025
1096,413219887,CN121433794A,2025-11-03,2025-11-03,1183,2,2025
1097,413267290,CN121436022A,2025-11-05,2025-11-05,1184,42,2025
1098,413267689,CN121436027A,2025-10-16,2025-10-16,1185,5,2025
1099,413212259,CN121438818A,2025-09-26,2025-09-26,1186,2,2025
1100,413273680,CN121442067A,2025-11-03,2025-11-03,1187,-1,2025
1101,413198036,CN223849299U,2025-05-09,2025-05-09,1188,0,2025
1102,413324512,IN202521118909A,2025-11-28,2025-11-28,1189,-1,2025
1103,413325951,IN202541133607A,2025-12-30,2025-12-30,1190,8,2025
1104,413326112,IN202641003589A,2026-01-13,2026-01-13,1191,-1,2026
1105,413327606,IN202641005878A,2026-01-21,2026-01-21,1192,19,2026
1106,413170182,US20260028073A1,2025-07-16,2025-07-16,1193,9,2025
1107,413184157,WO2026024572A1,2025-07-18,2025-07-18,1195,9,2025
1108,413185085,WO2026024785A1,2025-07-22,2025-07-22,1196,38,2025
1109,334121355,EP4101376B1,2020-02-06,2020-02-06,1197,-1,2020
1110,394204818,JP2026013337A,2024-10-07,2024-10-07,1198,28,2024
1111,403114305,CN120063317B,2025-02-19,2025-02-19,1200,15,2025
1112,409502447,CN120909299B,2025-09-30,2025-09-30,1201,33,2025
1113,410689834,CN121075330B,2025-11-07,2025-11-07,1202,65,2025
1114,413073213,CN121403356A,2025-10-15,2025-10-15,1203,5,2025
1115,413074685,CN121403374A,2025-11-14,2025-11-14,1204,-1,2025
1116,413075014,CN121403379A,2025-11-20,2025-11-20,1205,1,2025
1117,413073929,CN121403438A,2025-12-29,2025-12-29,1208,0,2025
1118,413079953,CN121409605A,2025-10-31,2025-10-31,1209,16,2025
1119,413018438,CN121411264A,2025-10-30,2025-10-30,1210,15,2025
1120,413021237,CN121411344A,2025-09-29,2025-09-29,1213,10,2025
1121,413021424,CN121411440A,2025-11-13,2025-11-13,1214,27,2025
1122,413019459,CN121411476A,2025-10-30,2025-10-30,1215,1,2025
1123,413067717,CN121413824A,2025-09-16,2025-09-16,1216,-1,2025
1124,413085922,CN121414777A,2025-10-30,2025-10-30,1217,26,2025
1125,413044681,CN121417592A,2025-10-21,2025-10-21,1218,-1,2025
1126,413112744,CN223834516U,2025-03-07,2025-03-07,1219,13,2025
1127,413090260,CN223837853U,2025-01-23,2025-01-23,1220,18,2025
1128,409042719,CN120839819B,2025-09-24,2025-09-24,1221,4,2025
1129,412894966,CN121374573A,2025-10-31,2025-10-31,1222,-1,2025
1130,412895587,CN121374580A,2025-11-12,2025-11-12,1223,10,2025
1131,412895927,CN121374584A,2025-11-13,2025-11-13,1224,5,2025
1132,412896970,CN121374596A,2025-11-21,2025-11-21,1225,-1,2025
1133,412894862,CN121374652A,2025-12-24,2025-12-24,1226,65,2025
1134,412895300,CN121374657A,2025-12-25,2025-12-25,1227,28,2025
1135,412897352,CN121374680A,2025-12-17,2025-12-17,1229,20,2025
1136,412892028,CN121374718A,2025-11-25,2025-11-25,1231,12,2025
1137,412917419,CN121375982A,2025-10-22,2025-10-22,1232,9,2025
1138,412917492,CN121375983A,2025-12-11,2025-12-11,1233,9,2025
1139,412895737,CN121386402A,2025-10-31,2025-10-31,1235,38,2025
1140,412944699,CN121389371A,2025-11-26,2025-11-26,1237,-1,2025
1141,412944805,CN121389372A,2025-11-26,2025-11-26,1238,3,2025
1142,412857250,CN121390127A,2025-10-15,2025-10-15,1239,5,2025
1143,412890274,CN121391992A,2025-11-25,2025-11-25,1241,35,2025
1144,412878927,CN121397170A,2025-11-11,2025-11-11,1244,2,2025
1145,412883290,CN121397811A,2025-12-18,2025-12-18,1245,-1,2025
1146,412978479,CN223827076U,2025-03-20,2025-03-20,1246,-1,2025
1147,412703574,WO2026016316A1,2024-10-23,2024-10-23,1247,57,2024
1148,414120939,TR2025022132A2,2025-12-26,2025-12-26,1248,-1,2025
1149,414124654,TR2025022226A2,2025-12-26,2025-12-26,1249,-1,2025
1150,TR202401384320241013,TR2024013843Y,2024-10-13,2024-10-13,1250,14,2024
1151,373435618,CN116605327B,2023-04-28,2023-04-28,1251,0,2023
1152,409042762,CN120839820B,2025-09-24,2025-09-24,1252,4,2025
1153,412750910,CN121361072A,2025-11-11,2025-11-11,1253,-1,2025
1154,412751436,CN121361093A,2025-11-28,2025-11-28,1254,-1,2025
1155,412750021,CN121361114A,2025-12-18,2025-12-18,1256,4,2025
1156,412754365,CN121361415A,2025-10-30,2025-10-30,1257,30,2025
1157,309544188,US12528428B2,2019-11-13,2019-11-13,1258,-1,2019
1158,413013775,KR102915951B1,2025-07-15,2025-07-15,1259,-1,2025
1159,399872098,CN119647082B,2024-11-22,2024-11-22,1260,16,2024
1160,412698224,CN121339846A,2025-09-29,2025-09-29,1261,13,2025
1161,412703444,CN121340207A,2025-11-06,2025-11-06,1262,-1,2025
1162,412706214,CN121340239A,2025-09-28,2025-09-28,1264,10,2025
1163,412702614,CN121340275A,2025-11-19,2025-11-19,1266,-1,2025
1164,412703845,CN121340353A,2025-09-29,2025-09-29,1267,19,2025
1165,412628335,CN121341216A,2025-10-14,2025-10-14,1268,7,2025
1166,412630251,CN121341317A,2025-11-27,2025-11-27,1269,9,2025
1167,412709259,CN121348993A,2025-09-29,2025-09-29,1270,10,2025
1168,412711975,CN121349099A,2025-11-26,2025-11-26,1271,5,2025
1169,412619782,CN121353818A,2025-11-03,2025-11-03,1272,32,2025
1170,412622191,CN121354158A,2024-07-16,2024-07-16,1273,50,2024
1171,412647759,CN121355080A,2025-10-14,2025-10-14,1274,36,2025
1172,412641800,CN223802594U,2025-03-14,2025-03-14,1275,-1,2025
1173,412639033,CN223802618U,2025-03-14,2025-03-14,1276,13,2025
1174,412731414,IN202411051997A,2024-07-08,2024-07-08,1277,39,2024
1175,412599827,US20260016809A1,2024-07-12,2024-07-12,1280,32,2024
1176,406624909,CN120538863B,2025-07-07,2025-07-07,1281,-1,2025
1177,412542644,CN121315374A,2025-11-05,2025-11-05,1282,36,2025
1178,412546110,CN121315902A,2025-12-18,2025-12-18,1283,0,2025
1179,412540528,CN121315905A,2025-09-28,2025-09-28,1284,-1,2025
1180,412540848,CN121315910A,2025-11-06,2025-11-06,1285,9,2025
1181,412540906,CN121315911A,2025-11-06,2025-11-06,1286,9,2025
1182,412544944,CN121315975A,2025-11-25,2025-11-25,1287,6,2025
1183,412541717,CN121316019A,2025-11-07,2025-11-07,1288,12,2025
1184,412482558,CN121323604A,2025-10-23,2025-10-23,1289,15,2025
1185,412492824,CN121324021A,2024-04-15,2024-04-15,1290,16,2024
1186,412431944,CN121325685A,2025-09-26,2025-09-26,1291,44,2025
1187,412432104,CN121325705A,2025-10-15,2025-10-15,1292,15,2025
1188,412471992,CN121327585A,2025-09-10,2025-09-10,1294,27,2025
1189,412465965,CN121332123A,2025-10-15,2025-10-15,1295,-1,2025
1190,412474262,CN223791608U,2025-03-31,2025-03-31,1296,0,2025
1191,397178732,CN119283017B,2024-08-26,2024-08-26,1298,1,2024
1192,410248722,CN121005059B,2025-10-27,2025-10-27,1299,-1,2025
1193,412314572,CN121290403A,2025-10-24,2025-10-24,1300,5,2025
1194,412320313,CN121290486A,2025-10-13,2025-10-13,1302,9,2025
1195,412316502,CN121290511A,2025-09-18,2025-09-18,1303,-1,2025
1196,412343258,CN121291630A,2024-03-19,2024-03-19,1304,9,2024
1197,412266315,CN121293720A,2025-12-08,2025-12-08,1305,66,2025
1198,412280851,CN121300151A,2025-09-18,2025-09-18,1306,40,2025
1199,412286513,CN121300379A,2025-12-03,2025-12-03,1307,-1,2025
1200,412297788,CN121300983A,2025-09-26,2025-09-26,1311,32,2025
1201,412316017,CN121302105A,2025-09-04,2025-09-04,1312,2,2025
1202,412329536,CN121308227A,2025-10-23,2025-10-23,1313,64,2025
1203,412334025,CN121308436A,2025-10-30,2025-10-30,1314,-1,2025
1204,412255250,CN121309960A,2025-10-30,2025-10-30,1315,26,2025
1205,412282373,CN121311401A,2024-11-26,2024-11-26,1316,7,2024
1206,412309894,CN223778460U,2025-03-01,2025-03-01,1317,0,2025
1207,412389896,IN202521117257A,2025-11-26,2025-11-26,1318,-1,2025
1208,412238671,US20260010166A1,2025-09-15,2025-09-15,1320,-1,2025
1209,412237048,US20260010411A1,2025-07-19,2025-07-19,1321,21,2025
1210,412246430,WO2026009036A2,2025-10-16,2025-10-16,1322,7,2025
1211,412245935,WO2026009134A1,2025-06-30,2025-06-30,1323,17,2025
1212,392644211,EP4673895A1,2024-04-01,2024-04-01,1324,61,2024
1213,395346802,CN119088013B,2024-08-28,2024-08-28,1325,3,2024
1214,403242971,CN120080929B,2025-03-24,2025-03-24,1326,12,2025
1215,407537009,CN120645210B,2025-06-09,2025-06-09,1327,-1,2025
1216,408034870,CN120715919B,2025-09-01,2025-09-01,1328,1,2025
1217,408385974,CN120755910B,2025-09-08,2025-09-08,1329,12,2025
1218,409334183,CN120886273B,2025-09-29,2025-09-29,1330,27,2025
1219,409632885,CN120928029B,2025-10-16,2025-10-16,1331,-1,2025
1220,412160207,CN121265248A,2025-10-13,2025-10-13,1332,24,2025
1221,412192972,CN121267313A,2025-11-26,2025-11-26,1333,36,2025
1222,412196901,CN121267988A,2025-11-28,2025-11-28,1335,13,2025
1223,412099719,CN121268999A,2025-10-31,2025-10-31,1337,0,2025
1224,412099750,CN121269000A,2025-11-19,2025-11-19,1338,0,2025
1225,412106880,CN121274987A,2025-10-14,2025-10-14,1339,7,2025
1226,412108222,CN121275014A,2025-09-22,2025-09-22,1340,-1,2025
1227,412136722,CN121277101A,2025-09-17,2025-09-17,1341,27,2025
1228,412137827,CN121277211A,2024-04-30,2024-04-30,1343,27,2024
1229,412103816,CN121281361A,2025-12-04,2025-12-04,1344,-1,2025
1230,348193542,US12515320B2,2021-12-20,2021-12-20,1345,-1,2021
1231,398739111,US12515337B2,2023-08-18,2023-08-18,1346,22,2023
1232,376730473,CN116966069B,2023-08-29,2023-08-29,1347,48,2023
1233,404943008,CN120307284B,2025-04-16,2025-04-16,1348,-1,2025
1234,407907140,CN120696999B,2025-06-04,2025-06-04,1349,17,2025
1235,409027998,CN120837872B,2025-09-16,2025-09-16,1350,60,2025
1236,409623384,CN120927336B,2025-10-13,2025-10-13,1351,59,2025
1237,411959830,CN121245797A,2025-09-26,2025-09-26,1352,10,2025
1238,411959901,CN121245822A,2025-10-24,2025-10-24,1353,-1,2025
1239,411959930,CN121245832A,2025-11-03,2025-11-03,1354,32,2025
1240,411960001,CN121245855A,2025-12-03,2025-12-03,1355,4,2025
1241,411960138,CN121245900A,2025-10-24,2025-10-24,1357,12,2025
1242,411960162,CN121245908A,2025-09-24,2025-09-24,1358,-1,2025
1243,412009723,CN121257304A,2025-09-30,2025-09-30,1359,47,2025
1244,412023228,CN121259559A,2025-09-01,2025-09-01,1360,15,2025
1245,412025067,CN121259873A,2025-10-21,2025-10-21,1361,41,2025
1246,412026736,CN121260151A,2025-10-22,2025-10-22,1362,2,2025
1247,412040649,CN121262482A,2025-12-02,2025-12-02,1363,10,2025
1248,411936521,IN202511116042A,2025-11-24,2025-11-24,1364,2,2025
1249,411937678,IN202521121447A,2025-12-03,2025-12-03,1365,2,2025
1250,411940726,IN202541121024A,2025-12-03,2025-12-03,1366,8,2025
1251,411939252,IN202541122173A,2025-12-04,2025-12-04,1367,2,2025
1252,411942319,IN202541126795A,2025-12-15,2025-12-15,1368,42,2025
1253,411943061,IN202541127850A,2025-12-16,2025-12-16,1369,19,2025
1254,411943070,IN202541127855A,2025-12-16,2025-12-16,1370,12,2025
1255,411943343,IN202541128108A,2025-12-17,2025-12-17,1371,2,2025
1256,411943841,IN202541129112A,2025-12-19,2025-12-19,1372,-1,2025
1257,412073249,WO2026000112A1,2024-06-24,2024-06-24,1373,61,2024
1258,412074839,WO2026003741A2,2025-06-25,2025-06-25,1374,-1,2025
1259,404595018,TW202601568A,2024-06-28,2024-06-28,1375,-1,2024
1260,384745963,DE202023003080U1,2023-06-29,2023-06-29,1376,0,2023
1261,375363009,CN116843924B,2023-04-21,2023-04-21,1377,51,2023
1262,411719731,CN121223773A,2025-09-26,2025-09-26,1379,5,2025
1263,411719756,CN121223774A,2025-09-28,2025-09-28,1380,1,2025
1264,411721003,CN121223818A,2025-12-01,2025-12-01,1381,-1,2025
1265,411719778,CN121223864A,2025-11-17,2025-11-17,1382,47,2025
1266,411723151,CN121224738A,2025-09-23,2025-09-23,1385,3,2025
1267,411747078,CN121232829A,2025-11-10,2025-11-10,1386,10,2025
1268,411750525,CN121233947A,2025-09-17,2025-09-17,1388,17,2025
1269,411752747,CN121234739A,2025-09-17,2025-09-17,1389,17,2025
1270,411755717,CN121235692A,2025-08-28,2025-08-28,1390,42,2025
1271,375676375,US12508706B2,2023-06-09,2023-06-09,1391,-1,2023
1272,411709285,US12511598B1,2025-07-10,2025-07-10,1392,21,2025
1273,395608773,CN119097892B,2024-08-30,2024-08-30,1393,14,2024
1274,397775367,CN119380414B,2024-10-29,2024-10-29,1394,2,2024
1275,405699688,CN120395905B,2025-06-27,2025-06-27,1395,2,2025
1276,407660995,CN120672691B,2025-06-06,2025-06-06,1396,-1,2025
1277,409464243,CN120901911B,2025-10-11,2025-10-11,1397,49,2025
1278,409462781,CN120901924B,2025-10-11,2025-10-11,1398,67,2025
1279,411838085,CN121200007A,2025-10-14,2025-10-14,1400,-1,2025
1280,411847523,CN121200067A,2025-08-04,2025-08-04,1402,1,2025
1281,411847556,CN121201243A,2025-10-31,2025-10-31,1404,0,2025
1282,411843681,CN121204990A,2025-10-30,2025-10-30,1405,20,2025
1283,411855416,CN121206020A,2025-10-31,2025-10-31,1406,0,2025
1284,411860278,CN121206046A,2025-10-09,2025-10-09,1407,-1,2025
1285,411873817,CN121209571A,2025-09-12,2025-09-12,1409,38,2025
1286,411876601,CN121212731A,2025-11-26,2025-11-26,1411,10,2025
1287,411882276,CN121213647A,2024-02-02,2024-02-02,1412,-1,2024
1288,411880501,CN121214518A,2025-09-26,2025-09-26,1413,2,2025
1289,411905159,CN223728377U,2025-02-18,2025-02-18,1414,18,2025
1290,411905332,CN223728379U,2025-02-18,2025-02-18,1415,18,2025
1291,411905444,CN223728380U,2025-02-18,2025-02-18,1416,18,2025
1292,411645265,WO2025264137A1,2024-06-20,2024-06-20,1418,13,2024
1293,VN120250811520251027,VN120804A,2025-10-27,2025-10-27,1419,-1,2025
1294,VN120250815420251028,VN120830A,2025-10-28,2025-10-28,1420,49,2025
1295,368533389,CN116070671B,2023-01-31,2023-01-31,1421,-1,2023
1296,405838400,CN120422241B,2025-06-20,2025-06-20,1422,-1,2025
1297,408385923,CN120755902B,2025-09-11,2025-09-11,1423,4,2025
1298,411473983,CN121179415A,2025-09-18,2025-09-18,1424,-1,2025
1299,411474544,CN121179433A,2025-10-31,2025-10-31,1425,10,2025
1300,411473630,CN121179474A,2025-11-07,2025-11-07,1427,1,2025
1301,411473792,CN121179479A,2025-11-26,2025-11-26,1428,17,2025
1302,411484458,CN121180323A,2025-11-20,2025-11-20,1430,-1,2025
1303,411484570,CN121180327A,2025-11-07,2025-11-07,1432,0,2025
1304,411484677,CN121180331A,2025-11-26,2025-11-26,1433,0,2025
1305,411556449,CN121185305A,2025-09-24,2025-09-24,1434,27,2025
1306,411473561,CN121187341A,2025-09-16,2025-09-16,1436,7,2025
1307,411462530,CN121194347A,2025-09-03,2025-09-03,1437,-1,2025
1308,411474375,CN223700889U,2024-12-30,2024-12-30,1438,-1,2024
1309,411499440,CN223702772U,2025-03-11,2025-03-11,1439,0,2025
1310,411499579,CN223702775U,2025-02-22,2025-02-22,1440,0,2025
1311,330898570,US12502769B2,2023-08-21,2023-08-21,1441,-1,2023
1312,TR202501903320251203,TR2025019033A2,2025-12-03,2025-12-03,1442,-1,2025
1313,360423647,CN115344040B,2022-07-15,2022-07-15,1443,-1,2022
1314,411322275,CN121157000A,2025-10-17,2025-10-17,1445,12,2025
1315,411325169,CN121157116A,2025-11-10,2025-11-10,1447,-1,2025
1316,411349458,CN121158442A,2024-06-18,2024-06-18,1448,30,2024
1317,411354594,CN121163501A,2025-10-31,2025-10-31,1449,27,2025
1318,411432772,IN202411043615A,2024-06-05,2024-06-05,1453,52,2024
1319,411433473,IN202441046419A,2024-06-16,2024-06-16,1454,8,2024
1320,411428820,IN202521037104A,2025-04-17,2025-04-17,1455,20,2025
1321,411428929,IN202541100034A,2025-10-16,2025-10-16,1456,-1,2025
1322,411431656,IN202541118662A,2025-11-28,2025-11-28,1457,70,2025
1323,411432138,IN202541119428A,2025-11-29,2025-11-29,1458,28,2025
1324,411273903,US20250381664A1,2025-03-31,2025-03-31,1460,-1,2025
1325,411273989,US20250381668A1,2025-08-18,2025-08-18,1461,22,2025
1326,411274324,US20250381681A1,2025-01-10,2025-01-10,1462,-1,2025
1327,411274339,US20250381682A1,2025-01-10,2025-01-10,1463,-1,2025
1328,411292424,WO2025255687A1,2025-06-13,2025-06-13,1464,-1,2025
1329,349507378,NL2031560B1,2022-04-12,2022-04-12,1467,-1,2022
1330,405603547,NL4000052B1,2025-04-11,2025-04-11,1468,66,2025
1331,382006413,JP2025540901A,2023-08-09,2023-08-09,1469,-1,2023
1332,402054804,CN119929016B,2025-01-22,2025-01-22,1470,-1,2025
1333,411172882,CN121132639A,2025-09-04,2025-09-04,1471,32,2025
1334,411173623,CN121132649A,2025-09-24,2025-09-24,1473,10,2025
1335,411175186,CN121132671A,2025-10-14,2025-10-14,1474,5,2025
1336,411175615,CN121132677A,2025-10-16,2025-10-16,1475,6,2025
1337,411176874,CN121132695A,2025-11-13,2025-11-13,1476,-1,2025
1338,411178989,CN121132725A,2025-10-09,2025-10-09,1478,19,2025
1339,411179127,CN121132727A,2024-06-14,2024-06-14,1479,0,2024
1340,411197882,CN121133742A,2025-09-17,2025-09-17,1480,7,2025
1341,411201508,CN121133868A,2025-10-10,2025-10-10,1481,3,2025
1342,411201732,CN121133871A,2025-09-26,2025-09-26,1482,0,2025
1343,411201807,CN121133872A,2025-10-10,2025-10-10,1483,9,2025
1344,411181530,CN121143418A,2025-09-30,2025-09-30,1485,6,2025
1345,411224517,CN121145426A,2025-08-22,2025-08-22,1487,-1,2025
1346,411158423,CN121147659A,2025-09-02,2025-09-02,1488,7,2025
1347,411162087,CN121148009A,2025-09-02,2025-09-02,1489,2,2025
1348,411193531,CN223674176U,2025-11-04,2025-11-04,1490,43,2025
1349,411216723,CN223675210U,2024-11-05,2024-11-05,1491,2,2024
1350,385042489,US12496714B2,2023-05-22,2023-05-22,1492,-1,2023
1351,374660456,CN116749230B,2023-07-12,2023-07-12,1493,12,2023
1352,394722920,CN118991966B,2024-08-16,2024-08-16,1494,9,2024
1353,408037571,CN120716818B,2025-08-19,2025-08-19,1495,72,2025
1354,409502678,CN120909303B,2025-10-13,2025-10-13,1496,-1,2025
1355,410963791,CN121101964A,2025-10-16,2025-10-16,1497,48,2025
1356,411029117,CN121105011A,2025-09-12,2025-09-12,1498,-1,2025
1357,411029356,CN121105016A,2025-09-24,2025-09-24,1499,32,2025
1358,411029113,CN121105081A,2025-09-29,2025-09-29,1502,-1,2025
1359,411081667,CN121112871A,2025-10-15,2025-10-15,1503,-1,2025
1360,411033811,CN121117154A,2025-08-28,2025-08-28,1505,2,2025
1361,411000443,CN121120789A,2025-07-23,2025-07-23,1506,15,2025
1362,411077348,CN121124445A,2025-10-10,2025-10-10,1507,-1,2025
1363,411108381,IN202441044488A,2024-06-08,2024-06-08,1508,29,2024
1364,411104091,IN202511104194A,2025-10-29,2025-10-29,1509,38,2025
1365,411107916,IN202517102646A,2025-10-24,2025-10-24,1510,-1,2025
1366,410933974,US20250375875A1,2025-08-18,2025-08-18,1512,25,2025
1367,410935057,US20250375898A1,2025-08-26,2025-08-26,1513,-1,2025
1368,394340462,CN118952165B,2024-07-25,2024-07-25,1515,2,2024
1369,395383743,CN119078989B,2024-10-23,2024-10-23,1516,9,2024
1370,398057195,CN119388468B,2024-11-29,2024-11-29,1517,-1,2024
1371,400268235,CN119690117B,2024-12-12,2024-12-12,1518,-1,2024
1372,404814238,CN120287317B,2025-05-26,2025-05-26,1519,13,2025
1373,407537284,CN120645216B,2025-06-19,2025-06-19,1520,-1,2025
1374,410867687,CN121083632A,2025-09-16,2025-09-16,1521,1,2025
1375,410867344,CN121083694A,2025-09-22,2025-09-22,1523,12,2025
1376,410882557,CN121084516A,2025-10-10,2025-10-10,1524,-1,2025
1377,410875260,CN223652321U,2024-12-30,2024-12-30,1526,-1,2024
1378,368859771,CN116100602B,2022-11-17,2022-11-17,1527,6,2022
1379,405404209,CN120373134B,2025-04-29,2025-04-29,1528,-1,2025
1380,409606161,CN120921439B,2025-10-16,2025-10-16,1529,-1,2025
1381,410743738,CN121061838A,2025-07-23,2025-07-23,1530,-1,2025
1382,410744227,CN121061859A,2025-09-02,2025-09-02,1531,-1,2025
1383,410742961,CN121061885A,2025-10-28,2025-10-28,1532,1,2025
1384,410744079,CN121061911A,2025-11-10,2025-11-10,1535,27,2025
1385,410650941,CN121067878A,2025-09-22,2025-09-22,1537,-1,2025
1386,410651056,CN121067881A,2025-11-05,2025-11-05,1538,27,2025
1387,410683814,CN121069950A,2025-08-28,2025-08-28,1541,6,2025
1388,410684281,CN121070035A,2025-09-09,2025-09-09,1542,7,2025
1389,410688201,CN223631674U,2025-01-24,2025-01-24,1545,0,2025
1390,366090514,IN575193A1,2023-03-03,2023-03-03,1547,-1,2023
1391,410628026,US20250373494A1,2025-07-02,2025-07-02,1548,-1,2025
1392,410647130,WO2025250798A1,2025-05-29,2025-05-29,1549,22,2025
1393,390489161,CN118494634B,2024-05-21,2024-05-21,1550,0,2024
1394,408853400,CN120816501B,2025-09-17,2025-09-17,1551,5,2025
1395,409334066,CN120886268B,2025-09-25,2025-09-25,1552,6,2025
1396,410584315,CN121043090A,2025-09-12,2025-09-12,1553,72,2025
1397,410585055,CN121043183A,2025-08-12,2025-08-12,1554,-1,2025
1398,410506605,CN121043971A,2025-09-22,2025-09-22,1555,52,2025
1399,410533345,CN121050241A,2025-08-19,2025-08-19,1556,5,2025
1400,410514895,CN223617761U,2025-01-06,2025-01-06,1557,-1,2025
1401,410515035,CN223617763U,2025-01-06,2025-01-06,1558,-1,2025
1402,410515082,CN223617764U,2025-01-06,2025-01-06,1559,-1,2025
1403,410515579,CN223617773U,2024-12-24,2024-12-24,1560,2,2024
1404,362543316,CN115525036B,2022-10-08,2022-10-08,1563,7,2022
1405,376448867,CN116934791B,2022-03-29,2022-03-29,1564,-1,2022
1406,399872935,CN119641177B,2024-12-04,2024-12-04,1565,46,2024
1407,403634658,CN120135314B,2025-04-24,2025-04-24,1566,0,2025
1408,408810286,CN120821200B,2025-09-15,2025-09-15,1567,7,2025
1409,409203401,CN120862643B,2025-09-29,2025-09-29,1568,5,2025
1410,409202581,CN120862713B,2025-09-29,2025-09-29,1569,32,2025
1411,410350214,CN121014469A,2025-08-28,2025-08-28,1570,0,2025
1412,410431648,CN121018540A,2025-08-25,2025-08-25,1571,6,2025
1413,410432646,CN121018555A,2025-09-03,2025-09-03,1572,1,2025
1414,410434064,CN121018576A,2025-09-29,2025-09-29,1573,5,2025
1415,410402148,CN121028768A,2025-08-21,2025-08-21,1574,-1,2025
1416,410373841,CN223604401U,2025-01-03,2025-01-03,1575,-1,2025
1417,410360893,CN223609211U,2025-03-17,2025-03-17,1576,12,2025
1418,410471937,IN202511089872A,2025-09-20,2025-09-20,1577,29,2025
1419,410471821,IN202511094778A,2025-10-02,2025-10-02,1578,28,2025
1420,410476235,IN202541101778A,2025-10-22,2025-10-22,1579,28,2025
1421,410480253,IN202541108879A,2025-11-10,2025-11-10,1580,21,2025
1422,400714704,IN574589A1,2025-03-12,2025-03-12,1583,21,2025
1423,406169790,DE102024103644B4,2024-02-09,2024-02-09,1584,-1,2024
1424,410322661,DE102024114540A1,2024-05-23,2024-05-23,1585,21,2024
1425,410314525,US20250362117A1,2025-08-04,2025-08-04,1588,29,2025
1426,335685408,EP4115347B1,2021-03-05,2021-03-05,1590,-1,2021
1427,394023648,CN118906089B,2024-08-09,2024-08-09,1591,-1,2024
1428,394033390,CN118907260B,2024-09-02,2024-09-02,1592,-1,2024
1429,399040913,CN119536017B,2024-12-05,2024-12-05,1593,10,2024
1430,400504498,CN119717618B,2024-12-16,2024-12-16,1594,47,2024
1431,408232717,CN120742942B,2025-08-28,2025-08-28,1595,-1,2025
1432,408715132,CN120791809B,2025-09-15,2025-09-15,1596,-1,2025
1433,408715206,CN120791811B,2025-09-15,2025-09-15,1597,33,2025
1434,410238427,CN121004621A,2025-10-28,2025-10-28,1598,-1,2025
1435,410248811,CN121005061A,2025-08-22,2025-08-22,1600,-1,2025
1436,410226881,CN121008517A,2025-10-27,2025-10-27,1601,6,2025
1437,347682946,US12479101B2,2021-12-17,2021-12-17,1602,22,2021
1438,366861211,CN115871700B,2022-09-23,2022-09-23,1603,7,2022
1439,367977670,CN116001941B,2023-02-23,2023-02-23,1604,0,2023
1440,394857942,CN119027499B,2024-06-17,2024-06-17,1605,-1,2024
1441,395919639,CN119142434B,2024-10-29,2024-10-29,1606,0,2024
1442,398405651,CN119428907B,2024-12-20,2024-12-20,1607,-1,2024
1443,398574527,CN119458445B,2024-12-19,2024-12-19,1608,12,2024
1444,399508330,CN119596750B,2024-10-22,2024-10-22,1609,3,2024
1445,400972766,CN119770180B,2024-12-20,2024-12-20,1610,-1,2024
1446,400968612,CN119782142B,2024-11-13,2024-11-13,1611,11,2024
1447,402803290,CN120024424B,2025-03-06,2025-03-06,1612,9,2025
1448,408034654,CN120715957B,2025-08-15,2025-08-15,1613,13,2025
1449,408923300,CN120833943B,2025-09-18,2025-09-18,1614,-1,2025
1450,409041890,CN120856960B,2025-09-18,2025-09-18,1615,30,2025
1451,410053855,CN120985610A,2025-09-29,2025-09-29,1616,2,2025
1452,410054574,CN120985630A,2025-07-11,2025-07-11,1617,6,2025
1453,410055422,CN120985653A,2025-08-26,2025-08-26,1618,1,2025
1454,410054725,CN120985707A,2025-08-14,2025-08-14,1620,-1,2025
1455,410055276,CN120985722A,2025-10-13,2025-10-13,1621,-1,2025
1456,410067380,CN120986564A,2025-08-20,2025-08-20,1622,0,2025
1457,410109188,CN120995103A,2025-07-29,2025-07-29,1626,5,2025
1458,410083244,CN120999039A,2025-08-19,2025-08-19,1627,49,2025
1459,410081249,CN223574518U,2024-12-31,2024-12-31,1628,72,2024
1460,410083631,CN223574559U,2024-12-31,2024-12-31,1629,9,2024
1461,410112975,CN223581647U,2024-11-29,2024-11-29,1630,16,2024
1462,410487746,TWM677250U,2025-04-29,2025-04-29,1632,-1,2025
1463,363503201,CN115597602B,2022-10-20,2022-10-20,1635,-1,2022
1464,371880982,CN116424368B,2023-03-30,2023-03-30,1636,7,2023
1465,394032129,CN118907268B,2024-09-09,2024-09-09,1637,0,2024
1466,394032145,CN118907269B,2024-09-09,2024-09-09,1638,0,2024
1467,398615268,CN119472340B,2024-11-20,2024-11-20,1639,10,2024
1468,403812751,CN120161848B,2025-03-18,2025-03-18,1640,10,2025
1469,408232240,CN120742904B,2025-09-03,2025-09-03,1641,33,2025
1470,408823013,CN120823342B,2025-09-16,2025-09-16,1642,2,2025
1471,409895804,CN120962601A,2025-01-10,2025-01-10,1643,-1,2025
1472,409899695,CN120962728A,2025-08-22,2025-08-22,1646,-1,2025
1473,409906411,CN120963269A,2025-08-22,2025-08-22,1647,-1,2025
1474,409917954,CN120963882A,2025-10-09,2025-10-09,1648,9,2025
1475,409966342,CN120972536A,2025-08-08,2025-08-08,1649,6,2025
1476,409967208,CN120972550A,2025-08-13,2025-08-13,1650,3,2025
1477,409966819,CN120972686A,2025-08-20,2025-08-20,1651,52,2025
1478,409972961,CN120972858A,2025-08-12,2025-08-12,1652,7,2025
1479,409897195,CN120974175A,2025-07-11,2025-07-11,1653,5,2025
1480,409908626,CN120974697A,2025-06-30,2025-06-30,1654,3,2025
1481,409939373,CN120976493A,2025-08-04,2025-08-04,1655,21,2025
1482,409946774,CN120976976A,2025-08-11,2025-08-11,1656,50,2025
1483,401616882,CN119871477B,2025-01-16,2025-01-16,1658,-1,2025
1484,408034820,CN120715912B,2025-08-29,2025-08-29,1659,17,2025
1485,408055166,CN120722767B,2025-09-01,2025-09-01,1660,6,2025
1486,409748847,CN120941386A,2025-08-20,2025-08-20,1661,10,2025
1487,409771789,CN120942449A,2025-08-26,2025-08-26,1662,0,2025
1488,409771881,CN120942450A,2025-09-04,2025-09-04,1663,0,2025
1489,409771290,CN120942592A,2025-07-28,2025-07-28,1664,3,2025
1490,409791698,CN120949038A,2025-08-21,2025-08-21,1665,16,2025
1491,409754291,CN120951807A,2025-09-30,2025-09-30,1666,-1,2025
1492,409444710,DE202025002635U1,2025-09-08,2025-09-08,1668,2,2025
1493,409714000,US20250345931A1,2024-11-14,2024-11-14,1669,17,2024
1494,397042006,KR102885268B1,2023-07-03,2023-07-03,1672,67,2023
1495,346447166,CN114170572B,2021-12-15,2021-12-15,1673,-1,2021
1496,396981045,CN119260696B,2024-11-04,2024-11-04,1674,1,2024
1497,401286107,CN119828546B,2024-12-27,2024-12-27,1675,52,2024
1498,402054749,CN119929015B,2025-01-03,2025-01-03,1676,-1,2025
1499,408034844,CN120715915B,2025-09-01,2025-09-01,1677,1,2025
1500,409603400,CN120921326A,2022-12-05,2022-12-05,1678,-1,2022
1501,409606771,CN120921375A,2025-08-07,2025-08-07,1679,-1,2025
1502,409604437,CN120921409A,2025-10-14,2025-10-14,1680,-1,2025
1503,409647820,CN120928696A,2025-08-05,2025-08-05,1685,6,2025
1504,409624697,CN120932167A,2024-07-18,2024-07-18,1686,-1,2024
1505,409660679,CN120934236A,2025-07-28,2025-07-28,1687,-1,2025
1506,409593088,US12466502B1,2022-09-28,2022-09-28,1688,0,2022
1507,361642122,US12468300B2,2022-06-01,2022-06-01,1689,-1,2022
1508,390992964,CN118550195B,2024-05-23,2024-05-23,1690,-1,2024
1509,394170381,CN118928586B,2024-09-29,2024-09-29,1691,37,2024
1510,395365101,CN119077798B,2024-09-09,2024-09-09,1692,10,2024
1511,399388057,CN119580575B,2024-12-04,2024-12-04,1693,-1,2024
1512,400254730,CN119682872B,2024-12-25,2024-12-25,1694,0,2024
1513,402212231,CN119960461B,2025-02-07,2025-02-07,1695,40,2025
1514,407336062,CN120621535B,2025-08-15,2025-08-15,1696,37,2025
1515,407910284,CN120697869B,2025-08-15,2025-08-15,1697,37,2025
1516,407910295,CN120697870B,2025-08-15,2025-08-15,1698,37,2025
1517,408034786,CN120715908B,2025-08-20,2025-08-20,1699,1,2025
1518,408037319,CN120716855B,2025-08-27,2025-08-27,1700,0,2025
1519,409533046,CN120899518A,2025-09-17,2025-09-17,1701,24,2025
1520,409464052,CN120901904A,2022-12-05,2022-12-05,1702,-1,2022
1521,409464088,CN120901905A,2022-12-05,2022-12-05,1703,-1,2022
1522,409463598,CN120901954A,2025-08-18,2025-08-18,1707,5,2025
1523,409465103,CN120902011A,2025-09-19,2025-09-19,1709,-1,2025
1524,409478345,CN120907869A,2025-07-23,2025-07-23,1710,-1,2025
1525,409500986,CN120909274A,2025-07-24,2025-07-24,1711,6,2025
1526,409503427,CN120909547A,2025-07-23,2025-07-23,1714,2,2025
1527,409543045,CN120911517A,2025-07-30,2025-07-30,1715,28,2025
1528,409463717,CN120911740A,2025-07-11,2025-07-11,1716,10,2025
1529,409475148,CN120912300A,2025-07-03,2025-07-03,1717,7,2025
1530,409494321,CN120913556A,2025-08-05,2025-08-05,1718,2,2025
1531,409477596,CN223519672U,2024-12-17,2024-12-17,1719,2,2024
1532,409500309,CN223520933U,2024-12-30,2024-12-30,1720,0,2024
1533,387872389,WO2025227595A1,2024-09-18,2024-09-18,1721,-1,2024
1534,365685348,CN115761785B,2021-09-02,2021-09-02,1723,-1,2021
1535,398908485,CN119501927B,2024-10-23,2024-10-23,1724,6,2024
1536,400746813,CN119748499B,2024-12-24,2024-12-24,1725,-1,2024
1537,409409782,CN120884435A,2025-09-03,2025-09-03,1726,8,2025
1538,409333410,CN120886237A,2025-06-11,2025-06-11,1727,3,2025
1539,409334343,CN120886278A,2025-09-19,2025-09-19,1730,2,2025
1540,409339787,CN120887490A,2025-07-16,2025-07-16,1731,-1,2025
1541,409359642,CN120890459A,2025-07-23,2025-07-23,1732,33,2025
1542,409383304,CN120894397A,2025-07-31,2025-07-31,1733,50,2025
1543,409341359,CN223507226U,2024-12-13,2024-12-13,1735,13,2024
1544,409346492,CN223508380U,2024-11-01,2024-11-01,1736,52,2024
1545,378161460,US12460921B2,2023-03-14,2023-03-14,1737,-1,2023
1546,351514169,US12461530B2,2023-02-24,2023-02-24,1738,-1,2023
1547,349505514,CN114463253B,2021-12-21,2021-12-21,1739,50,2021
1548,356972180,CN115145286B,2022-07-29,2022-07-29,1740,74,2022
1549,357403600,CN115219358B,2022-07-14,2022-07-14,1741,20,2022
1550,391425240,CN118601446B,2024-05-23,2024-05-23,1742,23,2024
1551,397557050,CN119338981B,2024-09-14,2024-09-14,1743,35,2024
1552,399944776,CN119645028B,2024-12-03,2024-12-03,1744,3,2024
1553,401781995,CN119896245B,2025-01-06,2025-01-06,1745,-1,2025
1554,408055148,CN120722765B,2025-09-01,2025-09-01,1746,6,2025
1555,409196545,CN120861838A,2025-08-28,2025-08-28,1747,66,2025
1556,409203155,CN120862636A,2025-07-22,2025-07-22,1748,-1,2025
1557,409201327,CN120862682A,2025-08-12,2025-08-12,1750,-1,2025
1558,409202838,CN120862719A,2025-07-11,2025-07-11,1754,30,2025
1559,409204633,CN120862760A,2025-09-09,2025-09-09,1756,72,2025
1560,409210172,CN120863774A,2025-09-16,2025-09-16,1757,9,2025
1561,409256515,CN120871619A,2025-07-28,2025-07-28,1758,3,2025
1562,409259454,CN120871853A,2025-07-22,2025-07-22,1759,3,2025
1563,409268168,CN120873681A,2025-07-17,2025-07-17,1761,-1,2025
1564,409183151,CN120877175A,2025-06-27,2025-06-27,1762,-1,2025
1565,409254709,CN223493288U,2024-11-28,2024-11-28,1763,-1,2024
1566,409583837,KR1020250155720A,2024-04-24,2024-04-24,1764,-1,2024
1567,409151514,US20250332004A1,2025-01-09,2025-01-09,1765,0,2025
1568,409155157,US20250335253A1,2025-04-24,2025-04-24,1766,21,2025
1569,409176800,WO2025226986A1,2025-04-24,2025-04-24,1767,21,2025
1570,408885722,EP4641339A1,2024-04-23,2024-04-23,1768,6,2024
1571,337672626,CN113525548B,2020-04-21,2020-04-21,1769,0,2020
1572,357685257,CN115220465B,2022-07-29,2022-07-29,1770,40,2022
1573,366517795,CN115841698B,2022-11-22,2022-11-22,1771,53,2022
1574,381840784,CN117550105B,2023-11-14,2023-11-14,1772,-1,2023
1575,400812421,CN119758719B,2024-12-23,2024-12-23,1773,6,2024
1576,405718961,CN120397008B,2025-07-04,2025-07-04,1774,7,2025
1577,407508590,CN120657343B,2025-08-13,2025-08-13,1775,-1,2025
1578,409023099,CN120837289A,2025-08-11,2025-08-11,1776,-1,2025
1579,409044424,CN120839787A,2025-08-04,2025-08-04,1778,-1,2025
1580,409042648,CN120839817A,2025-07-28,2025-07-28,1779,4,2025
1581,409051811,CN120840882A,2025-08-27,2025-08-27,1782,0,2025
1582,409066657,CN120843707A,2025-09-22,2025-09-22,1783,-1,2025
1583,409074057,CN120844896A,2025-04-21,2025-04-21,1784,18,2025
1584,409005559,CN120852108A,2025-07-08,2025-07-08,1785,2,2025
1585,409043268,CN223488020U,2024-12-03,2024-12-03,1787,0,2024
1586,357020290,CN115179702B,2022-07-11,2022-07-11,1788,0,2022
1587,402209672,CN119960311B,2025-02-06,2025-02-06,1789,3,2025
1588,403222447,CN120080331B,2025-04-15,2025-04-15,1790,1,2025
1589,408957431,CN120828893A,2024-04-24,2024-04-24,1791,0,2024
1590,408964090,CN120830717A,2025-07-30,2025-07-30,1792,12,2025
1591,408938903,CN223467230U,2024-11-28,2024-11-28,1794,9,2024
1592,408938909,CN223467232U,2024-11-29,2024-11-29,1795,9,2024
1593,408982503,IN202541091053A,2025-09-23,2025-09-23,1796,70,2025
1594,394694601,WO2025218818A1,2025-05-19,2025-05-19,1798,28,2025
1595,403542363,JP7757578B1,2025-07-02,2025-07-02,1799,69,2025
1596,391083609,CN118559694B,2024-05-15,2024-05-15,1800,6,2024
1597,396425052,CN119200606B,2024-09-23,2024-09-23,1801,1,2024
1598,397681866,CN119347754B,2024-10-22,2024-10-22,1802,6,2024
1599,401275156,CN119820621B,2025-02-28,2025-02-28,1803,-1,2025
1600,404528392,CN120246117B,2025-04-14,2025-04-14,1804,0,2025
1601,408853310,CN120816482A,2025-07-22,2025-07-22,1805,5,2025
1602,408853447,CN120816512A,2025-07-31,2025-07-31,1807,-1,2025
1603,408853456,CN120816514A,2025-09-12,2025-09-12,1808,8,2025
1604,408855785,CN120817057A,2025-08-20,2025-08-20,1809,45,2025
1605,408856190,CN120817166A,2024-04-12,2024-04-12,1810,0,2024
1606,408809565,CN120821273A,2025-08-04,2025-08-04,1812,6,2025
1607,408829694,CN120825561A,2024-04-12,2024-04-12,1814,26,2024
1608,408843314,CN223456011U,2024-07-16,2024-07-16,1815,39,2024
1609,408849339,CN223457028U,2024-12-24,2024-12-24,1816,0,2024
1610,379795995,US12449822B2,2023-06-20,2023-06-20,1817,-1,2023
1611,369794662,CN116185015B,2023-01-18,2023-01-18,1818,3,2023
1612,371584511,CN116400103B,2023-03-15,2023-03-15,1819,20,2023
1613,377100799,CN117008592B,2022-07-25,2022-07-25,1820,74,2022
1614,397751819,CN119376424B,2024-10-21,2024-10-21,1821,1,2024
1615,399938137,CN119644704B,2024-11-29,2024-11-29,1822,6,2024
1616,401110831,CN119791151B,2025-01-06,2025-01-06,1823,-1,2025
1617,403671230,CN120141561B,2025-02-27,2025-02-27,1824,-1,2025
1618,405922865,CN120436934B,2025-07-09,2025-07-09,1825,59,2025
1619,407325639,CN120620231B,2025-08-12,2025-08-12,1826,65,2025
1620,408714380,CN120791279A,2025-06-26,2025-06-26,1827,36,2025
1621,408714756,CN120791716A,2025-08-26,2025-08-26,1828,-1,2025
1622,408715428,CN120791730A,2025-06-03,2025-06-03,1829,10,2025
1623,408715839,CN120791740A,2025-06-26,2025-06-26,1830,1,2025
1624,408715357,CN120791815A,2025-07-14,2025-07-14,1833,5,2025
1625,408720932,CN120793000A,2025-07-31,2025-07-31,1834,9,2025
1626,408637615,CN120802028A,2025-08-20,2025-08-20,1835,16,2025
1627,408640351,CN120803010A,2025-07-14,2025-07-14,1836,6,2025
1628,408640377,CN120803011A,2025-07-14,2025-07-14,1837,3,2025
1629,408623016,IN202541087768A,2025-09-15,2025-09-15,1840,21,2025
1630,408623628,IN202541088903A,2025-09-18,2025-09-18,1841,2,2025
1631,408623696,IN202541088952A,2025-09-18,2025-09-18,1842,-1,2025
1632,408597362,US20250322249A1,2024-04-13,2024-04-13,1843,42,2024
1633,408598211,US20250322831A1,2025-06-26,2025-06-26,1844,2,2025
1634,408598574,US20250322837A1,2024-04-14,2024-04-14,1845,42,2024
1635,408614889,WO2025216838A1,2025-03-13,2025-03-13,1846,-1,2025
1636,387487707,EP4631681A1,2023-12-04,2023-12-04,1848,-1,2023
1637,402044753,CN119937611B,2025-01-22,2025-01-22,1849,3,2025
1638,406519369,CN120524975B,2025-07-24,2025-07-24,1850,5,2025
1639,408499793,CN120771478A,2025-07-25,2025-07-25,1851,60,2025
1640,408504518,CN120773060A,2025-08-29,2025-08-29,1853,10,2025
1641,408504941,CN120773098A,2025-09-08,2025-09-08,1854,0,2025
1642,408506337,CN120773844A,2025-08-22,2025-08-22,1855,-1,2025
1643,408519369,CN120778438A,2025-07-11,2025-07-11,1856,-1,2025
1644,408553619,CN223432391U,2024-12-16,2024-12-16,1857,52,2024
1645,408566591,CN223436346U,2024-11-15,2024-11-15,1858,-1,2024
1646,395722478,US12440969B2,2023-06-13,2023-06-13,1859,55,2023
1647,346498841,CN114186496B,2021-12-15,2021-12-15,1860,57,2021
1648,373379021,CN116612148B,2023-04-25,2023-04-25,1861,50,2023
1649,392526169,CN118716006B,2024-07-26,2024-07-26,1862,39,2024
1650,397086479,CN119297485B,2024-09-29,2024-09-29,1863,73,2024
1651,399167144,CN119556723B,2024-12-11,2024-12-11,1864,-1,2024
1652,400769930,CN119761921B,2025-01-09,2025-01-09,1865,1,2025
1653,401668416,CN119885863B,2024-12-26,2024-12-26,1866,5,2024
1654,404684720,CN120275065B,2025-03-19,2025-03-19,1867,-1,2025
1655,405433540,CN120363216B,2025-06-24,2025-06-24,1868,17,2025
1656,408386241,CN120755870A,2025-07-16,2025-07-16,1869,2,2025
1657,408392155,CN120758012A,2025-07-04,2025-07-04,1872,66,2025
1658,408395435,CN120759103A,2025-08-28,2025-08-28,1873,66,2025
1659,408405158,CN120762406A,2025-06-13,2025-06-13,1874,-1,2025
1660,408411676,CN120764582A,2025-07-09,2025-07-09,1876,21,2025
1661,408375011,IN202441065689A,2024-08-30,2024-08-30,1877,-1,2024
1662,408374104,IN202511089396A,2025-09-19,2025-09-19,1878,-1,2025
1663,408337586,JP2025152428A,2024-03-28,2024-03-28,1880,29,2024
1664,408340206,US20250312911A1,2025-04-04,2025-04-04,1881,-1,2025
1665,408340743,US20250314458A1,2025-04-04,2025-04-04,1882,-1,2025
1666,408365356,WO2025213141A1,2025-04-04,2025-04-04,1883,-1,2025
1667,402339461,CN119974029B,2025-04-17,2025-04-17,1884,17,2025
1668,402580170,CN120002637B,2025-02-24,2025-02-24,1885,-1,2025
1669,402759874,CN120029227B,2025-01-07,2025-01-07,1886,47,2025
1670,403057001,CN120065751B,2025-04-25,2025-04-25,1887,57,2025
1671,406365832,CN120503210B,2025-07-08,2025-07-08,1888,6,2025
1672,408200542,CN120735012A,2025-07-03,2025-07-03,1889,-1,2025
1673,408200620,CN120735086A,2025-07-29,2025-07-29,1891,13,2025
1674,408209440,CN120737950A,2025-09-04,2025-09-04,1892,24,2025
1675,408219858,CN120740809A,2025-06-17,2025-06-17,1893,-1,2025
1676,408231859,CN120742874A,2025-06-10,2025-06-10,1894,-1,2025
1677,408264866,CN223406978U,2024-11-28,2024-11-28,1897,4,2024
1678,408286739,CN223410764U,2024-11-29,2024-11-29,1898,18,2024
1679,HK42024088022.920240229,HK40100935B,2024-02-29,2024-02-29,1899,45,2024
1680,368829309,DE212023000371U1,2023-06-29,2023-06-29,1900,-1,2023
1681,408137478,US20250303564A1,2025-06-12,2025-06-12,1901,-1,2025
1682,376950739,EP4390594B1,2023-08-02,2023-08-02,1903,74,2023
1683,408310133,TWM675624U,2025-08-01,2025-08-01,1904,67,2025
1684,347825374,CN114299549B,2021-12-31,2021-12-31,1905,50,2021
1685,371878040,CN116430882B,2023-03-16,2023-03-16,1906,3,2023
1686,386671006,CN118081207B,2024-03-25,2024-03-25,1907,36,2024
1687,393433879,CN118832576B,2024-06-28,2024-06-28,1908,8,2024
1688,394376576,CN118947757B,2024-07-05,2024-07-05,1909,-1,2024
1689,399189461,CN119559269B,2024-11-14,2024-11-14,1910,-1,2024
1690,408049700,CN120720974A,2025-06-30,2025-06-30,1918,20,2025
1691,408065095,CN120726081A,2025-06-27,2025-06-27,1921,35,2025
1692,408090356,CN223395267U,2024-11-28,2024-11-28,1922,4,2024
1693,366060300,US12427661B2,2021-09-14,2021-09-14,1924,21,2021
1694,373570074,CN116619436B,2023-05-24,2023-05-24,1926,9,2023
1695,388874250,CN118322212B,2024-05-20,2024-05-20,1927,5,2024
1696,399702094,CN119610112B,2024-12-23,2024-12-23,1928,-1,2024
1697,402354865,CN119975596B,2025-03-17,2025-03-17,1929,9,2025
1698,405839205,CN120422254B,2025-07-08,2025-07-08,1930,1,2025
1699,406268790,CN120492596B,2025-07-16,2025-07-16,1931,2,2025
1700,406758727,CN120558242B,2025-07-31,2025-07-31,1932,-1,2025
1701,407907252,CN120697080A,2025-08-11,2025-08-11,1935,-1,2025
1702,407907387,CN120697091A,2025-07-17,2025-07-17,1936,12,2025
1703,407907513,CN120697100A,2025-07-01,2025-07-01,1937,13,2025
1704,407910311,CN120697872A,2025-08-06,2025-08-06,1940,0,2025
1705,407920833,CN120701708A,2025-06-24,2025-06-24,1941,12,2025
1706,407928855,CN120704329A,2025-06-24,2025-06-24,1942,3,2025
1707,407970378,CN223386090U,2024-11-14,2024-11-14,1943,18,2024
1708,407894148,IN202511076121A,2025-08-11,2025-08-11,1944,2,2025
1709,407893500,IN202521040546A,2025-04-26,2025-04-26,1945,69,2025
1710,407737845,US20250296243A1,2025-05-30,2025-05-30,1946,-1,2025
1711,396050004,CN119159596B,2024-09-30,2024-09-30,1949,-1,2024
1712,397173837,CN119283031B,2024-11-12,2024-11-12,1950,1,2024
1713,398228278,CN119407746B,2024-10-15,2024-10-15,1951,1,2024
1714,398229797,CN119407787B,2024-12-02,2024-12-02,1952,1,2024
1715,406268242,CN120480955B,2025-07-16,2025-07-16,1953,12,2025
1716,406617211,CN120533719B,2025-07-29,2025-07-29,1954,1,2025
1717,407750846,CN120680489A,2024-03-22,2024-03-22,1955,-1,2024
1718,407768814,CN120686584A,2025-06-23,2025-06-23,1956,5,2025
1719,407769151,CN120686839A,2025-06-24,2025-06-24,1957,-1,2025
1720,407802820,CN223369420U,2024-10-29,2024-10-29,1959,13,2024
1721,407802579,CN223369456U,2024-11-21,2024-11-21,1960,-1,2024
1722,407807834,CN223371111U,2024-11-11,2024-11-11,1961,-1,2024
1723,375602438,CN116853382B,2023-06-29,2023-06-29,1964,0,2023
1724,399700854,CN119610090B,2024-11-26,2024-11-26,1965,17,2024
1725,400779911,CN119762680B,2025-01-15,2025-01-15,1966,-1,2025
1726,405428182,CN120363221B,2025-06-27,2025-06-27,1967,-1,2025
1727,407610847,CN120663302A,2025-05-28,2025-05-28,1968,5,2025
1728,407610914,CN120663348A,2025-06-20,2025-06-20,1969,12,2025
1729,407611276,CN120663356A,2025-05-22,2025-05-22,1970,-1,2025
1730,407623500,CN120664190A,2025-06-26,2025-06-26,1971,-1,2025
1731,407623370,CN120664422A,2025-03-21,2025-03-21,1972,-1,2025
1732,407609868,CN223354274U,2024-11-20,2024-11-20,1975,44,2024
1733,407610920,CN223354306U,2024-11-22,2024-11-22,1976,-1,2024
1734,407720104,IN202521083354A,2025-09-02,2025-09-02,1977,-1,2025
1735,407720959,IN202541081237A,2025-08-27,2025-08-27,1978,-1,2025
1736,407721401,IN202541082077A,2025-08-29,2025-08-29,1979,2,2025
1737,407572180,US20250289142A1,2024-06-04,2024-06-04,1980,-1,2024
1738,407576130,US20250291353A1,2023-04-21,2023-04-21,1981,-1,2023
1739,407575761,US20250292181A1,2024-03-14,2024-03-14,1982,42,2024
1740,406368178,CN120503253B,2025-07-16,2025-07-16,1984,19,2025
1741,407536975,CN120645209A,2025-06-06,2025-06-06,1985,15,2025
1742,407543696,CN120646117A,2025-07-02,2025-07-02,1988,12,2025
1743,407473386,CN120650397A,2025-06-24,2025-06-24,1989,12,2025
1744,407463448,CN223339481U,2024-11-19,2024-11-19,1991,-1,2024
1745,407471984,CN223340771U,2024-11-05,2024-11-05,1992,0,2024
1746,382006306,KR1020250136300A,2023-08-08,2023-08-08,1993,-1,2023
1747,402221788,CN119952715B,2025-03-17,2025-03-17,1995,-1,2025
1748,407310506,CN120617889A,2025-06-24,2025-06-24,1996,0,2025
1749,407325281,CN120620279A,2025-08-01,2025-08-01,1998,-1,2025
1750,407325309,CN120620280A,2025-07-21,2025-07-21,1999,12,2025
1751,407325335,CN120620281A,2025-07-22,2025-07-22,2000,-1,2025
1752,407335908,CN120621526A,2025-05-09,2025-05-09,2001,-1,2025
1753,407335950,CN120621529A,2025-07-13,2025-07-13,2002,0,2025
1754,407372739,CN120628103A,2025-06-06,2025-06-06,2004,33,2025
1755,407287579,CN120631031A,2025-06-09,2025-06-09,2005,3,2025
1756,407296493,CN120633755A,2025-04-15,2025-04-15,2006,6,2025
1757,407297750,CN120633976A,2025-08-08,2025-08-08,2007,10,2025
1758,407304765,CN120635140A,2025-04-30,2025-04-30,2008,15,2025
1759,407343149,CN120640670A,2025-04-30,2025-04-30,2009,-1,2025
1760,407284933,IN202411013420A,2024-02-24,2024-02-24,2010,-1,2024
1761,407285990,IN202441017292A,2024-03-11,2024-03-11,2011,-1,2024
1762,407284328,IN202541081371A,2025-08-28,2025-08-28,2012,3,2025
1763,385901368,EP4611710A1,2023-11-02,2023-11-02,2013,48,2023
1764,405261117,CN120347815B,2025-05-23,2025-05-23,2014,48,2025
1765,405689514,CN120401922B,2025-07-03,2025-07-03,2015,-1,2025
1766,405647295,CN120406161B,2025-06-27,2025-06-27,2016,-1,2025
1767,405803073,CN120428573B,2025-07-07,2025-07-07,2017,5,2025
1768,407224310,CN120606400A,2025-07-21,2025-07-21,2018,2,2025
1769,407167296,CN120609558A,2025-07-02,2025-07-02,2019,16,2025
1770,371714042,US12409550B2,2023-01-09,2023-01-09,2020,22,2023
1771,407158433,US12409570B1,2024-08-16,2024-08-16,2021,-1,2024
1772,331183654,US12411198B2,2021-11-09,2021-11-09,2022,-1,2021
1773,362873235,CN115546547B,2022-10-11,2022-10-11,2023,6,2022
1774,399880843,CN119635621B,2024-11-11,2024-11-11,2024,1,2024
1775,405839147,CN120422253B,2025-07-08,2025-07-08,2025,17,2025
1776,405943523,CN120447563B,2025-07-14,2025-07-14,2026,27,2025
1777,407074892,CN120588210A,2025-06-05,2025-06-05,2027,-1,2025
1778,407075064,CN120588225A,2025-07-04,2025-07-04,2028,32,2025
1779,407075074,CN120588226A,2025-07-08,2025-07-08,2029,-1,2025
1780,407074303,CN120588241A,2025-07-29,2025-07-29,2030,5,2025
1781,407074716,CN120588275A,2025-07-25,2025-07-25,2031,13,2025
1782,407074857,CN120588287A,2025-06-10,2025-06-10,2032,36,2025
1783,407074882,CN120588289A,2025-06-20,2025-06-20,2033,0,2025
1784,407078884,CN120589113A,2025-04-30,2025-04-30,2034,30,2025
1785,407097423,CN120593028A,2025-06-09,2025-06-09,2035,12,2025
1786,407099977,CN120593770A,2025-07-11,2025-07-11,2036,-1,2025
1787,407027104,CN120595629A,2025-05-16,2025-05-16,2037,-1,2025
1788,407027714,CN120595837A,2025-05-27,2025-05-27,2038,1,2025
1789,407076994,CN223302651U,2024-10-31,2024-10-31,2039,0,2024
1790,407116134,CN223307404U,2024-10-23,2024-10-23,2040,18,2024
1791,407120163,CN223308295U,2024-10-18,2024-10-18,2041,16,2024
1792,407122615,CN223308705U,2024-09-29,2024-09-29,2042,-1,2024
1793,407136707,IN202511014287A,2025-02-19,2025-02-19,2043,2,2025
1794,407137175,IN202541079723A,2025-08-22,2025-08-22,2044,-1,2025
1795,386539808,WO2025179628A1,2024-03-12,2024-03-12,2045,-1,2024
1796,353638304,CN114839878B,2022-04-27,2022-04-27,2046,5,2022
1797,370850546,CN116300954B,2023-04-04,2023-04-04,2047,54,2023
1798,400913521,CN119772940B,2025-01-25,2025-01-25,2048,4,2025
1799,406925521,CN120570760A,2025-06-06,2025-06-06,2049,24,2025
1800,406891061,CN120572534A,2025-07-08,2025-07-08,2050,65,2025
1801,406894687,CN120572877A,2025-07-24,2025-07-24,2051,52,2025
1802,406914965,CN120576225A,2025-05-26,2025-05-26,2052,12,2025
1803,406913790,CN223290972U,2024-10-23,2024-10-23,2054,9,2024
1804,374861155,US12403589B2,2022-12-30,2022-12-30,2055,-1,2022
1805,400666780,US12403605B2,2023-09-29,2023-09-29,2056,-1,2023
1806,405585172,TW202533929A,2025-01-03,2025-01-03,2057,-1,2025
1807,407141482,TWM674246U,2025-04-18,2025-04-18,2058,43,2025
1808,407142815,TWM674503U,2025-06-27,2025-06-27,2059,43,2025
1809,407146468,KR102851528B1,2025-01-24,2025-01-24,2060,28,2025
1810,386412803,KR102852523B1,2022-11-02,2022-11-02,2061,8,2022
1811,356020062,CN115082960B,2022-06-21,2022-06-21,2062,26,2022
1812,370834184,CN116300436B,2023-02-23,2023-02-23,2063,5,2023
1813,402940066,CN120047929B,2024-12-17,2024-12-17,2064,-1,2024
1814,404140848,CN120194820B,2025-05-26,2025-05-26,2065,-1,2025
1815,404350964,CN120228740B,2025-05-29,2025-05-29,2066,-1,2025
1816,404504913,CN120245010B,2025-06-04,2025-06-04,2067,44,2025
1817,405697689,CN120395955B,2025-07-04,2025-07-04,2068,4,2025
1818,405647160,CN120406159B,2025-06-24,2025-06-24,2069,1,2025
1819,406802566,CN120550359A,2025-06-13,2025-06-13,2070,0,2025
1820,406827286,CN120551670A,2025-07-01,2025-07-01,2071,36,2025
1821,406828686,CN120552017A,2025-06-19,2025-06-19,2072,9,2025
1822,406831403,CN120552060A,2025-06-10,2025-06-10,2073,-1,2025
1823,406832144,CN120552071A,2025-07-04,2025-07-04,2074,17,2025
1824,406834927,CN120552109A,2025-07-02,2025-07-02,2075,13,2025
1825,406838404,CN120552545A,2025-08-04,2025-08-04,2076,7,2025
1826,406815769,CN223274659U,2024-10-21,2024-10-21,2078,39,2024
1827,406835041,CN223284050U,2024-05-17,2024-05-17,2079,16,2024
1828,332254083,KR102852230B1,2019-12-26,2019-12-26,2080,0,2019
1829,SG10202400267Q20240130,SG10202400267QA,2024-01-30,2024-01-30,2081,-1,2024
1830,SG10202501938V20131112,SG10202501938VA,2013-11-12,2013-11-12,2082,75,2013
1831,383789845,US20250269537A1,2024-07-11,2024-07-11,2085,28,2024
1832,385069436,EP4607321A1,2023-10-06,2023-10-06,2086,-1,2023
1833,374588285,CN116750104B,2023-07-21,2023-07-21,2087,0,2023
1834,378840034,CN117182904B,2023-09-18,2023-09-18,2088,3,2023
1835,398430195,CN119442878B,2024-10-28,2024-10-28,2089,7,2024
1836,403222070,CN120080326B,2025-05-06,2025-05-06,2090,17,2025
1837,403443965,CN120116229B,2025-05-08,2025-05-08,2091,60,2025
1838,404660176,CN120269575B,2025-06-09,2025-06-09,2092,70,2025
1839,406617577,CN120533727A,2025-04-21,2025-04-21,2094,-1,2025
1840,406615061,CN120533752A,2025-06-11,2025-06-11,2095,47,2025
1841,406625335,CN120534120A,2025-07-17,2025-07-17,2096,72,2025
1842,406626319,CN120534449A,2025-06-17,2025-06-17,2097,-1,2025
1843,406640853,CN120540115A,2025-05-15,2025-05-15,2099,6,2025
1844,406670913,CN120542467A,2025-07-03,2025-07-03,2100,17,2025
1845,406617053,CN120542827A,2025-05-15,2025-05-15,2101,28,2025
1846,406659451,CN223266892U,2024-11-05,2024-11-05,2102,0,2024
1847,406659494,CN223266893U,2024-11-18,2024-11-18,2103,13,2024
1848,368208352,CN116021932B,2022-12-20,2022-12-20,2104,0,2022
1849,370893930,CN116293276B,2023-03-29,2023-03-29,2105,-1,2023
1850,399595977,CN119589694B,2024-12-19,2024-12-19,2106,5,2024
1851,402339246,CN119974024B,2025-04-15,2025-04-15,2107,6,2025
1852,406534862,CN120514572A,2025-05-14,2025-05-14,2108,48,2025
1853,406565937,CN120516701A,2025-06-25,2025-06-25,2109,2,2025
1854,406567216,CN120516723A,2025-07-24,2025-07-24,2110,-1,2025
1855,406567603,CN120516730A,2025-05-30,2025-05-30,2111,2,2025
1856,406567772,CN120516732A,2025-07-14,2025-07-14,2112,-1,2025
1857,406527189,CN120525659A,2025-07-03,2025-07-03,2114,5,2025
1858,406533947,CN120526168A,2025-05-13,2025-05-13,2115,7,2025
1859,406535087,CN120526185A,2024-02-21,2024-02-21,2116,-1,2024
1860,406522610,CN120529825A,2025-05-14,2025-05-14,2117,20,2025
1861,406575987,CN223251712U,2024-12-31,2024-12-31,2118,-1,2024
1862,406580941,CN223261577U,2024-09-25,2024-09-25,2119,0,2024
1863,406596457,IN202511070516A,2025-07-24,2025-07-24,2120,-1,2025
1864,406598095,IN202521074783A,2025-08-06,2025-08-06,2121,8,2025
1865,406598859,IN202541073877A,2025-08-04,2025-08-04,2122,67,2025
1866,388195914,KR1020250125963A,2023-12-13,2023-12-13,2123,18,2023
1867,406472981,US20250266039A1,2025-03-17,2025-03-17,2124,8,2025
1868,406873399,TWM673958U,2025-05-13,2025-05-13,2125,75,2025
1869,365262824,CN115718492B,2022-11-17,2022-11-17,2127,30,2022
1870,369378431,CN116136692B,2021-11-17,2021-11-17,2128,6,2021
1871,372834006,CN116534156B,2023-04-14,2023-04-14,2129,0,2023
1872,403078599,CN120056136B,2025-04-27,2025-04-27,2130,1,2025
1873,404083922,CN120215510B,2025-05-26,2025-05-26,2131,3,2025
1874,406366226,CN120503217A,2025-07-22,2025-07-22,2133,57,2025
1875,406366788,CN120503227A,2025-06-09,2025-06-09,2134,32,2025
1876,406366883,CN120503229A,2025-06-27,2025-06-27,2135,1,2025
1877,406386004,CN120504914A,2025-06-12,2025-06-12,2137,66,2025
1878,406407896,CN120506475A,2025-06-18,2025-06-18,2138,12,2025
1879,406407947,CN120506476A,2025-06-18,2025-06-18,2139,12,2025
1880,406408022,CN120506477A,2025-06-18,2025-06-18,2140,12,2025
1881,406349640,CN120506880A,2025-05-19,2025-05-19,2141,35,2025
1882,406367179,CN120508129A,2025-07-22,2025-07-22,2142,5,2025
1883,406432337,CN223246415U,2024-10-31,2024-10-31,2143,13,2024
1884,383357856,US12393787B2,2023-11-29,2023-11-29,2144,2,2023
1885,392016229,CN118664586B,2024-05-30,2024-05-30,2146,5,2024
1886,393213864,CN118809606B,2024-08-12,2024-08-12,2147,5,2024
1887,406267055,CN120480877A,2025-06-13,2025-06-13,2148,-1,2025
1888,406266740,CN120480938A,2025-06-12,2025-06-12,2149,4,2025
1889,406268684,CN120480961A,2025-06-28,2025-06-28,2151,72,2025
1890,406250551,CN120491432A,2025-05-12,2025-05-12,2152,3,2025
1891,406256784,CN223223404U,2024-10-16,2024-10-16,2154,15,2024
1892,406329057,IN202541073435A,2025-08-01,2025-08-01,2155,68,2025
1893,310384912,AU2019393830B2,2019-12-03,2019-12-03,2157,-1,2019
1894,305400118,EP3840714B1,2019-08-26,2019-08-26,2160,-1,2019
1895,384867555,CN117901099B,2024-01-18,2024-01-18,2163,1,2024
1896,406093585,CN120458438A,2025-06-24,2025-06-24,2164,72,2025
1897,406058904,CN120461432A,2025-06-27,2025-06-27,2165,-1,2025
1898,406060537,CN120461473A,2025-06-19,2025-06-19,2166,9,2025
1899,406060701,CN120461477A,2025-06-20,2025-06-20,2167,37,2025
1900,406060982,CN120461484A,2025-07-03,2025-07-03,2168,12,2025
1901,406070719,CN120462176A,2025-06-03,2025-06-03,2169,0,2025
1902,406078388,CN120467344A,2025-05-12,2025-05-12,2170,-1,2025
1903,406102060,CN120469192A,2025-05-06,2025-05-06,2171,5,2025
1904,406081205,CN120472059A,2025-04-28,2025-04-28,2172,2,2025
1905,406089548,CN120472577A,2025-05-23,2025-05-23,2173,-1,2025
1906,406118696,CN120474464A,2025-06-19,2025-06-19,2174,-1,2025
1907,406068406,CN120475375A,2025-04-24,2025-04-24,2175,38,2025
1908,406086967,CN223211413U,2024-08-09,2024-08-09,2176,-1,2024
1909,406122887,CN223217246U,2024-09-26,2024-09-26,2177,16,2024
1910,376853893,US12384038B2,2023-06-30,2023-06-30,2178,-1,2023
1911,MTPT483820250723,MTP4838B,2025-07-23,2025-07-23,2179,-1,2025
1912,348958895,CN114419660B,2021-12-13,2021-12-13,2180,41,2021
1913,350946356,CN114595797B,2022-02-28,2022-02-28,2181,2,2022
1914,372882884,CN116551669B,2023-02-28,2023-02-28,2182,1,2023
1915,405961040,CN120439281A,2025-04-24,2025-04-24,2184,1,2025
1916,405961929,CN120439294A,2025-05-16,2025-05-16,2185,-1,2025
1917,405962129,CN120439297A,2025-05-26,2025-05-26,2186,6,2025
1918,405957908,CN120439306A,2025-06-20,2025-06-20,2187,1,2025
1919,405960411,CN120439351A,2025-06-24,2025-06-24,2188,19,2025
1920,405973148,CN120440157A,2025-06-27,2025-06-27,2189,9,2025
1921,405990883,CN120445242A,2025-03-20,2025-03-20,2190,33,2025
1922,405991463,CN120445563A,2025-07-11,2025-07-11,2191,16,2025
1923,405942137,CN120447382A,2025-05-07,2025-05-07,2192,3,2025
1924,405836897,CN120422218A,2025-04-17,2025-04-17,2196,2,2025
1925,405838340,CN120422240A,2025-06-16,2025-06-16,2197,6,2025
1926,405838463,CN120422242A,2025-06-20,2025-06-20,2199,-1,2025
1927,405840463,CN120422275A,2025-06-23,2025-06-23,2202,-1,2025
1928,405786216,CN120422969A,2025-05-22,2025-05-22,2203,0,2025
1929,405790855,CN120423200A,2025-06-16,2025-06-16,2204,61,2025
1930,405784777,CN120431639A,2025-07-07,2025-07-07,2206,-1,2025
1931,405803523,CN223187568U,2024-07-26,2024-07-26,2207,9,2024
1932,356092341,CN115086593B,2022-05-10,2022-05-10,2209,26,2022
1933,396231643,CN119175719B,2024-11-26,2024-11-26,2210,32,2024
1934,402071160,CN119924090B,2025-04-07,2025-04-07,2211,10,2025
1935,404660384,CN120269578B,2025-06-10,2025-06-10,2212,17,2025
1936,405695106,CN120395840A,2025-05-09,2025-05-09,2213,10,2025
1937,405696497,CN120395861A,2025-05-23,2025-05-23,2214,-1,2025
1938,405697099,CN120395870A,2025-05-28,2025-05-28,2215,1,2025
1939,405699752,CN120395906A,2025-06-30,2025-06-30,2217,49,2025
1940,405696631,CN120395938A,2025-04-27,2025-04-27,2218,5,2025
1941,405700644,CN120396003A,2025-06-25,2025-06-25,2220,-1,2025
1942,405693889,CN120402457A,2025-04-23,2025-04-23,2223,9,2025
1943,405649029,CN120406108A,2025-04-14,2025-04-14,2224,6,2025
1944,405650623,CN120406206A,2025-04-18,2025-04-18,2227,61,2025
1945,405688923,CN120408517A,2025-04-25,2025-04-25,2229,5,2025
1946,405698560,CN120414989A,2025-06-18,2025-06-18,2230,12,2025
1947,405638932,CN120416181A,2025-04-11,2025-04-11,2231,65,2025
1948,405758301,IN202521069422A,2025-07-21,2025-07-21,2234,28,2025
1949,405759772,IN202541070456A,2025-07-24,2025-07-24,2235,-1,2025
1950,405759693,IN202541070479A,2025-07-24,2025-07-24,2236,-1,2025
1951,405605246,DE102024102749A1,2024-01-31,2024-01-31,2237,0,2024
1952,405605272,DE102024102751A1,2024-01-31,2024-01-31,2238,2,2024
1953,405586309,US20250245856A1,2024-01-29,2024-01-29,2242,-1,2024
1954,395295852,EP4470727B1,2023-05-31,2023-05-31,2243,-1,2023
1955,364506422,CN115676558B,2022-10-27,2022-10-27,2244,18,2022
1956,339891453,CN115803226B,2021-05-24,2021-05-24,2245,-1,2021
1957,383821008,CN117788820B,2023-12-27,2023-12-27,2246,35,2023
1958,404206768,CN120206542B,2025-05-28,2025-05-28,2247,-1,2025
1959,405555823,CN120381202A,2025-05-22,2025-05-22,2248,-1,2025
1960,405501487,CN120382498A,2025-06-05,2025-06-05,2249,5,2025
1961,405504580,CN120382888A,2025-03-04,2025-03-04,2250,7,2025
1962,405539003,CN120385338A,2025-04-08,2025-04-08,2251,15,2025
1963,405509537,CN120386181A,2025-03-14,2025-03-14,2252,6,2025
1964,405550210,CN223160940U,2024-08-26,2024-08-26,2254,0,2024
1965,405496069,US12372376B1,2025-02-06,2025-02-06,2255,7,2025
1966,339355703,CN113656135B,2021-08-18,2021-08-18,2256,26,2021
1967,351256098,CN114627552B,2022-03-08,2022-03-08,2257,-1,2022
1968,374852734,CN116749189B,2023-07-06,2023-07-06,2258,1,2023
1969,376928344,CN116985111B,2022-07-25,2022-07-25,2259,40,2022
1970,376928583,CN116985114B,2022-09-30,2022-09-30,2260,40,2022
1971,396732186,CN119238612B,2024-10-25,2024-10-25,2261,17,2024
1972,403312435,CN120095860B,2025-05-09,2025-05-09,2263,4,2025
1973,405432128,CN120363194A,2025-05-16,2025-05-16,2265,1,2025
1974,405429602,CN120363245A,2025-05-28,2025-05-28,2268,13,2025
1975,405356209,CN120363649A,2025-05-06,2025-05-06,2269,-1,2025
1976,405372648,CN120370769A,2025-03-17,2025-03-17,2271,-1,2025
1977,405372859,CN120370774A,2025-03-31,2025-03-31,2272,3,2025
1978,405375996,CN120370919A,2025-03-31,2025-03-31,2273,1,2025
1979,405375326,CN120370992A,2025-04-18,2025-04-18,2274,6,2025
1980,405375368,CN120370993A,2025-04-21,2025-04-21,2275,52,2025
1981,405400878,CN120372851A,2025-04-10,2025-04-10,2276,48,2025
1982,405391943,CN120377466A,2025-06-25,2025-06-25,2278,49,2025
1983,405417475,CN223148553U,2024-10-26,2024-10-26,2279,-1,2024
1984,405478898,IN202521064823A,2025-07-08,2025-07-08,2280,-1,2025
1985,405479185,IN202541066767A,2025-07-13,2025-07-13,2281,2,2025
1986,405481037,IN202541068117A,2025-07-17,2025-07-17,2282,17,2025
1987,404722518,JP2025109643A,2024-02-01,2024-02-01,2283,60,2024
1988,405032949,DE202025101731U1,2025-03-31,2025-03-31,2284,-1,2025
1989,403570280,EP4587228A1,2023-12-04,2023-12-04,2285,-1,2023
1990,360250627,CN115319764B,2022-06-27,2022-06-27,2286,10,2022
1991,401274129,CN119820602B,2025-03-20,2025-03-20,2287,17,2025
1992,402223798,CN119952744B,2025-04-10,2025-04-10,2288,10,2025
1993,402578435,CN120002686B,2025-04-21,2025-04-21,2289,12,2025
1994,402880164,CN120039279B,2025-04-25,2025-04-25,2290,7,2025
1995,405260473,CN120347732A,2025-04-02,2025-04-02,2291,1,2025
1996,405261238,CN120347741A,2025-04-29,2025-04-29,2292,1,2025
1997,405262132,CN120347750A,2025-05-28,2025-05-28,2293,17,2025
1998,405270471,CN120348375A,2025-02-21,2025-02-21,2295,0,2025
1999,405270666,CN120348378A,2025-06-13,2025-06-13,2296,52,2025
2000,405249701,CN120352145A,2025-04-14,2025-04-14,2297,16,2025
2001,405265125,CN120353156A,2024-11-08,2024-11-08,2298,1,2024
2002,405222303,CN120354879A,2025-03-28,2025-03-28,2299,1,2025
2003,405290488,CN223132209U,2024-10-22,2024-10-22,2300,0,2024
2004,405273370,CN223135963U,2024-09-18,2024-09-18,2301,36,2024
2005,364049391,CN115635477B,2022-10-31,2022-10-31,2302,9,2022
2006,372883150,CN116551679B,2023-04-28,2023-04-28,2303,1,2023
2007,394559394,CN118982847B,2024-09-02,2024-09-02,2304,-1,2024
2008,397468794,CN119328750B,2024-10-18,2024-10-18,2305,52,2024
2009,397699624,CN119359537B,2024-10-08,2024-10-08,2306,41,2024
2010,399701735,CN119610104B,2024-12-16,2024-12-16,2307,-1,2024
2011,403062623,CN120066054B,2025-04-25,2025-04-25,2308,6,2025
2012,405099206,CN120331783A,2025-04-24,2025-04-24,2309,-1,2025
2013,405097368,CN120337286A,2025-04-09,2025-04-09,2310,-1,2025
2014,405102050,CN120337521A,2025-03-31,2025-03-31,2311,3,2025
2015,388835686,CN120345225A,2023-01-03,2023-01-03,2313,-1,2023
2016,405114899,CN223116438U,2024-10-24,2024-10-24,2314,0,2024
2017,405186307,IN202541037846A,2025-04-20,2025-04-20,2316,8,2025
2018,385126491,US20250229427A1,2024-10-18,2024-10-18,2317,-1,2024
2019,372633759,CN116520352B,2023-06-02,2023-06-02,2318,15,2023
2020,402608177,CN120008587B,2025-04-18,2025-04-18,2319,35,2025
2021,403210103,CN120088258B,2025-05-06,2025-05-06,2320,35,2025
2022,404899431,CN120304959A,2025-06-17,2025-06-17,2321,-1,2025
2023,404941661,CN120307254A,2024-07-01,2024-07-01,2322,-1,2024
2024,404943185,CN120307288A,2025-04-28,2025-04-28,2324,1,2025
2025,404942062,CN120307290A,2025-05-06,2025-05-06,2325,-1,2025
2026,404942402,CN120307298A,2025-05-22,2025-05-22,2326,5,2025
2027,404943223,CN120307315A,2023-11-28,2023-11-28,2327,20,2023
2028,404943694,CN120307353A,2025-05-15,2025-05-15,2328,-1,2025
2029,404957431,CN120308238A,2025-05-16,2025-05-16,2329,64,2025
2030,404957449,CN120308239A,2025-05-20,2025-05-20,2330,37,2025
2031,404957514,CN120308244A,2025-06-19,2025-06-19,2331,9,2025
2032,404950289,CN120312731A,2025-04-15,2025-04-15,2332,-1,2025
2033,404934783,CN120316913A,2025-03-20,2025-03-20,2333,1,2025
2034,404943709,CN120317513A,2025-04-07,2025-04-07,2334,38,2025
2035,297547598,US12357898B2,2019-10-31,2019-10-31,2335,48,2019
2036,356518503,CN115122325B,2022-06-30,2022-06-30,2336,-1,2022
2037,362038697,CN115480482B,2021-05-31,2021-05-31,2337,-1,2021
2038,396732835,CN119238533B,2024-11-18,2024-11-18,2338,5,2024
2039,397297727,CN119309582B,2024-10-12,2024-10-12,2339,33,2024
2040,401682860,CN119886495B,2025-03-27,2025-03-27,2340,7,2025
2041,403065211,CN120066104B,2025-04-29,2025-04-29,2341,3,2025
2042,404811866,CN120287287A,2025-03-24,2025-03-24,2342,5,2025
2043,404814887,CN120287323A,2025-04-15,2025-04-15,2344,4,2025
2044,404817037,CN120287347A,2025-04-29,2025-04-29,2345,48,2025
2045,404817392,CN120287351A,2025-05-13,2025-05-13,2346,-1,2025
2046,404830884,CN120288152A,2024-11-14,2024-11-14,2347,-1,2024
2047,404820969,CN120293119A,2025-04-16,2025-04-16,2348,15,2025
2048,404769721,CN120294746A,2025-04-09,2025-04-09,2349,8,2025
2049,404772707,CN120295110A,2025-04-14,2025-04-14,2350,6,2025
2050,404778978,CN120295284A,2023-11-22,2023-11-22,2351,3,2023
2051,404799281,CN120296919A,2025-03-27,2025-03-27,2352,-1,2025
2052,404809001,CN120297459A,2025-03-14,2025-03-14,2353,30,2025
2053,404766290,CN120299002A,2025-03-24,2025-03-24,2354,27,2025
2054,404755096,IN202341054700A,2023-08-14,2023-08-14,2356,2,2023
2055,404753115,IN202541062615A,2025-07-01,2025-07-01,2357,-1,2025
2056,405189140,TWM672773U,2025-04-22,2025-04-22,2358,-1,2025
2057,370415252,CN116250422B,2022-12-16,2022-12-16,2361,52,2022
2058,399186963,CN119550364B,2025-02-06,2025-02-06,2362,-1,2025
2059,402599686,CN120003614B,2025-04-14,2025-04-14,2363,9,2025
2060,404618065,CN120267413A,2025-04-14,2025-04-14,2364,-1,2025
2061,404658134,CN120269545A,2025-02-27,2025-02-27,2365,-1,2025
2062,404658967,CN120269557A,2025-04-03,2025-04-03,2366,32,2025
2063,404660030,CN120269573A,2025-05-30,2025-05-30,2367,5,2025
2064,404662260,CN120269607A,2025-05-22,2025-05-22,2370,13,2025
2065,404436767,CN120270229A,2023-12-28,2023-12-28,2371,7,2023
2066,404635226,CN120276261A,2025-06-05,2025-06-05,2373,-1,2025
2067,404665144,CN120278360A,2025-03-24,2025-03-24,2375,-1,2025
2068,381624483,US12350837B2,2023-08-07,2023-08-07,2376,-1,2023
2069,404880966,KR1020250104155A,2023-12-29,2023-12-29,2377,-1,2023
2070,348011242,CN114326736B,2021-12-29,2021-12-29,2378,-1,2021
2071,351135591,CN114610017B,2022-01-27,2022-01-27,2379,-1,2022
2072,394909243,CN119024875B,2023-07-14,2023-07-14,2380,40,2023
2073,403084930,CN120067092B,2025-04-28,2025-04-28,2381,17,2025
2074,404504317,CN120245001A,2025-05-28,2025-05-28,2382,5,2025
2075,404503728,CN120245063A,2025-05-09,2025-05-09,2384,0,2025
2076,404509304,CN120245286A,2025-04-21,2025-04-21,2385,-1,2025
2077,404528602,CN120246120A,2025-03-31,2025-03-31,2387,0,2025
2078,404515579,CN120251682A,2025-04-30,2025-04-30,2389,12,2025
2079,404527630,CN120252836A,2025-03-31,2025-03-31,2390,-1,2025
2080,404530255,CN120253020A,2025-03-25,2025-03-25,2391,20,2025
2081,404482597,CN120255326A,2025-04-02,2025-04-02,2392,-1,2025
2082,404483741,CN120255522A,2025-04-02,2025-04-02,2393,27,2025
2083,404482118,CN120255559A,2025-04-01,2025-04-01,2394,3,2025
2084,404512338,CN120257756A,2025-06-09,2025-06-09,2395,20,2025
2085,404512520,CN120262837A,2025-05-15,2025-05-15,2396,13,2025
2086,404539081,CN223059129U,2024-10-09,2024-10-09,2397,0,2024
2087,404486039,CN223063078U,2024-10-17,2024-10-17,2398,12,2024
2088,404451399,IN202521035882A,2025-04-13,2025-04-13,2399,2,2025
2089,404451725,IN202541059497A,2025-06-20,2025-06-20,2400,0,2025
2090,404451452,IN202541061451A,2025-06-27,2025-06-27,2401,2,2025
2091,393386917,US20250219277A1,2025-03-18,2025-03-18,2403,62,2025
2092,404448135,WO2025145228A1,2025-01-06,2025-01-06,2404,-1,2025
2093,404604225,KR1020250100419A,2023-12-26,2023-12-26,2405,2,2023
2094,373636564,US12347089B2,2023-02-20,2023-02-20,2406,-1,2023
2095,372276282,CN116486650B,2022-01-13,2022-01-13,2407,-1,2022
2096,399700532,CN119610085B,2024-11-11,2024-11-11,2408,32,2024
2097,404351488,CN120228749A,2025-05-07,2025-05-07,2410,-1,2025
2098,404354951,CN120236578A,2025-03-28,2025-03-28,2411,2,2025
2099,404381518,CN223044555U,2024-08-30,2024-08-30,2412,2,2024
2100,403869282,TW202525532A,2024-11-18,2024-11-18,2413,-1,2024
2101,RU202412321820240813,RU2842579C1,2024-08-13,2024-08-13,2415,56,2024
2102,388594954,CN118288333B,2024-03-30,2024-03-30,2416,16,2024
2103,389987699,CN118447574B,2024-05-10,2024-05-10,2417,50,2024
2104,400747247,CN119748429B,2024-12-06,2024-12-06,2418,32,2024
2105,402222967,CN119952732B,2025-04-10,2025-04-10,2419,32,2025
2106,402263878,CN119958572B,2025-04-03,2025-04-03,2420,21,2025
2107,404200567,CN120206474A,2025-03-21,2025-03-21,2421,36,2025
2108,404284839,CN120207468A,2025-03-06,2025-03-06,2423,-1,2025
2109,404284842,CN120207469A,2025-04-07,2025-04-07,2424,12,2025
2110,404284845,CN120207470A,2025-04-14,2025-04-14,2425,0,2025
2111,404199904,CN120213071A,2025-03-26,2025-03-26,2426,33,2025
2112,404076677,CN120215301A,2025-03-21,2025-03-21,2427,6,2025
2113,404078894,CN120215366A,2025-03-24,2025-03-24,2428,32,2025
2114,404085120,CN120215543A,2025-03-25,2025-03-25,2430,3,2025
2115,404151941,CN223026567U,2024-06-20,2024-06-20,2431,16,2024
2116,367008164,CN115901290B,2022-11-03,2022-11-03,2433,7,2022
2117,371559475,CN116395058B,2023-05-19,2023-05-19,2434,0,2023
2118,396643124,CN119229385B,2024-12-05,2024-12-05,2435,51,2024
2119,398593764,CN119459927B,2025-01-14,2025-01-14,2436,9,2025
2120,399595289,CN119589675B,2024-12-13,2024-12-13,2437,10,2024
2121,401430048,CN119850739B,2025-03-20,2025-03-20,2438,35,2025
2122,404114093,CN120194130A,2025-04-10,2025-04-10,2439,12,2025
2123,404191003,CN120196119A,2025-03-17,2025-03-17,2440,5,2025
2124,404122556,CN120198851A,2025-03-14,2025-03-14,2441,-1,2025
2125,404174414,CN223009778U,2024-07-22,2024-07-22,2442,11,2024
2126,393019498,US12337485B2,2024-06-24,2024-06-24,2443,-1,2024
2127,411620779,TR2025002363A2,2025-02-26,2025-02-26,2444,2,2025
2128,381548516,CN117508398B,2023-11-20,2023-11-20,2445,12,2023
2129,393701810,CN118848990B,2024-09-18,2024-09-18,2446,10,2024
2130,402579142,CN120002696B,2025-04-18,2025-04-18,2447,4,2025
2131,403939814,CN120170704A,2025-04-27,2025-04-27,2448,13,2025
2132,403937857,CN120170783A,2025-04-30,2025-04-30,2449,12,2025
2133,403937777,CN120170784A,2025-05-06,2025-05-06,2450,13,2025
2134,403940689,CN120171664A,2025-04-07,2025-04-07,2451,0,2025
2135,403968182,CN120178683A,2025-03-21,2025-03-21,2452,6,2025
2136,403963768,CN120178928A,2025-03-18,2025-03-18,2453,-1,2025
2137,403977833,CN120183139A,2025-04-09,2025-04-09,2454,-1,2025
2138,403880939,IN202541055964A,2025-06-10,2025-06-10,2455,21,2025
2139,383949110,JP7696032B2,2024-02-20,2024-02-20,2456,11,2024
2140,403851046,US20250199535A1,2024-12-12,2024-12-12,2457,38,2024
2141,403877121,WO2025128869A1,2024-12-12,2024-12-12,2458,38,2024
2142,373030598,CN116534055B,2023-05-24,2023-05-24,2460,7,2023
2143,398593975,CN119459931B,2025-01-15,2025-01-15,2461,9,2025
2144,400481458,CN119704205B,2025-02-26,2025-02-26,2462,-1,2025
2145,403737874,CN120154917A,2025-02-26,2025-02-26,2463,11,2025
2146,403771557,CN120156620A,2025-05-15,2025-05-15,2464,0,2025
2147,403789623,CN120160605A,2023-12-08,2023-12-08,2465,-1,2023
2148,403779857,CN120164278A,2025-03-31,2025-03-31,2467,43,2025
2149,403798952,CN120164296A,2025-03-17,2025-03-17,2468,46,2025
2150,316524613,CN111730622B,2020-07-24,2020-07-24,2469,-1,2020
2151,360980857,CN115384247B,2022-08-17,2022-08-17,2470,0,2022
2152,391557737,CN118628802B,2024-06-04,2024-06-04,2471,35,2024
2153,401722879,CN119882406B,2025-03-20,2025-03-20,2472,6,2025
2154,403668791,CN120130999A,2025-03-11,2025-03-11,2473,48,2025
2155,403630060,CN120135171A,2025-04-03,2025-04-03,2474,7,2025
2156,403629247,CN120135320A,2025-03-31,2025-03-31,2476,9,2025
2157,307318366,CN120143813A,2019-08-23,2019-08-23,2478,-1,2019
2158,403688347,CN120147648A,2025-03-14,2025-03-14,2479,-1,2025
2159,403697517,CN120147923A,2025-02-26,2025-02-26,2480,-1,2025
2160,403592743,CN120148112A,2025-02-25,2025-02-25,2481,-1,2025
2161,403582361,IN202541052053A,2025-05-29,2025-05-29,2483,7,2025
2162,403583801,IN202541055093A,2025-06-07,2025-06-07,2484,28,2025
2163,403546028,US20250186288A1,2023-03-22,2023-03-22,2485,-1,2023
2164,403547541,US20250187192A1,2023-11-08,2023-11-08,2486,75,2023
2165,374532431,US20250187212A1,2022-03-09,2022-03-09,2487,-1,2022
2166,348392377,CN114371713B,2022-01-12,2022-01-12,2490,-1,2022
2167,364957625,CN115706854B,2021-08-06,2021-08-06,2491,-1,2021
2168,398046083,CN119397712B,2024-10-31,2024-10-31,2492,-1,2024
2169,399186985,CN119550365B,2025-02-06,2025-02-06,2493,-1,2025
2170,403467370,CN120113655A,2025-03-27,2025-03-27,2494,24,2025
2171,403443718,CN120116222A,2025-04-18,2025-04-18,2495,17,2025
2172,403495637,CN222958663U,2024-08-12,2024-08-12,2498,13,2024
2173,403452011,CN222959942U,2024-08-15,2024-08-15,2499,9,2024
2174,403452073,CN222959943U,2024-08-15,2024-08-15,2500,9,2024
2175,403459715,CN222964679U,2024-09-03,2024-09-03,2501,0,2024
2176,368664174,CN116092325B,2023-01-31,2023-01-31,2502,-1,2023
2177,397646206,CN119354703B,2024-11-11,2024-11-11,2503,20,2024
2178,398568276,CN119469168B,2025-01-15,2025-01-15,2504,33,2025
2179,403312498,CN120095781A,2025-04-08,2025-04-08,2505,4,2025
2180,403313476,CN120095879A,2025-04-08,2025-04-08,2507,-1,2025
2181,403313951,CN120095888A,2025-04-03,2025-04-03,2508,16,2025
2182,403327159,CN120096712A,2025-04-02,2025-04-02,2509,-1,2025
2183,403302298,CN120103759A,2025-03-06,2025-03-06,2510,-1,2025
2184,403305770,CN120103836A,2025-03-04,2025-03-04,2511,-1,2025
2185,403306037,CN120103844A,2025-03-05,2025-03-05,2512,27,2025
2186,403405445,CN120108106A,2025-03-05,2025-03-05,2513,46,2025
2187,403405633,CN120108108A,2025-02-18,2025-02-18,2514,-1,2025
2188,403348569,CN120111085A,2025-01-22,2025-01-22,2515,44,2025
2189,403324786,CN222945598U,2024-08-20,2024-08-20,2516,13,2024
2190,376928516,CN116985113B,2022-07-25,2022-07-25,2517,45,2022
2191,400158932,CN119658660B,2025-02-20,2025-02-20,2518,12,2025
2192,400115484,CN119666300B,2025-02-17,2025-02-17,2519,16,2025
2193,401273083,CN119820584B,2025-03-17,2025-03-17,2520,10,2025
2194,403167718,CN120078630A,2025-02-25,2025-02-25,2521,3,2025
2195,403243100,CN120080930A,2025-03-28,2025-03-28,2525,67,2025
2196,403214115,CN222932535U,2024-05-20,2024-05-20,2527,16,2024
2197,391653992,US12320400B2,2024-01-24,2024-01-24,2528,-1,2024
2198,394023301,CN118915773B,2024-08-12,2024-08-12,2530,27,2024
2199,398572948,CN119458415B,2025-01-14,2025-01-14,2531,17,2025
2200,403077522,CN120056065A,2025-03-10,2025-03-10,2532,71,2025
2201,403080730,CN120056116A,2025-03-12,2025-03-12,2533,-1,2025
2202,403057832,CN120060518A,2025-03-14,2025-03-14,2536,-1,2025
2203,403015977,IN202517045562A,2025-05-12,2025-05-12,2542,49,2025
2204,403017808,IN202521045919A,2025-05-13,2025-05-13,2544,2,2025
2205,403020052,IN202541044109A,2025-05-07,2025-05-07,2545,-1,2025
2206,403020787,IN202541045275A,2025-05-10,2025-05-10,2546,41,2025
2207,403021527,IN202541046255A,2025-05-14,2025-05-14,2547,21,2025
2208,310801331,CN111301548B,2020-03-27,2020-03-27,2549,0,2020
2209,366906870,CN115877861B,2022-12-30,2022-12-30,2550,6,2022
2210,366997878,CN115892283B,2022-12-22,2022-12-22,2551,37,2022
2211,398405688,CN119428908B,2025-01-13,2025-01-13,2552,9,2025
2212,398593809,CN119459928B,2025-01-14,2025-01-14,2553,9,2025
2213,398593915,CN119459930B,2025-01-14,2025-01-14,2554,-1,2025
2214,400745958,CN119748486B,2025-03-07,2025-03-07,2555,36,2025
2215,402871452,CN120038737A,2024-10-08,2024-10-08,2557,10,2024
2216,402873711,CN120038783A,2025-04-11,2025-04-11,2559,-1,2025
2217,402882381,CN120039325A,2024-12-30,2024-12-30,2561,0,2024
2218,402934522,CN120042383A,2025-01-21,2025-01-21,2562,-1,2025
2219,402957586,CN120044977A,2025-02-21,2025-02-21,2563,3,2025
2220,402939376,CN120047897A,2025-02-08,2025-02-08,2564,-1,2025
2221,402942826,CN120048259A,2025-02-21,2025-02-21,2566,2,2025
2222,402957010,CN222900182U,2024-06-20,2024-06-20,2568,11,2024
2223,402885506,CN222904053U,2024-10-11,2024-10-11,2569,-1,2024
2224,385869128,US12315301B2,2024-01-19,2024-01-19,2570,-1,2024
2225,395892248,CN119150911B,2024-09-13,2024-09-13,2571,2,2024
2226,396979674,CN119260744B,2024-12-09,2024-12-09,2572,5,2024
2227,398726209,CN119480143B,2025-01-13,2025-01-13,2573,8,2025
2228,402789817,CN120023822A,2025-03-31,2025-03-31,2574,-1,2025
2229,402805883,CN120024533A,2024-12-20,2024-12-20,2576,54,2024
2230,402783691,CN120027172A,2025-03-17,2025-03-17,2577,12,2025
2231,402752596,IN202311074644A,2023-11-02,2023-11-02,2579,21,2023
2232,402754088,IN202521036197A,2025-04-15,2025-04-15,2580,42,2025
2233,403152329,KR1020250071970A,2023-11-15,2023-11-15,2581,8,2023
2234,402715245,US20250162147A1,2023-11-17,2023-11-17,2582,-1,2023
2235,402741637,WO2025103388A1,2024-11-14,2024-11-14,2585,20,2024
2236,336992385,CN113478506B,2021-08-02,2021-08-02,2587,-1,2021
2237,356903235,CN115167425B,2022-07-13,2022-07-13,2588,33,2022
2238,398699277,CN119478439B,2024-10-10,2024-10-10,2589,56,2024
2239,400775195,CN119749742B,2025-03-07,2025-03-07,2590,-1,2025
2240,402578983,CN120002619A,2025-03-05,2025-03-05,2591,-1,2025
2241,402581877,CN120002661A,2025-04-07,2025-04-07,2593,5,2025
2242,402581945,CN120002662A,2025-04-08,2025-04-08,2594,1,2025
2243,402599446,CN120003611A,2025-03-04,2025-03-04,2597,19,2025
2244,402626404,CN120014537A,2024-12-31,2024-12-31,2600,-1,2024
2245,402632932,CN120014925A,2025-02-12,2025-02-12,2601,48,2025
2246,402639775,CN120015062A,2025-01-21,2025-01-21,2602,2,2025
2247,402539679,IN202511040243A,2025-04-25,2025-04-25,2604,28,2025
2248,HK62025105347.120250328,HK40117565A,2025-03-28,2025-03-28,2605,-1,2025
2249,402501257,US20250153361A1,2024-10-10,2024-10-10,2606,-1,2024
2250,352286052,CN114708529B,2022-03-11,2022-03-11,2607,41,2022
2251,356334960,CN115112404B,2022-08-04,2022-08-04,2608,-1,2022
2252,365679464,CN115755594B,2022-10-17,2022-10-17,2609,3,2022
2253,402338345,CN119973996A,2025-03-06,2025-03-06,2610,-1,2025
2254,402340680,CN119974054A,2025-04-17,2025-04-17,2612,12,2025
2255,402341233,CN119974066A,2025-04-17,2025-04-17,2613,12,2025
2256,402354821,CN119975595A,2025-03-17,2025-03-17,2614,13,2025
2257,402354946,CN119975598A,2025-03-19,2025-03-19,2616,0,2025
2258,402356418,CN119975637A,2025-04-17,2025-04-17,2618,2,2025
2259,402447699,CN119986855A,2024-07-29,2024-07-29,2619,-1,2024
2260,402454833,CN119987371A,2025-02-07,2025-02-07,2620,38,2025
2261,402452821,CN119987548A,2025-01-15,2025-01-15,2621,-1,2025
2262,402475870,CN119996834A,2025-02-06,2025-02-06,2622,26,2025
2263,402343401,CN222857136U,2024-07-03,2024-07-03,2623,36,2024
2264,402368315,CN222859606U,2024-08-20,2024-08-20,2624,9,2024
2265,311588983,CN111360857B,2020-04-14,2020-04-14,2625,4,2020
2266,394694170,CN118990480B,2024-08-20,2024-08-20,2626,35,2024
2267,396423379,CN119200617B,2024-11-22,2024-11-22,2627,30,2024
2268,402224205,CN119952687A,2023-11-07,2023-11-07,2628,-1,2023
2269,402221988,CN119952718A,2025-03-18,2025-03-18,2630,-1,2025
2270,402231519,CN119956966A,2025-03-06,2025-03-06,2633,10,2025
2271,402235563,CN119961623A,2025-01-07,2025-01-07,2637,2,2025
2272,402257572,CN119967160A,2025-02-25,2025-02-25,2638,-1,2025
2273,402161152,US20250149052A1,2023-11-04,2023-11-04,2639,42,2023
2274,402033168,CN119927945A,2025-03-17,2025-03-17,2641,71,2025
2275,402061884,CN119929202A,2024-12-31,2024-12-31,2645,54,2024
2276,402051343,CN119942901A,2025-02-18,2025-02-18,2647,18,2025
2277,342032006,US12290923B2,2022-09-23,2022-09-23,2648,0,2022
2278,357677698,US12293825B2,2022-07-07,2022-07-07,2649,8,2022
2279,398788534,CN119495288B,2025-01-20,2025-01-20,2650,2,2025
2280,399884564,CN119635672B,2025-02-19,2025-02-19,2651,-1,2025
2281,401943685,CN119910686A,2025-02-28,2025-02-28,2652,-1,2025
2282,401953268,CN119911343A,2025-02-28,2025-02-28,2653,0,2025
2283,401969185,CN119912025A,2025-01-21,2025-01-21,2654,-1,2025
2284,401987663,CN119916428A,2025-02-06,2025-02-06,2655,30,2025
2285,401931046,CN119917951A,2024-12-06,2024-12-06,2656,21,2024
2286,401956872,CN119919149A,2025-04-01,2025-04-01,2657,42,2025
2287,381282195,CN119923237A,2023-07-25,2023-07-25,2658,-1,2023
2288,401938895,CN222824923U,2024-08-06,2024-08-06,2659,14,2024
2289,401908084,IN202541033187A,2025-04-04,2025-04-04,2660,30,2025
2290,401908113,IN202541033426A,2025-04-04,2025-04-04,2661,28,2025
2291,401908153,IN202541033513A,2025-04-05,2025-04-05,2662,44,2025
2292,401874445,US20250135655A1,2024-12-28,2024-12-28,2663,73,2024
2293,379821404,EP4544367A1,2023-06-21,2023-06-21,2664,-1,2023
2294,317613239,CN111828549B,2019-04-17,2019-04-17,2665,0,2019
2295,399883842,CN119635724B,2025-02-18,2025-02-18,2666,16,2025
2296,401823698,CN119902551A,2025-01-20,2025-01-20,2668,3,2025
2297,401835223,CN119903407A,2025-01-11,2025-01-11,2669,3,2025
2298,319442765,US12286176B2,2023-02-24,2023-02-24,2670,-1,2023
2299,343230817,US12288617B2,2021-09-28,2021-09-28,2671,8,2021
2300,344031405,CN113989850B,2021-11-08,2021-11-08,2672,41,2021
2301,360807175,CN115373269B,2022-08-26,2022-08-26,2673,3,2022
2302,392061127,CN118672272B,2024-06-28,2024-06-28,2674,3,2024
2303,401615869,CN119871338A,2025-03-29,2025-03-29,2675,13,2025
2304,401617294,CN119871379A,2024-11-28,2024-11-28,2676,74,2024
2305,401615241,CN119871408A,2025-01-24,2025-01-24,2677,-1,2025
2306,401616043,CN119871448A,2025-03-17,2025-03-17,2678,10,2025
2307,401635876,CN119872727A,2025-03-15,2025-03-15,2680,-1,2025
2308,401724271,CN119882578A,2025-03-28,2025-03-28,2683,44,2025
2309,401727876,CN119889147A,2025-02-18,2025-02-18,2686,18,2025
2310,401702022,CN222792074U,2024-09-20,2024-09-20,2687,13,2024
2311,401626582,CN222794407U,2024-06-21,2024-06-21,2688,-1,2024
2312,401609488,IN202511034005A,2025-04-07,2025-04-07,2689,2,2025
2313,401612011,IN202541033481A,2025-04-04,2025-04-04,2690,28,2025
2314,401589467,US20250128412A1,2024-10-23,2024-10-23,2691,22,2024
2315,174974717,EP3783781B1,2015-05-27,2015-05-27,2692,-1,2015
2316,313691149,CN111521540B,2020-05-19,2020-05-19,2693,59,2020
2317,381726227,CN117533318B,2023-12-13,2023-12-13,2695,7,2023
2318,404023923,PE20251146Z,2024-03-19,2024-03-19,2696,8,2024
2319,375352207,CN116832416B,2023-06-09,2023-06-09,2697,-1,2023
2320,399238383,CN119554524B,2025-01-24,2025-01-24,2698,-1,2025
2321,401410957,CN119839890A,2025-02-25,2025-02-25,2700,4,2025
2322,401411996,CN119839906A,2024-11-21,2024-11-21,2701,40,2024
2323,401428173,CN119840749A,2025-02-24,2025-02-24,2702,0,2025
2324,401420654,CN119845283A,2025-02-24,2025-02-24,2703,27,2025
2325,401403749,CN119849301A,2024-12-24,2024-12-24,2705,6,2024
2326,401437620,CN119851306A,2024-12-05,2024-12-05,2707,41,2024
2327,401447583,CN119852048A,2025-01-14,2025-01-14,2708,66,2025
2328,401438075,CN222768473U,2024-08-20,2024-08-20,2709,-1,2024
2329,401456342,CN222769497U,2024-04-17,2024-04-17,2710,52,2024
2330,401457676,CN222769525U,2024-04-03,2024-04-03,2711,11,2024
2331,401370678,IN202541031164A,2025-03-29,2025-03-29,2712,29,2025
2332,401771537,KR1020250051842A,2023-10-10,2023-10-10,2713,65,2023
2333,401350221,US20250121502A1,2024-08-18,2024-08-18,2714,4,2024
2334,401360237,WO2025077994A1,2023-10-09,2023-10-09,2715,57,2023
2335,392673071,KR102794817B1,2023-07-21,2023-07-21,2716,-1,2023
2336,396397585,CN119197493B,2024-08-13,2024-08-13,2717,35,2024
2337,401289659,CN119821441A,2025-01-15,2025-01-15,2722,7,2025
2338,401293005,CN119821540A,2024-12-31,2024-12-31,2723,9,2024
2339,401293228,CN119821543A,2025-02-13,2025-02-13,2724,0,2025
2340,401274030,CN222756689U,2024-09-18,2024-09-18,2726,9,2024
2341,401294272,CN222757697U,2024-06-28,2024-06-28,2727,-1,2024
2342,401147975,CN119792931A,2024-12-25,2024-12-25,2729,32,2024
2343,401070639,CN119795163A,2024-12-23,2024-12-23,2730,5,2024
2344,401070893,CN119795167A,2024-12-31,2024-12-31,2731,67,2024
2345,401071776,CN119795182A,2025-02-10,2025-02-10,2732,5,2025
2346,401071716,CN119795249A,2025-01-23,2025-01-23,2733,0,2025
2347,401095974,CN119796372A,2025-02-19,2025-02-19,2734,0,2025
2348,401156874,CN119806027A,2025-03-13,2025-03-13,2735,-1,2025
2349,401143902,CN222741438U,2024-06-18,2024-06-18,2736,0,2024
2350,401145137,CN222741455U,2024-04-03,2024-04-03,2737,0,2024
2351,401052050,IN202541026804A,2025-03-24,2025-03-24,2738,8,2025
2352,392463223,CN118721215B,2024-08-13,2024-08-13,2740,10,2024
2353,397705930,CN119360308B,2024-12-20,2024-12-20,2741,7,2024
2354,400967316,CN119770042A,2025-01-10,2025-01-10,2742,24,2025
2355,400909367,CN119772874A,2024-10-16,2024-10-16,2744,28,2024
2356,400913792,CN119772944A,2025-01-24,2025-01-24,2746,-1,2025
2357,400928551,CN119773890A,2024-11-29,2024-11-29,2747,30,2024
2358,400928588,CN119773891A,2024-12-27,2024-12-27,2748,30,2024
2359,400934727,CN222726760U,2024-06-21,2024-06-21,2750,16,2024
2360,400857696,JP2025053298A,2023-09-26,2023-09-26,2751,2,2023
2361,301647729,CN110507972B,2019-09-26,2019-09-26,2752,-1,2019
2362,350806484,CN114582026B,2022-03-22,2022-03-22,2753,50,2022
2363,394431188,CN118968559B,2024-08-20,2024-08-20,2754,-1,2024
2364,400822234,CN119746319A,2024-12-27,2024-12-27,2755,-1,2024
2365,400775132,CN119749741A,2025-02-13,2025-02-13,2759,0,2025
2366,400779637,CN119762524A,2024-12-16,2024-12-16,2763,50,2024
2367,400790544,CN222712190U,2024-06-28,2024-06-28,2765,13,2024
2368,400181445,JP2025044307A,2023-09-09,2023-09-09,2770,25,2023
2369,300780097,CN110420030B,2019-08-21,2019-08-21,2771,8,2019
2370,400571791,CN119734250A,2024-12-31,2024-12-31,2772,-1,2024
2371,400572057,CN119734255A,2024-11-21,2024-11-21,2773,1,2024
2372,400572539,CN119734264A,2024-12-20,2024-12-20,2774,-1,2024
2373,400583490,CN119734772A,2025-02-19,2025-02-19,2775,37,2025
2374,400618344,CN222697220U,2024-06-19,2024-06-19,2776,13,2024
2375,400559609,US12263591B1,2024-08-16,2024-08-16,2778,-1,2024
2376,361992109,US12263899B2,2021-06-14,2021-06-14,2779,0,2021
2377,393699036,CN118849052B,2024-09-10,2024-09-10,2780,-1,2024
2378,398907033,CN119501953B,2025-01-17,2025-01-17,2781,-1,2025
2379,400483035,CN119704166A,2025-01-21,2025-01-21,2782,19,2025
2380,400500041,CN119705669A,2025-01-24,2025-01-24,2784,0,2025
2381,400510871,CN119706723A,2024-11-25,2024-11-25,2785,-1,2024
2382,400375773,IN202531014686A,2025-02-20,2025-02-20,2788,8,2025
2383,400347845,US20250106455A1,2022-10-18,2022-10-18,2789,53,2022
2384,334686999,CN113294479B,2021-04-28,2021-04-28,2790,-1,2021
2385,359900908,CN115285136B,2022-07-18,2022-07-18,2791,7,2022
2386,364160316,CN115657696B,2022-07-18,2022-07-18,2792,6,2022
2387,368635921,CN116079727B,2023-01-28,2023-01-28,2793,-1,2023
2388,398701787,CN119453091B,2025-01-16,2025-01-16,2794,61,2025
2389,400268466,CN119690122A,2024-12-26,2024-12-26,2798,3,2024
2390,349778239,CN114492000B,2022-01-14,2022-01-14,2801,-1,2022
2391,372035423,CN116449711B,2023-04-17,2023-04-17,2802,3,2023
2392,395723416,CN119115984B,2024-11-11,2024-11-11,2803,9,2024
2393,400039591,CN119659793A,2024-12-18,2024-12-18,2805,-1,2024
2394,400039897,CN119659801A,2024-12-27,2024-12-27,2806,9,2024
2395,400039966,CN119659803A,2024-12-27,2024-12-27,2807,9,2024
2396,400133048,CN119668267A,2024-12-18,2024-12-18,2809,33,2024
2397,400083090,CN119673647A,2024-12-10,2024-12-10,2811,66,2024
2398,400094309,CN222644641U,2024-06-18,2024-06-18,2812,-1,2024
2399,400039519,CN222649923U,2024-04-02,2024-04-02,2813,18,2024
2400,400024990,IN202441090993A,2024-11-21,2024-11-21,2814,8,2024
2401,400025888,IN202541016187A,2025-02-25,2025-02-25,2815,8,2025
2402,400026827,IN202541016236A,2025-02-25,2025-02-25,2816,21,2025
2403,400021784,WO2025059544A1,2024-09-13,2024-09-13,2817,22,2024
2404,364307864,CN115649320B,2022-12-12,2022-12-12,2818,0,2022
2405,390029229,CN118444565B,2024-04-28,2024-04-28,2819,3,2024
2406,399883590,CN119635720A,2025-01-10,2025-01-10,2822,0,2025
2407,399907367,CN119636944A,2024-08-20,2024-08-20,2824,0,2024
2408,399907414,CN119636945A,2024-11-28,2024-11-28,2825,0,2024
2409,399907608,CN119636948A,2024-12-05,2024-12-05,2826,-1,2024
2410,399915045,CN222627833U,2024-04-02,2024-04-02,2832,1,2024
2411,399857568,CN222636712U,2024-03-21,2024-03-21,2833,31,2024
2412,399827519,JP2025036942A,2023-09-05,2023-09-05,2834,1,2023
2413,306747918,CN110962118B,2018-09-29,2018-09-29,2835,-1,2018
2414,363636934,CN115610548B,2022-10-14,2022-10-14,2836,0,2022
2415,396469494,CN119188792B,2024-11-29,2024-11-29,2837,1,2024
2416,396979796,CN119260745B,2024-12-09,2024-12-09,2838,1,2024
2417,398082171,CN119399603B,2025-01-06,2025-01-06,2839,41,2025
2418,399748633,CN119605484A,2025-01-21,2025-01-21,2840,39,2025
2419,399702970,CN119610127A,2025-01-10,2025-01-10,2845,-1,2025
2420,399704384,CN119610200A,2024-11-21,2024-11-21,2846,9,2024
2421,399704883,CN119610206A,2025-01-13,2025-01-13,2847,-1,2025
2422,399732573,CN119611572A,2025-01-21,2025-01-21,2848,0,2025
2423,399676325,CN119628313A,2024-12-27,2024-12-27,2849,-1,2024
2424,399739301,CN222609626U,2024-04-09,2024-04-09,2850,-1,2024
2425,399666068,IN202541018781A,2025-03-03,2025-03-03,2851,-1,2025
2426,357254873,CN115202378B,2022-06-24,2022-06-24,2852,1,2022
2427,389941772,CN118414977B,2024-06-03,2024-06-03,2853,39,2024
2428,399596695,CN119589639A,2024-12-25,2024-12-25,2854,36,2024
2429,399588105,CN119600525A,2024-07-10,2024-07-10,2858,51,2024
2430,399491494,CN119601011A,2025-02-10,2025-02-10,2859,2,2025
2431,399538385,CN222591641U,2024-05-07,2024-05-07,2860,0,2024
2432,399836790,KR1020250034329A,2025-02-24,2025-02-24,2861,-1,2025
2433,324297927,CN112460085B,2020-12-09,2020-12-09,2862,0,2020
2434,352491769,CN114721267B,2022-04-06,2022-04-06,2863,-1,2022
2435,365846502,CN115771163B,2022-11-17,2022-11-17,2864,64,2022
2436,399405336,CN119567300A,2024-12-10,2024-12-10,2865,10,2024
2437,399414544,CN119568308A,2024-12-23,2024-12-23,2866,-1,2024
2438,399341727,CN119575806A,2024-11-15,2024-11-15,2867,1,2024
2439,399408236,CN119582654A,2024-09-13,2024-09-13,2869,73,2024
2440,399425600,CN222572423U,2024-05-30,2024-05-30,2870,0,2024
2441,376872992,EP4517466A1,2022-04-29,2022-04-29,2872,45,2022
2442,339532393,CN113675824B,2021-08-11,2021-08-11,2873,73,2021
2443,352528975,CN114723807B,2021-01-04,2021-01-04,2874,74,2021
2444,393132449,CN118801735B,2024-09-13,2024-09-13,2875,73,2024
2445,394558555,CN118982678B,2024-08-15,2024-08-15,2876,35,2024
2446,395219296,CN119058812B,2024-11-05,2024-11-05,2877,7,2024
2447,395943913,CN119154530B,2024-11-14,2024-11-14,2878,64,2024
2448,396604911,CN119223608B,2024-12-03,2024-12-03,2879,16,2024
2449,396798036,CN119246127B,2024-12-05,2024-12-05,2880,16,2024
2450,397469403,CN119328772B,2024-12-19,2024-12-19,2881,3,2024
2451,399188360,CN119550314A,2024-12-25,2024-12-25,2882,13,2024
2452,399197203,CN119551095A,2024-12-09,2024-12-09,2885,-1,2024
2453,399194238,CN119559665A,2024-11-11,2024-11-11,2888,-1,2024
2454,399244304,CN222553575U,2024-06-14,2024-06-14,2889,9,2024
2455,399245577,CN222553602U,2024-02-29,2024-02-29,2890,-1,2024
2456,295677937,US12240103B2,2020-02-24,2020-02-24,2891,-1,2020
2457,389942258,CN118415626B,2024-04-25,2024-04-25,2892,-1,2024
2458,394345331,CN118953121B,2024-10-16,2024-10-16,2893,7,2024
2459,399036031,CN119526472A,2024-11-28,2024-11-28,2894,-1,2024
2460,399124487,CN222545826U,2024-05-29,2024-05-29,2896,14,2024
2461,399013129,IN202541013851A,2025-02-18,2025-02-18,2897,0,2025
2462,399007913,WO2025042795A1,2024-08-18,2024-08-18,2898,4,2024
2463,399007934,WO2025042802A1,2024-08-19,2024-08-19,2899,30,2024
2464,399008005,WO2025042837A1,2024-08-19,2024-08-19,2900,-1,2024
2465,398907587,CN119501971A,2024-12-16,2024-12-16,2903,-1,2024
2466,398920263,CN119503044A,2024-10-22,2024-10-22,2904,0,2024
2467,398883436,CN119512111A,2024-11-20,2024-11-20,2905,6,2024
2468,398944946,CN119517355A,2024-11-04,2024-11-04,2906,48,2024
2469,398804895,CN222514782U,2024-05-28,2024-05-28,2908,31,2024
2470,398770185,IN202541011640A,2025-02-12,2025-02-12,2909,-1,2025
2471,378000186,KR102770980B1,2023-11-01,2023-11-01,2910,16,2023
2472,371495064,US20250058473A1,2022-01-04,2022-01-04,2911,-1,2022
2473,398736532,US20250058842A1,2024-08-19,2024-08-19,2912,-1,2024
2474,394693939,CN118990555B,2024-10-25,2024-10-25,2916,5,2024
2475,394753060,CN119002232B,2024-08-09,2024-08-09,2917,5,2024
2476,395050594,CN119036471B,2024-10-28,2024-10-28,2918,-1,2024
2477,395050649,CN119036473B,2024-10-29,2024-10-29,2919,10,2024
2478,398574732,CN119458361A,2024-12-16,2024-12-16,2921,1,2024
2479,398574894,CN119458364A,2024-12-17,2024-12-17,2922,-1,2024
2480,398593349,CN119459919A,2024-10-17,2024-10-17,2924,1,2024
2481,398593475,CN119459922A,2024-11-12,2024-11-12,2925,37,2024
2482,398619732,CN119472641A,2024-10-11,2024-10-11,2932,30,2024
2483,398619748,CN119472771A,2025-01-09,2025-01-09,2933,30,2025
2484,398658624,CN119475628A,2024-11-26,2024-11-26,2934,-1,2024
2485,398707363,CN119479114A,2024-11-12,2024-11-12,2936,43,2024
2486,398609074,CN119484600A,2024-10-12,2024-10-12,2938,-1,2024
2487,398610420,CN119484770A,2024-11-11,2024-11-11,2939,2,2024
2488,398656330,CN222496494U,2024-05-21,2024-05-21,2940,9,2024
2489,362214329,CN115488893B,2022-10-17,2022-10-17,2941,-1,2022
2490,363632140,CN115616898B,2022-10-26,2022-10-26,2942,1,2022
2491,398386565,CN119427421A,2024-10-12,2024-10-12,2943,-1,2024
2492,398405806,CN119428903A,2024-11-18,2024-11-18,2944,-1,2024
2493,398395491,CN119439737A,2024-11-06,2024-11-06,2947,1,2024
2494,398401002,CN119440077A,2024-11-08,2024-11-08,2949,3,2024
2495,398417867,CN119441810A,2024-10-28,2024-10-28,2950,7,2024
2496,398468925,CN119445951A,2024-12-06,2024-12-06,2952,59,2024
2497,398355391,CN222475815U,2024-03-18,2024-03-18,2953,-1,2024
2498,398335117,JP2025021813A,2023-08-01,2023-08-01,2954,25,2023
2499,355280115,CN114993330B,2022-05-18,2022-05-18,2955,27,2022
2500,398173834,CN119417872A,2024-10-18,2024-10-18,2958,-1,2024
2501,398174225,CN119418385A,2024-11-05,2024-11-05,2959,2,2024
2502,398227281,CN222447554U,2023-12-04,2023-12-04,2960,0,2023
2503,398153999,CN222452392U,2024-06-18,2024-06-18,2961,0,2024
2504,398508463,TWM666566U,2024-11-19,2024-11-19,2962,64,2024
2505,308624528,CN111113435B,2020-01-14,2020-01-14,2963,6,2020
2506,345183085,CN114056452B,2021-12-23,2021-12-23,2964,0,2021
2507,398052693,CN119388393A,2024-10-25,2024-10-25,2965,-1,2024
2508,398052889,CN119388396A,2024-11-05,2024-11-05,2966,13,2024
2509,398053075,CN119388399A,2024-11-28,2024-11-28,2967,4,2024
2510,398057633,CN119388476A,2024-12-03,2024-12-03,2969,13,2024
2511,398014892,CN119396197A,2024-10-28,2024-10-28,2970,6,2024
2512,398006337,IN202421097772A,2024-12-11,2024-12-11,2973,28,2024
2513,VN120220557120220831,VN10042832000B,2022-08-31,2022-08-31,2974,68,2022
2514,397956647,IN202417069065A,2024-09-12,2024-09-12,2975,-1,2024
2515,397953875,IN202511004346A,2025-01-20,2025-01-20,2976,2,2025
2516,375170559,EP4496543A1,2023-03-22,2023-03-22,2978,-1,2023
2517,395180197,CN119065397B,2024-11-06,2024-11-06,2979,1,2024
2518,397777647,CN119369370A,2024-11-28,2024-11-28,2980,4,2024
2519,397777661,CN119369449A,2024-10-25,2024-10-25,2981,-1,2024
2520,397774600,CN119380259A,2024-08-29,2024-08-29,2983,51,2024
2521,397800632,CN222405750U,2024-05-21,2024-05-21,2985,13,2024
2522,397906316,CN222414186U,2024-05-27,2024-05-27,2986,18,2024
2523,397693162,CN119348735A,2024-10-23,2024-10-23,2988,0,2024
2524,397641721,CN119354216A,2024-10-22,2024-10-22,2989,6,2024
2525,397662507,CN119356318A,2024-10-21,2024-10-21,2991,5,2024
2526,397666980,CN119356561A,2023-07-24,2023-07-24,2992,-1,2023
2527,392459353,CN118721241B,2024-09-02,2024-09-02,2998,-1,2024
2528,392825604,CN118753401B,2024-09-05,2024-09-05,2999,-1,2024
2529,393630506,CN118868693B,2024-07-16,2024-07-16,3000,1,2024
2530,397566585,CN119336059A,2024-10-16,2024-10-16,3003,33,2024
2531,397543044,CN119338153A,2024-09-02,2024-09-02,3004,10,2024
2532,397531604,CN119342308A,2024-10-18,2024-10-18,3006,50,2024
2533,411908623,TR2024019076A2,2024-12-15,2024-12-15,3007,60,2024
2534,411918764,TR2025000281A2,2025-01-10,2025-01-10,3008,68,2025
2535,397405093,CN119319573A,2024-12-12,2024-12-12,3009,36,2024
2536,397418343,CN119322514A,2023-07-14,2023-07-14,3010,40,2023
2537,397380530,IN202421052346A,2024-07-09,2024-07-09,3011,57,2024
2538,397380478,IN202441103637A,2024-12-27,2024-12-27,3012,2,2024
2539,396699019,JP2025004418A,2023-06-26,2023-06-26,3014,-1,2023
2540,352226826,CN114690788B,2020-12-28,2020-12-28,3015,6,2020
2541,397319476,CN119305650A,2024-11-28,2024-11-28,3016,9,2024
2542,397272304,CN119314073A,2023-07-14,2023-07-14,3018,41,2023
2543,397299344,CN119315673A,2024-10-23,2024-10-23,3019,64,2024
2544,380951130,US12200404B2,2022-03-31,2022-03-31,3020,-1,2022
2545,386615683,TWI869727B,2022-11-11,2022-11-11,3021,-1,2022
2546,351828824,CN114663754B,2022-03-04,2022-03-04,3022,15,2022
2547,392195641,CN118682776B,2024-07-25,2024-07-25,3023,2,2024
2548,393766309,CN118876109B,2024-09-29,2024-09-29,3024,12,2024
2549,395177148,CN119065253B,2024-10-22,2024-10-22,3025,3,2024
2550,397175762,CN119283058A,2024-10-29,2024-10-29,3028,13,2024
2551,397175951,CN119283060A,2024-11-13,2024-11-13,3029,72,2024
2552,397177535,CN119283081A,2024-11-21,2024-11-21,3030,-1,2024
2553,397082561,CN119284001A,2024-11-28,2024-11-28,3031,2,2024
2554,397082635,CN119284002A,2024-10-29,2024-10-29,3032,19,2024
2555,397074696,CN119290333A,2024-10-09,2024-10-09,3033,-1,2024
2556,397128403,CN119299826A,2024-09-20,2024-09-20,3035,-1,2024
2557,397067298,IN202411104833A,2024-12-31,2024-12-31,3036,-1,2024
2558,397069816,IN202441101892A,2024-12-23,2024-12-23,3037,21,2024
2559,352342922,CN114700956B,2022-05-20,2022-05-20,3039,-1,2022
2560,355902243,CN115061370B,2022-06-07,2022-06-07,3040,3,2022
2561,395428116,CN119085662B,2024-11-06,2024-11-06,3041,-1,2024
2562,396892558,CN119262243A,2024-11-05,2024-11-05,3046,-1,2024
2563,396971694,CN222308872U,2024-04-02,2024-04-02,3047,4,2024
2564,395060146,CN119037580B,2024-10-30,2024-10-30,3048,-1,2024
2565,396731062,CN119238567A,2024-10-29,2024-10-29,3050,2,2024
2566,396731152,CN119238572A,2024-11-12,2024-11-12,3051,1,2024
2567,396731859,CN119238600A,2024-08-20,2024-08-20,3052,13,2024
2568,396805048,CN119247375A,2024-10-17,2024-10-17,3055,-1,2024
2569,396730072,IN202431103459A,2024-12-27,2024-12-27,3056,15,2024
2570,396727060,IN202441078754A,2024-10-16,2024-10-16,3057,52,2024
2571,396718005,US20250004480A1,2024-06-04,2024-06-04,3058,-1,2024
2572,365746589,US20250005450A1,2021-09-06,2021-09-06,3059,21,2021
2573,396707475,WO2025005980A1,2023-11-30,2023-11-30,3060,22,2023
2574,373946290,EP4483351A1,2023-02-21,2023-02-21,3061,-1,2023
2575,396880641,TWM665243U,2024-10-14,2024-10-14,3062,-1,2024
2576,396579973,CN119220718A,2024-10-09,2024-10-09,3063,-1,2024
2577,396617850,CN119225418A,2024-09-20,2024-09-20,3065,6,2024
2578,396617583,CN222270370U,2024-05-17,2024-05-17,3067,13,2024
2579,335606406,US12179363B2,2021-03-05,2021-03-05,3068,-1,2021
2580,387347498,CN118172798B,2024-04-09,2024-04-09,3069,17,2024
2581,393906614,CN118897455B,2024-10-08,2024-10-08,3070,3,2024
2582,396468667,CN119188690A,2024-07-25,2024-07-25,3071,2,2024
2583,396526015,CN119193893A,2024-10-09,2024-10-09,3073,-1,2024
2584,396395934,CN119197291A,2024-10-16,2024-10-16,3074,36,2024
2585,396424741,CN119200658A,2024-09-18,2024-09-18,3078,6,2024
2586,396491683,CN119206792A,2024-11-22,2024-11-22,3079,23,2024
2587,396493605,CN119206864A,2024-09-12,2024-09-12,3080,23,2024
2588,396328115,US20240428202A1,2023-06-20,2023-06-20,3082,-1,2023
2589,301086507,CN110450193B,2019-09-06,2019-09-06,3083,0,2019
2590,392315468,CN118700180B,2024-08-29,2024-08-29,3084,9,2024
2591,359960226,CN115291621B,2022-09-06,2022-09-06,3085,54,2022
2592,359915283,CN115294546B,2022-07-22,2022-07-22,3086,7,2022
2593,396049925,CN119159594A,2024-09-19,2024-09-19,3087,-1,2024
2594,396050214,CN119159602A,2024-09-12,2024-09-12,3089,-1,2024
2595,396055752,CN119160301A,2023-06-20,2023-06-20,3090,0,2023
2596,396128992,CN119169783A,2024-09-09,2024-09-09,3091,46,2024
2597,396129218,CN119170398A,2024-08-27,2024-08-27,3092,66,2024
2598,396190716,IN202427085973A,2024-11-08,2024-11-08,3093,-1,2024
2599,396034149,IN202441098093A,2024-12-12,2024-12-12,3094,8,2024
2600,396034449,IN202441098617A,2024-12-13,2024-12-13,3095,28,2024
2601,302268058,EP3785867B1,2019-03-14,2019-03-14,3098,-1,2019
2602,318990076,EP3810376B1,2020-07-09,2020-07-09,3099,-1,2020
2603,373049141,EP4476673A1,2023-02-07,2023-02-07,3100,8,2023
2604,391727895,CN118636158B,2024-08-14,2024-08-14,3101,-1,2024
2605,391727969,CN118636159B,2024-08-14,2024-08-14,3102,10,2024
2606,391728072,CN118636160B,2024-08-15,2024-08-15,3103,10,2024
2607,392196650,CN118682792B,2024-08-29,2024-08-29,3104,9,2024
2608,392197150,CN118682798B,2024-08-27,2024-08-27,3105,4,2024
2609,392197498,CN118682800B,2024-08-27,2024-08-27,3106,4,2024
2610,392315521,CN118700181B,2024-08-29,2024-08-29,3107,-1,2024
2611,392315577,CN118700182B,2024-08-29,2024-08-29,3108,-1,2024
2612,392315642,CN118700183B,2024-08-30,2024-08-30,3109,9,2024
2613,392315828,CN118700186B,2024-08-30,2024-08-30,3110,-1,2024
2614,392315909,CN118700187B,2024-08-30,2024-08-30,3111,13,2024
2615,392317436,CN118700209B,2024-08-30,2024-08-30,3112,9,2024
2616,392459432,CN118721242B,2024-09-02,2024-09-02,3113,-1,2024
2617,393701984,CN118848993B,2024-09-25,2024-09-25,3114,60,2024
2618,395915652,CN119152641A,2024-10-10,2024-10-10,3117,53,2024
2619,395888265,CN222179682U,2024-04-30,2024-04-30,3119,0,2024
2620,395722901,CN119115952A,2024-10-21,2024-10-21,3121,1,2024
2621,395723378,CN119115981A,2024-10-23,2024-10-23,3122,-1,2024
2622,395722353,CN119126815A,2024-11-15,2024-11-15,3124,33,2024
2623,395786310,CN119131841A,2024-09-06,2024-09-06,3125,51,2024
2624,395846883,KR1020240173617A,2024-06-04,2024-06-04,3126,0,2024
2625,395628265,JP2024171270A,2023-05-29,2023-05-29,3127,1,2023
2626,384870514,CN117901143B,2024-03-18,2024-03-18,3128,10,2024
2627,391135020,CN118567225B,2024-05-08,2024-05-08,3129,6,2024
2628,395523637,CN119098958A,2024-09-12,2024-09-12,3131,40,2024
2629,395523687,CN119098959A,2024-09-12,2024-09-12,3132,-1,2024
2630,395537080,CN119099752A,2024-04-30,2024-04-30,3133,0,2024
2631,395597566,CN119106513A,2024-09-04,2024-09-04,3134,3,2024
2632,395606499,CN119106700A,2024-08-13,2024-08-13,3135,1,2024
2633,390956690,CN118544362B,2024-07-26,2024-07-26,3137,28,2024
2634,391731078,CN118636196B,2024-08-14,2024-08-14,3138,-1,2024
2635,395421432,CN119074495A,2024-07-18,2024-07-18,3139,24,2024
2636,395383627,CN119078986A,2024-09-02,2024-09-02,3141,1,2024
2637,395347301,CN119088030A,2024-09-05,2024-09-05,3145,27,2024
2638,395339258,IN202431094479A,2024-12-01,2024-12-01,3146,65,2024
2639,373856005,US12159486B1,2024-07-23,2024-07-23,3151,17,2024
2640,304070106,CN110723232B,2019-11-25,2019-11-25,3152,0,2019
2641,391269568,CN118584820B,2024-08-06,2024-08-06,3154,6,2024
2642,393215087,CN118809634B,2024-09-18,2024-09-18,3155,5,2024
2643,395176594,CN119065240A,2024-08-01,2024-08-01,3156,6,2024
2644,395262505,CN222096107U,2024-03-26,2024-03-26,3159,-1,2024
2645,395263024,CN222096115U,2024-04-02,2024-04-02,3160,-1,2024
2646,395265041,CN222096151U,2024-04-02,2024-04-02,3161,13,2024
2647,TH240100436520240628,TH2401004365A,2024-06-28,2024-06-28,3162,0,2024
2648,395050940,CN119036483A,2024-09-27,2024-09-27,3165,7,2024
2649,395060496,CN119037589A,2024-08-20,2024-08-20,3167,9,2024
2650,395082486,CN119049122A,2024-08-09,2024-08-09,3168,-1,2024
2651,395082933,CN119049132A,2024-10-24,2024-10-24,3169,-1,2024
2652,289755250,EP3665675B1,2018-08-09,2018-08-09,3170,8,2018
2653,356132811,EP4059817B1,2021-12-27,2021-12-27,3171,0,2021
2654,392912818,CN118782273B,2024-09-11,2024-09-11,3172,8,2024
2655,394860564,CN119027878A,2024-08-21,2024-08-21,3175,30,2024
2656,370163729,US12151893B2,2023-02-07,2023-02-07,3177,42,2023
2657,377999949,KR102733333B1,2022-05-03,2022-05-03,3179,3,2022
2658,358958708,CN115256391B,2022-08-09,2022-08-09,3180,1,2022
2659,358957927,CN115256468B,2022-08-26,2022-08-26,3181,1,2022
2660,378478577,CN117143725B,2023-04-28,2023-04-28,3182,24,2023
2661,382041452,CN117572773B,2023-11-24,2023-11-24,3183,3,2023
2662,387019785,CN118123859B,2024-04-15,2024-04-15,3184,1,2024
2663,394696429,CN118990600A,2024-09-09,2024-09-09,3187,12,2024
2664,394696871,CN118990607A,2024-08-20,2024-08-20,3188,13,2024
2665,394755397,CN119002269A,2024-08-07,2024-08-07,3191,-1,2024
2666,394689651,CN119006517A,2024-07-23,2024-07-23,3192,15,2024
2667,394649622,IN202441088814A,2024-11-16,2024-11-16,3193,21,2024
2668,374858930,KR1020240165392A,2023-03-31,2023-03-31,3194,8,2023
2669,370058770,CN116215692B,2023-03-28,2023-03-28,3195,0,2023
2670,391690645,CN118634463B,2024-08-15,2024-08-15,3196,60,2024
2671,392315420,CN118700179B,2024-08-29,2024-08-29,3197,9,2024
2672,394552212,CN118981551A,2024-07-25,2024-07-25,3198,41,2024
2673,394541998,CN222021623U,2024-03-14,2024-03-14,3201,2,2024
2674,323593063,CN112389571B,2019-07-31,2019-07-31,3202,0,2019
2675,394340778,CN118952267A,2024-09-04,2024-09-04,3205,4,2024
2676,394408657,CN118960734A,2024-07-26,2024-07-26,3207,33,2024
2677,394413278,CN118961105A,2024-07-09,2024-07-09,3208,30,2024
2678,394458282,CN118963111A,2024-06-21,2024-06-21,3209,6,2024
2679,394417574,CN118967891A,2024-07-24,2024-07-24,3210,68,2024
2680,394330607,IN202411084388A,2024-11-05,2024-11-05,3213,2,2024
2681,366188587,CN115816456B,2022-12-09,2022-12-09,3215,10,2022
2682,394283073,CN118927264A,2023-05-11,2023-05-11,3216,29,2023
2683,394280834,CN118927306A,2024-07-05,2024-07-05,3217,47,2024
2684,394170312,CN118928583A,2024-08-27,2024-08-27,3218,0,2024
2685,394170596,CN118928594A,2024-09-10,2024-09-10,3220,0,2024
2686,394242900,CN118945189A,2024-07-19,2024-07-19,3221,46,2024
2687,349609304,US12139217B2,2022-01-21,2022-01-21,3223,-1,2022
2688,336757544,TWI861487B,2022-04-14,2022-04-14,3224,20,2022
2689,318361864,CN111895854B,2020-01-20,2020-01-20,3225,-1,2020
2690,354325732,CN114915036B,2021-02-09,2021-02-09,3226,64,2021
2691,394024324,CN118906046A,2024-07-17,2024-07-17,3227,10,2024
2692,394031608,CN118907141A,2024-08-13,2024-08-13,3229,15,2024
2693,394033411,CN118907261A,2024-08-15,2024-08-15,3231,9,2024
2694,394032106,CN118907267A,2024-09-05,2024-09-05,3232,-1,2024
2695,394022920,CN118915799A,2024-05-30,2024-05-30,3236,6,2024
2696,394023002,CN118915802A,2024-07-19,2024-07-19,3237,6,2024
2697,394054856,CN118919034A,2024-07-16,2024-07-16,3238,8,2024
2698,394136085,CN221969643U,2024-04-02,2024-04-02,3239,0,2024
2699,393984593,DE102023111659A1,2023-05-04,2023-05-04,3240,-1,2023
2700,367860889,JP2024540859A,2022-10-11,2022-10-11,3245,71,2022
2701,393919941,CN118898865A,2024-08-12,2024-08-12,3247,26,2024
2702,393958192,CN221954484U,2024-04-02,2024-04-02,3248,9,2024
2703,393958211,CN221954485U,2024-04-02,2024-04-02,3249,-1,2024
2704,393958235,CN221954486U,2024-04-02,2024-04-02,3250,13,2024
2705,393766231,CN118876065A,2024-08-27,2024-08-27,3252,-1,2024
2706,393767054,CN118876082A,2024-08-21,2024-08-21,3253,19,2024
2707,393861598,CN118884984A,2024-07-09,2024-07-09,3255,-1,2024
2708,393782782,CN221945033U,2024-04-11,2024-04-11,3256,14,2024
2709,393758629,IN202441081078A,2024-10-24,2024-10-24,3257,-1,2024
2710,393437895,DE102024110615A1,2024-04-16,2024-04-16,3258,56,2024
2711,393437795,DE102024110656A1,2024-04-16,2024-04-16,3259,56,2024
2712,SG10202400501W20240223,SG10202400501WA,2024-02-23,2024-02-23,3260,70,2024
2713,350597954,CN114563954B,2022-02-28,2022-02-28,3261,6,2022
2714,352485354,CN114721415B,2022-04-08,2022-04-08,3262,-1,2022
2715,393585311,CN118845432A,2024-07-29,2024-07-29,3263,-1,2024
2716,393697402,CN118848926A,2024-09-19,2024-09-19,3264,0,2024
2717,393696978,CN118849012A,2024-09-04,2024-09-04,3267,-1,2024
2718,393698392,CN118849041A,2024-08-09,2024-08-09,3268,13,2024
2719,393712461,CN118852862A,2024-06-28,2024-06-28,3269,20,2024
2720,393539591,CN118855741A,2024-07-04,2024-07-04,3270,50,2024
2721,393644064,CN118869749A,2024-08-12,2024-08-12,3272,52,2024
2722,393656648,CN221912044U,2023-12-29,2023-12-29,3273,0,2023
2723,393520555,JP2024153303A,2023-04-17,2023-04-17,3274,1,2023
2724,IT10202200002435120221125,IT102022000024351B1,2022-11-25,2022-11-25,3276,8,2022
2725,389215908,CN118363310B,2024-06-19,2024-06-19,3277,-1,2024
2726,391141431,CN118567388B,2024-08-02,2024-08-02,3278,3,2024
2727,393442184,CN118836877A,2024-06-04,2024-06-04,3282,-1,2024
2728,393470351,CN118838323A,2023-04-20,2023-04-20,3283,7,2023
2729,393468416,CN118838387A,2024-05-29,2024-05-29,3284,6,2024
2730,393461970,CN221888599U,2024-03-11,2024-03-11,3285,24,2024
2731,393410628,IN202441076653A,2024-10-09,2024-10-09,3286,-1,2024
2732,393410747,IN202441078589A,2024-10-16,2024-10-16,3287,0,2024
2733,393411393,IN202441080469A,2024-10-23,2024-10-23,3288,69,2024
2734,388693994,CN118306495B,2024-04-08,2024-04-08,3292,40,2024
2735,393214870,CN118809629A,2024-07-28,2024-07-28,3294,71,2024
2736,393231609,CN118810954A,2024-07-30,2024-07-30,3296,0,2024
2737,393280031,CN118819177A,2024-06-19,2024-06-19,3297,3,2024
2738,412587812,TR2024013843U5,2024-10-13,2024-10-13,3298,14,2024
2739,393512805,TWM662074U,2024-05-29,2024-05-29,3299,23,2024
2740,333003745,CN113155397B,2021-05-09,2021-05-09,3300,16,2021
2741,353935383,CN114859911B,2022-04-28,2022-04-28,3301,6,2022
2742,370058885,CN116215694B,2022-12-26,2022-12-26,3302,0,2022
2743,393118554,CN118790366A,2024-08-20,2024-08-20,3303,-1,2024
2744,393099815,CN118794445A,2024-06-30,2024-06-30,3304,15,2024
2745,393127226,CN118795894A,2021-06-17,2021-06-17,3305,3,2021
2746,393091764,CN118799795A,2024-02-06,2024-02-06,3306,51,2024
2747,371502740,TW202440032A,2022-12-26,2022-12-26,3313,8,2022
2748,368375801,CN116052500B,2023-01-31,2023-01-31,3314,59,2023
2749,391085249,CN118559729B,2024-08-01,2024-08-01,3315,9,2024
2750,392964767,CN118784975A,2023-04-10,2023-04-10,3317,-1,2023
2751,368408874,CN116039798B,2023-01-31,2023-01-31,3318,0,2023
2752,392808129,CN118752499A,2023-12-21,2023-12-21,3319,-1,2023
2753,392781341,CN118759864A,2024-09-09,2024-09-09,3320,1,2024
2754,392786057,CN118760164A,2024-07-01,2024-07-01,3321,6,2024
2755,392866523,CN221824406U,2023-11-20,2023-11-20,3322,-1,2023
2756,392764000,IN202441046787A,2024-06-18,2024-06-18,3323,19,2024
2757,393197864,KR1020240148582A,2023-04-04,2023-04-04,3324,44,2023
2758,393198026,KR1020240148676A,2023-04-04,2023-04-04,3325,44,2023
2759,392731458,US20240335301A1,2023-04-07,2023-04-07,3326,19,2023
2760,392748131,WO2024207865A1,2024-01-16,2024-01-16,3327,7,2024
2761,392721354,JP2024139608A,2023-03-27,2023-03-27,3328,25,2023
2762,390645172,CN118514086B,2024-07-23,2024-07-23,3329,38,2024
2763,392682366,CN118744440A,2024-06-27,2024-06-27,3330,-1,2024
2764,392884057,KR1020240146365A,2023-03-29,2023-03-29,3331,2,2023
2765,392115964,JP2024137804A,2024-03-14,2024-03-14,3333,70,2024
2766,336797570,CN113467445B,2021-06-17,2021-06-17,3337,3,2021
2767,368875373,CN116101363B,2022-09-07,2022-09-07,3338,7,2022
2768,392459956,CN118721251A,2024-07-17,2024-07-17,3343,4,2024
2769,392493782,CN118722903A,2024-06-19,2024-06-19,3344,37,2024
2770,392583094,CN221807449U,2024-02-20,2024-02-20,3345,-1,2024
2771,392664318,TW202439232A,2023-03-24,2023-03-24,3346,23,2023
2772,PH1202305005420230203,PH12023050054A1,2023-02-03,2023-02-03,3348,69,2023
2773,SG11202405130X20230221,SG11202405130XA,2023-02-21,2023-02-21,3357,-1,2023
2774,392242296,US20240316762A1,2023-12-15,2023-12-15,3358,-1,2023
2775,392247117,US20240319743A1,2024-03-20,2024-03-20,3359,70,2024
2776,209252393,EP3417338B1,2017-02-15,2017-02-15,3360,-1,2017
2777,392194450,CN118682759A,2024-07-01,2024-07-01,3361,44,2024
2778,392198085,CN118682808A,2024-07-09,2024-07-09,3366,-1,2024
2779,335460144,CN113359792B,2021-05-27,2021-05-27,3367,-1,2021
2780,336992382,CN113478505B,2021-08-02,2021-08-02,3368,2,2021
2781,392019315,CN118675229A,2024-06-05,2024-06-05,3371,-1,2024
2782,392040791,CN221736206U,2024-02-04,2024-02-04,3372,-1,2024
2783,392075495,CN221737979U,2024-03-04,2024-03-04,3373,9,2024
2784,392075608,CN221737981U,2024-03-04,2024-03-04,3374,9,2024
2785,391969247,IN202411067060A,2024-09-05,2024-09-05,3375,-1,2024
2786,391931301,JP2024125982A,2023-07-21,2023-07-21,3376,5,2023
2787,389414808,CN118379800B,2024-06-24,2024-06-24,3377,53,2024
2788,390646182,CN118514103B,2024-07-24,2024-07-24,3378,24,2024
2789,391879977,CN118655774A,2024-05-27,2024-05-27,3379,38,2024
2790,391882033,CN118660127A,2024-07-18,2024-07-18,3380,61,2024
2791,391831339,CN221710866U,2024-02-06,2024-02-06,3381,11,2024
2792,312734261,CN111439321B,2020-05-08,2020-05-08,3382,0,2020
2793,382048630,CN117578791B,2023-11-23,2023-11-23,3383,49,2023
2794,390647041,CN118636187A,2024-06-14,2024-06-14,3388,4,2024
2795,391730488,CN118636189A,2024-07-08,2024-07-08,3389,12,2024
2796,391730995,CN118636195A,2024-07-11,2024-07-11,3390,2,2024
2797,391747793,CN118636999A,2024-06-24,2024-06-24,3392,-1,2024
2798,391750677,CN118642390A,2024-05-28,2024-05-28,3393,-1,2024
2799,391739960,CN118646856A,2024-05-24,2024-05-24,3394,43,2024
2800,391678493,IN202441065464A,2024-08-30,2024-08-30,3395,28,2024
2801,352089517,JP7549340B2,2020-12-22,2020-12-22,3397,0,2020
2802,374669047,KR102705819B1,2022-03-02,2022-03-02,3398,38,2022
2803,349103506,CN114429008B,2022-02-07,2022-02-07,3399,7,2022
2804,356324966,CN115107013B,2022-08-10,2022-08-10,3400,-1,2022
2805,357189905,CN115194771B,2022-07-27,2022-07-27,3401,-1,2022
2806,371116309,CN116339362B,2023-02-09,2023-02-09,3402,3,2023
2807,391603015,CN118625847A,2024-05-29,2024-05-29,3403,6,2024
2808,391608601,CN221677258U,2023-12-14,2023-12-14,3405,16,2023
2809,TH090100432420090924,TH103045B,2009-09-24,2009-09-24,3406,-1,2009
2810,366906466,CN115877760B,2022-12-05,2022-12-05,3407,38,2022
2811,371116254,CN116339361B,2023-02-09,2023-02-09,3408,3,2023
2812,391431517,CN118596205A,2024-07-26,2024-07-26,3409,-1,2024
2813,391457631,CN118603077A,2024-06-04,2024-06-04,3411,15,2024
2814,391369595,CN118609796A,2024-06-19,2024-06-19,3412,8,2024
2815,383985171,CN117804666B,2024-01-09,2024-01-09,3413,0,2024
2816,391221541,CN118578356A,2024-05-13,2024-05-13,3414,9,2024
2817,391238754,CN118579173A,2024-06-24,2024-06-24,3415,1,2024
2818,391236276,CN118579236A,2024-06-20,2024-06-20,3416,-1,2024
2819,391232468,CN118583172A,2024-06-30,2024-06-30,3417,15,2024
2820,391271124,CN118584897A,2024-05-28,2024-05-28,3419,5,2024
2821,349827116,CN114486045B,2022-01-24,2022-01-24,3420,-1,2022
2822,356245847,CN115096143B,2022-07-18,2022-07-18,3421,-1,2022
2823,383819429,CN117788693B,2023-12-11,2023-12-11,3422,-1,2023
2824,391083831,CN118559699A,2024-05-17,2024-05-17,3424,38,2024
2825,391100812,CN118560461A,2023-02-28,2023-02-28,3426,7,2023
2826,391100514,CN118560596A,2024-05-24,2024-05-24,3427,1,2024
2827,391100709,CN118560599A,2023-11-12,2023-11-12,3428,0,2023
2828,391100886,CN118560602A,2024-04-19,2024-04-19,3429,0,2024
2829,391066285,IN202411064078A,2024-08-23,2024-08-23,3432,2,2024
2830,355574477,CN115035763B,2022-06-22,2022-06-22,3434,-1,2022
2831,359960066,CN115291619B,2022-08-23,2022-08-23,3435,6,2022
2832,368408857,CN116039797B,2023-01-09,2023-01-09,3436,-1,2023
2833,390956128,CN118548646A,2024-06-21,2024-06-21,3438,-1,2024
2834,390992363,CN118550186A,2024-05-15,2024-05-15,3439,6,2024
2835,390994180,CN118550297A,2024-05-22,2024-05-22,3441,-1,2024
2836,375605133,CN116859966B,2023-06-16,2023-06-16,3442,0,2023
2837,390810525,CN118528270A,2024-06-14,2024-06-14,3443,1,2024
2838,390827902,CN118529172A,2024-07-26,2024-07-26,3444,9,2024
2839,390785980,CN118538052A,2024-04-11,2024-04-11,3445,23,2024
2840,390843421,CN221585599U,2023-11-09,2023-11-09,3446,0,2023
2841,390770394,IN202421056825A,2024-07-26,2024-07-26,3447,14,2024
2842,338068816,CN113569659B,2021-07-05,2021-07-05,3448,-1,2021
2843,338333731,CN113589817B,2021-08-06,2021-08-06,3449,-1,2021
2844,390639516,CN118513634A,2024-05-06,2024-05-06,3450,0,2024
2845,390657534,CN118514781A,2024-06-04,2024-06-04,3454,0,2024
2846,390621134,CN118522064A,2023-02-17,2023-02-17,3455,53,2023
2847,334163095,CN113246154B,2021-06-03,2021-06-03,3456,29,2021
2848,350826988,CN114571500B,2022-03-14,2022-03-14,3457,19,2022
2849,390473659,CN118493415A,2024-04-16,2024-04-16,3458,0,2024
2850,390497287,CN118495034A,2023-02-16,2023-02-16,3460,30,2023
2851,390552122,CN118502405A,2024-03-14,2024-03-14,3461,6,2024
2852,390449484,IN202411053901A,2024-07-15,2024-07-15,3462,-1,2024
2853,390448370,IN202441059770A,2024-08-08,2024-08-08,3463,30,2024
2854,390413644,US20240269865A1,2024-02-12,2024-02-12,3464,62,2024
2855,390442186,WO2024168337A1,2024-02-12,2024-02-12,3465,62,2024
2856,327253285,CN112738409B,2021-01-18,2021-01-18,3466,-1,2021
2857,335049804,CN113317139B,2021-06-23,2021-06-23,3467,39,2021
2858,361906278,CN115465382B,2022-10-10,2022-10-10,3468,19,2022
2859,385928244,CN118013016B,2024-03-12,2024-03-12,3469,2,2024
2860,388946211,CN118331283B,2024-06-13,2024-06-13,3470,1,2024
2861,390337486,CN118483997A,2024-04-27,2024-04-27,3471,-1,2024
2862,335460164,CN113359800B,2021-06-30,2021-06-30,3472,3,2021
2863,345932222,CN114137992B,2021-10-20,2021-10-20,3473,-1,2021
2864,387874976,CN118230135B,2024-05-23,2024-05-23,3474,56,2024
2865,388691862,CN118305813B,2024-06-12,2024-06-12,3475,32,2024
2866,390179040,CN118456395A,2024-06-13,2024-06-13,3476,-1,2024
2867,390203193,CN118457620A,2024-04-22,2024-04-22,3477,7,2024
2868,390209305,CN118457770A,2024-06-28,2024-06-28,3478,-1,2024
2869,390192255,CN221507355U,2023-12-26,2023-12-26,3479,-1,2023
2870,390116392,IN202411056258A,2024-07-24,2024-07-24,3480,-1,2024
2871,353107894,CN114771680B,2022-04-12,2022-04-12,3481,0,2022
2872,387183912,CN118143955B,2024-05-11,2024-05-11,3482,3,2024
2873,390010373,CN118439107A,2024-05-20,2024-05-20,3483,37,2024
2874,390000615,CN118443085A,2024-04-30,2024-04-30,3484,20,2024
2875,390028793,CN118444701A,2024-04-29,2024-04-29,3486,-1,2024
2876,390072208,CN221477326U,2024-03-05,2024-03-05,3488,0,2024
2877,335606403,US12053887B2,2021-03-05,2021-03-05,3489,15,2021
2878,352485346,CN114721414B,2022-04-08,2022-04-08,3490,3,2022
2879,374532379,CN116774713B,2022-03-11,2022-03-11,3491,40,2022
2880,389877052,CN118424762A,2024-05-09,2024-05-09,3494,16,2024
2881,389814910,IN202341006152A,2023-01-31,2023-01-31,3495,36,2023
2882,389811179,IN202421045736A,2024-06-13,2024-06-13,3496,4,2024
2883,387372179,CN118163880B,2024-05-14,2024-05-14,3497,30,2024
2884,389690227,CN118404618A,2024-05-27,2024-05-27,3498,-1,2024
2885,389705920,CN118405213A,2024-04-24,2024-04-24,3499,37,2024
2886,345885641,US12048655B2,2021-09-01,2021-09-01,3500,8,2021
2887,335606409,US12049010B2,2021-03-05,2021-03-05,3501,-1,2021
2888,288240335,CN109159141B,2018-10-23,2018-10-23,3502,4,2018
2889,324887332,CN112530000B,2020-11-20,2020-11-20,3503,1,2020
2890,344043582,CN113977639B,2021-10-26,2021-10-26,3504,49,2021
2891,374358983,CN116713992B,2023-06-12,2023-06-12,3505,44,2023
2892,376259774,CN116909284B,2023-07-27,2023-07-27,3506,-1,2023
2893,387424074,CN118170033B,2024-05-14,2024-05-14,3507,-1,2024
2894,387562544,CN118182678B,2024-05-17,2024-05-17,3508,-1,2024
2895,389523763,CN118386203A,2024-04-22,2024-04-22,3509,3,2024
2896,389645164,IN202441053254A,2024-07-12,2024-07-12,3510,48,2024
2897,389645603,IN202441054046A,2024-07-16,2024-07-16,3511,21,2024
2898,389646637,IN202441054123A,2024-07-16,2024-07-16,3512,1,2024
2899,389645402,IN202441054169A,2024-07-16,2024-07-16,3513,20,2024
2900,363181970,CN115576352B,2022-10-20,2022-10-20,3514,54,2022
2901,377862068,CN117067226B,2023-08-17,2023-08-17,3515,30,2023
2902,380997765,CN117452860B,2023-11-22,2023-11-22,3516,3,2023
2903,386474055,CN118070840B,2024-04-19,2024-04-19,3517,6,2024
2904,389372942,CN118372903A,2024-05-25,2024-05-25,3518,0,2024
2905,389404071,CN221383943U,2024-01-25,2024-01-25,3520,4,2024
2906,389385460,CN221393765U,2023-12-15,2023-12-15,3521,52,2023
2907,356148099,US12042945B2,2020-07-30,2020-07-30,3522,-1,2020
2908,412582957,TR2024006724A2,2024-05-29,2024-05-29,3525,54,2024
2909,340759792,CN113762239B,2021-08-10,2021-08-10,3526,30,2021
2910,389227452,CN118357939A,2024-04-09,2024-04-09,3527,-1,2024
2911,389261247,CN118365686A,2023-01-18,2023-01-18,3529,15,2023
2912,389276156,CN118366295A,2024-04-02,2024-04-02,3530,-1,2024
2913,389168880,WO2024150796A1,2024-01-11,2024-01-11,3531,68,2024
2914,321483078,CN112193346B,2020-11-09,2020-11-09,3534,52,2020
2915,346889869,CN114222091B,2021-12-14,2021-12-14,3535,42,2021
2916,350348125,CN114543825B,2022-01-12,2022-01-12,3536,7,2022
2917,375283281,CN116810812B,2023-05-24,2023-05-24,3537,2,2023
2918,386088071,CN118023799B,2024-04-11,2024-04-11,3538,36,2024
2919,389109819,CN221354398U,2023-11-25,2023-11-25,3539,26,2023
2920,388899188,CN118323255A,2024-05-17,2024-05-17,3541,7,2024
2921,388898049,CN118323301A,2024-06-13,2024-06-13,3542,-1,2024
2922,388903430,CN118323515A,2024-04-24,2024-04-24,3543,0,2024
2923,388859620,CN118333460A,2024-05-10,2024-05-10,3545,-1,2024
2924,388903749,CN221314260U,2023-11-23,2023-11-23,3546,-1,2023
2925,388879692,CN221325262U,2023-11-08,2023-11-08,3547,-1,2023
2926,388841820,IN202441051902A,2024-07-07,2024-07-07,3548,21,2024
2927,388506421,JP2024094826A,2022-12-28,2022-12-28,3552,9,2022
2928,339375698,CN113657313B,2021-08-20,2021-08-20,3553,-1,2021
2929,385327841,CN117944785B,2024-03-25,2024-03-25,3554,-1,2024
2930,388725386,CN118311902A,2024-04-11,2024-04-11,3557,6,2024
2931,388734356,CN118313155A,2024-05-15,2024-05-15,3558,1,2024
2932,295579950,CN111433566B,2017-12-18,2017-12-18,3559,7,2017
2933,387183865,CN118143954B,2024-05-09,2024-05-09,3560,1,2024
2934,388597674,CN118289109A,2024-03-26,2024-03-26,3562,0,2024
2935,388626681,CN118295408A,2024-03-26,2024-03-26,3563,3,2024
2936,388626817,CN118295455A,2024-04-02,2024-04-02,3564,54,2024
2937,388634270,CN118297988A,2024-04-17,2024-04-17,3565,15,2024
2938,388553676,CN221272985U,2023-11-17,2023-11-17,3566,7,2023
2939,388574739,CN221280070U,2023-11-28,2023-11-28,3567,-1,2023
2940,388580302,CN221281612U,2023-10-17,2023-10-17,3568,23,2023
2941,388513386,IN202441048433A,2024-06-24,2024-06-24,3569,-1,2024
2942,388497625,DE102023200067A1,2023-01-04,2023-01-04,3570,23,2023
2943,325454967,CN112578716B,2020-12-23,2020-12-23,3574,29,2020
2944,337224780,CN113494916B,2020-04-01,2020-04-01,3575,15,2020
2945,379484913,CN117260718B,2023-09-21,2023-09-21,3577,3,2023
2946,385634521,CN117975283B,2024-04-02,2024-04-02,3578,15,2024
2947,388416156,CN118276478A,2023-12-26,2023-12-26,3579,-1,2023
2948,388415705,CN118276602A,2024-03-20,2024-03-20,3580,1,2024
2949,388359772,CN118279983A,2024-03-29,2024-03-29,3581,7,2024
2950,388450377,CN221251511U,2023-11-03,2023-11-03,3582,0,2023
2951,388368868,CN221259650U,2023-11-16,2023-11-16,3583,14,2023
2952,388369082,CN221259653U,2023-11-03,2023-11-03,3584,14,2023
2953,388651684,KR1020240100780A,2022-12-23,2022-12-23,3585,10,2022
2954,372419429,US12023160B1,2023-09-26,2023-09-26,3586,8,2023
2955,380561803,TW202427408A,2022-12-30,2022-12-30,3587,-1,2022
2956,388663427,TWM657658U,2024-04-01,2024-04-01,3588,11,2024
2957,322520364,CN112307942B,2020-10-29,2020-10-29,3589,2,2020
2958,362224011,CN115489246B,2022-10-18,2022-10-18,3590,-1,2022
2959,388244203,CN118254901A,2022-12-26,2022-12-26,3591,0,2022
2960,388243280,CN118261233A,2024-03-12,2024-03-12,3592,7,2024
2961,323595895,CN112388598B,2019-08-12,2019-08-12,3594,0,2019
2962,347158929,CN114228748B,2022-02-10,2022-02-10,3595,7,2022
2963,384370116,CN117856527B,2024-03-07,2024-03-07,3596,12,2024
2964,385127791,CN117921638B,2024-03-20,2024-03-20,3597,-1,2024
2965,388059360,CN118238914A,2024-04-30,2024-04-30,3598,0,2024
2966,388088444,CN118244750A,2023-12-20,2023-12-20,3599,1,2023
2967,388123115,CN221214319U,2023-12-06,2023-12-06,3600,37,2023
2968,348055259,CN114321140B,2021-12-21,2021-12-21,3601,0,2021
2969,387887099,CN118217570A,2024-04-24,2024-04-24,3602,0,2024
2970,387942025,CN118219246A,2024-05-23,2024-05-23,3603,19,2024
2971,387941279,CN118219316A,2024-04-19,2024-04-19,3604,-1,2024
2972,387969271,CN118220368A,2024-05-07,2024-05-07,3605,0,2024
2973,387873745,CN118223606A,2024-04-11,2024-04-11,3606,18,2024
2974,387944367,CN221188831U,2023-12-11,2023-12-11,3608,-1,2023
2975,387930675,CN221200619U,2023-11-08,2023-11-08,3609,24,2023
2976,387840775,WO2024124996A1,2023-09-11,2023-09-11,3610,12,2023
2977,387810822,JP2024082201A,2023-01-26,2023-01-26,3611,-1,2023
2978,355991715,CN115070775B,2022-07-27,2022-07-27,3613,1,2022
2979,386541081,CN118061197B,2024-04-18,2024-04-18,3614,3,2024
2980,387774655,CN118212648A,2023-12-26,2023-12-26,3615,41,2023
2981,387765294,CN221176543U,2023-10-08,2023-10-08,3616,13,2023
2982,348085665,CN114329986B,2021-12-30,2021-12-30,3617,1,2021
2983,348756840,CN114397894B,2021-12-29,2021-12-29,3618,27,2021
2984,368479116,CN116062059B,2023-02-09,2023-02-09,3619,6,2023
2985,370364199,CN116252885B,2023-03-29,2023-03-29,3620,0,2023
2986,387536624,CN118181286A,2024-03-27,2024-03-27,3621,10,2024
2987,387561606,CN118182666A,2024-04-03,2024-04-03,3622,0,2024
2988,387627108,CN118192254A,2024-04-12,2024-04-12,3624,6,2024
2989,387637007,CN118192597A,2024-04-12,2024-04-12,3625,33,2024
2990,387636288,CN118192649A,2024-02-26,2024-02-26,3626,6,2024
2991,387579077,CN118196892A,2024-03-06,2024-03-06,3627,5,2024
2992,387585530,CN221142590U,2023-11-14,2023-11-14,3628,-1,2023
2993,387553855,CN221147796U,2023-11-20,2023-11-20,3629,7,2023
2994,387498122,IN541543A1,2020-05-22,2020-05-22,3630,55,2020
2995,387465618,US20240190014A1,2024-02-03,2024-02-03,3631,60,2024
2996,387133475,EP4382262A1,2022-12-05,2022-12-05,3634,0,2022
2997,385314920,CN117944055B,2024-03-26,2024-03-26,3636,1,2024
2998,386112211,CN118031135B,2024-04-15,2024-04-15,3637,52,2024
2999,387358917,CN118163092A,2024-02-28,2024-02-28,3638,3,2024
3000,387409887,CN118169420A,2024-03-12,2024-03-12,3640,27,2024
3001,387424792,CN118170129A,2022-12-06,2022-12-06,3642,-1,2022
3002,387454379,CN118171682A,2024-02-26,2024-02-26,3643,6,2024
3003,387346402,CN118172707A,2024-04-09,2024-04-09,3644,23,2024
3004,387342062,CN118172725A,2024-03-11,2024-03-11,3645,-1,2024
3005,387400593,CN221114157U,2023-12-04,2023-12-04,3647,0,2023
3006,387660704,TWM656451U,2023-09-18,2023-09-18,3648,-1,2023
3007,360101952,CN115312054B,2022-08-05,2022-08-05,3649,2,2022
3008,387277125,CN118152020A,2024-03-19,2024-03-19,3653,21,2024
3009,387278179,CN221102887U,2023-08-30,2023-08-30,3654,52,2023
3010,387283054,CN221103259U,2023-10-24,2023-10-24,3655,18,2023
3011,387164563,IN202441041266A,2024-05-28,2024-05-28,3656,5,2024
3012,387133615,US20240181637A1,2022-07-21,2022-07-21,3659,-1,2022
3013,229409954,CN107825434B,2017-10-30,2017-10-30,3660,-1,2017
3014,303793352,CN110696943B,2019-11-04,2019-11-04,3661,0,2019
3015,385188004,CN117930663B,2024-03-20,2024-03-20,3662,6,2024
3016,387076994,CN118131630A,2024-03-29,2024-03-29,3664,6,2024
3017,387087331,CN118132213A,2022-11-25,2022-11-25,3665,-1,2022
3018,387064254,CN221061686U,2023-11-03,2023-11-03,3666,14,2023
3019,386999944,CN221075865U,2023-11-03,2023-11-03,3667,-1,2023
3020,387303292,TWM656431U,2024-03-29,2024-03-29,3668,23,2024
3021,382042557,CN117572877B,2024-01-16,2024-01-16,3669,6,2024
3022,365394825,CN118119992A,2022-08-25,2022-08-25,3670,16,2022
3023,386882754,CN221049831U,2023-10-23,2023-10-23,3671,0,2023
3024,386863590,IN202441038711A,2024-05-17,2024-05-17,3672,21,2024
3025,386864096,IN202441039826A,2024-05-22,2024-05-22,3673,-1,2024
3026,SA52142128920210221,SA16215B1,2021-02-21,2021-02-21,3674,-1,2021
3027,386832319,EP4376309A1,2023-10-27,2023-10-27,3675,8,2023
3028,298487808,CN110211454B,2019-06-03,2019-06-03,3676,-1,2019
3029,302647789,CN110588826B,2019-10-22,2019-10-22,3677,0,2019
3030,349241136,CN114474034B,2020-10-26,2020-10-26,3678,74,2020
3031,356328850,CN115112161B,2022-06-16,2022-06-16,3679,37,2022
3032,345660991,CN118079411A,2021-10-27,2021-10-27,3680,11,2021
3033,386658447,CN118096879A,2024-01-26,2024-01-26,3682,35,2024
3034,386749681,CN221035643U,2023-10-25,2023-10-25,3683,31,2023
3035,394000203,IT202200024351A1,2022-11-25,2022-11-25,3684,8,2022
3036,304834936,CN110796035B,2019-10-14,2019-10-14,3685,51,2019
3037,354617292,CN114936363B,2022-05-09,2022-05-09,3686,-1,2022
3038,363000862,CN115565057B,2021-07-02,2021-07-02,3687,15,2021
3039,381387006,CN117496464B,2023-10-23,2023-10-23,3688,15,2023
3040,386567269,CN220996569U,2023-09-11,2023-09-11,3692,0,2023
3041,386441671,US20240169292A1,2023-10-24,2023-10-24,3693,21,2023
3042,386422461,CN118056744A,2022-11-21,2022-11-21,3695,40,2022
3043,325635112,US11986963B2,2019-03-05,2019-03-05,3696,69,2019
3044,299001477,CN110253562B,2019-06-04,2019-06-04,3697,19,2019
3045,386302545,CN118044401A,2024-01-23,2024-01-23,3698,39,2024
3046,386341086,CN118046404A,2024-03-29,2024-03-29,3699,-1,2024
3047,386350131,CN118046975A,2024-03-29,2024-03-29,3700,-1,2024
3048,386312986,CN220972400U,2023-10-19,2023-10-19,3701,2,2023
3049,386344960,CN220983532U,2023-08-22,2023-08-22,3702,46,2023
3050,386390963,CN220985768U,2023-09-25,2023-09-25,3703,-1,2023
3051,386291682,IN202211064127A,2022-11-10,2022-11-10,3704,-1,2022
3052,381977785,JP2024068083A,2023-06-23,2023-06-23,3705,-1,2023
3053,386256107,US20240157553A1,2024-01-24,2024-01-24,3707,28,2024
3054,386253251,US20240157573A1,2024-01-23,2024-01-23,3708,75,2024
3055,385042868,US20240158110A1,2023-05-08,2023-05-08,3709,-1,2023
3056,386248385,JP2024066420A,2023-06-22,2023-06-22,3710,33,2023
3057,353516553,CN114800600B,2022-06-14,2022-06-14,3711,19,2022
3058,386069226,CN118021558A,2024-03-18,2024-03-18,3712,13,2024
3059,386112466,CN118025055A,2024-02-02,2024-02-02,3715,-1,2024
3060,386117947,CN118025366A,2022-11-08,2022-11-08,3716,1,2022
3061,386118085,CN118025368A,2024-03-04,2024-03-04,3717,9,2024
3062,386118138,CN118025369A,2024-03-23,2024-03-23,3718,37,2024
3063,386173313,CN118034040A,2022-11-08,2022-11-08,3720,1,2022
3064,386163838,CN220945443U,2023-10-10,2023-10-10,3721,16,2023
3065,386217323,CN220948272U,2023-11-22,2023-11-22,3722,0,2023
3066,315411712,US11980432B2,2019-11-04,2019-11-04,3724,-1,2019
3067,374008034,CN116673979B,2023-02-27,2023-02-27,3725,20,2023
3068,385918949,CN118001544A,2024-03-25,2024-03-25,3726,14,2024
3069,385943342,CN118003375A,2024-02-03,2024-02-03,3727,9,2024
3070,385958715,CN118004306A,2024-02-19,2024-02-19,3728,-1,2024
3071,386002537,CN220922406U,2023-08-18,2023-08-18,3730,19,2023
3072,385863492,US20240149463A1,2022-11-06,2022-11-06,3734,-1,2022
3073,386052311,KR1020240059945A,2022-10-28,2022-10-28,3736,65,2022
3074,332134451,CN113095120B,2020-01-09,2020-01-09,3737,50,2020
3075,385809444,CN220913758U,2023-10-07,2023-10-07,3738,31,2023
3076,320520668,CN112101139B,2020-08-27,2020-08-27,3740,41,2020
3077,332363561,CN113111681B,2020-01-09,2020-01-09,3741,50,2020
3078,383957125,CN117809379B,2024-02-29,2024-02-29,3742,50,2024
3079,385617924,CN117961888A,2024-01-08,2024-01-08,3743,5,2024
3080,385645584,CN117963390A,2024-01-31,2024-01-31,3744,28,2024
3081,385680887,CN117970965A,2023-12-15,2023-12-15,3745,3,2023
3082,385622930,CN117974585A,2024-01-24,2024-01-24,3746,41,2024
3083,385638601,CN117975406A,2023-12-12,2023-12-12,3748,35,2023
3084,385572295,CN220884605U,2023-10-07,2023-10-07,3749,0,2023
3085,385612422,CN220886590U,2023-10-08,2023-10-08,3750,16,2023
3086,385650122,CN220895029U,2023-08-18,2023-08-18,3751,31,2023
3087,HK42024087928.820240229,HK40100485A,2024-02-29,2024-02-29,3752,-1,2024
3088,385558942,IN202321073493A,2023-10-28,2023-10-28,3753,-1,2023
3089,385560806,IN202431015607A,2024-03-02,2024-03-02,3754,10,2024
3090,211369171,EP3219447B1,2016-09-01,2016-09-01,3756,2,2016
3091,322162145,CN112265593B,2020-11-15,2020-11-15,3759,19,2020
3092,385314507,CN117944045A,2024-01-04,2024-01-04,3760,5,2024
3093,385315482,CN117944068A,2024-03-15,2024-03-15,3762,36,2024
3094,385327414,CN117953465A,2023-12-29,2023-12-29,3764,27,2023
3095,385293057,CN117956572A,2022-10-28,2022-10-28,3765,-1,2022
3096,347966020,CN114324751B,2021-12-17,2021-12-17,3767,20,2021
3097,348250109,CN114347078B,2022-01-21,2022-01-21,3768,4,2022
3098,385128174,CN117921728A,2023-07-12,2023-07-12,3770,19,2023
3099,385145387,CN117922714A,2024-01-15,2024-01-15,3771,0,2024
3100,385143536,CN117928551A,2024-01-19,2024-01-19,3772,33,2024
3101,385145560,CN117928652A,2024-02-01,2024-02-01,3773,30,2024
3102,385116437,CN117934716A,2024-01-24,2024-01-24,3775,15,2024
3103,385124489,CN117935106A,2023-12-11,2023-12-11,3776,-1,2023
3104,385126422,CN117935137A,2023-12-15,2023-12-15,3777,51,2023
3105,385210831,CN117939076A,2024-01-17,2024-01-17,3778,43,2024
3106,385228967,CN220842752U,2023-09-03,2023-09-03,3779,0,2023
3107,385229017,CN220842753U,2023-09-04,2023-09-04,3780,0,2023
3108,385097487,CN220851580U,2023-09-21,2023-09-21,3781,0,2023
3109,385185190,CN220855627U,2023-10-08,2023-10-08,3782,2,2023
3110,385078962,IN202341039528A,2023-06-09,2023-06-09,3783,11,2023
3111,385062969,DE102022127983A1,2022-10-24,2022-10-24,3784,25,2022
3112,385039273,JP2024058514A,2022-10-28,2022-10-28,3785,49,2022
3113,323748237,JP7474108B2,2020-05-08,2020-05-08,3789,11,2020
3114,381716677,CN117532596B,2024-01-08,2024-01-08,3790,19,2024
3115,359791142,JP2024056146A,2024-02-16,2024-02-16,3791,-1,2024
3116,349268733,CN114442649B,2021-12-22,2021-12-22,3792,-1,2021
3117,384866170,CN117901165A,2024-03-07,2024-03-07,3794,4,2024
3118,384940921,CN117908571A,2023-12-28,2023-12-28,3795,40,2023
3119,384297217,JP2024054474A,2022-10-05,2022-10-05,3797,-1,2022
3120,301364839,CN110478878B,2019-08-07,2019-08-07,3798,14,2019
3121,340532669,CN113743481B,2021-08-20,2021-08-20,3799,-1,2021
3122,384728169,CN117885110A,2024-02-03,2024-02-03,3800,71,2024
3123,384742473,CN117885832A,2024-01-24,2024-01-24,3801,0,2024
3124,384721783,CN117889843A,2024-01-17,2024-01-17,3802,15,2024
3125,384752386,CN117891240A,2023-03-30,2023-03-30,3803,-1,2023
3126,384744147,CN117896554A,2024-03-14,2024-03-14,3804,43,2024
3127,384735394,CN220796949U,2023-08-17,2023-08-17,3805,-1,2023
3128,384989050,TW202416218A,2022-10-05,2022-10-05,3806,-1,2022
3129,371718692,US11961415B2,2022-09-12,2022-09-12,3807,24,2022
3130,344795783,CN114040140B,2021-11-15,2021-11-15,3808,26,2021
3131,346212528,CN114161434B,2021-11-03,2021-11-03,3809,27,2021
3132,384563729,CN117863171A,2023-12-12,2023-12-12,3810,-1,2023
3133,384563616,CN117863226A,2024-02-29,2024-02-29,3811,-1,2024
3134,384582042,CN117864270A,2024-02-29,2024-02-29,3812,0,2024
3135,384507071,CN117872771A,2024-01-25,2024-01-25,3813,6,2024
3136,384596049,CN220762648U,2023-09-27,2023-09-27,3814,-1,2023
3137,384502090,CN220764551U,2023-08-23,2023-08-23,3815,-1,2023
3138,361655999,EP4347194A1,2022-06-02,2022-06-02,3817,-1,2022
3139,303793328,CN110696941B,2019-09-19,2019-09-19,3818,19,2019
3140,313914813,CN111539087B,2019-01-18,2019-01-18,3819,7,2019
3141,384297666,CN117841002A,2024-02-22,2024-02-22,3820,27,2024
3142,384305018,CN117842230A,2023-12-26,2023-12-26,3821,9,2023
3143,384361506,CN220751608U,2023-09-07,2023-09-07,3822,16,2023
3144,384291444,US11951636B1,2021-01-28,2021-01-28,3823,28,2021
3145,325842820,CN112606009B,2020-12-09,2020-12-09,3824,0,2020
3146,384144092,CN220721230U,2023-08-23,2023-08-23,3825,-1,2023
3147,384144191,CN220721231U,2023-08-23,2023-08-23,3826,-1,2023
3148,384144265,CN220721232U,2023-08-23,2023-08-23,3827,13,2023
3149,374669065,KR102655668B1,2022-03-02,2022-03-02,3828,38,2022
3150,384097246,DE102023126036A1,2023-09-26,2023-09-26,3829,-1,2023
3151,347230508,CN114235373B,2021-12-21,2021-12-21,3831,-1,2021
3152,377554811,CN117034385B,2023-08-30,2023-08-30,3832,68,2023
3153,383957461,CN117809329A,2023-11-09,2023-11-09,3833,26,2023
3154,380424562,TW202413232A,2023-06-13,2023-06-13,3837,25,2023
3155,373465236,TW202414356A,2022-09-21,2022-09-21,3838,43,2022
3156,287421948,CN109048914B,2018-09-07,2018-09-07,3839,49,2018
3157,338329330,CN113580127B,2021-07-09,2021-07-09,3840,60,2021
3158,339484416,CN113665852B,2021-08-06,2021-08-06,3841,0,2021
3159,369472309,CN116142216B,2023-04-06,2023-04-06,3842,7,2023
3160,383797388,CN117773926A,2023-12-26,2023-12-26,3843,3,2023
3161,383797277,CN117773982A,2023-12-14,2023-12-14,3844,-1,2023
3162,383870094,CN117782069A,2023-12-08,2023-12-08,3846,3,2023
3163,383781433,IN202211055158A,2022-09-26,2022-09-26,3849,9,2022
3164,383779429,IN202421012725A,2024-02-22,2024-02-22,3850,21,2024
3165,383778881,IN202441020880A,2024-03-19,2024-03-19,3851,-1,2024
3166,383778919,IN202441020896A,2024-03-20,2024-03-20,3852,-1,2024
3167,356760120,JP2024513705A,2022-03-02,2022-03-02,3853,-1,2022
3168,301784653,CN110524561B,2019-09-27,2019-09-27,3854,-1,2019
3169,339464648,CN113673461B,2021-08-26,2021-08-26,3855,-1,2021
3170,356972332,CN115145292B,2022-06-22,2022-06-22,3856,3,2022
3171,378266263,CN117115783B,2023-09-06,2023-09-06,3857,43,2023
3172,382073574,CN117565996B,2024-01-16,2024-01-16,3858,0,2024
3173,383638467,CN117769181A,2023-12-26,2023-12-26,3859,0,2023
3174,383691013,CN220660915U,2023-08-09,2023-08-09,3860,-1,2023
3175,383592199,JP2024040248A,2024-02-05,2024-02-05,3863,11,2024
3176,318159908,CN111880544B,2020-08-07,2020-08-07,3864,1,2020
3177,383539239,CN117734851A,2024-02-21,2024-02-21,3865,0,2024
3178,383442830,CN220648410U,2023-08-24,2023-08-24,3866,-1,2023
3179,383417830,IN202421013263A,2024-02-23,2024-02-23,3867,8,2024
3180,383417974,IN202441014010A,2024-02-27,2024-02-27,3868,8,2024
3181,367623028,CN115963850B,2023-01-13,2023-01-13,3869,3,2023
3182,383383888,CN117718295A,2024-01-17,2024-01-17,3870,0,2024
3183,383328722,CN117724518A,2023-12-05,2023-12-05,3871,-1,2023
3184,383386246,CN117729290A,2023-12-19,2023-12-19,3872,-1,2023
3185,383309942,CN220615995U,2023-09-02,2023-09-02,3873,0,2023
3186,360568688,US11931890B2,2020-10-12,2020-10-12,3874,69,2020
3187,383130866,CN117703036A,2023-11-29,2023-11-29,3875,0,2023
3188,356678554,WO2024051597A1,2023-09-01,2023-09-01,3877,53,2023
3189,331398874,CN113031639B,2021-03-22,2021-03-22,3878,1,2021
3190,356593963,CN115123422B,2022-06-30,2022-06-30,3879,0,2022
3191,382928892,CN117687431A,2023-10-20,2023-10-20,3880,3,2023
3192,382809662,CN117656072A,2023-12-27,2023-12-27,3881,5,2023
3193,382809012,CN117656124A,2023-12-04,2023-12-04,3882,19,2023
3194,382798787,CN117666348A,2023-12-06,2023-12-06,3883,1,2023
3195,382877541,IN202341087195A,2023-12-20,2023-12-20,3884,2,2023
3196,362717119,US11920649B2,2022-08-29,2022-08-29,3886,-1,2022
3197,321808379,CN112232390B,2020-09-29,2020-09-29,3887,41,2020
3198,382579758,CN117622352A,2023-12-01,2023-12-01,3889,15,2023
3199,382567679,CN117631547A,2024-01-26,2024-01-26,3890,6,2024
3200,382495499,IN202241048750A,2022-08-26,2022-08-26,3891,-1,2022
3201,377020642,TWI834153B,2022-04-22,2022-04-22,3892,35,2022
3202,356929599,EP4328863A1,2022-09-01,2022-09-01,3893,-1,2022
3203,345422749,US11911892B2,2021-11-02,2021-11-02,3894,75,2021
3204,324408516,US11911903B2,2020-09-08,2020-09-08,3895,28,2020
3205,360573769,US11915523B2,2022-07-27,2022-07-27,3896,-1,2022
3206,347233012,CN114237233B,2021-11-30,2021-11-30,3897,35,2021
3207,382277106,CN117589404A,2023-10-10,2023-10-10,3900,15,2023
3208,382211031,CN117590747A,2023-11-17,2023-11-17,3901,33,2023
3209,382200388,IN202411010889A,2024-02-16,2024-02-16,3902,17,2024
3210,323451692,CN112380627B,2020-11-25,2020-11-25,3906,-1,2020
3211,337491329,CN113515135B,2021-06-30,2021-06-30,3907,6,2021
3212,375594853,CN116863509B,2023-09-01,2023-09-01,3908,-1,2023
3213,382041341,CN117572768A,2023-11-13,2023-11-13,3911,-1,2023
3214,382034974,US11907670B1,2020-09-28,2020-09-28,3915,2,2020
3215,381624511,KR1020240020642A,2022-12-19,2022-12-19,3917,74,2022
3216,381979661,US20240051154A1,2023-08-09,2023-08-09,3918,-1,2023
3217,381983240,US20240053761A1,2023-08-08,2023-08-08,3919,-1,2023
3218,308801368,CN111142514B,2019-12-11,2019-12-11,3922,27,2019
3219,348043818,CN114310963B,2022-01-18,2022-01-18,3923,0,2022
3220,381912800,CN117554026A,2023-10-24,2023-10-24,3925,54,2023
3221,381892702,CN117558050A,2023-11-17,2023-11-17,3926,2,2023
3222,RU202212542620220928,RU2813444C1,2022-09-28,2022-09-28,3927,-1,2022
3223,338657599,CN113611388B,2021-08-02,2021-08-02,3928,48,2021
3224,381727211,CN117533334A,2023-11-17,2023-11-17,3931,7,2023
3225,381733946,CN117537824A,2023-11-15,2023-11-15,3932,15,2023
3226,381711477,CN220462722U,2023-08-07,2023-08-07,3933,36,2023
3227,381659609,IN202431007412A,2024-02-03,2024-02-03,3934,28,2024
3228,381657122,WO2024030669A2,2023-08-07,2023-08-07,3936,-1,2023
3229,333824706,CN113223512B,2020-02-04,2020-02-04,3938,2,2020
3230,374654087,CN116757524B,2023-05-08,2023-05-08,3939,-1,2023
3231,381548680,CN117508401A,2023-12-23,2023-12-23,3941,9,2023
3232,381548733,CN117508402A,2023-12-23,2023-12-23,3942,-1,2023
3233,381573419,CN117518821A,2023-11-30,2023-11-30,3943,6,2023
3234,381578762,CN117519128A,2023-10-17,2023-10-17,3944,33,2023
3235,342085202,US11890756B2,2021-10-29,2021-10-29,3946,0,2021
3236,214392547,CN107246461B,2016-12-29,2016-12-29,3948,12,2016
3237,315969612,CN111687847B,2020-07-09,2020-07-09,3949,-1,2020
3238,337687117,CN113537036B,2021-07-12,2021-07-12,3950,50,2021
3239,342406745,CN113865556B,2021-09-23,2021-09-23,3951,15,2021
3240,375318900,CN116823591B,2023-05-05,2023-05-05,3953,-1,2023
3241,381333727,CN117499592A,2023-11-03,2023-11-03,3955,53,2023
3242,381291913,IN202311074144A,2023-10-31,2023-10-31,3956,28,2023
3243,381793517,TWM651124U,2023-09-05,2023-09-05,3957,-1,2023
3244,381264206,US20240040336A1,2023-09-25,2023-09-25,3958,69,2023
3245,292417970,CN109605213B,2018-12-12,2018-12-12,3961,36,2018
3246,381119816,CN117465578A,2023-10-30,2023-10-30,3962,52,2023
3247,381123888,CN117472090A,2023-11-22,2023-11-22,3963,3,2023
3248,381200257,CN220403155U,2023-07-19,2023-07-19,3964,31,2023
3249,381126495,CN220404773U,2023-07-11,2023-07-11,3965,14,2023
3250,381193558,CN220408778U,2023-05-17,2023-05-17,3966,9,2023
3251,360940751,US11883959B2,2022-07-20,2022-07-20,3968,-1,2022
3252,335631624,JP7423400B2,2020-04-20,2020-04-20,3969,-1,2020
3253,378711706,CN117173748B,2023-11-03,2023-11-03,3970,41,2023
3254,379194523,CN117237561B,2023-11-14,2023-11-14,3971,35,2023
3255,380999646,CN117452816A,2023-10-26,2023-10-26,3972,3,2023
3256,380999412,CN117452953A,2023-11-29,2023-11-29,3974,-1,2023
3257,381068094,CN220401627U,2023-06-14,2023-06-14,3975,-1,2023
3258,380972250,IN202341090178A,2023-12-30,2023-12-30,3976,-1,2023
3259,374542235,JP7421759B2,2022-03-05,2022-03-05,3977,25,2022
3260,350719011,CN114571472B,2020-12-01,2020-12-01,3979,-1,2020
3261,370428969,CN116256972B,2022-11-29,2022-11-29,3980,6,2022
3262,380895830,CN117437573A,2023-10-20,2023-10-20,3981,26,2023
3263,294951398,KR102625488B1,2018-11-21,2018-11-21,3985,55,2018
3264,306421634,CN110936380B,2019-12-11,2019-12-11,3986,73,2019
3265,324887158,CN112529943B,2020-12-22,2020-12-22,3987,-1,2020
3266,332365195,CN113110442B,2021-04-09,2021-04-09,3988,6,2021
3267,380586224,CN117401056A,2023-09-19,2023-09-19,3989,-1,2023
3268,345406645,US11872169B2,2021-11-04,2021-11-04,3990,8,2021
3269,380574720,US11875362B1,2020-10-26,2020-10-26,3991,42,2020
3270,380443786,CN117381807A,2023-09-19,2023-09-19,3992,36,2023
3271,380455509,CN117382765A,2023-07-26,2023-07-26,3993,0,2023
3272,380455598,CN117382768A,2023-11-30,2023-11-30,3994,30,2023
3273,362062256,CN115476366B,2021-06-15,2021-06-15,3997,-1,2021
3274,378772991,CN117133096B,2023-10-26,2023-10-26,3998,7,2023
3275,380361902,CN117359594A,2023-10-16,2023-10-16,3999,1,2023
3276,380346977,CN117369527A,2023-11-01,2023-11-01,4000,-1,2023
3277,380351763,CN220324109U,2023-06-02,2023-06-02,4001,31,2023
3278,373424574,CN116604555B,2023-05-17,2023-05-17,4002,10,2023
3279,377861976,CN117067223B,2023-10-16,2023-10-16,4003,3,2023
3280,380138126,IN202241037321A,2022-06-29,2022-06-29,4004,-1,2022
3281,380137225,IN202341087196A,2023-12-20,2023-12-20,4005,2,2023
3282,380081184,CN117325198A,2023-09-27,2023-09-27,4009,49,2023
3283,379995046,CN117330068A,2023-09-19,2023-09-19,4010,-1,2023
3284,320320920,CN112084853B,2020-08-04,2020-08-04,4011,27,2020
3285,379868813,CN117296615A,2023-10-31,2023-10-31,4012,18,2023
3286,379837223,CN117301061A,2023-10-19,2023-10-19,4013,5,2023
3287,379881720,CN117309242A,2023-09-22,2023-09-22,4014,-1,2023
3288,379917530,CN117311161A,2023-10-31,2023-10-31,4016,-1,2023
3289,379919599,CN117311271A,2023-09-28,2023-09-28,4017,6,2023
3290,379848620,CN220257118U,2023-07-04,2023-07-04,4018,14,2023
3291,319981714,CN112051797B,2020-09-07,2020-09-07,4021,74,2020
3292,375805087,CN116880293B,2023-07-20,2023-07-20,4022,3,2023
3293,379735107,CN117290997A,2023-08-14,2023-08-14,4023,7,2023
3294,368449044,US11856098B2,2022-12-29,2022-12-29,4024,-1,2022
3295,379509635,CN117262062A,2023-09-20,2023-09-20,4026,9,2023
3296,379574237,CN117270385A,2023-05-26,2023-05-26,4027,38,2023
3297,379581197,CN117270551A,2023-10-25,2023-10-25,4028,-1,2023
3298,379592358,CN220220959U,2023-07-28,2023-07-28,4029,0,2023
3299,TR202100199920210211,TR2021001999B,2021-02-11,2021-02-11,4030,60,2021
3300,309729979,CN111209942B,2019-12-27,2019-12-27,4031,38,2019
3301,348042993,CN114337378B,2021-12-29,2021-12-29,4032,73,2021
3302,379355711,CN117246425A,2023-11-02,2023-11-02,4033,-1,2023
3303,379364847,CN117250959A,2023-10-11,2023-10-11,4034,27,2023
3304,377996855,TW202349154A,2022-06-08,2022-06-08,4035,23,2022
3305,371623726,TW202349930A,2022-06-01,2022-06-01,4036,-1,2022
3306,318348715,CN111891254B,2020-09-02,2020-09-02,4037,0,2020
3307,372883024,CN116551675B,2023-04-17,2023-04-17,4038,1,2023
3308,379218201,CN117233707A,2023-05-19,2023-05-19,4039,16,2023
3309,379173928,CN117241090A,2023-11-15,2023-11-15,4041,-1,2023
3310,HK42020021464.120201202,HK40030931B,2020-12-02,2020-12-02,4042,8,2020
3311,379157852,IN202341074333A,2023-10-31,2023-10-31,4043,44,2023
3312,379075812,CN117218547A,2023-10-23,2023-10-23,4045,15,2023
3313,310580256,CN111291831B,2020-03-06,2020-03-06,4046,47,2020
3314,378839220,CN117182406A,2023-08-07,2023-08-07,4047,36,2023
3315,378948477,CN117193070A,2023-08-31,2023-08-31,4049,3,2023
3316,378844357,CN117193341A,2023-08-23,2023-08-23,4050,15,2023
3317,378844400,CN117193342A,2023-09-18,2023-09-18,4051,-1,2023
3318,378830696,IN202311077537A,2023-11-14,2023-11-14,4052,28,2023
3319,378734547,JP2023172901A,2023-04-24,2023-04-24,4053,45,2023
3320,331772720,JP7393201B2,2019-12-25,2019-12-25,4054,-1,2019
3321,393741395,MY199994A,2017-02-16,2017-02-16,4056,69,2017
3322,222398892,CN107416066B,2017-08-08,2017-08-08,4057,0,2017
3323,239889748,CN108407918B,2018-04-25,2018-04-25,4058,-1,2018
3324,343215570,CN113910217B,2020-09-21,2020-09-21,4059,2,2020
3325,378511178,CN117140463A,2023-09-05,2023-09-05,4060,-1,2023
3326,378510513,CN117140508A,2023-09-04,2023-09-04,4061,1,2023
3327,378467087,IN202341078606A,2023-11-20,2023-11-20,4065,8,2023
3328,373759208,TW202347263A,2022-05-20,2022-05-20,4066,-1,2022
3329,378602524,KR102607490B1,2023-04-04,2023-04-04,4067,47,2023
3330,378602532,KR102607493B1,2023-04-04,2023-04-04,4068,47,2023
3331,378602830,KR102608026B1,2023-03-14,2023-03-14,4069,30,2023
3332,236525477,CN108216412B,2017-12-26,2017-12-26,4070,0,2017
3333,317625254,CN111832450B,2020-06-30,2020-06-30,4071,-1,2020
3334,378756343,CN117125020A,2023-08-30,2023-08-30,4072,23,2023
3335,378374104,CN117132801A,2022-05-17,2022-05-17,4073,-1,2022
3336,378261793,CN117104360A,2023-09-22,2023-09-22,4076,0,2023
3337,378270170,CN117115849A,2022-05-17,2022-05-17,4078,-1,2022
3338,378223860,CN220082665U,2023-06-02,2023-06-02,4079,-1,2023
3339,378203318,IN202341078601A,2023-11-20,2023-11-20,4080,8,2023
3340,373415666,CN116609105B,2023-07-17,2023-07-17,4082,16,2023
3341,356491995,IN468965A1,2021-03-24,2021-03-24,4085,2,2021
3342,374669043,KR102604104B1,2022-03-02,2022-03-02,4086,38,2022
3343,331316579,JP7381322B2,2019-12-17,2019-12-17,4087,-1,2019
3344,318497482,CN111913490B,2020-08-18,2020-08-18,4088,3,2020
3345,364963608,CN115705048B,2021-08-06,2021-08-06,4089,45,2021
3346,374913810,CN116787491B,2023-08-25,2023-08-25,4090,16,2023
3347,377689911,CN117047810A,2023-07-25,2023-07-25,4091,4,2023
3348,377705661,CN117048735A,2023-08-11,2023-08-11,4092,45,2023
3349,377710852,CN117055594A,2023-07-16,2023-07-16,4093,6,2023
3350,377771569,CN220013465U,2023-06-21,2023-06-21,4094,31,2023
3351,362516929,KR102601031B1,2021-06-14,2021-06-14,4095,16,2021
3352,368602043,TWI821772B,2021-10-29,2021-10-29,4096,48,2021
3353,346965739,CN114248804B,2021-12-08,2021-12-08,4098,1,2021
3354,377510509,CN117032254A,2023-08-28,2023-08-28,4099,-1,2023
3355,377512070,CN117032283A,2023-08-11,2023-08-11,4100,6,2023
3356,377579873,CN219997304U,2023-06-06,2023-06-06,4103,-1,2023
3357,298058086,IN465538A1,2018-02-16,2018-02-16,4104,14,2018
3358,312508710,IN466026A1,2020-07-06,2020-07-06,4105,10,2020
3359,305817655,EP3846982B1,2018-09-07,2018-09-07,4108,75,2018
3360,377057444,CN117001658A,2023-06-28,2023-06-28,4109,6,2023
3361,377098728,CN117008623A,2022-05-31,2022-05-31,4111,-1,2022
3362,316754865,CN111753705B,2020-06-19,2020-06-19,4113,43,2020
3363,354860222,CN114945182B,2022-04-29,2022-04-29,4114,-1,2022
3364,376925060,CN116985137A,2023-08-31,2023-08-31,4119,33,2023
3365,376952671,CN116996775A,2023-06-29,2023-06-29,4120,41,2023
3366,376970652,CN219948393U,2023-05-17,2023-05-17,4121,-1,2023
3367,376874208,WO2023207129A1,2022-12-12,2022-12-12,4125,4,2022
3368,376523240,TW202343303A,2022-04-21,2022-04-21,4127,26,2022
3369,377021618,TW202343387A,2022-04-22,2022-04-22,4128,35,2022
3370,344915691,TWI820341B,2020-07-15,2020-07-15,4129,-1,2020
3371,374914492,CN116787450B,2023-08-28,2023-08-28,4130,-1,2023
3372,376745398,CN116968048A,2023-08-14,2023-08-14,4132,28,2023
3373,376753257,CN116978125A,2023-08-01,2023-08-01,4133,50,2023
3374,332124810,NL2031262B1,2022-03-11,2022-03-11,4134,3,2022
3375,355847109,CN115054794B,2022-06-13,2022-06-13,4135,14,2022
3376,374787800,CN116767381B,2023-08-15,2023-08-15,4136,-1,2023
3377,376572760,CN116945151A,2023-03-15,2023-03-15,4137,45,2023
3378,376573729,CN116945167A,2023-07-12,2023-07-12,4138,-1,2023
3379,376573793,CN116945168A,2023-07-12,2023-07-12,4139,45,2023
3380,376663574,CN116954237A,2022-04-15,2022-04-15,4141,45,2022
3381,376585081,CN219914605U,2023-03-27,2023-03-27,4142,52,2023
3382,376541721,WO2023205766A1,2023-04-21,2023-04-21,4144,-1,2023
3383,376378581,CN116931561A,2023-05-29,2023-05-29,4145,33,2023
3384,376384086,CN116931795A,2022-04-12,2022-04-12,4146,26,2022
3385,376407299,CN219878755U,2023-01-31,2023-01-31,4148,-1,2023
3386,310397633,JP7367283B2,2019-11-18,2019-11-18,4149,29,2019
3387,228315611,CN107757744B,2017-11-28,2017-11-28,4150,0,2017
3388,376225624,CN116901056A,2023-05-31,2023-05-31,4152,52,2023
3389,376244583,CN116902109A,2023-08-28,2023-08-28,4153,37,2023
3390,376195648,CN219854570U,2023-04-03,2023-04-03,4155,0,2023
3391,352824482,CN114750162B,2022-05-17,2022-05-17,4156,1,2022
3392,375921869,CN116893686A,2023-08-18,2023-08-18,4157,45,2023
3393,375895600,CN116894869A,2023-07-27,2023-07-27,4158,15,2023
3394,375795788,CN219815259U,2022-09-27,2022-09-27,4160,11,2022
3395,375780465,CN219819774U,2023-05-24,2023-05-24,4161,9,2023
3396,375692787,DE102022118439B3,2022-07-22,2022-07-22,4162,1,2022
3397,331398014,CN113031579B,2019-12-25,2019-12-25,4165,-1,2019
3398,372415323,CN116442212B,2023-03-07,2023-03-07,4166,38,2023
3399,375627737,CN116849885A,2023-06-09,2023-06-09,4167,19,2023
3400,375651676,CN116858273A,2023-08-03,2023-08-03,4169,-1,2023
3401,375605287,CN116859969A,2023-07-20,2023-07-20,4171,3,2023
3402,375605623,CN116859975A,2023-08-03,2023-08-03,4172,6,2023
3403,375546977,IN202311060121A,2023-09-07,2023-09-07,4174,29,2023
3404,375547181,IN202341055064A,2023-08-17,2023-08-17,4175,21,2023
3405,345681359,CN114102643B,2021-12-06,2021-12-06,4176,4,2021
3406,375365179,CN116834058A,2023-07-20,2023-07-20,4178,-1,2023
3407,375424173,CN116840937A,2023-06-15,2023-06-15,4179,30,2023
3408,375433661,CN219790352U,2023-03-09,2023-03-09,4181,-1,2023
3409,375558066,TWI817727B,2022-09-28,2022-09-28,4182,-1,2022
3410,375555905,TWM646612U,2023-03-27,2023-03-27,4183,31,2023
3411,373440136,CN116610129B,2023-07-17,2023-07-17,4184,-1,2023
3412,375290742,CN116811852A,2023-05-26,2023-05-26,4185,-1,2023
3413,375322892,CN116824511A,2023-08-03,2023-08-03,4187,41,2023
3414,HK42022059802.320220908,HK40071432B,2022-09-08,2022-09-08,4188,74,2022
3415,375188489,IN202321047533A,2023-07-14,2023-07-14,4189,-1,2023
3416,295345908,CN109908565B,2019-02-26,2019-02-26,4191,14,2019
3417,357588951,CN115242958B,2021-04-22,2021-04-22,4192,-1,2021
3418,360940910,US11766602B2,2021-05-24,2021-05-24,4193,11,2021
3419,339145341,CN113633303B,2021-09-07,2021-09-07,4194,-1,2021
3420,355678959,CN115046423B,2022-06-30,2022-06-30,4195,-1,2022
3421,374913721,CN116787406A,2023-07-12,2023-07-12,4196,19,2023
3422,374914551,CN116787457A,2023-05-15,2023-05-15,4198,30,2023
3423,374962942,CN116795123A,2022-03-12,2022-03-12,4201,6,2022
3424,374907380,CN116796788A,2023-06-09,2023-06-09,4202,8,2023
3425,288532449,CN109204601B,2018-10-11,2018-10-11,4205,0,2018
3426,337328823,CN113504778B,2021-07-26,2021-07-26,4206,-1,2021
3427,374787754,CN116767373A,2022-03-07,2022-03-07,4207,37,2022
3428,374719604,CN116778672A,2022-03-09,2022-03-09,4210,53,2022
3429,374710708,CN219708879U,2023-05-11,2023-05-11,4211,43,2023
3430,284214420,CN108657307B,2018-06-19,2018-06-19,4212,0,2018
3431,343091124,CN113917917B,2021-09-24,2021-09-24,4213,27,2021
3432,354146579,CN114888832B,2022-05-05,2022-05-05,4214,4,2022
3433,374660633,CN116749236A,2023-05-29,2023-05-29,4217,10,2023
3434,374588186,CN116750101A,2023-06-18,2023-06-18,4218,0,2023
3435,374588325,CN116750105A,2023-06-07,2023-06-07,4219,0,2023
3436,374611181,CN219687481U,2023-02-24,2023-02-24,4221,9,2023
3437,374611281,CN219687483U,2023-05-24,2023-05-24,4222,13,2023
3438,374247229,JP2023128220A,2022-03-03,2022-03-03,4224,-1,2022
3439,330558008,US20230286602A1,2021-10-28,2021-10-28,4225,0,2021
3440,351372483,CN114625129B,2022-02-22,2022-02-22,4227,3,2022
3441,374426550,CN116740606A,2023-06-08,2023-06-08,4228,6,2023
3442,339878792,US11756461B2,2021-05-24,2021-05-24,4229,-1,2021
3443,345854671,CN114131590B,2021-11-18,2021-11-18,4233,30,2021
3444,353551391,CN114802520B,2022-04-19,2022-04-19,4234,0,2022
3445,374358792,CN116713976A,2023-07-11,2023-07-11,4235,-1,2023
3446,367250444,CN116717575A,2023-07-05,2023-07-05,4237,12,2023
3447,374524947,CN116719335A,2023-06-07,2023-06-07,4238,3,2023
3448,374099155,CN116690596A,2023-05-15,2023-05-15,4241,0,2023
3449,374110551,CN116691869A,2023-05-22,2023-05-22,4242,0,2023
3450,374153991,CN116704390A,2022-02-25,2022-02-25,4243,26,2022
3451,344951257,CN114044066B,2021-11-22,2021-11-22,4244,37,2021
3452,363626456,CN115609629B,2022-12-16,2022-12-16,4245,0,2022
3453,365947085,CN115793649B,2022-11-29,2022-11-29,4246,30,2022
3454,374050821,CN116679688A,2022-02-22,2022-02-22,4248,45,2022
3455,374003267,CN116682040A,2023-05-27,2023-05-27,4249,53,2023
3456,373957882,IN202341049596A,2023-07-19,2023-07-19,4250,-1,2023
3457,348392136,CN114371613B,2021-12-27,2021-12-27,4253,5,2021
3458,369477462,CN116147642B,2023-04-12,2023-04-12,4254,15,2023
3459,373825760,CN116652945A,2023-05-26,2023-05-26,4255,10,2023
3460,373844384,CN116654146A,2023-06-07,2023-06-07,4256,0,2023
3461,373799593,CN116668611A,2023-07-27,2023-07-27,4257,2,2023
3462,373867897,CN219599541U,2023-03-10,2023-03-10,4258,28,2023
3463,373698018,CN116636855A,2023-03-13,2023-03-13,4259,7,2023
3464,373724215,CN116638497A,2023-07-20,2023-07-20,4260,19,2023
3465,373669309,CN116643569A,2023-06-07,2023-06-07,4261,27,2023
3466,348268806,CN114348299B,2022-01-24,2022-01-24,4264,0,2022
3467,373582991,CN116627023A,2023-04-07,2023-04-07,4266,-1,2023
3468,202653670,CN106956247B,2017-05-05,2017-05-05,4268,19,2017
3469,313445504,CN111508042B,2020-01-20,2020-01-20,4269,-1,2020
3470,346996002,CN114253260B,2021-12-08,2021-12-08,4270,1,2021
3471,368179081,CN116030411B,2022-12-28,2022-12-28,4271,-1,2022
3472,373391154,CN116602678A,2023-05-19,2023-05-19,4272,8,2023
3473,373380002,CN116612215A,2023-05-11,2023-05-11,4277,68,2023
3474,373346120,IN202341034578A,2023-05-17,2023-05-17,4278,8,2023
3475,373472763,KR102567371B1,2022-11-18,2022-11-18,4281,42,2022
3476,235475139,CN108151257B,2017-11-08,2017-11-08,4282,20,2017
3477,373190043,CN116588221A,2023-05-24,2023-05-24,4283,40,2023
3478,373282802,CN116595734A,2023-05-06,2023-05-06,4284,3,2023
3479,373194700,CN116597519A,2023-05-26,2023-05-26,4285,-1,2023
3480,320650238,US11727784B2,2020-12-31,2020-12-31,4286,26,2020
3481,316911301,CN111766885B,2020-07-08,2020-07-08,4287,3,2020
3482,370019941,CN116214527B,2023-05-09,2023-05-09,4288,21,2023
3483,373105890,CN116573077A,2023-05-22,2023-05-22,4289,-1,2023
3484,373061826,CN116578079A,2023-03-23,2023-03-23,4290,3,2023
3485,373122093,CN219504775U,2022-12-23,2022-12-23,4292,-1,2022
3486,335678022,CN113378762B,2021-06-25,2021-06-25,4296,53,2021
3487,372884164,CN116551719A,2023-06-26,2023-06-26,4300,-1,2023
3488,372881332,CN116562026A,2023-05-12,2023-05-12,4301,7,2023
3489,372937681,CN116566032A,2022-06-21,2022-06-21,4302,38,2022
3490,372925538,CN219485715U,2023-04-20,2023-04-20,4303,0,2023
3491,372954156,CN219487391U,2022-11-02,2022-11-02,4304,-1,2022
3492,313535564,US11717958B2,2021-06-11,2021-06-11,4305,0,2021
3493,294652459,CN109858472B,2019-04-09,2019-04-09,4306,41,2019
3494,373031999,CN116540206A,2023-05-17,2023-05-17,4309,15,2023
3495,375163500,CL2021003554A1,2021-12-29,2021-12-29,4310,-1,2021
3496,372735197,AU2022200355A1,2022-01-19,2022-01-19,4311,-1,2022
3497,372620463,CN116513506A,2023-04-14,2023-04-14,4312,0,2023
3498,372641646,CN116520869A,2023-05-08,2023-05-08,4314,1,2023
3499,351720074,CN116529060A,2021-12-10,2021-12-10,4315,25,2021
3500,372601122,CN219445107U,2023-02-27,2023-02-27,4316,-1,2023
3501,372599902,CN219445108U,2023-02-27,2023-02-27,4317,-1,2023
3502,324155896,JP7319001B2,2020-08-21,2020-08-21,4318,-1,2020
3503,326032236,US11716444B2,2020-10-13,2020-10-13,4319,17,2020
3504,372502518,CN219426799U,2023-01-05,2023-01-05,4320,29,2023
3505,372438283,IN202241004447A,2022-01-27,2022-01-27,4321,-1,2022
3506,199853738,CN106863302B,2017-02-28,2017-02-28,4323,64,2017
3507,325253155,CN112550513B,2020-12-09,2020-12-09,4324,0,2020
3508,372265656,CN116472869A,2023-04-27,2023-04-27,4325,39,2023
3509,325252615,CN112550510B,2020-12-09,2020-12-09,4328,0,2020
3510,325252970,CN112550512B,2020-12-09,2020-12-09,4329,0,2020
3511,347916618,CN114313050B,2021-12-21,2021-12-21,4330,0,2021
3512,372183839,CN219388283U,2023-02-14,2023-02-14,4331,0,2023
3513,316152412,JP7312582B2,2019-03-19,2019-03-19,4332,55,2019
3514,372078515,US20230225609A1,2021-01-29,2021-01-29,4333,8,2021
3515,285487080,CN108814778B,2018-07-19,2018-07-19,4334,4,2018
3516,349241201,CN114489092B,2020-10-26,2020-10-26,4335,74,2020
3517,372015330,CN116443683A,2022-12-06,2022-12-06,4337,-1,2022
3518,372038239,CN116449822A,2023-03-21,2023-03-21,4339,7,2023
3519,372068379,CN116453181A,2023-03-22,2023-03-22,4340,26,2023
3520,348940169,CN114412185B,2022-02-11,2022-02-11,4342,0,2022
3521,371880910,CN116424366A,2023-03-22,2023-03-22,4343,23,2023
3522,371881045,CN116424454A,2023-05-04,2023-05-04,4345,0,2023
3523,371877938,CN219339424U,2022-12-29,2022-12-29,4348,31,2022
3524,357455341,CN115214818B,2022-07-29,2022-07-29,4351,-1,2022
3525,340980341,JP2023529648A,2021-06-04,2021-06-04,4352,23,2021
3526,341668066,CN113821045B,2021-08-12,2021-08-12,4353,6,2021
3527,324254944,IN436853A1,2019-09-03,2019-09-03,4356,8,2019
3528,371437131,CN116386182A,2023-04-06,2023-04-06,4359,-1,2023
3529,371338566,CN116386812A,2023-04-16,2023-04-16,4360,1,2023
3530,371442303,CN219293964U,2022-12-09,2022-12-09,4361,-1,2022
3531,347088244,JP7302680B2,2022-01-12,2022-01-12,4362,-1,2022
3532,371330549,US11695975B1,2021-03-05,2021-03-05,4363,53,2021
3533,340437904,PL243135B1,2020-05-12,2020-05-12,4365,-1,2020
3534,331597097,CN113055743B,2021-03-10,2021-03-10,4366,-1,2021
3535,371209215,CN116366921A,2023-04-18,2023-04-18,4367,46,2023
3536,371190313,CN219272118U,2022-05-12,2022-05-12,4368,14,2022
3537,371176408,WO2023122278A1,2022-12-22,2022-12-22,4371,22,2022
3538,292527354,CN109623878B,2019-01-22,2019-01-22,4372,4,2019
3539,371117764,CN116339319A,2023-02-23,2023-02-23,4373,33,2023
3540,230779330,CN107932536B,2017-12-21,2017-12-21,4375,4,2017
3541,335816376,CN113386169B,2021-06-18,2021-06-18,4376,0,2021
3542,370821812,CN116279892A,2023-04-06,2023-04-06,4377,30,2023
3543,370822576,CN116279902A,2023-02-28,2023-02-28,4379,0,2023
3544,370822639,CN116279903A,2023-03-23,2023-03-23,4380,0,2023
3545,370797035,CN116308975A,2023-05-17,2023-05-17,4383,43,2023
3546,370727367,DE102021214584A1,2021-12-17,2021-12-17,4384,21,2021
3547,224855785,CN107564389B,2017-10-23,2017-10-23,4388,24,2017
3548,330476509,CN112936259B,2021-01-26,2021-01-26,4389,2,2021
3549,349779302,CN114474054B,2022-01-14,2022-01-14,4390,27,2022
3550,353109973,CN114771780B,2022-04-29,2022-04-29,4391,-1,2022
3551,209117157,CN107081777B,2017-05-10,2017-05-10,4392,4,2017
3552,357461262,CN115215177B,2022-08-26,2022-08-26,4393,23,2022
3553,387458963,IN202331039330A,2023-06-08,2023-06-08,4394,61,2023
3554,370353593,CN116252302A,2023-04-03,2023-04-03,4396,-1,2023
3555,370379935,CN116257072A,2023-01-03,2023-01-03,4399,3,2023
3556,370345773,CN116258986A,2021-12-09,2021-12-09,4400,50,2021
3557,370370547,CN219170928U,2023-02-02,2023-02-02,4401,-1,2023
3558,338536255,JP2023524697A,2021-04-22,2021-04-22,4402,11,2021
3559,342324226,CN113858207B,2021-10-27,2021-10-27,4403,1,2021
3560,345657409,CN114104141B,2021-11-29,2021-11-29,4404,37,2021
3561,370252713,CN219152874U,2022-10-24,2022-10-24,4405,-1,2022
3562,345515078,CN114084246B,2021-12-14,2021-12-14,4408,-1,2021
3563,370110312,CN116211558A,2023-03-16,2023-03-16,4410,20,2023
3564,370023144,CN116214572A,2023-03-13,2023-03-13,4412,-1,2023
3565,361672713,CN115447691B,2022-09-01,2022-09-01,4415,0,2022
3566,367573678,CN115958575B,2023-03-16,2023-03-16,4416,71,2023
3567,369952010,CN116197902A,2023-02-17,2023-02-17,4417,4,2023
3568,369959357,CN116198625A,2023-03-02,2023-03-02,4418,-1,2023
3569,369881765,CN116203945A,2022-12-26,2022-12-26,4419,6,2022
3570,369855037,DE102021131028A1,2021-11-26,2021-11-26,4420,22,2021
3571,316688131,JP7285108B2,2019-03-28,2019-03-28,4421,-1,2019
3572,322080754,CN112258571B,2020-09-25,2020-09-25,4423,-1,2020
3573,351468861,CN114631892B,2022-03-15,2022-03-15,4424,24,2022
3574,369740269,CN116176726A,2023-03-23,2023-03-23,4425,0,2023
3575,369740550,CN116176727A,2022-12-31,2022-12-31,4426,3,2022
3576,369765254,CN116189238A,2023-04-19,2023-04-19,4427,53,2023
3577,369767460,CN116189290A,2022-12-30,2022-12-30,4428,26,2022
3578,369700123,JP2023074136A,2021-11-17,2021-11-17,4429,29,2021
3579,345992318,CN114147760B,2021-12-16,2021-12-16,4430,4,2021
3580,369607294,CN116160441A,2022-12-21,2022-12-21,4431,38,2022
3581,370175136,CN116164748A,2023-01-09,2023-01-09,4432,7,2023
3582,340413946,EP3916507B1,2021-02-02,2021-02-02,4434,2,2021
3583,292740366,CN109645960B,2019-01-15,2019-01-15,4435,48,2019
3584,296722813,CN110053029B,2019-05-15,2019-05-15,4436,5,2019
3585,309729616,CN111209781B,2018-11-22,2018-11-22,4437,51,2018
3586,369453769,CN116141300A,2023-02-27,2023-02-27,4438,-1,2023
3587,369470552,CN116142194A,2023-03-15,2023-03-15,4439,-1,2023
3588,369475349,CN116142349A,2023-02-22,2023-02-22,4441,0,2023
3589,369475433,CN116142350A,2023-04-23,2023-04-23,4442,3,2023
3590,369450932,CN116152604A,2023-02-28,2023-02-28,4443,35,2023
3591,369455452,CN116152675A,2022-09-16,2022-09-16,4444,54,2022
3592,330420889,US11654984B2,2021-01-26,2021-01-26,4445,-1,2021
3593,369378470,CN116136693A,2021-11-17,2021-11-17,4447,-1,2021
3594,368858765,WO2023082860A1,2022-09-22,2022-09-22,4448,21,2022
3595,369354275,DE102022110645B3,2022-05-02,2022-05-02,4449,22,2022
3596,352032443,CN114670837B,2022-04-24,2022-04-24,4450,7,2022
3597,369030023,CN116126001A,2021-11-12,2021-11-12,4451,-1,2021
3598,369030032,CN116126002A,2022-11-16,2022-11-16,4452,3,2022
3599,368969153,CN116129055A,2023-02-06,2023-02-06,4453,-1,2023
3600,368979194,CN116129497A,2022-12-29,2022-12-29,4454,8,2022
3601,369042929,CN219023190U,2022-04-20,2022-04-20,4455,14,2022
3602,369028323,CN219027515U,2022-11-29,2022-11-29,4456,-1,2022
3603,310795706,CN111300408B,2020-02-06,2020-02-06,4457,1,2020
3604,332145747,CN113099170B,2020-01-09,2020-01-09,4458,23,2020
3605,340091488,CN113703467B,2021-08-04,2021-08-04,4459,0,2021
3606,362462090,CN115503013B,2022-10-18,2022-10-18,4460,4,2022
3607,368858284,CN116100560A,2023-04-03,2023-04-03,4461,-1,2023
3608,368824703,CN116110011A,2023-02-28,2023-02-28,4463,7,2023
3609,368823720,CN116110073A,2022-11-04,2022-11-04,4464,-1,2022
3610,368876092,CN219006062U,2022-11-29,2022-11-29,4465,-1,2022
3611,368770405,US20230143315A1,2023-01-03,2023-01-03,4466,-1,2023
3612,368635476,CN116079719A,2022-12-22,2022-12-22,4468,-1,2022
3613,368637745,CN116079761A,2022-09-30,2022-09-30,4470,25,2022
3614,368629530,CN218992915U,2022-12-30,2022-12-30,4471,-1,2022
3615,318140649,US11642786B2,2020-12-31,2020-12-31,4472,1,2020
3616,368614877,US11644891B1,2022-05-24,2022-05-24,4473,21,2022
3617,366495992,CN115840453B,2023-02-10,2023-02-10,4474,3,2023
3618,368475524,IN202341028068A,2023-04-17,2023-04-17,4476,5,2023
3619,342887587,WO2023071150A1,2022-05-17,2022-05-17,4479,-1,2022
3620,286863503,CN108974172B,2018-06-07,2018-06-07,4480,0,2018
3621,341758204,CN113799130B,2021-09-22,2021-09-22,4481,28,2021
3622,344056716,CN113977586B,2021-11-25,2021-11-25,4482,1,2021
3623,368298078,CN116035874A,2023-01-10,2023-01-10,4483,6,2023
3624,368371798,CN116052270A,2022-12-30,2022-12-30,4484,-1,2022
3625,368312869,CN116054020A,2023-02-01,2023-02-01,4486,0,2023
3626,348300363,CN114342904B,2022-01-26,2022-01-26,4488,39,2022
3627,368093700,IN202121048303A,2021-10-22,2021-10-22,4491,56,2021
3628,320649981,US11636712B2,2021-08-31,2021-08-31,4494,-1,2021
3629,284144273,CN108639181B,2018-06-07,2018-06-07,4495,0,2018
3630,366391471,CN115797884B,2023-02-09,2023-02-09,4496,7,2023
3631,IT10202100000907120210412,IT102021000009071B1,2021-04-12,2021-04-12,4497,61,2021
3632,210086911,CN107127894B,2017-07-11,2017-07-11,4499,18,2017
3633,296144861,CN112004737B,2019-01-07,2019-01-07,4500,45,2019
3634,353863951,CN114852209B,2022-04-18,2022-04-18,4501,-1,2022
3635,367761464,CN115983125A,2022-12-30,2022-12-30,4502,6,2022
3636,325710604,JP2023516219A,2022-01-15,2022-01-15,4503,8,2022
3637,306282569,US11631192B2,2020-11-30,2020-11-30,4504,-1,2020
3638,367870213,BRMU2120016U2,2021-10-05,2021-10-05,4505,68,2021
3639,289388547,CN109299665B,2018-08-29,2018-08-29,4506,-1,2018
3640,308624402,CN111113412B,2019-12-11,2019-12-11,4507,73,2019
3641,367583023,CN115965993A,2022-12-15,2022-12-15,4509,53,2022
3642,367562246,IN202331025057A,2023-04-01,2023-04-01,4510,8,2023
3643,367562218,IN202341024693A,2023-03-31,2023-03-31,4511,8,2023
3644,367684762,CA3134287A1,2021-10-14,2021-10-14,4513,62,2021
3645,344536447,CN114012748B,2021-11-02,2021-11-02,4514,-1,2021
3646,367451601,CN218848345U,2022-11-16,2022-11-16,4515,24,2022
3647,301312095,CN110497400B,2019-04-10,2019-04-10,4516,-1,2019
3648,310209583,CN111259566B,2020-02-12,2020-02-12,4517,3,2020
3649,310225719,CN111260057B,2020-01-21,2020-01-21,4518,15,2020
3650,311584622,CN111360834B,2020-03-25,2020-03-25,4519,5,2020
3651,333399366,CN113184040B,2021-06-03,2021-06-03,4520,7,2021
3652,335057839,CN113319869B,2021-06-25,2021-06-25,4521,2,2021
3653,367157759,CN115922692A,2022-10-27,2022-10-27,4522,-1,2022
3654,367144537,US20230104775A1,2021-10-04,2021-10-04,4523,-1,2021
3655,367006356,CN115889079A,2022-11-21,2022-11-21,4524,36,2022
3656,367055450,CN115903797A,2022-11-09,2022-11-09,4527,30,2022
3657,367076272,CN115909396A,2022-11-05,2022-11-05,4528,-1,2022
3658,367058073,CN115915720A,2022-11-17,2022-11-17,4529,64,2022
3659,297273016,CN110101935B,2019-01-31,2019-01-31,4530,-1,2019
3660,344182890,CN113977593B,2021-09-26,2021-09-26,4531,0,2021
3661,354483355,CN114919675B,2022-06-09,2022-06-09,4532,-1,2022
3662,362482611,CN115503850B,2022-11-17,2022-11-17,4533,-1,2022
3663,366954860,CN115870394A,2022-12-29,2022-12-29,4534,4,2022
3664,366957241,CN115876187A,2021-09-26,2021-09-26,4536,-1,2021
3665,366930863,CN218776603U,2022-11-30,2022-11-30,4539,61,2022
3666,366860719,US20230101090A1,2021-09-27,2021-09-27,4542,0,2021
3667,326547528,GB2611217A,2021-10-25,2021-10-25,4547,-1,2021
3668,339041002,CN113635989B,2021-06-18,2021-06-18,4548,0,2021
3669,342542749,CN113858227B,2021-09-28,2021-09-28,4549,0,2021
3670,366755975,CN218762206U,2022-06-23,2022-06-23,4550,2,2022
3671,292516620,CN109635498B,2018-12-29,2018-12-29,4551,3,2018
3672,330078029,CN112906533B,2021-02-07,2021-02-07,4552,-1,2021
3673,330529469,CN112954451B,2021-02-05,2021-02-05,4553,26,2021
3674,361153628,CN115410232B,2022-11-01,2022-11-01,4554,26,2022
3675,366577343,CN218698868U,2022-10-27,2022-10-27,4557,16,2022
3676,353102669,CN114770601B,2022-05-11,2022-05-11,4561,16,2022
3677,366175812,TWI796786B,2021-09-10,2021-09-10,4563,53,2021
3678,308942403,US11607817B2,2018-06-04,2018-06-04,4564,-1,2018
3679,366143908,CN115810172A,2022-11-18,2022-11-18,4565,-1,2022
3680,366093280,IN202341012867A,2023-02-25,2023-02-25,4567,8,2023
3681,366057454,JP2023037659A,2021-09-04,2021-09-04,4569,42,2021
3682,308624391,CN111113378B,2019-12-13,2019-12-13,4572,73,2019
3683,342965137,CN113894841B,2021-11-26,2021-11-26,4573,19,2021
3684,365882158,CN115783081A,2022-11-10,2022-11-10,4574,45,2022
3685,365934429,CN115793236A,2022-11-28,2022-11-28,4575,2,2022
3686,365945213,CN115793683A,2022-11-10,2022-11-10,4576,74,2022
3687,366391240,CN115797863A,2022-12-01,2022-12-01,4577,-1,2022
3688,365928847,CN115800193A,2022-11-17,2022-11-17,4579,46,2022
3689,365897186,CN218614144U,2022-11-07,2022-11-07,4581,13,2022
3690,365891127,CN218614153U,2022-10-09,2022-10-09,4582,-1,2022
3691,365825706,CN218592981U,2022-12-12,2022-12-12,4585,4,2022
3692,365756287,US20230076589A1,2022-11-15,2022-11-15,4587,45,2022
3693,365693388,EP4145364A1,2021-09-03,2021-09-03,4590,-1,2021
3694,338330589,CN113580136B,2021-08-10,2021-08-10,4591,3,2021
3695,365659280,CN115743355A,2022-11-30,2022-11-30,4592,0,2022
3696,317404617,US11600013B2,2020-07-06,2020-07-06,4594,2,2020
3697,306964280,CN110977965B,2019-11-26,2019-11-26,4596,6,2019
3698,329582471,CN112847371B,2021-01-11,2021-01-11,4599,1,2021
3699,335430541,CN113349762B,2021-06-04,2021-06-04,4600,-1,2021
3700,339540332,CN113676387B,2021-08-11,2021-08-11,4601,3,2021
3701,365142498,CN115713545A,2022-10-28,2022-10-28,4602,-1,2022
3702,316694999,JP7228443B2,2019-03-28,2019-03-28,4603,23,2019
3703,152154473,BR112013015879B1,2011-12-21,2011-12-21,4604,30,2011
3704,329615328,CN112859851B,2021-01-08,2021-01-08,4605,33,2021
3705,365202079,KR1020230024457A,2021-08-11,2021-08-11,4606,-1,2021
3706,MYPI202400449220230221,MYPI2024004492A,2023-02-21,2023-02-21,4607,-1,2023
3707,365005303,JP3241001U,2022-12-23,2022-12-23,4608,-1,2022
3708,365005312,JP3241004U,2022-12-23,2022-12-23,4609,-1,2022
3709,344782534,CN114029984B,2021-09-28,2021-09-28,4612,0,2021
3710,335057875,CN113319876B,2021-06-28,2021-06-28,4615,4,2021
3711,364469580,CN115674196A,2022-10-21,2022-10-21,4616,10,2022
3712,364430445,CN115695936A,2022-09-27,2022-09-27,4618,26,2022
3713,364421171,CN218428381U,2022-09-06,2022-09-06,4619,0,2022
3714,364486379,CN218431480U,2022-02-15,2022-02-15,4620,9,2022
3715,364375821,IN202321003900A,2023-01-20,2023-01-20,4621,2,2023
3716,170960119,IN419583A1,2015-03-13,2015-03-13,4622,4,2015
3717,337640306,WO2023005068A1,2021-11-18,2021-11-18,4624,-1,2021
3718,364596949,TWM637176U,2022-09-21,2022-09-21,4627,23,2022
3719,304679793,CN110780786B,2019-10-24,2019-10-24,4628,2,2019
3720,364307808,CN115649316A,2022-09-09,2022-09-09,4629,2,2022
3721,364237137,CN115661864A,2022-10-28,2022-10-28,4632,-1,2022
3722,364237982,CN115661882A,2021-07-08,2021-07-08,4633,50,2021
3723,364194003,CN218392206U,2022-09-29,2022-09-29,4634,11,2022
3724,330073082,CN112904884B,2021-01-28,2021-01-28,4635,-1,2021
3725,363977049,CN218368051U,2022-10-20,2022-10-20,4637,0,2022
3726,353445565,CN218381637U,2022-08-30,2022-08-30,4638,16,2022
3727,313514564,CN111496830B,2020-06-02,2020-06-02,4639,4,2020
3728,363874399,CN218342151U,2022-08-19,2022-08-19,4640,0,2022
3729,363845855,CN218343630U,2022-10-19,2022-10-19,4641,72,2022
3730,324303700,CN112462190B,2020-10-22,2020-10-22,4646,30,2020
3731,339910412,CN113696994B,2021-09-16,2021-09-16,4647,0,2021
3732,363637061,CN115610550A,2021-07-13,2021-07-13,4650,0,2021
3733,363623624,CN115615890A,2020-09-28,2020-09-28,4651,59,2020
3734,363915582,KR1020230008549A,2021-07-07,2021-07-07,4652,0,2021
3735,363478949,CN115601241A,2022-11-15,2022-11-15,4654,-1,2022
3736,363545187,CN115604570A,2021-07-07,2021-07-07,4655,26,2021
3737,335685458,EP4114622A1,2021-03-05,2021-03-05,4656,15,2021
3738,335685450,EP4115340A1,2021-03-05,2021-03-05,4657,-1,2021
3739,302670359,CN110597267B,2019-09-27,2019-09-27,4660,-1,2019
3740,363265362,CN115586787A,2022-10-31,2022-10-31,4661,-1,2022
3741,363278908,CN115588214A,2022-10-08,2022-10-08,4662,41,2022
3742,363212068,CN218229219U,2022-09-21,2022-09-21,4665,-1,2022
3743,363108561,IN202241077483A,2022-12-31,2022-12-31,4666,61,2022
3744,363108898,IN202341000033A,2023-01-01,2023-01-01,4667,31,2023
3745,315755822,JP7199259B2,2019-03-12,2019-03-12,4668,-1,2019
3746,320128001,US11544906B2,2020-06-04,2020-06-04,4672,-1,2020
3747,341283516,CN113788085B,2021-10-12,2021-10-12,4673,3,2021
3748,362791870,CN115533939A,2022-10-18,2022-10-18,4674,10,2022
3749,349284710,CN114435507B,2022-03-11,2022-03-11,4678,0,2022
3750,362563659,CN115526358A,2022-10-21,2022-10-21,4679,30,2022
3751,294084168,US11537131B2,2018-11-06,2018-11-06,4680,55,2018
3752,362460914,CN115502967A,2022-01-25,2022-01-25,4681,10,2022
3753,362482404,CN115503847A,2021-06-22,2021-06-22,4683,0,2021
3754,362390398,CN218110830U,2022-01-30,2022-01-30,4685,-1,2022
3755,332364616,WO2022262757A1,2022-06-15,2022-06-15,4686,-1,2022
3756,362518803,TWM635845U,2022-09-21,2022-09-21,4688,23,2022
3757,362518881,TWM635852U,2022-09-23,2022-09-23,4689,-1,2022
3758,307751901,JP7192872B2,2018-10-16,2018-10-16,4692,-1,2018
3759,325208005,US11531892B2,2020-03-31,2020-03-31,4693,-1,2020
3760,362041042,CN218052624U,2022-05-20,2022-05-20,4697,4,2022
3761,315143238,CN111625002B,2020-06-03,2020-06-03,4698,1,2020
3762,361973440,CN218036009U,2022-05-10,2022-05-10,4699,11,2022
3763,361669529,CN115446820A,2022-10-28,2022-10-28,4700,-1,2022
3764,361669704,CN115446835A,2022-09-05,2022-09-05,4701,10,2022
3765,361763203,CN115457075A,2022-07-31,2022-07-31,4703,15,2022
3766,345811012,CN114137998B,2021-12-02,2021-12-02,4707,-1,2021
3767,361573701,CN217967105U,2022-09-06,2022-09-06,4709,0,2022
3768,322360392,CN112288792B,2020-09-28,2020-09-28,4711,50,2020
3769,333793825,CN113212589B,2021-06-09,2021-06-09,4712,0,2021
3770,349782817,CN114492187B,2022-01-25,2022-01-25,4713,-1,2022
3771,361344982,CN115416687A,2022-08-29,2022-08-29,4714,7,2022
3772,361447075,CN217947575U,2022-05-26,2022-05-26,4715,18,2022
3773,343221027,CN113910236B,2021-10-29,2021-10-29,4719,10,2021
3774,361218744,CN115401698A,2022-10-17,2022-10-17,4720,10,2022
3775,361130667,CN115408805A,2021-05-28,2021-05-28,4721,1,2021
3776,361143711,CN115409794A,2022-08-19,2022-08-19,4722,-1,2022
3777,315755270,JP7178931B2,2019-03-11,2019-03-11,4725,-1,2019
3778,307781210,CN111055285B,2020-01-08,2020-01-08,4726,1,2020
3779,320996760,CN112147889B,2020-08-31,2020-08-31,4727,3,2020
3780,325268295,CN112559039B,2020-12-03,2020-12-03,4728,21,2020
3781,325270342,CN112559052B,2020-12-15,2020-12-15,4729,21,2020
3782,360976804,CN115383790A,2022-10-27,2022-10-27,4730,16,2022
3783,361030916,CN115397078A,2022-09-19,2022-09-19,4731,46,2022
3784,286643870,CN110662635B,2018-05-29,2018-05-29,4735,-1,2018
3785,344081542,CN113978568B,2021-09-28,2021-09-28,4736,-1,2021
3786,357254477,CN115202372B,2022-09-19,2022-09-19,4737,3,2022
3787,360806451,CN115365880A,2022-09-19,2022-09-19,4738,18,2022
3788,360765847,CN115376306A,2022-08-22,2022-08-22,4741,23,2022
3789,329807535,CN112882467B,2021-01-12,2021-01-12,4742,1,2021
3790,360620532,CN115352449A,2022-08-12,2022-08-12,4743,-1,2022
3791,360599151,IN202241064218A,2022-11-10,2022-11-10,4744,8,2022
3792,334675487,CN113290559B,2021-05-26,2021-05-26,4747,1,2021
3793,360249654,CN115319798A,2022-07-25,2022-07-25,4749,-1,2022
3794,360365847,IN202221061767A,2022-10-30,2022-10-30,4751,8,2022
3795,170788471,DE102013110901B4,2013-10-01,2013-10-01,4752,25,2013
3796,360188397,CN217764683U,2022-07-18,2022-07-18,4755,-1,2022
3797,339394765,US11491657B2,2020-05-15,2020-05-15,4756,4,2020
3798,295846903,US11494641B2,2017-12-27,2017-12-27,4757,57,2017
3799,359918885,CN115280970A,2022-01-24,2022-01-24,4758,39,2022
3800,359897943,CN115284291A,2022-08-17,2022-08-17,4759,1,2022
3801,360013224,CN217741772U,2022-06-08,2022-06-08,4763,2,2022
3802,295968235,CN109976333B,2019-02-21,2019-02-21,4765,-1,2019
3803,358935388,CN115252881A,2022-07-12,2022-07-12,4766,20,2022
3804,358938074,CN115253243A,2022-08-10,2022-08-10,4767,14,2022
3805,358970089,CN115257820A,2022-09-02,2022-09-02,4770,7,2022
3806,358925162,CN115272541A,2022-09-26,2022-09-26,4771,5,2022
3807,323179652,CN112365580B,2020-11-16,2020-11-16,4772,5,2020
3808,310804014,CN111300459B,2020-03-13,2020-03-13,4775,4,2020
3809,331831125,CN113071577B,2021-04-30,2021-04-30,4776,40,2021
3810,357652522,CN115240531A,2022-08-03,2022-08-03,4777,16,2022
3811,332050050,US11482311B2,2021-03-23,2021-03-23,4779,8,2021
3812,355224755,CN114995657B,2022-07-18,2022-07-18,4780,2,2022
3813,356804371,CN115214632A,2021-03-31,2021-03-31,4781,23,2021
3814,357454021,CN115214672A,2022-08-16,2022-08-16,4782,-1,2022
3815,357419315,CN217620616U,2022-05-28,2022-05-28,4786,-1,2022
3816,357517556,CN217630735U,2022-05-18,2022-05-18,4787,18,2022
3817,357189010,CN115194742A,2022-07-07,2022-07-07,4790,39,2022
3818,357191270,CN115195748A,2022-08-15,2022-08-15,4792,7,2022
3819,357259403,CN115202358A,2022-07-27,2022-07-27,4793,29,2022
3820,357236030,CN115206058A,2022-08-19,2022-08-19,4796,43,2022
3821,330419600,US11472028B2,2019-12-06,2019-12-06,4797,-1,2019
3822,357177878,JP2022159539A,2022-08-22,2022-08-22,4798,11,2022
3823,325262248,CN112557148B,2020-10-21,2020-10-21,4800,24,2020
3824,357123998,CN217579666U,2022-05-18,2022-05-18,4801,18,2022
3825,339893626,FR3109990B1,2020-05-05,2020-05-05,4802,14,2020
3826,357013891,IN202241054447A,2022-09-22,2022-09-22,4803,21,2022
3827,323401959,JP2022543776A,2020-08-10,2020-08-10,4804,23,2020
3828,357338036,IT202100009071A1,2021-04-12,2021-04-12,4806,61,2021
3829,318362091,CN111897332B,2020-07-30,2020-07-30,4807,-1,2020
3830,356826042,CN115158346A,2022-01-19,2022-01-19,4808,-1,2022
3831,356905085,CN115167400A,2022-06-24,2022-06-24,4809,3,2022
3832,356908018,CN115167666A,2022-06-24,2022-06-24,4810,-1,2022
3833,326422892,US11465281B2,2019-10-14,2019-10-14,4811,-1,2019
3834,356774297,WO2022213104A1,2022-03-31,2022-03-31,4815,-1,2022
3835,334920645,CN113312953B,2021-01-05,2021-01-05,4817,-1,2021
3836,356666021,CN115143964A,2022-07-05,2022-07-05,4818,33,2022
3837,356726890,CN115145387A,2022-03-09,2022-03-09,4819,2,2022
3838,356627250,CN217536697U,2022-05-30,2022-05-30,4820,18,2022
3839,313842498,US11460076B2,2020-04-27,2020-04-27,4821,-1,2020
3840,307510624,CN111037573B,2020-01-08,2020-01-08,4822,1,2020
3841,327818736,CN112784771B,2021-01-27,2021-01-27,4823,41,2021
3842,332369949,CN113111733B,2021-03-24,2021-03-24,4824,-1,2021
3843,337236366,CN113492404B,2021-04-21,2021-04-21,4825,32,2021
3844,356542208,CN115132178A,2022-07-15,2022-07-15,4827,2,2022
3845,356543614,CN217517458U,2022-05-10,2022-05-10,4828,29,2022
3846,356597246,IN202241054706A,2022-09-23,2022-09-23,4830,21,2022
3847,332038269,WO2022199080A1,2021-11-19,2021-11-19,4833,-1,2021
3848,334900007,CN113305836B,2021-05-21,2021-05-21,4836,-1,2021
3849,356420338,CN115116192A,2022-07-15,2022-07-15,4839,29,2022
3850,349270439,CN114434466B,2022-03-14,2022-03-14,4844,7,2022
3851,356084441,CN115079811A,2021-03-11,2021-03-11,4846,2,2021
3852,356048634,CN217453904U,2022-06-30,2022-06-30,4849,-1,2022
3853,313097999,US11451532B2,2019-01-25,2019-01-25,4850,42,2019
3854,340438222,PL241390B1,2020-05-12,2020-05-12,4851,-1,2020
3855,340438227,PL241391B1,2020-05-12,2020-05-12,4852,-1,2020
3856,340438465,PL241392B1,2020-05-12,2020-05-12,4853,-1,2020
3857,340437582,PL241393B1,2020-05-12,2020-05-12,4854,-1,2020
3858,340435944,PL241394B1,2020-05-12,2020-05-12,4855,-1,2020
3859,340438288,PL241395B1,2020-05-12,2020-05-12,4856,-1,2020
3860,340435890,PL241398B1,2020-05-12,2020-05-12,4857,-1,2020
3861,340437666,PL241399B1,2020-05-12,2020-05-12,4858,-1,2020
3862,307938898,CN111070201B,2019-08-30,2019-08-30,4859,3,2019
3863,309145659,CN111168677B,2020-01-08,2020-01-08,4860,1,2020
3864,355865151,CN115056219A,2022-05-26,2022-05-26,4862,44,2022
3865,355865478,CN115056250A,2022-06-24,2022-06-24,4863,4,2022
3866,335595881,IN406603A1,2021-08-24,2021-08-24,4864,8,2021
3867,314789746,CN111590579B,2020-05-26,2020-05-26,4865,1,2020
3868,355682166,CN217414072U,2021-12-25,2021-12-25,4867,-1,2021
3869,330425207,US11442429B2,2019-12-06,2019-12-06,4868,-1,2019
3870,331823641,CN113070880B,2021-03-31,2021-03-31,4869,1,2021
3871,342470710,CN113846824B,2021-10-22,2021-10-22,4870,18,2021
3872,350046687,CN114506401B,2022-04-20,2022-04-20,4871,-1,2022
3873,355569013,CN115027593A,2022-06-01,2022-06-01,4872,0,2022
3874,355569031,CN115035552A,2022-08-11,2022-08-11,4873,53,2022
3875,355605081,CN217395763U,2022-01-13,2022-01-13,4875,-1,2022
3876,355576499,CN217403272U,2022-07-04,2022-07-04,4876,14,2022
3877,355547914,IN202241050532A,2022-09-05,2022-09-05,4877,29,2022
3878,350474381,CN114536380B,2022-04-26,2022-04-26,4881,4,2022
3879,355446494,CN115006786A,2022-04-25,2022-04-25,4882,8,2022
3880,355483572,CN115008447A,2022-05-26,2022-05-26,4883,19,2022
3881,355391496,CN115016475A,2022-06-07,2022-06-07,4884,-1,2022
3882,355380068,CN217367084U,2022-04-22,2022-04-22,4885,14,2022
3883,355483985,CN217377310U,2022-03-25,2022-03-25,4886,20,2022
3884,355347864,US11436869B1,2019-12-09,2019-12-09,4887,-1,2019
3885,355228259,CN115002350A,2022-05-28,2022-05-28,4890,50,2022
3886,355186101,IN202221047166A,2022-08-19,2022-08-19,4891,4,2022
3887,354811007,JP2022128093A,2021-02-22,2021-02-22,4892,-1,2021
3888,338032698,JP7129525B2,2021-07-26,2021-07-26,4893,11,2021
3889,355068067,CN114952792A,2022-05-26,2022-05-26,4896,71,2022
3890,354955732,CN114954723A,2022-04-22,2022-04-22,4897,2,2022
3891,355032889,CN114973623A,2022-05-16,2022-05-16,4898,46,2022
3892,355060608,CN217308545U,2021-06-23,2021-06-23,4899,39,2021
3893,328961874,CN112818921B,2021-02-25,2021-02-25,4900,-1,2021
3894,345682873,CN114104140B,2021-11-18,2021-11-18,4901,0,2021
3895,332124093,CN113091749B,2021-04-12,2021-04-12,4904,27,2021
3896,354684252,CN114932509A,2022-05-18,2022-05-18,4905,0,2022
3897,TR20202170720201225,TR202021707B,2020-12-25,2020-12-25,4907,-1,2020
3898,361311801,TR2021001999A1,2021-02-11,2021-02-11,4908,60,2021
3899,322715503,CN112325705B,2020-01-23,2020-01-23,4909,-1,2020
3900,354491526,CN114924645A,2022-05-18,2022-05-18,4911,-1,2022
3901,326438485,EP4040940A1,2020-10-12,2020-10-12,4912,69,2020
3902,335304973,CN113343850B,2021-06-07,2021-06-07,4913,26,2021
3903,354362057,CN114911159A,2022-04-26,2022-04-26,4914,-1,2022
3904,354307774,CN217187865U,2021-12-02,2021-12-02,4915,-1,2021
3905,291535315,US11413745B2,2018-09-24,2018-09-24,4916,-1,2018
3906,296724581,CN110053066B,2019-05-10,2019-05-10,4918,4,2019
3907,336992297,CN113478478B,2021-06-16,2021-06-16,4919,10,2021
3908,344718195,CN114030474B,2021-08-19,2021-08-19,4920,7,2021
3909,350474525,CN114536382B,2022-04-26,2022-04-26,4921,4,2022
3910,354164949,CN114900607A,2022-04-27,2022-04-27,4923,26,2022
3911,330476207,WO2022166329A1,2021-11-25,2021-11-25,4924,22,2021
3912,315850802,CN111679660B,2020-06-16,2020-06-16,4926,7,2020
3913,330072823,CN112904883B,2021-01-26,2021-01-26,4927,-1,2021
3914,330475812,CN112936264B,2021-01-28,2021-01-28,4928,-1,2021
3915,353938424,CN114859947A,2022-03-21,2022-03-21,4929,3,2022
3916,353939956,CN217119284U,2021-12-31,2021-12-31,4930,14,2021
3917,320122266,JP2022534797A,2020-06-04,2020-06-04,4931,-1,2020
3918,324622989,CN112497262B,2020-11-02,2020-11-02,4932,4,2020
3919,339174569,CN113658705B,2021-10-20,2021-10-20,4933,8,2021
3920,353685340,CN217113385U,2022-02-17,2022-02-17,4935,29,2022
3921,330900965,CN112975978B,2021-03-05,2021-03-05,4936,40,2021
3922,353551462,CN114802524A,2022-05-11,2022-05-11,4939,0,2022
3923,353558169,CN114827466A,2022-04-20,2022-04-20,4940,-1,2022
3924,353459471,CN217072911U,2022-04-01,2022-04-01,4941,-1,2022
3925,332103806,CN113084799B,2021-03-28,2021-03-28,4944,3,2021
3926,335299496,CN113341974B,2021-06-08,2021-06-08,4945,54,2021
3927,342880709,CN113894822B,2021-11-23,2021-11-23,4946,0,2021
3928,353313495,CN217048854U,2022-01-18,2022-01-18,4947,0,2022
3929,322282663,US11396096B2,2020-10-14,2020-10-14,4948,-1,2020
3930,323708953,US11396099B2,2020-08-21,2020-08-21,4949,-1,2020
3931,353102414,CN114770489A,2022-04-21,2022-04-21,4950,19,2022
3932,361311684,TR202021707A1,2020-12-25,2020-12-25,4954,-1,2020
3933,346707279,TWI771857B,2021-01-05,2021-01-05,4955,50,2021
3934,352825407,CN114750179A,2022-04-11,2022-04-11,4960,15,2022
3935,352833037,CN114750853A,2022-05-17,2022-05-17,4961,0,2022
3936,352835837,CN216967793U,2021-12-13,2021-12-13,4962,61,2021
3937,306252303,JP7101876B2,2019-09-23,2019-09-23,4963,48,2019
3938,313447691,DE102019102833B4,2019-02-05,2019-02-05,4964,22,2019
3939,324447528,EP4025394A1,2020-09-08,2020-09-08,4965,28,2020
3940,200010993,CN108778634B,2016-12-16,2016-12-16,4966,63,2016
3941,297003364,CN110076758B,2019-05-23,2019-05-23,4967,1,2019
3942,348249765,CN114347070B,2022-03-18,2022-03-18,4968,67,2022
3943,349810385,CN114475607B,2022-04-13,2022-04-13,4969,7,2022
3944,349810444,CN114475608B,2022-04-13,2022-04-13,4970,7,2022
3945,352737429,CN114732064A,2022-04-01,2022-04-01,4971,39,2022
3946,338638700,CN113610835B,2021-08-23,2021-08-23,4973,41,2021
3947,352529032,CN114723811A,2022-02-25,2022-02-25,4975,15,2022
3948,352500328,CN216913896U,2021-12-10,2021-12-10,4976,0,2021
3949,352500353,CN216913898U,2021-12-23,2021-12-23,4977,0,2021
3950,352541836,CN216916094U,2021-12-25,2021-12-25,4978,0,2021
3951,352541858,CN216916095U,2022-03-31,2022-03-31,4979,0,2022
3952,352482250,CN216925317U,2022-01-07,2022-01-07,4980,14,2022
3953,352068973,WO2022141268A1,2020-12-30,2020-12-30,4981,1,2020
3954,318654490,JP2022531491A,2020-03-31,2020-03-31,4983,2,2020
3955,351910968,CN114677347A,2022-03-21,2022-03-21,4990,41,2022
3956,351988917,CN216839110U,2021-12-24,2021-12-24,4991,29,2021
3957,322319075,CN112274357B,2020-10-28,2020-10-28,4994,8,2020
3958,348263225,CN114359314B,2022-03-18,2022-03-18,4995,67,2022
3959,316447943,DE102019107851B4,2019-03-27,2019-03-27,4996,62,2019
3960,327378479,CN112744315B,2021-01-18,2021-01-18,4997,-1,2021
3961,351627816,CN114648808A,2021-11-29,2021-11-29,4998,-1,2021
3962,285768741,CN108858208B,2018-09-05,2018-09-05,4999,1,2018
3963,351481773,CN114633282A,2022-04-08,2022-04-08,5001,19,2022
3964,351530635,CN216759943U,2021-07-30,2021-07-30,5002,13,2021
3965,351469871,CN216767235U,2021-11-03,2021-11-03,5003,18,2021
3966,351498130,CN216770355U,2022-03-14,2022-03-14,5004,14,2022
3967,351457260,IN202041054189A,2020-12-14,2020-12-14,5005,8,2020
3968,351295311,CN114617117A,2022-04-15,2022-04-15,5007,-1,2022
3969,351278093,CN216725331U,2021-01-20,2021-01-20,5010,-1,2021
3970,351345634,CN216748540U,2022-01-05,2022-01-05,5011,-1,2022
3971,351351374,CN216749226U,2022-01-18,2022-01-18,5012,31,2022
3972,351569648,KR102408011B1,2020-12-23,2020-12-23,5013,5,2020
3973,318507228,CN111914437B,2020-08-21,2020-08-21,5014,24,2020
3974,346658183,CN114200947B,2022-02-15,2022-02-15,5015,1,2022
3975,351223404,CN114604259A,2022-03-31,2022-03-31,5016,7,2022
3976,351065859,WO2022117845A1,2021-12-03,2021-12-03,5017,64,2021
3977,351066082,WO2022117847A1,2021-12-03,2021-12-03,5018,0,2021
3978,313516042,CN111496838B,2020-04-30,2020-04-30,5021,-1,2020
3979,319042770,CN111959633B,2020-08-27,2020-08-27,5022,-1,2020
3980,350948599,CN114595757A,2022-03-04,2022-03-04,5023,-1,2022
3981,350968294,CN114596766A,2022-03-12,2022-03-12,5025,24,2022
3982,350961177,CN216695291U,2022-01-24,2022-01-24,5026,-1,2022
3983,351058682,US11351680B1,2020-06-30,2020-06-30,5027,21,2020
3984,306110025,CN110900601B,2019-11-15,2019-11-15,5028,38,2019
3985,315832290,CN111673781B,2020-06-10,2020-06-10,5029,4,2020
3986,350771874,CN114580600A,2020-11-30,2020-11-30,5031,21,2020
3987,350877434,CN216673274U,2021-11-25,2021-11-25,5033,2,2021
3988,325622960,IN201921039326A,2019-09-27,2019-09-27,5034,-1,2019
3989,350903797,IN202211029364A,2022-05-22,2022-05-22,5035,8,2022
3990,350904399,IN202211030118A,2022-05-25,2022-05-25,5036,8,2022
3991,350738658,WO2022111597A1,2021-11-25,2021-11-25,5038,8,2021
3992,310797767,CN111300426B,2020-03-19,2020-03-19,5043,-1,2020
3993,350601280,CN216636661U,2021-12-28,2021-12-28,5044,0,2021
3994,350648414,CN216643726U,2021-10-20,2021-10-20,5045,43,2021
3995,299229584,US11348298B2,2019-03-22,2019-03-22,5046,11,2019
3996,351092025,RO135775A0,2021-09-15,2021-09-15,5047,33,2021
3997,284232111,CN108664853B,2017-03-30,2017-03-30,5048,26,2017
3998,326014022,CN112888535B,2019-09-30,2019-09-30,5049,12,2019
3999,330476261,CN112936267B,2021-01-29,2021-01-29,5050,28,2021
4000,350347129,CN114550273A,2022-03-14,2022-03-14,5052,53,2022
4001,350348530,CN114550499A,2022-02-14,2022-02-14,5053,7,2022
4002,350363792,CN216620826U,2021-06-02,2021-06-02,5054,-1,2021
4003,350520768,IN202041042166A,2020-09-28,2020-09-28,5055,3,2020
4004,327365110,CN112743540B,2020-12-09,2020-12-09,5057,6,2020
4005,350243145,CN216599859U,2021-12-31,2021-12-31,5058,23,2021
4006,327625518,CN112762921B,2020-12-24,2020-12-24,5060,-1,2020
4007,350137874,IN202141033877A,2021-07-28,2021-07-28,5061,14,2021
4008,307389098,JP7072307B2,2020-09-15,2020-09-15,5062,73,2020
4009,350542915,US20220153207A1,2021-11-15,2021-11-15,5063,7,2021
4010,311986116,CN111390908B,2020-03-26,2020-03-26,5064,5,2020
4011,332363750,CN113111004B,2021-01-11,2021-01-11,5065,7,2021
4012,350008116,CN216552943U,2021-12-03,2021-12-03,5067,18,2021
4013,297020796,CN110083155B,2019-04-19,2019-04-19,5068,7,2019
4014,349779549,CN114474066A,2022-03-04,2022-03-04,5070,1,2022
4015,349861390,CN114495395A,2021-12-24,2021-12-24,5074,50,2021
4016,349728758,CN216497372U,2021-11-12,2021-11-12,5075,14,2021
4017,349683812,CN216505077U,2021-08-27,2021-08-27,5076,8,2021
4018,349450885,CN114460840A,2020-11-07,2020-11-07,5080,48,2020
4019,289797515,CN109333532B,2018-10-12,2018-10-12,5083,38,2018
4020,326013943,CN112888534B,2019-09-30,2019-09-30,5084,12,2019
4021,349267973,CN114442620A,2022-01-17,2022-01-17,5086,54,2022
4022,349335253,CN114446106A,2022-01-20,2022-01-20,5087,-1,2022
4023,326011313,CN114449947A,2020-08-26,2020-08-26,5088,8,2020
4024,349376604,IN202241022984A,2022-04-19,2022-04-19,5089,-1,2022
4025,332363643,CN113111003B,2021-01-11,2021-01-11,5092,7,2021
4026,349003208,CN114404900A,2021-12-31,2021-12-31,5093,48,2021
4027,348935769,CN114407035A,2022-01-25,2022-01-25,5094,29,2022
4028,348938436,CN114407931A,2022-02-21,2022-02-21,5095,7,2022
4029,349037917,CN114417807A,2022-01-24,2022-01-24,5096,2,2022
4030,314527738,IN395331A1,2019-02-14,2019-02-14,5098,2,2019
4031,348799113,CN216372227U,2021-11-04,2021-11-04,5103,0,2021
4032,345320560,CN114078151B,2022-01-19,2022-01-19,5104,15,2022
4033,348653311,CN114379666A,2022-03-01,2022-03-01,5105,0,2022
4034,348686649,CN114387617A,2021-12-09,2021-12-09,5106,41,2021
4035,348713050,IN202221011919A,2022-03-04,2022-03-04,5107,8,2022
4036,290308039,JP7057077B2,2017-08-09,2017-08-09,5109,42,2017
4037,327813914,CN112783043B,2020-12-30,2020-12-30,5110,1,2020
4038,340536908,CN113733106B,2021-11-05,2021-11-05,5111,1,2021
4039,348325156,CN114344071A,2022-01-10,2022-01-10,5113,24,2022
4040,348228410,CN114350855A,2022-01-11,2022-01-11,5116,-1,2022
4041,348277158,CN114353598A,2022-01-13,2022-01-13,5117,-1,2022
4042,348278142,CN114359885A,2021-12-28,2021-12-28,5119,-1,2021
4043,348282363,CN114360201A,2021-12-17,2021-12-17,5120,-1,2021
4044,348182148,WO2022073467A1,2021-10-07,2021-10-07,5122,-1,2021
4045,204276399,CN109562277B,2017-08-10,2017-08-10,5125,24,2017
4046,326107486,CN112632854B,2020-12-17,2020-12-17,5126,17,2020
4047,345569305,CN114116987B,2022-01-26,2022-01-26,5127,21,2022
4048,347916626,CN114313051A,2021-12-15,2021-12-15,5128,0,2021
4049,347970556,CN216283008U,2021-12-28,2021-12-28,5133,14,2021
4050,348060134,CN216286570U,2021-09-14,2021-09-14,5134,-1,2021
4051,304766512,US11302213B2,2019-07-16,2019-07-16,5135,-1,2019
4052,291485193,CN109514556B,2018-12-10,2018-12-10,5136,1,2018
4053,332626007,CN113126659B,2021-04-06,2021-04-06,5137,1,2021
4054,333013175,CN113156892B,2021-04-16,2021-04-16,5138,6,2021
4055,333033093,CN113163110B,2021-03-05,2021-03-05,5139,51,2021
4056,347872058,CN216245863U,2021-11-11,2021-11-11,5141,-1,2021
4057,347756725,CN216249343U,2021-11-25,2021-11-25,5142,50,2021
4058,347434525,CN114272588A,2021-11-22,2021-11-22,5144,14,2021
4059,347628989,CN216167511U,2021-10-28,2021-10-28,5145,24,2021
4060,347488058,CN216180518U,2021-11-04,2021-11-04,5146,19,2021
4061,347366749,CN216152354U,2020-07-28,2020-07-28,5148,8,2020
4062,347264926,US20220101477A1,2021-12-14,2021-12-14,5150,2,2021
4063,318687539,CN111923916B,2020-07-24,2020-07-24,5151,7,2020
4064,319984560,CN112051735B,2020-08-19,2020-08-19,5152,1,2020
4065,346974124,CN114251975A,2021-11-29,2021-11-29,5154,14,2021
4066,347002376,CN114253614A,2021-11-25,2021-11-25,5156,-1,2021
4067,285614892,CN108838991B,2018-03-06,2018-03-06,5157,-1,2018
4068,301679673,CN110517427B,2018-05-22,2018-05-22,5158,53,2018
4069,326259781,CN112644600B,2021-01-04,2021-01-04,5159,0,2021
4070,347227033,CN114225359A,2021-12-28,2021-12-28,5160,14,2021
4071,347191303,CN114234967A,2021-12-16,2021-12-16,5161,15,2021
4072,347154840,CN114237225A,2021-11-19,2021-11-19,5162,30,2021
4073,347110320,CN114237271A,2021-12-15,2021-12-15,5164,67,2021
4074,347196161,CN216127248U,2021-08-25,2021-08-25,5165,16,2021
4075,347171020,CN216130550U,2021-05-10,2021-05-10,5166,18,2021
4076,VN120210353620210615,VN84707A,2021-06-15,2021-06-15,5167,31,2021
4077,293886592,CN109782593B,2019-01-09,2019-01-09,5168,-1,2019
4078,346871679,CN114219592A,2021-11-16,2021-11-16,5169,-1,2021
4079,346657706,CN114201640A,2021-11-08,2021-11-08,5172,23,2021
4080,346726974,CN114202742A,2022-01-23,2022-01-23,5173,23,2022
4081,312707880,US20220083134A1,2019-01-16,2019-01-16,5176,-1,2019
4082,346327530,CN114179112A,2022-01-20,2022-01-20,5179,0,2022
4083,346421590,CN114179932A,2021-12-30,2021-12-30,5180,0,2021
4084,346408668,CN114186663A,2021-12-06,2021-12-06,5182,17,2021
4085,346494425,CN216021926U,2021-09-24,2021-09-24,5183,24,2021
4086,346493300,CN216034757U,2021-11-23,2021-11-23,5184,0,2021
4087,346492642,CN216048490U,2021-11-02,2021-11-02,5185,18,2021
4088,346475274,CN216049955U,2021-09-17,2021-09-17,5186,-1,2021
4089,342513772,CN113873439B,2021-12-01,2021-12-01,5188,-1,2021
4090,346247915,CN114161454A,2020-09-10,2020-09-10,5190,10,2020
4091,346445761,CN114162231A,2020-09-10,2020-09-10,5191,0,2020
4092,346219521,CN114166529A,2022-02-11,2022-02-11,5192,7,2022
4093,338768123,CN113627403B,2021-10-12,2021-10-12,5196,-1,2021
4094,339645738,CN113688810B,2021-10-26,2021-10-26,5197,-1,2021
4095,346040372,CN114155829A,2021-11-30,2021-11-30,5199,2,2021
4096,345991739,CN215968859U,2021-07-20,2021-07-20,5200,-1,2021
4097,285524107,CN108828622B,2018-06-25,2018-06-25,5201,-1,2018
4098,345803909,CN114143449A,2021-11-18,2021-11-18,5203,-1,2021
4099,345840909,CN215956474U,2021-08-14,2021-08-14,5204,43,2021
4100,323768520,CN112405577B,2020-11-20,2020-11-20,5209,4,2020
4101,345616321,CN114120313A,2021-12-03,2021-12-03,5214,-1,2021
4102,345629463,CN215920433U,2021-06-02,2021-06-02,5215,13,2021
4103,342071030,TW202209860A,2020-12-23,2020-12-23,5216,-1,2020
4104,324409618,US11260545B2,2020-10-07,2020-10-07,5217,-1,2020
4105,291022269,CN109483540B,2018-11-21,2018-11-21,5218,-1,2018
4106,327608663,CN112757275B,2020-12-30,2020-12-30,5220,1,2020
4107,345503757,CN114083792A,2021-11-23,2021-11-23,5221,24,2021
4108,345507427,CN114089646A,2021-11-23,2021-11-23,5223,7,2021
4109,SG10201910615U20150819,SG10201910615UB,2015-08-19,2015-08-19,5226,63,2015
4110,302335774,TWI755833B,2020-08-31,2020-08-31,5231,26,2020
4111,301215101,CN110470183B,2019-07-22,2019-07-22,5232,-1,2019
4112,345115814,CN114067552A,2021-11-08,2021-11-08,5233,23,2021
4113,345089711,CN215840112U,2021-08-11,2021-08-11,5234,59,2021
4114,345217468,CN215848280U,2021-07-09,2021-07-09,5235,13,2021
4115,345251108,IN202041034517A,2020-08-11,2020-08-11,5236,8,2020
4116,344953637,CN114044065A,2021-11-10,2021-11-10,5239,-1,2021
4117,344969732,CN114049630A,2021-11-15,2021-11-15,5240,35,2021
4118,344993239,CN114049743A,2021-10-13,2021-10-13,5242,46,2021
4119,344962988,CN215832577U,2021-09-13,2021-09-13,5243,14,2021
4120,293096292,CN109696824B,2019-03-01,2019-03-01,5244,3,2019
4121,316908920,CN111766088B,2019-04-01,2019-04-01,5245,-1,2019
4122,325452653,CN112578799B,2021-02-25,2021-02-25,5246,64,2021
4123,344739968,CN114030485A,2021-12-21,2021-12-21,5248,7,2021
4124,344763805,CN114037728A,2021-10-15,2021-10-15,5249,-1,2021
4125,344904511,CN114037928A,2021-10-13,2021-10-13,5250,14,2021
4126,137510579,DE102009051146B4,2009-10-29,2009-10-29,5252,25,2009
4127,341026109,CN113771884B,2021-11-09,2021-11-09,5255,7,2021
4128,344578040,CN114013532A,2021-12-09,2021-12-09,5257,0,2021
4129,344497526,CN114022673A,2021-10-08,2021-10-08,5258,53,2021
4130,344457622,US20220032449A1,2021-10-18,2021-10-18,5259,19,2021
4131,320492070,WO2022022399A1,2021-07-23,2021-07-23,5261,70,2021
4132,344113956,CN215652211U,2021-07-28,2021-07-28,5268,24,2021
4133,344693335,RO135461A2,2020-07-20,2020-07-20,5269,-1,2020
4134,344143812,US20220024395A1,2019-11-13,2019-11-13,5270,-1,2019
4135,344013355,WO2022018480A1,2020-07-19,2020-07-19,5271,11,2020
4136,335040194,JP7010385B2,2018-09-27,2018-09-27,5272,-1,2018
4137,289317847,CN109304735B,2018-07-10,2018-07-10,5273,-1,2018
4138,343897819,CN215618183U,2021-07-19,2021-07-19,5274,-1,2021
4139,343657333,CN113964720A,2021-10-19,2021-10-19,5275,0,2021
4140,343830664,CN215596276U,2021-04-28,2021-04-28,5277,-1,2021
4141,343665009,IN202241000472A,2022-01-05,2022-01-05,5278,-1,2022
4142,343446937,CN215548811U,2021-09-09,2021-09-09,5279,13,2021
4143,343275548,CN113928482A,2021-11-29,2021-11-29,5281,-1,2021
4144,343270807,CN215511065U,2021-06-15,2021-06-15,5282,13,2021
4145,314070577,WO2022007754A1,2021-07-05,2021-07-05,5284,-1,2021
4146,343156333,CN113911129A,2021-11-23,2021-11-23,5288,7,2021
4147,343032513,CN215470266U,2021-03-15,2021-03-15,5290,0,2021
4148,343206885,CN215491342U,2021-10-11,2021-10-11,5291,14,2021
4149,342923390,CN113893535A,2021-10-15,2021-10-15,5293,11,2021
4150,342890270,CN215436687U,2021-09-24,2021-09-24,5296,0,2021
4151,315105766,EP3930887A1,2020-02-28,2020-02-28,5297,-1,2020
4152,342686758,CN113876556A,2020-07-02,2020-07-02,5298,24,2020
4153,342770144,CN113884097A,2021-09-27,2021-09-27,5299,33,2021
4154,337865886,CN113554693B,2021-09-18,2021-09-18,5300,26,2021
4155,338603183,CN113602177B,2021-10-11,2021-10-11,5301,-1,2021
4156,342343210,CN113858158A,2021-09-01,2021-09-01,5302,29,2021
4157,342229270,CN113859385A,2021-09-18,2021-09-18,5305,-1,2021
4158,342413662,CN113873200A,2021-09-26,2021-09-26,5306,26,2021
4159,342547060,CN215358431U,2021-08-02,2021-08-02,5308,19,2021
4160,342492603,CN113843799A,2021-10-12,2021-10-12,5309,3,2021
4161,342310718,CN113848793A,2021-10-12,2021-10-12,5311,73,2021
4162,342473226,CN215318735U,2021-08-02,2021-08-02,5312,2,2021
4163,342474346,CN215318736U,2021-08-02,2021-08-02,5313,-1,2021
4164,342436719,CN215322949U,2021-06-08,2021-06-08,5314,0,2021
4165,342085086,CN215341327U,2021-07-21,2021-07-21,5315,31,2021
4166,316308612,CN111716356B,2020-06-18,2020-06-18,5316,10,2020
4167,329625723,CN112859901B,2021-01-21,2021-01-21,5317,1,2021
4168,342017012,CN113837121A,2021-09-28,2021-09-28,5318,-1,2021
4169,341639866,CN215240908U,2021-11-17,2021-11-17,5319,10,2021
4170,341632577,CN215252430U,2020-12-17,2020-12-17,5320,29,2020
4171,341937419,CN215254990U,2021-06-11,2021-06-11,5321,60,2021
4172,289809298,CN109333506B,2018-10-23,2018-10-23,5322,-1,2018
4173,289809617,CN109333534B,2018-10-23,2018-10-23,5323,3,2018
4174,318678144,CN111923067B,2020-07-17,2020-07-17,5324,4,2020
4175,325280227,CN112558622B,2020-11-30,2020-11-30,5325,3,2020
4176,341826159,CN113797514A,2021-10-18,2021-10-18,5326,14,2021
4177,341538699,US20210387346A1,2020-04-18,2020-04-18,5328,7,2020
4178,291937232,CN109571509B,2019-01-24,2019-01-24,5329,-1,2019
4179,341429945,CN215155135U,2021-02-24,2021-02-24,5330,0,2021
4180,341446749,CN215187031U,2021-07-05,2021-07-05,5331,43,2021
4181,341346935,CN215187085U,2020-08-25,2020-08-25,5332,-1,2020
4182,324416126,US11200681B2,2020-01-16,2020-01-16,5333,-1,2020
4183,341201750,CN113771991A,2021-09-12,2021-09-12,5335,23,2021
4184,341057613,CN113777058A,2021-09-09,2021-09-09,5336,2,2021
4185,341140986,CN215078720U,2021-05-08,2021-05-08,5337,24,2021
4186,341201413,CN215080546U,2021-03-25,2021-03-25,5338,24,2021
4187,341166648,CN215117889U,2021-04-25,2021-04-25,5339,24,2021
4188,341031660,IN202141051519A,2021-11-10,2021-11-10,5340,2,2021
4189,341028025,IN202141056091A,2021-12-03,2021-12-03,5341,63,2021
4190,200653855,IN383590A1,2015-12-28,2015-12-28,5342,-1,2015
4191,320496632,CN112092939B,2020-07-30,2020-07-30,5345,0,2020
4192,340905022,CN113762101A,2021-08-19,2021-08-19,5346,41,2021
4193,340856333,CN113766121A,2021-08-10,2021-08-10,5347,-1,2021
4194,340907439,CN113766188A,2021-09-07,2021-09-07,5348,-1,2021
4195,340962663,CN215020919U,2021-02-20,2021-02-20,5349,24,2021
4196,302674028,CN110598540B,2019-08-05,2019-08-05,5350,51,2019
4197,320304592,CN112077879B,2020-08-29,2020-08-29,5351,36,2020
4198,340669065,CN113734316A,2021-09-30,2021-09-30,5353,-1,2021
4199,340615700,CN113740847A,2021-09-24,2021-09-24,5354,-1,2021
4200,340660600,CN113741689A,2021-08-20,2021-08-20,5355,-1,2021
4201,340684904,CN113744547A,2021-09-28,2021-09-28,5357,31,2021
4202,340595291,CN214981183U,2021-05-21,2021-05-21,5358,13,2021
4203,340422358,WO2021237667A1,2020-05-29,2020-05-29,5359,15,2020
4204,302940513,CN110617742B,2019-09-20,2019-09-20,5360,12,2019
4205,340355322,CN113721649A,2021-09-03,2021-09-03,5361,3,2021
4206,340400917,CN113723750A,2021-07-20,2021-07-20,5362,65,2021
4207,340069381,CN214901164U,2021-01-12,2021-01-12,5363,43,2021
4208,340087781,CN214901877U,2021-06-09,2021-06-09,5364,2,2021
4209,319809190,CN112025698B,2020-07-13,2020-07-13,5369,-1,2020
4210,339696062,CN113691562A,2021-09-15,2021-09-15,5370,42,2021
4211,339726573,CN214817724U,2020-12-31,2020-12-31,5371,25,2020
4212,TR20181825520181129,TR201818255B,2018-11-29,2018-11-29,5373,54,2018
4213,339425432,JP3235006U,2021-07-09,2021-07-09,5375,29,2021
4214,339218081,CN214752448U,2021-06-02,2021-06-02,5379,-1,2021
4215,324857185,CN112519914B,2020-12-08,2020-12-08,5389,0,2020
4216,339089710,CN214678814U,2021-01-11,2021-01-11,5391,0,2021
4217,339118903,CN214686581U,2021-04-22,2021-04-22,5392,19,2021
4218,339036364,CN214695380U,2020-12-18,2020-12-18,5393,29,2020
4219,339083015,CN214703239U,2021-04-07,2021-04-07,5394,59,2021
4220,325438992,CN112573223B,2020-11-27,2020-11-27,5396,39,2020
4221,338775767,CN113618750A,2021-08-06,2021-08-06,5397,-1,2021
4222,338930269,CN214629432U,2021-03-05,2021-03-05,5398,-1,2021
4223,338849101,CN214643676U,2021-03-03,2021-03-03,5399,2,2021
4224,292517857,CN109634100B,2018-12-30,2018-12-30,5404,1,2018
4225,297806060,CN110143245B,2019-05-28,2019-05-28,5405,66,2019
4226,321638296,CN112215346B,2020-10-20,2020-10-20,5406,17,2020
4227,338331677,CN113589805A,2021-07-15,2021-07-15,5408,64,2021
4228,338468234,CN214560914U,2021-01-20,2021-01-20,5409,39,2021
4229,338079744,CN113562020A,2021-07-22,2021-07-22,5410,7,2021
4230,338145281,CN113572949A,2021-03-18,2021-03-18,5411,-1,2021
4231,338098574,CN214524134U,2021-01-14,2021-01-14,5412,0,2021
4232,338000576,US20210333863A1,2020-04-23,2020-04-23,5414,-1,2020
4233,296852833,CN110068250B,2019-03-21,2019-03-21,5416,-1,2019
4234,337962619,CN113547539A,2021-07-30,2021-07-30,5417,13,2021
4235,337927174,CN113552867A,2020-04-20,2020-04-20,5418,7,2020
4236,284398045,CN108683243B,2018-06-20,2018-06-20,5419,73,2018
4237,320627826,CN112109085B,2020-08-31,2020-08-31,5420,-1,2020
4238,337836624,CN113520812A,2021-08-26,2021-08-26,5421,-1,2021
4239,337261573,KR1020210127558A,2020-04-14,2020-04-14,5424,54,2020
4240,338229722,TWM618444U,2021-04-14,2021-04-14,5425,-1,2021
4241,337496662,CN113511284A,2021-07-30,2021-07-30,5426,0,2021
4242,337363026,CN214394220U,2021-01-20,2021-01-20,5429,13,2021
4243,337364312,CN214394227U,2021-02-08,2021-02-08,5430,-1,2021
4244,337301388,CN214397164U,2021-03-04,2021-03-04,5431,-1,2021
4245,337324083,CN214410087U,2021-03-18,2021-03-18,5432,46,2021
4246,337246668,CN113496175A,2020-04-07,2020-04-07,5437,41,2020
4247,336934633,US20210309264A1,2020-12-26,2020-12-26,5440,-1,2020
4248,336773657,CN113459100A,2021-07-05,2021-07-05,5441,17,2021
4249,294260086,CN109807908B,2019-03-01,2019-03-01,5442,-1,2019
4250,336610749,CN214293141U,2021-01-20,2021-01-20,5443,13,2021
4251,336665510,CN214311448U,2021-04-06,2021-04-06,5444,0,2021
4252,246503157,CN108544473B,2018-04-20,2018-04-20,5445,9,2018
4253,319806185,CN112025679B,2020-08-26,2020-08-26,5446,10,2020
4254,336379281,CN113433961A,2021-07-02,2021-07-02,5447,40,2021
4255,310035918,WO2021185032A1,2021-02-24,2021-02-24,5448,0,2021
4256,309146388,CN111168681B,2020-01-10,2020-01-10,5449,7,2020
4257,336179192,CN113419521A,2020-03-05,2020-03-05,5450,7,2020
4258,308284163,CN111086012B,2019-12-30,2019-12-30,5452,-1,2019
4259,308284676,CN111086015B,2019-12-31,2019-12-31,5453,13,2019
4260,336068876,CN113401244A,2021-06-21,2021-06-21,5454,0,2021
4261,336097051,CN113410892A,2021-07-12,2021-07-12,5455,64,2021
4262,330484580,CN112937718B,2021-02-05,2021-02-05,5456,0,2021
4263,335918824,CN214202651U,2021-01-12,2021-01-12,5457,31,2021
4264,335238681,JP2021133487A,2020-02-28,2020-02-28,5458,-1,2020
4265,326505533,CN112666939B,2020-12-09,2020-12-09,5459,-1,2020
4266,335647592,CN113370182A,2021-05-25,2021-05-25,5460,19,2021
4267,335715346,CN214163030U,2020-12-30,2020-12-30,5461,-1,2020
4268,248219315,CN108582066B,2018-03-13,2018-03-13,5470,1,2018
4269,301981107,CN110540676B,2019-09-17,2019-09-17,5471,20,2019
4270,335298682,CN113341698A,2021-06-17,2021-06-17,5472,1,2021
4271,335299606,CN113342011A,2021-06-08,2021-06-08,5474,54,2021
4272,335299643,CN113342023A,2021-06-24,2021-06-24,5475,1,2021
4273,SG11201806770T20170215,SG11201806770TB,2017-02-15,2017-02-15,5478,-1,2017
4274,301102609,CN110455564B,2019-08-08,2019-08-08,5481,16,2019
4275,335119278,CN214081466U,2020-12-30,2020-12-30,5485,13,2020
4276,335119283,CN214081467U,2020-12-30,2020-12-30,5486,-1,2020
4277,335119430,CN214081507U,2020-12-02,2020-12-02,5487,-1,2020
4278,334902302,CN113306646A,2021-05-28,2021-05-28,5489,0,2021
4279,241362512,CN108438083B,2018-03-21,2018-03-21,5491,19,2018
4280,334695804,CN113297484A,2021-05-20,2021-05-20,5494,21,2021
4281,334740931,CN214025742U,2020-12-30,2020-12-30,5495,2,2020
4282,289742507,US11101023B2,2018-08-09,2018-08-09,5496,8,2018
4283,334529641,CN113276125A,2021-05-12,2021-05-12,5497,9,2021
4284,317267308,EP2933068B1,2014-04-17,2014-04-17,5499,34,2014
4285,288732459,CN109246600B,2018-08-31,2018-08-31,5500,-1,2018
4286,334397989,CN213974225U,2021-01-07,2021-01-07,5501,52,2021
4287,334165711,CN113247138A,2021-06-15,2021-06-15,5502,0,2021
4288,316983250,JP2021119341A,2021-01-13,2021-01-13,5503,-1,2021
4289,314794521,CN111595739B,2020-05-21,2020-05-21,5504,59,2020
4290,333988706,CN113240695A,2021-06-02,2021-06-02,5505,43,2021
4291,334042720,CN213925936U,2020-09-14,2020-09-14,5506,31,2020
4292,333784664,CN113209589A,2021-05-08,2021-05-08,5507,14,2021
4293,188911843,KR102286200B1,2015-08-19,2015-08-19,5508,-1,2015
4294,288273794,RU2019144161A,2018-07-05,2018-07-05,5509,-1,2018
4295,333750144,US20210236032A1,2021-01-27,2021-01-27,5510,11,2021
4296,333748085,WO2021155136A1,2021-01-29,2021-01-29,5511,8,2021
4297,333579653,CN113197480A,2021-04-28,2021-04-28,5512,20,2021
4298,333595321,CN113202828A,2021-04-28,2021-04-28,5513,0,2021
4299,333941619,KR102284862B1,2020-09-29,2020-09-29,5514,-1,2020
4300,333393514,CN113179862A,2021-05-12,2021-05-12,5515,39,2021
4301,333399767,CN113183158A,2021-04-13,2021-04-13,5516,72,2021
4302,333405965,CN113184078A,2021-06-08,2021-06-08,5518,0,2021
4303,333416379,CN113184430A,2021-04-28,2021-04-28,5519,28,2021
4304,333511204,CN213843825U,2020-12-23,2020-12-23,5520,29,2020
4305,333512915,CN213844347U,2020-12-29,2020-12-29,5521,31,2020
4306,310442203,WO2021147217A1,2020-05-28,2020-05-28,5522,8,2020
4307,300624614,CN110412921B,2019-08-09,2019-08-09,5523,-1,2019
4308,333264272,CN213799961U,2020-10-12,2020-10-12,5524,0,2020
4309,333318366,CN213817990U,2020-11-25,2020-11-25,5525,53,2020
4310,285809544,CN108875507B,2017-11-22,2017-11-22,5526,51,2017
4311,330077415,CN112906679B,2021-05-08,2021-05-08,5527,51,2021
4312,333011155,CN113156836A,2021-04-29,2021-04-29,5528,-1,2021
4313,333065576,CN213765845U,2020-12-15,2020-12-15,5530,4,2020
4314,332962545,US20210221455A1,2020-11-09,2020-11-09,5531,45,2020
4315,332851453,CN213740723U,2020-11-18,2020-11-18,5532,-1,2020
4316,332627114,CN113126483A,2021-03-18,2021-03-18,5533,3,2021
4317,332074380,DE202021101304U1,2021-03-15,2021-03-15,5535,-1,2021
4318,236871757,CN108237531B,2016-12-26,2016-12-26,5540,5,2016
4319,286689124,CN108942973B,2018-09-29,2018-09-29,5541,2,2018
4320,318347946,CN111891250B,2020-08-03,2020-08-03,5545,9,2020
4321,332107384,CN113086039A,2021-05-10,2021-05-10,5546,0,2021
4322,332245531,IN202141028846A,2021-06-28,2021-06-28,5548,29,2021
4323,332013532,US20210210200A1,2021-03-23,2021-03-23,5550,53,2021
4324,298577910,CN110217308B,2019-06-26,2019-06-26,5551,-1,2019
4325,331939563,CN213632678U,2020-10-15,2020-10-15,5554,16,2020
4326,300933641,CN110442947B,2019-07-30,2019-07-30,5556,40,2019
4327,332016654,CN113057023A,2021-04-26,2021-04-26,5557,39,2021
4328,331758725,US20210200213A1,2019-12-18,2019-12-18,5560,7,2019
4329,310802494,CN111300451B,2020-03-19,2020-03-19,5563,10,2020
4330,331582130,CN113050645A,2021-03-22,2021-03-22,5564,1,2021
4331,331612676,CN213552969U,2020-07-07,2020-07-07,5565,24,2020
4332,319957042,CN112043208B,2020-09-14,2020-09-14,5566,72,2020
4333,331370723,CN113021347A,2021-03-23,2021-03-23,5567,1,2021
4334,331378508,CN113021389A,2021-03-16,2021-03-16,5568,4,2021
4335,331371606,CN113022733A,2021-03-05,2021-03-05,5569,0,2021
4336,331400156,CN113031528A,2021-02-25,2021-02-25,5570,6,2021
4337,331408892,CN113033399A,2021-03-25,2021-03-25,5573,53,2021
4338,314800846,CN111596665B,2020-05-29,2020-05-29,5577,15,2020
4339,331120808,CN113011331A,2021-03-19,2021-03-19,5578,23,2021
4340,331241602,CN213522106U,2020-12-22,2020-12-22,5579,43,2020
4341,330938881,CN112990067A,2021-03-31,2021-03-31,5581,8,2021
4342,330975587,CN213471194U,2020-03-25,2020-03-25,5582,-1,2020
4343,298742547,JP2021515336A,2019-03-05,2019-03-05,5583,69,2019
4344,321598518,KR102266849B1,2019-06-27,2019-06-27,5584,16,2019
4345,302082387,CN110549355B,2019-07-29,2019-07-29,5587,4,2019
4346,330475785,CN112936308A,2021-03-03,2021-03-03,5590,2,2021
4347,330481168,CN112937911A,2019-12-10,2019-12-10,5592,54,2019
4348,330508853,CN112947538A,2019-12-10,2019-12-10,5593,54,2019
4349,330547277,CN213406910U,2020-09-15,2020-09-15,5594,24,2020
4350,330621508,IN201931049884A,2019-12-04,2019-12-04,5595,8,2019
4351,311604394,CN111367044B,2019-12-29,2019-12-29,5601,2,2019
4352,330236949,CN112918586A,2021-03-16,2021-03-16,5602,0,2021
4353,308625073,CN111113398B,2019-12-30,2019-12-30,5603,12,2019
4354,330039176,CN112894773A,2021-01-27,2021-01-27,5604,-1,2021
4355,330035060,CN112894852A,2021-01-29,2021-01-29,5605,-1,2021
4356,330068312,CN112904859A,2021-01-20,2021-01-20,5606,6,2021
4357,329970664,EP3827934A1,2019-11-27,2019-11-27,5610,73,2019
4358,329784461,CN112874783A,2019-11-30,2019-11-30,5611,0,2019
4359,329832160,CN213308752U,2020-09-03,2020-09-03,5615,-1,2020
4360,329866737,CN213320231U,2020-09-17,2020-09-17,5616,0,2020
4361,329915656,CN213336699U,2020-08-08,2020-08-08,5617,52,2020
4362,329579262,CN112847354A,2020-12-31,2020-12-31,5618,-1,2020
4363,329583371,CN112847376A,2021-02-02,2021-02-02,5620,-1,2021
4364,329593106,CN112849294A,2021-02-24,2021-02-24,5621,0,2021
4365,329619442,CN112859593A,2020-12-31,2020-12-31,5622,3,2020
4366,329703925,CN213301487U,2020-11-17,2020-11-17,5625,-1,2020
4367,314926945,CN111603146B,2020-05-13,2020-05-13,5628,-1,2020
4368,329332115,CN112828912A,2021-02-08,2021-02-08,5629,-1,2021
4369,237368026,US20210146233A1,2018-04-24,2018-04-24,5630,14,2018
4370,247221731,JP6874437B2,2017-03-13,2017-03-13,5633,2,2017
4371,292178940,CN109591038B,2019-01-22,2019-01-22,5634,4,2019
4372,329005618,CN213226207U,2020-08-31,2020-08-31,5635,0,2020
4373,329015355,CN213228930U,2020-08-28,2020-08-28,5636,0,2020
4374,328045808,CN112800836A,2020-12-25,2020-12-25,5637,51,2020
4375,328051961,CN112801880A,2021-03-08,2021-03-08,5638,-1,2021
4376,292734649,CN109648589B,2019-01-22,2019-01-22,5641,4,2019
4377,298229827,CN110187639B,2019-06-27,2019-06-27,5642,7,2019
4378,327801840,CN112775951A,2021-01-14,2021-01-14,5643,9,2021
4379,327876710,CN213165400U,2020-06-09,2020-06-09,5646,65,2020
4380,327915238,CN213181197U,2020-11-10,2020-11-10,5647,20,2020
4381,327928109,CN213185738U,2020-09-23,2020-09-23,5648,0,2020
4382,327928280,CN213185790U,2020-09-21,2020-09-21,5649,0,2020
4383,327608941,CN112757279A,2021-01-20,2021-01-20,5651,39,2021
4384,327633443,CN112765722A,2020-12-08,2020-12-08,5653,7,2020
4385,327683760,CN213138967U,2020-07-29,2020-07-29,5654,0,2020
4386,327709168,CN213147574U,2020-10-12,2020-10-12,5655,72,2020
4387,284098324,CN108638054B,2018-04-08,2018-04-08,5656,10,2018
4388,327377530,CN112744310A,2020-12-29,2020-12-29,5657,0,2020
4389,327409293,CN213095223U,2020-09-09,2020-09-09,5659,18,2020
4390,327428684,CN213106875U,2020-05-21,2020-05-21,5660,0,2020
4391,284108867,CN108638058B,2018-04-23,2018-04-23,5661,1,2018
4392,327203468,CN112720545A,2021-01-04,2021-01-04,5662,4,2021
4393,327243793,CN112733592A,2020-11-26,2020-11-26,5663,56,2020
4394,327316892,CN213092748U,2020-09-30,2020-09-30,5664,31,2020
4395,223979526,CN107472396B,2017-09-26,2017-09-26,5666,0,2017
4396,297969605,CN110161900B,2019-04-25,2019-04-25,5667,-1,2019
4397,286524236,CN108931988B,2018-08-14,2018-08-14,5668,3,2018
4398,313303237,CN111488433B,2020-06-28,2020-06-28,5669,42,2020
4399,314072407,CN111552183B,2020-05-17,2020-05-17,5670,6,2020
4400,326929898,CN213031850U,2020-08-07,2020-08-07,5671,20,2020
4401,326930357,CN213034634U,2020-07-24,2020-07-24,5672,-1,2020
4402,326971913,IN202141012644A,2021-03-24,2021-03-24,5673,2,2021
4403,324161778,TWI725524B,2019-08-28,2019-08-28,5675,53,2019
4404,293621803,CN109746926B,2018-12-11,2018-12-11,5676,13,2018
4405,294787571,CN109866218B,2017-12-01,2017-12-01,5677,1,2017
4406,322874030,CN112346999B,2021-01-11,2021-01-11,5678,7,2021
4407,326666832,CN112686545A,2020-12-30,2020-12-30,5679,61,2020
4408,326712952,CN213005352U,2020-07-17,2020-07-17,5680,4,2020
4409,287599330,CN109085173B,2018-06-25,2018-06-25,5681,-1,2018
4410,307145110,CN111003074B,2019-11-07,2019-11-07,5682,0,2019
4411,324312492,CN112465078B,2021-02-03,2021-02-03,5683,51,2021
4412,324466435,CN112478015B,2021-02-03,2021-02-03,5684,-1,2021
4413,326475429,CN112659108A,2021-01-06,2021-01-06,5685,71,2021
4414,326505599,CN112669413A,2021-01-05,2021-01-05,5687,68,2021
4415,233962297,CN108089578B,2017-12-07,2017-12-07,5691,3,2017
4416,236511737,CN108214520B,2016-12-13,2016-12-13,5692,4,2016
4417,299941882,CN110337994B,2019-07-29,2019-07-29,5693,39,2019
4418,304664526,CN110775180B,2019-11-04,2019-11-04,5694,0,2019
4419,326321078,CN212950900U,2020-07-28,2020-07-28,5696,0,2020
4420,285054792,CN108748103B,2018-06-22,2018-06-22,5697,-1,2018
4421,294809318,CN109872372B,2019-03-07,2019-03-07,5698,15,2019
4422,310417566,CN111267992B,2020-01-19,2020-01-19,5699,-1,2020
4423,326079056,CN112623064A,2021-01-19,2021-01-19,5700,0,2021
4424,326102492,CN112631131A,2020-12-19,2020-12-19,5701,6,2020
4425,326102699,CN112631184A,2020-12-25,2020-12-25,5702,46,2020
4426,326012322,DE102019126807A1,2019-10-07,2019-10-07,5704,-1,2019
4427,286681355,CN108939890B,2018-09-19,2018-09-19,5707,-1,2018
4428,299807479,CN110329390B,2019-07-18,2019-07-18,5708,37,2019
4429,314053906,CN111544874B,2018-10-27,2018-10-27,5709,14,2018
4430,325950361,CN212902901U,2020-06-28,2020-06-28,5710,14,2020
4431,289386022,CN109292017B,2018-08-18,2018-08-18,5711,0,2018
4432,325741609,CN212859475U,2020-07-06,2020-07-06,5712,29,2020
4433,230688419,CN107943021B,2017-10-19,2017-10-19,5716,3,2017
4434,297131751,CN110091973B,2019-04-29,2019-04-29,5717,-1,2019
4435,300116909,CN110363074B,2019-06-03,2019-06-03,5718,2,2019
4436,309151425,CN111176342B,2020-02-11,2020-02-11,5719,1,2020
4437,311195198,CN111331603B,2020-03-17,2020-03-17,5720,-1,2020
4438,325446704,CN112580455A,2020-12-08,2020-12-08,5723,51,2020
4439,325477156,CN212815797U,2020-09-03,2020-09-03,5724,18,2020
4440,289679854,CN109318227B,2018-09-21,2018-09-21,5725,1,2018
4441,325249694,CN112549025A,2020-11-27,2020-11-27,5726,-1,2020
4442,TH060100199220060502,TH81834B,2006-05-02,2006-05-02,5731,-1,2006
4443,284957814,CN108762253B,2018-05-02,2018-05-02,5732,-1,2018
4444,325036710,CN112540456A,2020-12-03,2020-12-03,5733,-1,2020
4445,316120089,US10957066B2,2019-03-19,2019-03-19,5734,-1,2019
4446,289730920,US10957428B2,2018-08-09,2018-08-09,5735,8,2018
4447,309356586,TWI722332B,2018-11-13,2018-11-13,5736,51,2018
4448,324856465,CN112517399A,2020-10-28,2020-10-28,5737,39,2020
4449,324880117,CN112526996A,2020-12-03,2020-12-03,5739,0,2020
4450,324940229,CN212742261U,2020-05-22,2020-05-22,5742,29,2020
4451,206507808,CN107025433B,2017-03-03,2017-03-03,5743,5,2017
4452,234256805,CN109982759B,2017-11-22,2017-11-22,5744,-1,2017
4453,324644096,CN112502689A,2020-11-06,2020-11-06,5746,-1,2020
4454,324698307,CN212706781U,2020-05-05,2020-05-05,5747,72,2020
4455,301920045,US10946528B2,2018-06-01,2018-06-01,5748,21,2018
4456,305376734,US10948907B2,2018-08-24,2018-08-24,5749,-1,2018
4457,287607075,CN109085294B,2018-08-03,2018-08-03,5750,20,2018
4458,305062040,JP2021039525A,2019-09-03,2019-09-03,5751,29,2019
4459,324408672,US20210072751A1,2020-09-04,2020-09-04,5755,7,2020
4460,324323772,CN112464843A,2020-12-07,2020-12-07,5760,51,2020
4461,200699434,US10940582B2,2018-03-08,2018-03-08,5761,0,2018
4462,296993895,CN110073811B,2019-03-18,2019-03-18,5762,39,2019
4463,324158515,WO2021040958A1,2020-07-30,2020-07-30,5765,-1,2020
4464,238350929,CN108372506B,2018-05-16,2018-05-16,5771,-1,2018
4465,324022028,CN112429112A,2020-11-30,2020-11-30,5772,0,2020
4466,323766999,CN112405568A,2020-10-20,2020-10-20,5774,47,2020
4467,309955960,JP2021027852A,2019-08-09,2019-08-09,5776,11,2019
4468,284108665,CN108638057B,2018-04-23,2018-04-23,5780,1,2018
4469,323567950,IN202141006183A,2021-02-13,2021-02-13,5783,17,2021
4470,302563777,KR1020210019014A,2019-06-11,2019-06-11,5784,-1,2019
4471,307729261,DE102018125736B4,2018-10-17,2018-10-17,5785,55,2018
4472,323206991,CN212529854U,2020-07-14,2020-07-14,5790,0,2020
4473,310583457,CN111290272B,2020-02-15,2020-02-15,5791,3,2020
4474,322699253,CN112319650A,2020-11-11,2020-11-11,5793,0,2020
4475,322479909,CN112297009A,2020-10-29,2020-10-29,5795,3,2020
4476,322488703,CN112297058A,2020-10-21,2020-10-21,5796,16,2020
4477,322569020,CN212450167U,2020-05-25,2020-05-25,5798,18,2020
4478,322569841,CN212452244U,2020-05-26,2020-05-26,5799,18,2020
4479,IR13995014000300506720200905,IR103605B,2020-09-05,2020-09-05,5800,8,2020
4480,322318991,CN112277011A,2020-09-30,2020-09-30,5802,4,2020
4481,322349100,CN112285502A,2020-10-26,2020-10-26,5803,30,2020
4482,322369067,CN112291509A,2020-09-10,2020-09-10,5804,-1,2020
4483,322286379,US20210023934A1,2019-12-18,2019-12-18,5806,7,2019
4484,294731926,CN109853687B,2018-12-20,2018-12-20,5807,-1,2018
4485,322169182,CN112267369A,2020-10-20,2020-10-20,5808,18,2020
4486,322205086,CN212399591U,2020-01-14,2020-01-14,5809,-1,2020
4487,322077734,CN112257771A,2020-10-19,2020-10-19,5810,-1,2020
4488,321623313,KR1020210008313A,2020-07-09,2020-07-09,5811,-1,2020
4489,297422201,CN110119692B,2019-04-19,2019-04-19,5812,26,2019
4490,299128210,CN110271009B,2019-05-30,2019-05-30,5813,5,2019
4491,321924195,CN112237524A,2020-08-11,2020-08-11,5814,48,2020
4492,321954763,CN212373552U,2020-05-08,2020-05-08,5815,0,2020
4493,316727471,TW202103488A,2019-07-01,2019-07-01,5816,26,2019
4494,321786732,CN112224490A,2020-10-10,2020-10-10,5817,0,2020
4495,321847843,CN212352049U,2020-06-05,2020-06-05,5819,0,2020
4496,293878059,CN109782126B,2018-12-27,2018-12-27,5824,-1,2018
4497,298072088,CN110174108B,2019-05-13,2019-05-13,5825,27,2019
4498,321231019,CN212275593U,2020-03-30,2020-03-30,5826,8,2020
4499,285263139,CN108791560B,2018-05-23,2018-05-23,5828,-1,2018
4500,310060905,CN111240339B,2020-02-11,2020-02-11,5829,1,2020
4501,320990017,CN112146896A,2020-10-15,2020-10-15,5830,16,2020
4502,321041059,CN212241086U,2020-04-14,2020-04-14,5831,4,2020
4503,290108129,CN109367541B,2018-10-15,2018-10-15,5832,7,2018
4504,303922964,CN110714775B,2019-10-23,2019-10-23,5833,18,2019
4505,307517792,CN111038616B,2019-12-31,2019-12-31,5834,0,2019
4506,307791443,CN111060182B,2019-12-18,2019-12-18,5835,54,2019
4507,295854470,US20200402256A1,2018-12-14,2018-12-14,5836,55,2018
4508,298462859,CN110202583B,2019-07-09,2019-07-09,5837,-1,2019
4509,300115862,CN110361026B,2019-06-05,2019-06-05,5838,27,2019
4510,320626545,CN112109074A,2020-02-21,2020-02-21,5839,10,2020
4511,320579495,CN212180272U,2020-06-05,2020-06-05,5840,7,2020
4512,321593703,FR3097149A1,2019-06-12,2019-06-12,5841,30,2019
4513,361301428,MY181014A,2015-03-18,2015-03-18,5842,2,2015
4514,320322516,CN112084961A,2020-09-11,2020-09-11,5845,8,2020
4515,320397824,CN212159490U,2020-05-19,2020-05-19,5846,59,2020
4516,320207503,CN212116344U,2020-03-11,2020-03-11,5847,2,2020
4517,303752239,FR3083728B1,2018-07-13,2018-07-13,5848,62,2018
4518,301651303,CN110509279B,2019-09-06,2019-09-06,5852,1,2019
4519,303793340,CN110696942B,2019-10-09,2019-10-09,5853,9,2019
4520,319806882,CN112026951A,2020-07-29,2020-07-29,5859,0,2020
4521,319834007,CN112036746A,2020-08-31,2020-08-31,5860,7,2020
4522,319611348,CN112015088A,2020-09-10,2020-09-10,5861,3,2020
4523,319611417,CN112016664A,2020-09-14,2020-09-14,5862,17,2020
4524,225446773,CN107598897B,2017-10-19,2017-10-19,5863,1,2017
4525,236327314,CN108237532B,2016-12-23,2016-12-23,5864,3,2016
4526,244390269,CN108508906B,2018-05-23,2018-05-23,5865,-1,2018
4527,298872161,WO2020233106A1,2019-12-11,2019-12-11,5868,-1,2019
4528,301619562,CN111957054A,2016-11-01,2016-11-01,5869,11,2016
4529,319081861,CN211961616U,2020-03-26,2020-03-26,5871,20,2020
4530,314736914,DE102019001373B4,2019-02-27,2019-02-27,5872,22,2019
4531,318857800,CN111948949A,2020-07-09,2020-07-09,5874,46,2020
4532,302313334,CN110561447B,2019-08-20,2019-08-20,5875,20,2019
4533,318694328,CN111923056A,2020-06-17,2020-06-17,5876,8,2020
4534,318688882,CN111924018A,2020-06-04,2020-06-04,5879,29,2020
4535,318689078,CN111924019A,2020-07-29,2020-07-29,5880,0,2020
4536,305593672,US10828772B2,2018-08-31,2018-08-31,5882,0,2018
4537,287404838,CN109044753B,2018-06-25,2018-06-25,5883,71,2018
4538,318352109,CN111890384A,2020-08-12,2020-08-12,5884,-1,2020
4539,318384176,CN211864360U,2019-10-14,2019-10-14,5887,18,2019
4540,318396490,CN211869540U,2020-03-16,2020-03-16,5888,0,2020
4541,318433576,CN211878852U,2020-01-09,2020-01-09,5889,24,2020
4542,311984756,JP2020178993A,2019-04-26,2019-04-26,5890,0,2019
4543,318168069,CN111882474A,2020-06-22,2020-06-22,5893,7,2020
4544,292864376,US10821604B2,2017-12-22,2017-12-22,5894,1,2017
4545,238520920,CN108388123B,2018-03-09,2018-03-09,5895,1,2018
4546,318002260,CN211806137U,2020-01-19,2020-01-19,5896,-1,2020
4547,318050919,CN211822143U,2020-04-07,2020-04-07,5897,31,2020
4548,317833209,DE102019110658A1,2019-04-25,2019-04-25,5898,-1,2019
4549,235746190,US20200337934A1,2019-01-10,2019-01-10,5899,19,2019
4550,290643373,CN109446901B,2018-09-21,2018-09-21,5901,-1,2018
4551,317774941,CN211791694U,2020-03-25,2020-03-25,5902,-1,2020
4552,317443442,CN111805557A,2020-07-22,2020-07-22,5903,17,2020
4553,317326014,CN211709355U,2019-11-05,2019-11-05,5909,12,2019
4554,298409300,US10809970B2,2019-02-08,2019-02-08,5910,8,2019
4555,293306428,CN109716927B,2019-01-25,2019-01-25,5911,39,2019
4556,317070089,CN111781125A,2020-07-30,2020-07-30,5912,59,2020
4557,317023013,WO2020208824A1,2019-04-12,2019-04-12,5913,-1,2019
4558,316888785,CN111759338A,2020-07-28,2020-07-28,5915,24,2020
4559,316940264,CN211662069U,2019-12-14,2019-12-14,5917,8,2019
4560,223805853,CN107457802B,2017-09-13,2017-09-13,5918,13,2017
4561,299279163,CN110281228B,2019-06-28,2019-06-28,5919,1,2019
4562,301372512,CN110481670B,2019-08-26,2019-08-26,5920,0,2019
4563,316805745,CN211646107U,2019-10-28,2019-10-28,5922,31,2019
4564,316524411,CN111730595A,2020-06-28,2020-06-28,5924,5,2020
4565,300221222,DE112019000359A5,2019-04-16,2019-04-16,5928,-1,2019
4566,304519031,CN110764413B,2019-10-29,2019-10-29,5932,40,2019
4567,316319618,CN111722622A,2019-03-04,2019-03-04,5934,64,2019
4568,316363195,CN211590111U,2019-12-30,2019-12-30,5935,12,2019
4569,316367687,CN211590137U,2019-12-30,2019-12-30,5936,-1,2019
4570,316360977,CN211590138U,2019-12-31,2019-12-31,5937,13,2019
4571,316165192,CN111700651A,2020-06-19,2020-06-19,5939,24,2020
4572,316225221,CN211565870U,2019-08-09,2019-08-09,5940,-1,2019
4573,286873216,CN108972494B,2018-06-22,2018-06-22,5943,10,2018
4574,316036568,CN211543732U,2020-02-23,2020-02-23,5945,0,2020
4575,300601223,CN110405769B,2019-08-05,2019-08-05,5946,1,2019
4576,315846498,CN111679679A,2020-07-06,2020-07-06,5949,33,2020
4577,315927594,CN211530785U,2020-02-28,2020-02-28,5950,64,2020
4578,315602792,CN111660301A,2020-07-06,2020-07-06,5955,29,2020
4579,315658016,CN211491539U,2019-12-11,2019-12-11,5957,49,2019
4580,315659308,CN211491546U,2019-11-13,2019-11-13,5958,8,2019
4581,315685019,CN211498374U,2019-12-30,2019-12-30,5959,18,2019
4582,238626595,CN108392357B,2018-04-28,2018-04-28,5960,24,2018
4583,315455870,CN111648266A,2020-05-22,2020-05-22,5961,29,2020
4584,315341191,CN211442538U,2020-01-19,2020-01-19,5965,9,2020
4585,236899414,CN108241339B,2017-12-27,2017-12-27,5966,1,2017
4586,294755498,CN109850025B,2019-02-26,2019-02-26,5967,40,2019
4587,315119515,CN111617499A,2020-06-08,2020-06-08,5968,-1,2020
4588,228290644,CN107765686B,2017-09-04,2017-09-04,5972,22,2017
4589,300606981,CN110405761B,2019-07-22,2019-07-22,5973,1,2019
4590,300607142,CN110405763B,2019-07-24,2019-07-24,5974,1,2019
4591,314941870,CN111605642A,2020-06-11,2020-06-11,5975,3,2020
4592,314935493,CN111607597A,2020-06-02,2020-06-02,5976,20,2020
4593,314972327,CN211382224U,2019-08-21,2019-08-21,5977,24,2019
4594,315113564,TWM600923U,2020-05-18,2020-05-18,5978,31,2020
4595,315782546,JP2020130435A,2019-02-15,2019-02-15,5979,11,2019
4596,292404193,CN109606368B,2018-11-19,2018-11-19,5980,7,2018
4597,295851394,FR3075681B1,2017-12-27,2017-12-27,5984,-1,2017
4598,315245463,IN202021031197A,2020-07-21,2020-07-21,5985,0,2020
4599,237902399,CN108327812B,2018-03-23,2018-03-23,5987,0,2018
4600,314539114,CN111567219A,2020-06-01,2020-06-01,5988,39,2020
4601,314578051,CN111580550A,2020-04-29,2020-04-29,5989,54,2020
4602,286348486,CN108909870B,2018-05-08,2018-05-08,5991,0,2018
4603,314438533,CN211301007U,2019-12-31,2019-12-31,5992,24,2019
4604,314527267,IN202041027734A,2020-06-30,2020-06-30,5994,8,2020
4605,314051996,CN111546349A,2020-06-28,2020-06-28,5997,5,2020
4606,314073270,CN111552189A,2020-04-20,2020-04-20,5999,46,2020
4607,314079581,CN111554282A,2020-04-20,2020-04-20,6000,46,2020
4608,314087898,CN111555390A,2020-05-15,2020-05-15,6001,49,2020
4609,238604680,CN108398672B,2018-03-06,2018-03-06,6002,15,2018
4610,313963496,CN211254527U,2019-12-05,2019-12-05,6003,18,2019
4611,190499788,EP3365143B1,2016-10-21,2016-10-21,6005,-1,2016
4612,237055943,CN108254458B,2017-12-26,2017-12-26,6007,20,2017
4613,313675275,CN111515942A,2020-03-23,2020-03-23,6008,1,2020
4614,313785622,CN211237096U,2020-03-16,2020-03-16,6010,46,2020
4615,313520607,CN111497855A,2020-04-13,2020-04-13,6013,7,2020
4616,313548995,CN111509802A,2020-04-24,2020-04-24,6015,49,2020
4617,313345841,CN211163916U,2019-11-26,2019-11-26,6019,0,2019
4618,305991918,US10732197B2,2018-09-19,2018-09-19,6020,-1,2018
4619,312902646,CN111458766A,2020-04-22,2020-04-22,6023,-1,2020
4620,292639927,US10726248B2,2018-02-01,2018-02-01,6024,-1,2018
4621,290403029,CN109397271B,2018-11-23,2018-11-23,6026,40,2018
4622,312731743,CN111438708A,2019-01-16,2019-01-16,6027,-1,2019
4623,312734199,CN111439269A,2020-04-13,2020-04-13,6028,7,2020
4624,312786985,CN211073604U,2019-12-12,2019-12-12,6030,0,2019
4625,303752127,FR3083936B1,2018-07-12,2018-07-12,6031,62,2018
4626,194071468,JP6726759B2,2016-10-03,2016-10-03,6033,-1,2016
4627,327178557,TR201921535A2,2019-12-25,2019-12-25,6034,8,2019
4628,292435547,CN109607178B,2019-01-17,2019-01-17,6035,39,2019
4629,312374457,CN111419632A,2020-03-31,2020-03-31,6036,19,2020
4630,312429653,CN211029975U,2019-12-11,2019-12-11,6037,0,2019
4631,312438700,CN211030041U,2019-09-24,2019-09-24,6038,4,2019
4632,286410857,CN108910089B,2018-07-18,2018-07-18,6041,18,2018
4633,312191926,CN210989325U,2019-09-27,2019-09-27,6042,59,2019
4634,312228172,CN210998745U,2019-11-27,2019-11-27,6043,2,2019
4635,312275503,CN211015544U,2019-12-20,2019-12-20,6044,-1,2019
4636,289317839,US10710252B2,2017-07-26,2017-07-26,6045,-1,2017
4637,312037876,CN210963843U,2019-09-30,2019-09-30,6047,14,2019
4638,312060069,CN210971343U,2019-11-25,2019-11-25,6048,0,2019
4639,312091384,CN210981816U,2019-12-31,2019-12-31,6049,59,2019
4640,303753000,FR3083729B1,2018-07-13,2018-07-13,6050,-1,2018
4641,304054489,FR3084002B1,2018-07-18,2018-07-18,6051,62,2018
4642,311821005,CN210942027U,2019-07-04,2019-07-04,6052,0,2019
4643,227870963,CN107729737B,2017-11-08,2017-11-08,6053,53,2017
4644,311575563,CN111359194A,2020-03-18,2020-03-18,6054,27,2020
4645,311544651,WO2020133628A1,2019-01-29,2019-01-29,6059,1,2019
4646,284407837,CN108674521B,2018-07-11,2018-07-11,6061,0,2018
4647,288196365,CN109163722B,2018-06-29,2018-06-29,6062,27,2018
4648,311368792,CN111347432A,2018-12-20,2018-12-20,6063,-1,2018
4649,311381816,CN111355295A,2020-03-19,2020-03-19,6064,49,2020
4650,311212493,CN111334924A,2020-04-09,2020-04-09,6066,39,2020
4651,311211364,CN111338267A,2017-03-11,2017-03-11,6067,21,2017
4652,290135587,CN109367645B,2018-11-13,2018-11-13,6068,37,2018
4653,310986467,CN111319696A,2020-02-26,2020-02-26,6069,71,2020
4654,310981014,CN111323414A,2020-03-30,2020-03-30,6070,8,2020
4655,310995482,CN111325150A,2020-02-20,2020-02-20,6071,-1,2020
4656,311001768,CN111325287A,2020-03-17,2020-03-17,6072,47,2020
4657,331334516,TR201818255A2,2018-11-29,2018-11-29,6073,54,2018
4658,309369966,TWI696958B,2018-11-19,2018-11-19,6074,51,2018
4659,310799806,CN111298457A,2018-06-28,2018-06-28,6075,11,2018
4660,310801534,CN111301553A,2020-02-26,2020-02-26,6080,0,2020
4661,310835175,CN111311359A,2020-01-21,2020-01-21,6081,-1,2020
4662,310913331,CN210803404U,2019-08-27,2019-08-27,6082,-1,2019
4663,225452337,CN107598896B,2017-10-16,2017-10-16,6084,9,2017
4664,310628588,CN210757696U,2019-08-12,2019-08-12,6087,0,2019
4665,310628780,CN210757697U,2019-08-12,2019-08-12,6088,0,2019
4666,310639598,CN210761039U,2019-08-19,2019-08-19,6089,0,2019
4667,310541558,US10682759B1,2012-10-26,2012-10-26,6091,-1,2012
4668,233267541,CN108068113B,2017-11-13,2017-11-13,6092,1,2017
4669,237883014,CN108333971B,2018-02-28,2018-02-28,6093,1,2018
4670,310467409,CN210732471U,2019-09-27,2019-09-27,6095,-1,2019
4671,330008774,IN202031019682A,2020-05-09,2020-05-09,6096,8,2020
4672,305416302,JP2020089398A,2018-11-16,2018-11-16,6097,11,2018
4673,287165866,CN109018061B,2018-07-24,2018-07-24,6101,37,2018
4674,292738980,CN109646920B,2019-01-21,2019-01-21,6102,14,2019
4675,310195618,CN111249148A,2018-11-30,2018-11-30,6103,-1,2018
4676,310190315,CN111251272A,2020-04-16,2020-04-16,6104,13,2020
4677,310196186,CN111251310A,2020-01-14,2020-01-14,6105,-1,2020
4678,310257117,CN210706761U,2019-11-11,2019-11-11,6106,0,2019
4679,310265173,CN210707684U,2019-10-22,2019-10-22,6107,0,2019
4680,310102542,CN210678771U,2019-09-30,2019-09-30,6108,12,2019
4681,310102813,CN210678773U,2019-09-30,2019-09-30,6109,12,2019
4682,210040352,CN107133564B,2017-03-26,2017-03-26,6112,43,2017
4683,309800103,CN111216123A,2019-11-29,2019-11-29,6113,-1,2019
4684,309890389,CN210661516U,2019-07-19,2019-07-19,6114,18,2019
4685,309890394,CN210661517U,2019-07-19,2019-07-19,6115,18,2019
4686,310179993,KR1020200061160A,2018-11-23,2018-11-23,6116,57,2018
4687,187037727,US10668623B2,2016-05-31,2016-05-31,6117,28,2016
4688,309726902,CN111208822A,2020-02-17,2020-02-17,6119,6,2020
4689,309729211,CN111209573A,2018-11-21,2018-11-21,6120,43,2018
4690,309730546,CN111210066A,2020-01-03,2020-01-03,6122,42,2020
4691,235835877,CN108181354B,2017-12-27,2017-12-27,6123,20,2017
4692,309601929,CN210616548U,2019-09-11,2019-09-11,6124,2,2019
4693,297145007,CN110099105B,2019-04-19,2019-04-19,6125,-1,2019
4694,309396418,CN111185437A,2020-03-05,2020-03-05,6126,-1,2020
4695,309414696,CN111191765A,2019-12-31,2019-12-31,6127,2,2019
4696,309432215,CN210583683U,2019-09-02,2019-09-02,6128,11,2019
4697,309449138,CN210589256U,2019-09-06,2019-09-06,6129,-1,2019
4698,302082690,CN110550122B,2018-05-30,2018-05-30,6133,0,2018
4699,309160951,CN111176115A,2019-12-27,2019-12-27,6135,-1,2019
4700,309166053,CN111177850A,2019-12-27,2019-12-27,6136,-1,2019
4701,309191277,CN210542306U,2019-06-20,2019-06-20,6137,24,2019
4702,309195659,CN210543229U,2019-08-21,2019-08-21,6138,14,2019
4703,309200941,CN210543357U,2019-07-25,2019-07-25,6139,11,2019
4704,309220285,CN210551293U,2019-09-27,2019-09-27,6140,4,2019
4705,309099014,US10653969B1,2013-11-15,2013-11-15,6141,11,2013
4706,298404759,US10655684B2,2019-05-20,2019-05-20,6142,-1,2019
4707,285862370,CN108854107B,2018-06-28,2018-06-28,6144,11,2018
4708,308977035,CN111152244A,2019-12-31,2019-12-31,6145,0,2019
4709,309033852,CN210525152U,2019-07-12,2019-07-12,6146,-1,2019
4710,309033854,CN210525153U,2019-07-12,2019-07-12,6147,-1,2019
4711,309033939,CN210525154U,2019-07-12,2019-07-12,6148,13,2019
4712,294192248,CN109795576B,2019-03-01,2019-03-01,6150,19,2019
4713,308806178,CN111144165A,2018-11-02,2018-11-02,6152,-1,2018
4714,308806181,CN111144166A,2018-11-02,2018-11-02,6153,-1,2018
4715,308806185,CN111144167A,2018-11-02,2018-11-02,6154,-1,2018
4716,308806195,CN111144170A,2018-11-02,2018-11-02,6155,-1,2018
4717,308806206,CN111144171A,2018-11-02,2018-11-02,6156,-1,2018
4718,308624377,CN111113377A,2019-12-11,2019-12-11,6157,-1,2019
4719,308624545,CN111113387A,2020-01-19,2020-01-19,6159,-1,2020
4720,308722870,CN210484520U,2019-06-26,2019-06-26,6161,0,2019
4721,228303750,CN107756441B,2017-11-22,2017-11-22,6162,9,2017
4722,308438913,CN111104554A,2019-12-23,2019-12-23,6163,23,2019
4723,308508917,CN210466971U,2019-08-26,2019-08-26,6164,24,2019
4724,308285883,CN111086022A,2019-12-31,2019-12-31,6167,12,2019
4725,308554716,CA3022258A1,2018-10-29,2018-10-29,6168,-1,2018
4726,246513278,CN108549237B,2018-05-16,2018-05-16,6169,5,2018
4727,307977076,CN111080659A,2019-12-19,2019-12-19,6170,35,2019
4728,308005873,CN210414556U,2019-06-14,2019-06-14,6171,0,2019
4729,208571464,CN107045552B,2017-04-28,2017-04-28,6172,3,2017
4730,307847253,CN210389189U,2019-08-30,2019-08-30,6175,-1,2019
4731,307839995,CN210389249U,2019-05-16,2019-05-16,6176,0,2019
4732,290555871,JP6687573B2,2017-09-07,2017-09-07,6181,22,2017
4733,307577880,CN210361334U,2019-08-07,2019-08-07,6183,0,2019
4734,307625706,CN210378298U,2019-09-27,2019-09-27,6184,31,2019
4735,307626246,CN210378301U,2019-09-27,2019-09-27,6185,31,2019
4736,317262470,CA2950652C,2015-06-03,2015-06-03,6186,-1,2015
4737,307416277,CN210335979U,2019-07-17,2019-07-17,6187,4,2019
4738,246498135,CN108544532B,2018-04-13,2018-04-13,6189,-1,2018
4739,287606846,CN109079788B,2018-08-22,2018-08-22,6190,35,2018
4740,307145300,CN111003075A,2019-12-16,2019-12-16,6191,0,2019
4741,307196581,CN210312468U,2019-08-06,2019-08-06,6192,16,2019
4742,287435793,CN109045676B,2018-07-23,2018-07-23,6193,35,2018
4743,306964411,CN110978029A,2019-11-01,2019-11-01,6195,-1,2019
4744,307002739,CN110990769A,2019-11-26,2019-11-26,6196,5,2019
4745,307048784,CN210284437U,2019-08-06,2019-08-06,6197,0,2019
4746,237521798,CN108297056B,2017-12-27,2017-12-27,6199,22,2017
4747,306748793,CN110962133A,2019-12-29,2019-12-29,6201,-1,2019
4748,306808062,CN210256201U,2019-07-11,2019-07-11,6202,13,2019
4749,306818506,CN210258621U,2019-08-12,2019-08-12,6203,0,2019
4750,298450357,SE542305C2,2018-01-30,2018-01-30,6204,16,2018
4751,306628596,CN110954100A,2019-12-30,2019-12-30,6205,15,2019
4752,306697936,CN210244959U,2019-04-12,2019-04-12,6206,31,2019
4753,211285539,CN107175674B,2017-05-23,2017-05-23,6207,2,2017
4754,293453329,CN109733347B,2019-01-28,2019-01-28,6208,7,2019
4755,306507075,CN210223116U,2019-05-06,2019-05-06,6209,24,2019
4756,317383076,SG10202000787PA,2015-08-19,2015-08-19,6211,-1,2015
4757,306274289,CN110916688A,2019-11-25,2019-11-25,6212,2,2019
4758,306135450,CN110909259A,2019-11-27,2019-11-27,6215,42,2019
4759,306132194,CN110909606A,2019-10-24,2019-10-24,6216,43,2019
4760,306136019,CN110910145A,2018-09-14,2018-09-14,6217,42,2018
4761,306135375,CN110910597A,2019-12-12,2019-12-12,6218,-1,2019
4762,306184175,CN210181844U,2019-05-25,2019-05-25,6219,48,2019
4763,306050800,CN210161164U,2019-03-13,2019-03-13,6220,21,2019
4764,306062703,CN210164297U,2019-05-16,2019-05-16,6221,61,2019
4765,306013956,WO2020052310A1,2019-06-21,2019-06-21,6223,50,2019
4766,306947635,RU2018130825A,2017-02-14,2017-02-14,6224,0,2017
4767,196955140,CN106778705B,2017-02-04,2017-02-04,6225,51,2017
4768,214543678,CN107253497B,2017-05-26,2017-05-26,6226,0,2017
4769,305836355,CN110877335A,2019-09-27,2019-09-27,6228,10,2019
4770,305824736,JP2020037141A,2018-09-03,2018-09-03,6229,2,2018
4771,240771660,JP2020508035A,2017-02-16,2017-02-16,6230,0,2017
4772,305795680,US20200082293A1,2018-09-06,2018-09-06,6231,8,2018
4773,305755409,CN210131376U,2019-04-16,2019-04-16,6233,11,2019
4774,305673520,CN210126069U,2019-05-16,2019-05-16,6234,8,2019
4775,305593754,JP2020032488A,2018-08-30,2018-08-30,6235,22,2018
4776,305621740,JP2020034407A,2018-08-29,2018-08-29,6236,-1,2018
4777,305419467,CN110842921A,2019-11-19,2019-11-19,6240,-1,2019
4778,305410582,CN110842947A,2019-12-14,2019-12-14,6241,8,2019
4779,305434386,CN110850742A,2019-11-29,2019-11-29,6242,-1,2019
4780,305438143,CN110852156A,2019-09-29,2019-09-29,6243,23,2019
4781,305446984,CN110852303A,2019-11-21,2019-11-21,6244,-1,2019
4782,165679616,JP6654284B2,2013-11-12,2013-11-12,6249,75,2013
4783,305343043,CN110834171A,2018-08-16,2018-08-16,6250,-1,2018
4784,305158542,CN110810561A,2019-12-20,2019-12-20,6251,39,2019
4785,305165780,CN110812761A,2019-11-27,2019-11-27,6252,60,2019
4786,305170455,CN110815218A,2019-10-31,2019-10-31,6253,-1,2019
4787,305241052,CN210101818U,2019-05-16,2019-05-16,6254,0,2019
4788,305295955,IN201841031037A,2018-08-20,2018-08-20,6255,2,2018
4789,283858930,KR1020200019119A,2018-03-22,2018-03-22,6256,75,2018
4790,304869391,CN210061190U,2019-03-26,2019-03-26,6259,9,2019
4791,304869382,CN210061197U,2019-04-09,2019-04-09,6260,12,2019
4792,304875206,CN210063193U,2019-05-31,2019-05-31,6261,-1,2019
4793,304519213,CN110764416A,2019-11-11,2019-11-11,6265,5,2019
4794,304519746,CN110767059A,2019-12-10,2019-12-10,6266,24,2019
4795,284346243,WO2020024727A1,2019-06-21,2019-06-21,6267,4,2019
4796,288829660,CN109256894B,2018-10-09,2018-10-09,6269,0,2018
4797,190815127,CN110743175A,2016-09-21,2016-09-21,6270,11,2016
4798,304265654,CN209999187U,2019-06-11,2019-06-11,6271,-1,2019
4799,304309030,AU2019101190A4,2019-10-02,2019-10-02,6273,0,2019
4800,304311493,BRPI1814174A2,2018-07-11,2018-07-11,6275,8,2018
4801,304066391,CN110722564A,2019-10-31,2019-10-31,6276,17,2019
4802,304070072,CN110723231A,2019-11-11,2019-11-11,6277,0,2019
4803,303932461,CN110717885A,2019-09-02,2019-09-02,6283,-1,2019
4804,303957883,CN209972623U,2019-05-31,2019-05-31,6284,9,2019
4805,303790376,CN110696025A,2019-10-17,2019-10-17,6285,4,2019
4806,303821081,CN110706700A,2019-09-29,2019-09-29,6287,46,2019
4807,303844689,CN209954679U,2017-12-26,2017-12-26,6288,4,2017
4808,172907213,KR102067869B1,2015-01-22,2015-01-22,6292,4,2015
4809,200074073,CN106886155B,2017-04-28,2017-04-28,6296,6,2017
4810,216993834,CN107315346B,2017-06-23,2017-06-23,6297,1,2017
4811,297973727,CN110162625B,2019-04-19,2019-04-19,6298,2,2019
4812,303603814,CN110683240A,2019-10-30,2019-10-30,6299,23,2019
4813,303627460,CN110689891A,2019-11-20,2019-11-20,6300,2,2019
4814,303649344,CN209936912U,2019-05-15,2019-05-15,6301,-1,2019
4815,303718030,TWI681767B,2018-08-16,2018-08-16,6303,18,2018
4816,303477699,CN110666836A,2019-11-05,2019-11-05,6304,12,2019
4817,303440855,US20200012594A1,2018-12-20,2018-12-20,6306,21,2018
4818,383795337,EP3591618A2,2019-07-03,2019-07-03,6307,-1,2019
4819,287080907,CN108995727B,2018-07-17,2018-07-17,6308,0,2018
4820,303376845,CN209905001U,2019-05-17,2019-05-17,6310,18,2019
4821,293541192,US10527392B2,2016-09-27,2016-09-27,6311,-1,2016
4822,303227840,CN110647678A,2019-09-02,2019-09-02,6312,2,2019
4823,303230144,CN110647797A,2019-08-05,2019-08-05,6313,43,2019
4824,286512538,CN108928450B,2018-07-11,2018-07-11,6314,0,2018
4825,303051512,CN110625624A,2019-09-10,2019-09-10,6315,-1,2019
4826,248434380,WO2019242330A1,2019-03-07,2019-03-07,6318,-1,2019
4827,175095301,EP2952301B1,2014-06-05,2014-06-05,6319,-1,2014
4828,302809539,CN209828253U,2019-03-28,2019-03-28,6320,11,2019
4829,203785670,CN106992909B,2017-05-17,2017-05-17,6321,46,2017
4830,285855978,CN108854001B,2018-06-19,2018-06-19,6322,14,2018
4831,302705106,CN209812328U,2019-03-26,2019-03-26,6324,61,2019
4832,302762768,IN201921052300A,2019-12-17,2019-12-17,6325,22,2019
4833,302763029,IN201941049396A,2019-12-02,2019-12-02,6326,71,2019
4834,302543521,US20190381665A1,2019-04-30,2019-04-30,6327,75,2019
4835,302467945,CN209789829U,2019-01-15,2019-01-15,6328,48,2019
4836,302482593,CN209793754U,2019-01-19,2019-01-19,6329,-1,2019
4837,302485349,CN209793783U,2019-04-18,2019-04-18,6330,-1,2019
4838,187403126,CN106214163B,2016-07-18,2016-07-18,6331,8,2016
4839,302347527,CN110572570A,2019-09-06,2019-09-06,6333,26,2019
4840,302391375,CN209783913U,2019-06-24,2019-06-24,6334,-1,2019
4841,210045291,CN107132840B,2017-05-03,2017-05-03,6336,7,2017
4842,230840339,CN107953331B,2017-10-17,2017-10-17,6337,-1,2017
4843,296017724,CN109987170B,2019-04-08,2019-04-08,6338,37,2019
4844,302154520,CN209766032U,2019-02-25,2019-02-25,6341,2,2019
4845,238597362,CN108394485B,2018-02-11,2018-02-11,6343,0,2018
4846,301971632,CN110539303A,2019-08-01,2019-08-01,6344,-1,2019
4847,301995925,CN110545378A,2019-09-06,2019-09-06,6346,26,2019
4848,301798625,CN110531779A,2019-08-02,2019-08-02,6350,54,2019
4849,284297698,KR1020190133769A,2018-04-10,2018-04-10,6351,-1,2018
4850,291900763,FR3071312B1,2017-09-19,2017-09-19,6353,-1,2017
4851,301767776,KR1020190132302A,2019-11-05,2019-11-05,6355,70,2019
4852,301498205,CN110496381A,2019-07-10,2019-07-10,6356,14,2019
4853,301503904,CN110497981A,2019-09-05,2019-09-05,6357,0,2019
4854,301516583,CN110502857A,2019-08-27,2019-08-27,6358,3,2019
4855,223786065,CN107456302B,2017-08-10,2017-08-10,6359,24,2017
4856,301436358,CN209667255U,2019-03-26,2019-03-26,6360,-1,2019
4857,301341200,JP2019198900A,2018-05-14,2018-05-14,6361,1,2018
4858,301617664,GB201914470D0,2019-10-07,2019-10-07,6362,-1,2019
4859,301264903,CN209652805U,2018-12-25,2018-12-25,6364,-1,2018
4860,301260399,CN209652855U,2018-12-21,2018-12-21,6365,18,2018
4861,301088347,CN110450880A,2019-07-23,2019-07-23,6366,0,2019
4862,300768626,KR1020190126974A,2018-05-03,2018-05-03,6369,20,2018
4863,186128757,CN106144816B,2015-04-03,2015-04-03,6370,23,2015
4864,292026571,CN109571465B,2018-11-19,2018-11-19,6372,49,2018
4865,300924058,CN110440036A,2019-07-19,2019-07-19,6374,18,2019
4866,300787621,CN110422246A,2019-07-08,2019-07-08,6375,0,2019
4867,300803822,CN110427536A,2019-08-12,2019-08-12,6376,21,2019
4868,300803087,CN110427740A,2019-07-30,2019-07-30,6377,53,2019
4869,300828140,CN209598939U,2018-12-12,2018-12-12,6378,36,2018
4870,300827084,CN209600672U,2019-03-04,2019-03-04,6379,0,2019
4871,300842222,CN209605666U,2019-01-24,2019-01-24,6380,-1,2019
4872,300874742,IN201841016659A,2018-05-03,2018-05-03,6381,60,2018
4873,300738853,DE102018110741A1,2018-05-04,2018-05-04,6382,22,2018
4874,300663425,CN209579623U,2019-01-25,2019-01-25,6390,-1,2019
4875,300523051,CN110395331A,2019-08-30,2019-08-30,6392,0,2019
4876,208915242,CN107049500B,2017-06-07,2017-06-07,6393,-1,2017
4877,300370650,CN110386203A,2019-07-04,2019-07-04,6394,0,2019
4878,300403491,CN209551719U,2018-12-11,2018-12-11,6395,-1,2018
4879,300258051,CN110377042A,2019-08-12,2019-08-12,6396,-1,2019
4880,300253916,CN110378179A,2019-01-07,2019-01-07,6397,51,2019
4881,300297495,CN209535273U,2018-12-10,2018-12-10,6398,9,2018
4882,224831401,CN107564065B,2017-09-22,2017-09-22,6401,-1,2017
4883,291036443,CN109483570B,2018-12-18,2018-12-18,6402,2,2018
4884,210705743,US10449672B2,2017-02-28,2017-02-28,6404,-1,2017
4885,196834543,CN106737669B,2016-12-12,2016-12-12,6405,3,2016
4886,299946494,CN110340459A,2019-06-25,2019-06-25,6407,36,2019
4887,292296319,US10445591B2,2017-10-05,2017-10-05,6409,-1,2017
4888,299735798,CN209479812U,2018-08-16,2018-08-16,6410,0,2018
4889,213957126,JP6588624B2,2017-03-08,2017-03-08,6411,-1,2017
4890,299564281,CN110303513A,2019-08-15,2019-08-15,6412,29,2019
4891,299597899,CN209465368U,2019-01-17,2019-01-17,6413,39,2019
4892,299598472,CN209467724U,2019-01-17,2019-01-17,6414,39,2019
4893,168441971,EP2880755B1,2013-08-01,2013-08-01,6416,-1,2013
4894,299379616,CN110293575A,2019-07-17,2019-07-17,6418,4,2019
4895,299402239,CN110299666A,2019-06-11,2019-06-11,6419,1,2019
4896,298963660,TW201939212A,2018-11-15,2018-11-15,6420,2,2018
4897,GC20132337220130120,GC0010609A,2013-01-20,2013-01-20,6421,-1,2013
4898,GC20142649420140223,GC0010742A,2014-02-23,2014-02-23,6422,-1,2014
4899,GC20152987720150812,GC0010752A,2015-08-12,2015-08-12,6423,-1,2015
4900,292454043,KR101987114B1,2017-09-28,2017-09-28,6424,2,2017
4901,167072056,KR101993243B1,2013-02-06,2013-02-06,6425,-1,2013
4902,BG11160220131022,BG66971B1,2013-10-22,2013-10-22,6426,12,2013
4903,183365666,CN105583814B,2016-03-17,2016-03-17,6427,0,2016
4904,299273395,CN110278771A,2019-07-20,2019-07-20,6428,39,2019
4905,299301127,CN110287783A,2019-05-18,2019-05-18,6430,41,2019
4906,299166661,CN209425474U,2019-01-29,2019-01-29,6433,-1,2019
4907,227206646,CN107672686B,2017-09-20,2017-09-20,6434,0,2017
4908,298993573,CN110251347A,2019-07-03,2019-07-03,6435,24,2019
4909,298996276,CN110251849A,2019-08-02,2019-08-02,6436,24,2019
4910,298996841,CN110251964A,2018-12-29,2018-12-29,6437,11,2018
4911,299005928,CN110253624A,2019-07-11,2019-07-11,6438,9,2019
4912,299005977,CN110253625A,2019-07-11,2019-07-11,6439,13,2019
4913,299114814,IN201841035016A,2018-09-17,2018-09-17,6440,15,2018
4914,299113240,IN201911036936A,2019-09-13,2019-09-13,6441,24,2019
4915,317260575,EP2933067B1,2014-04-17,2014-04-17,6443,2,2014
4916,298851365,CN110238861A,2019-06-14,2019-06-14,6444,0,2019
4917,298809480,CN209387312U,2019-02-14,2019-02-14,6445,-1,2019
4918,298587741,CN110223313A,2019-04-28,2019-04-28,6448,-1,2019
4919,298642362,CN209373431U,2019-03-04,2019-03-04,6449,64,2019
4920,229001314,CN107807655B,2017-10-27,2017-10-27,6453,3,2017
4921,298221830,CN110185749A,2019-06-26,2019-06-26,6454,0,2019
4922,298224959,CN110188671A,2019-05-29,2019-05-29,6456,41,2019
4923,190003981,CN106564055B,2016-10-31,2016-10-31,6459,1,2016
4924,298118957,CN209308694U,2018-12-20,2018-12-20,6461,18,2018
4925,298006303,CN209289274U,2019-01-07,2019-01-07,6464,-1,2019
4926,298000743,CN209289292U,2018-09-25,2018-09-25,6465,61,2018
4927,297922444,JP2019136817A,2018-02-09,2018-02-09,6467,3,2018
4928,228550496,CN107796332B,2017-10-24,2017-10-24,6468,-1,2017
4929,297843031,CN209273478U,2019-07-16,2019-07-16,6470,13,2019
4930,297843109,CN209273479U,2019-07-16,2019-07-16,6471,9,2019
4931,297844465,CN209274762U,2018-11-19,2018-11-19,6472,9,2018
4932,297546054,CN110123463A,2019-05-30,2019-05-30,6474,8,2019
4933,297581349,CN110136035A,2019-05-17,2019-05-17,6475,42,2019
4934,297304911,CN110104090A,2019-05-16,2019-05-16,6477,0,2019
4935,189371238,CN106547206B,2016-06-29,2016-06-29,6480,3,2016
4936,297141840,CN110096740A,2019-03-27,2019-03-27,6481,-1,2019
4937,297167865,CN209207526U,2018-12-13,2018-12-13,6482,0,2018
4938,175095291,US10369697B2,2015-06-05,2015-06-05,6483,-1,2015
4939,297050700,CN209190788U,2018-12-03,2018-12-03,6485,64,2018
4940,296879923,CN209175748U,2018-09-04,2018-09-04,6490,0,2018
4941,296880772,CN209175765U,2018-12-04,2018-12-04,6491,36,2018
4942,296911768,CN209184567U,2019-01-24,2019-01-24,6492,-1,2019
4943,190004019,CN106570523B,2016-10-25,2016-10-25,6493,-1,2016
4944,296754860,CN110062511A,2019-04-28,2019-04-28,6495,46,2019
4945,296542807,CN110039544A,2019-04-28,2019-04-28,6499,-1,2019
4946,296545009,CN110039573A,2019-04-09,2019-04-09,6500,12,2019
4947,296558524,CN110045737A,2019-04-28,2019-04-28,6501,-1,2019
4948,296566642,CN110047480A,2019-04-22,2019-04-22,6502,-1,2019
4949,296613033,CN209149669U,2017-12-13,2017-12-13,6503,-1,2017
4950,296447083,CN110032186A,2019-03-27,2019-03-27,6504,27,2019
4951,296447310,CN110032191A,2019-04-28,2019-04-28,6505,-1,2019
4952,296447350,CN110032192A,2019-04-28,2019-04-28,6506,-1,2019
4953,296448879,CN110033577A,2019-04-12,2019-04-12,6507,46,2019
4954,296465071,CN209123306U,2018-10-12,2018-10-12,6508,14,2018
4955,296474391,CN209125823U,2018-09-29,2018-09-29,6509,-1,2018
4956,294886431,CN109986587A,2018-12-12,2018-12-12,6510,20,2018
4957,224443866,CN107521724B,2017-08-11,2017-08-11,6512,60,2017
4958,295967226,CN109968355A,2019-03-08,2019-03-08,6513,-1,2019
4959,295928193,CN109968363A,2017-12-27,2017-12-27,6514,0,2017
4960,295886687,CN109968373A,2019-05-08,2019-05-08,6515,-1,2019
4961,174215430,EP2933069B1,2014-04-17,2014-04-17,6521,34,2014
4962,295785010,CN209050746U,2018-11-15,2018-11-15,6523,0,2018
4963,289339033,RU2693325C2,2017-07-26,2017-07-26,6524,42,2017
4964,235921460,US10337561B2,2016-12-15,2016-12-15,6525,-1,2016
4965,187809960,CN106272534B,2016-10-19,2016-10-19,6526,9,2016
4966,295321897,CN209011670U,2018-10-24,2018-10-24,6531,14,2018
4967,288919558,JP2019097270A,2017-11-21,2017-11-21,6532,-1,2017
4968,295210093,DE102018111008B3,2018-05-08,2018-05-08,6533,64,2018
4969,294928776,DE202018100762U1,2018-02-13,2018-02-13,6534,16,2018
4970,168389802,CN105339214B,2014-03-03,2014-03-03,6535,-1,2014
4971,295174004,CN109903312A,2019-01-25,2019-01-25,6536,-1,2019
4972,295160440,CN208992730U,2018-10-23,2018-10-23,6537,-1,2018
4973,294985923,CN109887503A,2019-01-20,2019-01-20,6539,2,2019
4974,295074130,CN208977818U,2018-11-20,2018-11-20,6540,-1,2018
4975,294800303,CN109870947A,2018-12-20,2018-12-20,6543,-1,2018
4976,294805363,CN109873983A,2019-01-18,2019-01-18,6544,42,2019
4977,294837645,CN208962035U,2018-08-09,2018-08-09,6545,12,2018
4978,294712569,CN208951999U,2018-11-21,2018-11-21,6548,31,2018
4979,163382758,CN103417315B,2013-08-01,2013-08-01,6550,4,2013
4980,174033215,CN106457575B,2015-06-01,2015-06-01,6551,-1,2015
4981,203000873,CN106965954B,2017-04-28,2017-04-28,6552,0,2017
4982,192310434,CN106625751B,2016-12-16,2016-12-16,6555,-1,2016
4983,294215390,CN208907876U,2018-08-28,2018-08-28,6557,-1,2018
4984,192321590,CN106625670B,2016-12-26,2016-12-26,6559,-1,2016
4985,231781594,CN108000543B,2017-12-25,2017-12-25,6563,12,2017
4986,293937098,CN109773767A,2019-03-29,2019-03-29,6564,-1,2019
4987,293867638,CN109784130A,2017-11-15,2017-11-15,6566,51,2017
4988,187424890,CN106217388B,2016-08-17,2016-08-17,6568,-1,2016
4989,293828409,CN109760762A,2019-03-06,2019-03-06,6569,0,2019
4990,293654920,US20190143517A1,2018-11-14,2018-11-14,6571,-1,2018
4991,293575740,CN208854642U,2018-08-06,2018-08-06,6573,70,2018
4992,293459198,CN109732647A,2019-02-14,2019-02-14,6575,-1,2019
4993,293459058,CN109733500A,2019-01-28,2019-01-28,6576,0,2019
4994,293469765,CN109736546A,2019-03-09,2019-03-09,6577,0,2019
4995,190723096,CN106577903B,2017-01-24,2017-01-24,6580,28,2017
4996,237517691,US10279732B2,2017-03-10,2017-03-10,6582,31,2017
4997,200698179,CN106903695B,2017-01-16,2017-01-16,6584,17,2017
4998,229709812,CN109690555A,2017-06-26,2017-06-26,6585,-1,2017
4999,292974926,CN208785768U,2018-07-02,2018-07-02,6586,18,2018
5000,292973951,CN208789747U,2018-07-13,2018-07-13,6587,-1,2018
5001,292879348,DE102017218819A1,2017-10-20,2017-10-20,6588,-1,2017
5002,309549963,GB201903153D0,2019-03-08,2019-03-08,6590,-1,2019
5003,212134779,CN107200078B,2017-05-17,2017-05-17,6593,0,2017
5004,292847264,CN109664324A,2019-01-31,2019-01-31,6594,4,2019
5005,196764207,CN106737671B,2016-12-21,2016-12-21,6595,1,2016
5006,292665761,CN208759549U,2018-05-11,2018-05-11,6599,-1,2018
5007,292293945,CN109623849A,2018-09-28,2018-09-28,6600,22,2018
5008,292482445,CN109635632A,2018-10-26,2018-10-26,6603,42,2018
5009,292487866,CN109636688A,2018-12-11,2018-12-11,6604,2,2018
5010,292553897,CN208740137U,2018-05-10,2018-05-10,6605,59,2018
5011,292395432,CN109605364A,2018-10-31,2018-10-31,6608,1,2018
5012,292390607,CN208726689U,2018-09-20,2018-09-20,6611,14,2018
5013,292384864,CN208729797U,2018-09-07,2018-09-07,6612,49,2018
5014,292294233,US20190105779A1,2017-03-24,2017-03-24,6614,25,2017
5015,292295479,US20190108770A1,2018-12-10,2018-12-10,6616,8,2018
5016,186494953,CN106054894B,2016-07-05,2016-07-05,6617,-1,2016
5017,292178227,CN109591016A,2018-12-29,2018-12-29,6618,1,2018
5018,292135634,CN208715327U,2018-08-16,2018-08-16,6620,0,2018
5019,292145056,CN208716758U,2018-08-28,2018-08-28,6621,72,2018
5020,188974264,CN106476926B,2015-08-27,2015-08-27,6622,0,2015
5021,291961679,CN208692661U,2018-01-31,2018-01-31,6624,59,2018
5022,185340593,CN105850613B,2016-05-07,2016-05-07,6627,39,2016
5023,291850013,CN208681642U,2018-09-11,2018-09-11,6629,-1,2018
5024,230637712,US10248085B2,2016-10-13,2016-10-13,6630,-1,2016
5025,291677865,CN109533642A,2018-11-20,2018-11-20,6631,18,2018
5026,291631827,CN208665510U,2018-07-26,2018-07-26,6632,-1,2018
5027,291515414,CN208645313U,2018-09-07,2018-09-07,6635,10,2018
5028,291452300,CN208655229U,2018-06-19,2018-06-19,6636,-1,2018
5029,291382145,CN109501881A,2019-01-14,2019-01-14,6637,0,2019
5030,291370538,CN109507231A,2018-12-28,2018-12-28,6638,16,2018
5031,186673116,CN106078752B,2016-06-27,2016-06-27,6643,32,2016
5032,200067188,CN106882284B,2017-03-22,2017-03-22,6644,-1,2017
5033,209391816,CN107088128B,2017-05-03,2017-05-03,6645,8,2017
5034,291001803,CN208622162U,2018-09-11,2018-09-11,6647,-1,2018
5035,240280859,CN109475301A,2017-05-09,2017-05-09,6649,2,2017
5036,186839658,CN106113057B,2016-07-13,2016-07-13,6650,2,2016
5037,290730442,CN208595354U,2018-06-08,2018-06-08,6651,0,2018
5038,183525371,CN105608268B,2015-12-17,2015-12-17,6652,3,2015
5039,187306588,CN106184463B,2016-08-15,2016-08-15,6653,9,2016
5040,183502664,DE102014223701B4,2014-11-20,2014-11-20,6655,-1,2014
5041,287337826,JP2019034852A,2018-06-20,2018-06-20,6657,25,2018
5042,185882324,CN105957328B,2016-07-05,2016-07-05,6658,8,2016
5043,155307672,KR101953113B1,2012-05-25,2012-05-25,6659,-1,2012
5044,183533003,CN105599821B,2016-01-06,2016-01-06,6660,49,2016
5045,290438711,CN109393707A,2018-12-31,2018-12-31,6661,-1,2018
5046,290368154,CN109397302A,2018-10-30,2018-10-30,6663,61,2018
5047,290324937,CN109398523A,2018-09-05,2018-09-05,6664,0,2018
5048,290324358,CN109407542A,2017-08-15,2017-08-15,6665,3,2017
5049,290202709,CN208547981U,2018-04-10,2018-04-10,6667,-1,2018
5050,317260644,RU2680791C2,2015-04-17,2015-04-17,6668,34,2015
5051,317260963,RU2680628C2,2015-04-17,2015-04-17,6669,34,2015
5052,VN220130011120130527,VN20001984000Y,2013-05-27,2013-05-27,6670,1,2013
5053,290142261,CN109366476A,2018-11-16,2018-11-16,6671,4,2018
5054,290057687,JP2019030218A,2018-08-01,2018-08-01,6673,-1,2018
5055,289943994,CN109361077A,2018-11-01,2018-11-01,6675,-1,2018
5056,289999740,CN208514500U,2018-06-22,2018-06-22,6676,61,2018
5057,188601375,CN106390415B,2016-12-05,2016-12-05,6677,14,2016
5058,190677429,CN106584461B,2016-12-21,2016-12-21,6678,1,2016
5059,289868200,CN109333571A,2018-12-12,2018-12-12,6680,-1,2018
5060,289832895,CN208493202U,2018-05-16,2018-05-16,6681,59,2018
5061,237402410,KR101921799B1,2016-12-29,2016-12-29,6684,35,2016
5062,289665708,CN109318236A,2017-08-01,2017-08-01,6686,8,2017
5063,289665868,CN109318237A,2017-08-01,2017-08-01,6687,29,2017
5064,289658010,CN208489018U,2018-07-25,2018-07-25,6688,13,2018
5065,194332299,CN106695791B,2017-01-11,2017-01-11,6690,3,2017
5066,214999579,CN107260488B,2017-07-06,2017-07-06,6691,19,2017
5067,289503763,CN109304289A,2018-11-05,2018-11-05,6692,66,2018
5068,289369412,CN109291046A,2017-07-25,2017-07-25,6695,1,2017
5069,289255456,CN109278885A,2018-09-30,2018-09-30,6701,0,2018
5070,289258642,CN109284419A,2018-10-09,2018-10-09,6702,-1,2018
5071,289303000,CN208444560U,2018-06-15,2018-06-15,6703,31,2018
5072,289301356,CN208444566U,2018-06-15,2018-06-15,6704,31,2018
5073,289215894,CN109269706A,2018-10-26,2018-10-26,6705,20,2018
5074,289185211,CN109271877A,2018-08-24,2018-08-24,6706,41,2018
5075,289104078,DE102017006812A1,2017-07-18,2017-07-18,6707,10,2017
5076,309549964,GB201820093D0,2018-12-10,2018-12-10,6709,-1,2018
5077,189245216,CN106514653B,2016-11-07,2016-11-07,6710,-1,2016
5078,288819377,CN109255535A,2018-09-04,2018-09-04,6711,42,2018
5079,288821728,CN109257559A,2018-09-28,2018-09-28,6713,26,2018
5080,299258927,TR201820577A2,2018-12-26,2018-12-26,6714,-1,2018
5081,288648420,CN109227575A,2018-11-28,2018-11-28,6715,8,2018
5082,288648429,CN109227576A,2018-11-28,2018-11-28,6716,8,2018
5083,288460665,CN109204600A,2017-07-03,2017-07-03,6717,0,2017
5084,288554473,CN109212973A,2018-11-05,2018-11-05,6718,7,2018
5085,212373987,CN109219856A,2017-03-24,2017-03-24,6719,25,2017
5086,188351991,CN106373240B,2016-09-14,2016-09-14,6722,42,2016
5087,288300656,CN109176551A,2018-09-21,2018-09-21,6723,2,2018
5088,288353578,CN109178122A,2018-11-07,2018-11-07,6724,-1,2018
5089,288415540,CN109178134A,2018-08-16,2018-08-16,6725,0,2018
5090,288369279,CN109178139A,2018-11-19,2018-11-19,6726,9,2018
5091,288367725,CN208358530U,2018-05-30,2018-05-30,6727,39,2018
5092,288225487,CN109165692A,2018-09-06,2018-09-06,6733,2,2018
5093,288191365,CN208340083U,2018-05-24,2018-05-24,6734,-1,2018
5094,288185654,CN208344378U,2018-05-10,2018-05-10,6735,0,2018
5095,IR13975014000300355220180720,IR97593B,2018-07-20,2018-07-20,6736,29,2018
5096,239823485,CN109131339A,2018-06-12,2018-06-12,6737,-1,2018
5097,288092908,CN208323404U,2018-05-19,2018-05-19,6738,2,2018
5098,287888240,CN109112934A,2018-09-03,2018-09-03,6739,18,2018
5099,287871553,CN109116981A,2018-07-03,2018-07-03,6740,2,2018
5100,183199596,CN105538302B,2016-01-26,2016-01-26,6741,12,2016
5101,287681223,CN109090087A,2018-10-26,2018-10-26,6742,69,2018
5102,287748323,CN109091771A,2018-08-23,2018-08-23,6743,59,2018
5103,287680090,CN109093626A,2018-09-28,2018-09-28,6744,-1,2018
5104,287691689,CN208289905U,2018-03-23,2018-03-23,6745,0,2018
5105,287729605,CN208289911U,2018-05-28,2018-05-28,6746,2,2018
5106,287763460,IN201821047111A,2018-12-13,2018-12-13,6747,20,2018
5107,172907235,JP2018202607A,2018-08-02,2018-08-02,6748,4,2018
5108,287629822,US20180370040A1,2016-11-21,2016-11-21,6749,-1,2016
5109,309549962,GB201818492D0,2018-11-13,2018-11-13,6751,-1,2018
5110,287621321,CN109080525A,2018-09-14,2018-09-14,6753,0,2018
5111,287574987,CN208276894U,2018-04-24,2018-04-24,6756,4,2018
5112,287406722,CN109064486A,2018-06-20,2018-06-20,6758,-1,2018
5113,287251683,CN109015631A,2018-07-03,2018-07-03,6760,1,2018
5114,287275271,CN109033600A,2018-07-18,2018-07-18,6762,1,2018
5115,287227753,CN109033924A,2017-06-08,2017-06-08,6763,26,2017
5116,287204722,CN109036071A,2018-08-13,2018-08-13,6764,14,2018
5117,287275343,CN208246832U,2018-10-26,2018-10-26,6765,-1,2018
5118,286994376,DE102017209838A1,2017-06-12,2017-06-12,6766,-1,2017
5119,286994001,DE102018126840A1,2018-10-26,2018-10-26,6767,11,2018
5120,286980244,US20180354143A1,2018-06-11,2018-06-11,6768,-1,2018
5121,183123095,JP6437566B2,2014-10-31,2014-10-31,6770,11,2014
5122,186645601,CN106094817B,2016-06-14,2016-06-14,6771,5,2016
5123,286854472,CN108982580A,2018-05-23,2018-05-23,6773,20,2018
5124,286839458,CN108985627A,2018-07-16,2018-07-16,6774,-1,2018
5125,286936649,CN208216867U,2018-03-29,2018-03-29,6775,0,2018
5126,286950785,CN208216870U,2018-04-25,2018-04-25,6776,-1,2018
5127,286953566,CN208223297U,2018-04-26,2018-04-26,6777,-1,2018
5128,286697706,CN108942879A,2017-05-19,2017-05-19,6779,1,2017
5129,286709026,CN108949914A,2018-07-06,2018-07-06,6781,-1,2018
5130,286821630,CN208198629U,2018-05-25,2018-05-25,6782,0,2018
5131,286809609,CN208204090U,2018-05-12,2018-05-12,6783,18,2018
5132,286798896,CN208208285U,2018-04-24,2018-04-24,6784,2,2018
5133,287144248,KR101926351B1,2017-12-12,2017-12-12,6785,-1,2017
5134,283919027,KR101907536B1,2017-03-16,2017-03-16,6786,4,2017
5135,286614354,US20180349828A1,2017-06-06,2017-06-06,6787,-1,2017
5136,286649709,WO2018223148A2,2018-06-04,2018-06-04,6790,-1,2018
5137,286547112,CN208180882U,2018-04-12,2018-04-12,6793,23,2018
5138,286828894,KR1020180128727A,2017-05-24,2017-05-24,6794,75,2017
5139,189244170,CN106519099B,2016-11-04,2016-11-04,6796,66,2016
5140,286373978,CN108908231A,2018-06-23,2018-06-23,6797,-1,2018
5141,286408932,CN108908333A,2018-07-13,2018-07-13,6798,-1,2018
5142,286342408,CN108908378A,2018-05-14,2018-05-14,6799,16,2018
5143,286455117,CN108908393A,2018-09-11,2018-09-11,6800,-1,2018
5144,286446172,CN108909874A,2018-08-16,2018-08-16,6802,0,2018
5145,286424830,CN208160988U,2018-05-17,2018-05-17,6803,14,2018
5146,286059741,DE102017111651A1,2017-05-29,2017-05-29,6804,25,2017
5147,286313753,WO2018214040A1,2017-05-24,2017-05-24,6805,11,2017
5148,286313804,WO2018214042A1,2017-05-24,2017-05-24,6806,11,2017
5149,285966700,CN108898650A,2018-06-15,2018-06-15,6807,-1,2018
5150,284197086,KR101921687B1,2017-03-30,2017-03-30,6808,57,2017
5151,285787239,CN108858223A,2018-07-17,2018-07-17,6811,-1,2018
5152,285841744,CN108860487A,2018-03-01,2018-03-01,6812,-1,2018
5153,306029272,CN108877022A,2018-09-11,2018-09-11,6813,-1,2018
5154,285891681,CN208132950U,2018-03-12,2018-03-12,6814,-1,2018
5155,285733599,DE102017124713B3,2017-10-23,2017-10-23,6815,25,2017
5156,212716848,CN107218849B,2017-06-18,2017-06-18,6816,-1,2017
5157,285634804,CN108839017A,2018-06-25,2018-06-25,6818,2,2018
5158,285694650,CN208117898U,2018-04-09,2018-04-09,6819,13,2018
5159,285474601,CN108818559A,2018-07-06,2018-07-06,6822,13,2018
5160,285511326,CN108825565A,2018-08-16,2018-08-16,6823,0,2018
5161,285572314,CN208097303U,2018-04-20,2018-04-20,6824,14,2018
5162,285297998,CN108789408A,2018-06-20,2018-06-20,6826,22,2018
5163,285349121,CN208084345U,2018-01-23,2018-01-23,6828,2,2018
5164,285349222,CN208084346U,2018-01-23,2018-01-23,6829,2,2018
5165,285341423,CN208087074U,2017-11-29,2017-11-29,6830,-1,2017
5166,285152740,CN208065434U,2017-06-27,2017-06-27,6833,-1,2017
5167,285008881,CN108762148A,2018-05-31,2018-05-31,6835,-1,2018
5168,284961056,CN108764660A,2018-05-11,2018-05-11,6837,42,2018
5169,285028344,CN208051957U,2018-04-11,2018-04-11,6838,-1,2018
5170,284832482,CN108724163A,2018-05-27,2018-05-27,6839,19,2018
5171,284840631,CN108733962A,2018-06-13,2018-06-13,6840,7,2018
5172,284612885,CN108711912A,2018-06-20,2018-06-20,6841,64,2018
5173,199038418,CN106840724B,2017-01-19,2017-01-19,6844,16,2017
5174,284279569,CN207972691U,2018-03-16,2018-03-16,6848,0,2018
5175,225654625,TW201837859A,2017-04-07,2017-04-07,6849,23,2017
5176,284130150,CN108635798A,2018-05-08,2018-05-08,6850,14,2018
5177,284129214,CN108638082A,2018-05-15,2018-05-15,6854,29,2018
5178,284120817,CN108638100A,2018-05-11,2018-05-11,6855,4,2018
5179,284144257,CN108639182A,2018-06-07,2018-06-07,6857,0,2018
5180,284103600,CN108646730A,2018-04-13,2018-04-13,6858,70,2018
5181,284071707,CN108646765A,2018-07-25,2018-07-25,6859,33,2018
5182,284129350,CN108648348A,2018-05-16,2018-05-16,6860,61,2018
5183,284149958,CN207953861U,2017-12-25,2017-12-25,6861,-1,2017
5184,284113270,CN207953882U,2018-06-19,2018-06-19,6862,13,2018
5185,284160577,CN207955834U,2018-01-24,2018-01-24,6863,-1,2018
5186,283941519,CN108618492A,2018-05-09,2018-05-09,6865,18,2018
5187,283953488,CN108622228A,2018-05-25,2018-05-25,6866,52,2018
5188,283963061,CN108630120A,2018-06-15,2018-06-15,6867,31,2018
5189,283954796,CN207947555U,2018-02-23,2018-02-23,6868,60,2018
5190,317380355,RU2669130C2,2015-06-05,2015-06-05,6869,13,2015
5191,283875975,DE102017106791A1,2017-03-29,2017-03-29,6870,-1,2017
5192,283812790,CN207931311U,2018-02-11,2018-02-11,6872,36,2018
5193,248366316,CN108577839A,2018-05-22,2018-05-22,6874,8,2018
5194,248353038,CN108577945A,2018-05-16,2018-05-16,6875,-1,2018
5195,248257113,CN108592936A,2018-04-13,2018-04-13,6877,21,2018
5196,185792364,CN105938364B,2016-01-15,2016-01-15,6880,3,2016
5197,247114959,CN108569600A,2017-03-10,2017-03-10,6881,70,2017
5198,188817903,CN106428287B,2016-10-28,2016-10-28,6882,0,2016
5199,188818229,CN106428288B,2016-10-28,2016-10-28,6883,0,2016
5200,246982682,CN108556943A,2017-12-20,2017-12-20,6884,0,2017
5201,247014373,CN108563220A,2018-01-29,2018-01-29,6885,-1,2018
5202,247030934,CN108564038A,2018-04-16,2018-04-16,6886,42,2018
5203,246973857,CN207887697U,2017-11-28,2017-11-28,6887,-1,2017
5204,247007667,CN207888637U,2018-02-22,2018-02-22,6888,8,2018
5205,237316284,TW201833875A,2017-03-10,2017-03-10,6891,46,2017
5206,185666267,CN105919796B,2016-05-20,2016-05-20,6892,24,2016
5207,246057693,CN108536075A,2018-06-15,2018-06-15,6893,-1,2018
5208,246026196,CN108538013A,2018-04-04,2018-04-04,6894,29,2018
5209,244756916,CN207836827U,2018-01-16,2018-01-16,6896,-1,2018
5210,SG11201609651Q20150605,SG11201609651QB,2015-06-05,2015-06-05,6897,-1,2015
5211,244391336,CN108502047A,2018-05-25,2018-05-25,6898,0,2018
5212,244372395,CN108508927A,2017-02-27,2017-02-27,6900,-1,2017
5213,244460113,CN207824995U,2018-02-07,2018-02-07,6901,-1,2018
5214,243689244,CN108469732A,2018-03-13,2018-03-13,6902,1,2018
5215,200078205,CN108472893A,2016-11-23,2016-11-23,6903,-1,2016
5216,243660329,CN207785349U,2017-08-14,2017-08-14,6904,20,2017
5217,243747478,IN201611016089A,2016-11-09,2016-11-09,6905,2,2016
5218,243105874,CN207780600U,2017-11-02,2017-11-02,6908,0,2017
5219,317377333,RU2664841C2,2015-04-17,2015-04-17,6910,58,2015
5220,240592836,CN108426488A,2018-06-22,2018-06-22,6911,14,2018
5221,239961271,CN207737381U,2018-01-16,2018-01-16,6913,-1,2018
5222,MYPI201770051620170216,MYPI2017700516A,2017-02-16,2017-02-16,6914,69,2017
5223,192189290,CN106647334B,2017-01-18,2017-01-18,6915,1,2017
5224,238650722,CN207725509U,2017-11-07,2017-11-07,6917,0,2017
5225,238707402,CN207731131U,2018-02-06,2018-02-06,6918,73,2018
5226,187801941,CN106275061B,2016-09-21,2016-09-21,6919,7,2016
5227,238380647,CN207694255U,2017-11-09,2017-11-09,6923,11,2017
5228,238314197,US10043279B1,2016-09-22,2016-09-22,6924,-1,2016
5229,238081435,CN108354564A,2017-01-26,2017-01-26,6925,-1,2017
5230,238184178,CN108363941A,2017-12-07,2017-12-07,6926,41,2017
5231,238146315,CN207679994U,2017-12-19,2017-12-19,6927,14,2017
5232,199790311,CN106871730B,2017-03-17,2017-03-17,6929,-1,2017
5233,237965348,CN108346935A,2018-03-02,2018-03-02,6930,18,2018
5234,234340878,CN108351701A,2016-09-13,2016-09-13,6931,8,2016
5235,237873048,CN108335601A,2018-02-23,2018-02-23,6935,24,2018
5236,183934965,CN105666502B,2016-04-12,2016-04-12,6938,0,2016
5237,237715280,CN108312127A,2017-01-18,2017-01-18,6939,19,2017
5238,173837115,CN104932264B,2015-06-03,2015-06-03,6940,5,2015
5239,188633919,CN106409571B,2016-06-20,2016-06-20,6944,18,2016
5240,237485220,CN207617837U,2017-11-27,2017-11-27,6946,0,2017
5241,237460245,CN207623998U,2017-07-21,2017-07-21,6947,46,2017
5242,237371623,CN207607564U,2017-11-30,2017-11-30,6948,0,2017
5243,167976752,JP6356434B2,2014-02-28,2014-02-28,6949,-1,2014
5244,221122407,CN207593798U,2017-08-24,2017-08-24,6951,19,2017
5245,317263114,RU2016152159A,2015-06-05,2015-06-05,6952,-1,2015
5246,234262050,KR101875510B1,2016-11-22,2016-11-22,6953,40,2016
5247,175112162,RU2016151215A,2015-06-03,2015-06-03,6956,76,2015
5248,237080255,CN108255055A,2018-01-26,2018-01-26,6958,-1,2018
5249,237055219,CN108255099A,2017-12-12,2017-12-12,6959,31,2017
5250,237082702,CN207575160U,2017-03-21,2017-03-21,6960,24,2017
5251,237105524,CN207585392U,2017-11-16,2017-11-16,6961,18,2017
5252,237009700,JP2018102537A,2016-12-26,2016-12-26,6962,8,2016
5253,175467870,CN105165700B,2015-09-25,2015-09-25,6964,39,2015
5254,236883489,CN207570736U,2017-10-13,2017-10-13,6966,16,2017
5255,236527743,CN108227484A,2016-12-22,2016-12-22,6968,1,2016
5256,236582168,CN108230956A,2018-02-05,2018-02-05,6969,31,2018
5257,236656361,CN207550352U,2017-12-14,2017-12-14,6970,0,2017
5258,236327333,WO2018113263A1,2017-07-06,2017-07-06,6973,75,2017
5259,236110543,CN207532782U,2017-08-16,2017-08-16,6974,11,2017
5260,188188154,CN106347517B,2016-10-26,2016-10-26,6975,61,2016
5261,198998836,CN106818416B,2016-10-18,2016-10-18,6976,69,2016
5262,235977511,CN108189025A,2017-11-23,2017-11-23,6977,2,2017
5263,235961302,IN201821021323A,2018-06-07,2018-06-07,6978,2,2018
5264,184335286,CN105741672B,2016-04-29,2016-04-29,6982,-1,2016
5265,235794889,CN207509229U,2017-09-07,2017-09-07,6984,2,2017
5266,235829357,CN207511115U,2017-11-28,2017-11-28,6985,18,2017
5267,184581576,CN105774939B,2016-03-29,2016-03-29,6986,0,2016
5268,188594969,CN106386942B,2016-11-14,2016-11-14,6987,-1,2016
5269,188592089,CN106394718B,2016-11-14,2016-11-14,6988,0,2016
5270,235721133,CN108161987A,2017-11-23,2017-11-23,6989,-1,2017
5271,235738024,CN108163036A,2017-12-26,2017-12-26,6990,2,2017
5272,235658106,CN207495510U,2017-07-06,2017-07-06,6991,2,2017
5273,235667309,CN207495512U,2017-09-07,2017-09-07,6992,2,2017
5274,168389218,CN105339213B,2014-02-27,2014-02-27,6993,-1,2014
5275,235485353,CN108145720A,2017-12-19,2017-12-19,6994,-1,2017
5276,235488239,CN108153310A,2017-12-22,2017-12-22,6995,7,2017
5277,235455132,CN108154071A,2016-12-05,2016-12-05,6996,51,2016
5278,215344357,KR101865691B1,2016-04-05,2016-04-05,6997,21,2016
5279,235342698,CN108127673A,2017-12-18,2017-12-18,6998,-1,2017
5280,235383447,CN207465234U,2017-10-30,2017-10-30,6999,2,2017
5281,235396257,CN207465261U,2017-11-21,2017-11-21,7000,2,2017
5282,235079790,CN108119054A,2017-12-15,2017-12-15,7001,18,2017
5283,235123695,CN207455685U,2017-11-21,2017-11-21,7002,-1,2017
5284,234499204,CN207429681U,2017-03-17,2017-03-17,7003,11,2017
5285,234525585,CN207433592U,2017-11-07,2017-11-07,7004,-1,2017
5286,233932012,CN108081296A,2016-11-21,2016-11-21,7006,49,2016
5287,233235840,CN108073729A,2016-11-09,2016-11-09,7010,24,2016
5288,233221746,CN207400911U,2017-04-19,2017-04-19,7011,20,2017
5289,184474993,CN105751199B,2014-12-05,2014-12-05,7012,71,2014
5290,232511395,CN207376525U,2017-09-24,2017-09-24,7014,18,2017
5291,232541184,IN201611039031A,2016-11-16,2016-11-16,7015,51,2016
5292,233699092,KR1020180052321A,2016-11-10,2016-11-10,7016,9,2016
5293,SG11201608199U20150417,SG11201608199UB,2015-04-17,2015-04-17,7017,58,2015
5294,232397560,JP2018075665A,2016-11-09,2016-11-09,7018,0,2016
5295,232229216,CN207356013U,2017-04-06,2017-04-06,7022,-1,2017
5296,232237983,CN207360449U,2017-07-29,2017-07-29,7023,0,2017
5297,232250798,CN207361627U,2017-09-01,2017-09-01,7024,-1,2017
5298,186358329,US9973688B2,2015-12-03,2015-12-03,7025,26,2015
5299,175560927,CN105197125B,2015-09-30,2015-09-30,7026,-1,2015
5300,187837986,CN108024733A,2016-07-01,2016-07-01,7027,8,2016
5301,188652003,CN108027942A,2016-08-11,2016-08-11,7028,42,2016
5302,232088482,CN207344615U,2017-10-30,2017-10-30,7029,72,2017
5303,232065239,CN207345416U,2017-09-07,2017-09-07,7030,-1,2017
5304,144835363,JP6321905B2,2011-02-17,2011-02-17,7033,-1,2011
5305,231729458,CN108000518A,2017-11-23,2017-11-23,7034,47,2017
5306,231734825,CN108005454A,2017-11-24,2017-11-24,7035,30,2017
5307,231744801,CN108009680A,2017-11-30,2017-11-30,7036,1,2017
5308,231770194,CN108010258A,2017-12-15,2017-12-15,7037,46,2017
5309,231512650,CN107995450A,2017-12-07,2017-12-07,7039,-1,2017
5310,231494459,CN207319560U,2017-01-06,2017-01-06,7040,24,2017
5311,231028193,CN207302261U,2017-10-26,2017-10-26,7041,46,2017
5312,176109147,US9956407B2,2015-08-03,2015-08-03,7042,2,2015
5313,230954921,CN107963145A,2017-12-05,2017-12-05,7043,0,2017
5314,230952497,CN207273208U,2017-07-25,2017-07-25,7044,13,2017
5315,230948396,CN207282517U,2017-04-14,2017-04-14,7045,2,2017
5316,317267593,NZ725474A,2015-05-07,2015-05-07,7046,13,2015
5317,175095663,NZ727046A,2015-06-05,2015-06-05,7048,27,2015
5318,113929657,EP1972416B1,2007-03-23,2007-03-23,7051,-1,2007
5319,230873586,EP3312824A1,2016-10-21,2016-10-21,7052,11,2016
5320,399486937,DE102016012385A1,2016-10-18,2016-10-18,7054,22,2016
5321,185928107,JP2018511125A,2016-03-15,2016-03-15,7055,-1,2016
5322,230591168,CN207241837U,2017-09-19,2017-09-19,7058,0,2017
5323,230342171,CN107901046A,2017-11-03,2017-11-03,7059,-1,2017
5324,230324889,CN207220812U,2017-03-08,2017-03-08,7060,24,2017
5325,186250526,CN106005092B,2016-07-14,2016-07-14,7061,-1,2016
5326,230198235,CN107891839A,2017-12-14,2017-12-14,7062,-1,2017
5327,230166780,CN207206443U,2017-05-10,2017-05-10,7063,-1,2017
5328,230219605,CN207209153U,2017-09-11,2017-09-11,7064,13,2017
5329,173508955,CN104875813B,2015-05-26,2015-05-26,7065,0,2015
5330,188842136,CN106428484B,2016-11-28,2016-11-28,7066,0,2016
5331,230037089,CN107878592A,2017-12-14,2017-12-14,7067,0,2017
5332,230074915,CN207185985U,2017-07-25,2017-07-25,7068,20,2017
5333,173617761,CN104898672B,2015-05-12,2015-05-12,7070,1,2015
5334,229880708,CN107865545A,2017-10-31,2017-10-31,7071,20,2017
5335,229922151,CN207172081U,2017-09-05,2017-09-05,7072,10,2017
5336,229916577,CN207182098U,2017-09-07,2017-09-07,7073,-1,2017
5337,229763586,CN107856756A,2017-11-01,2017-11-01,7074,0,2017
5338,229762967,CN207151225U,2017-07-05,2017-07-05,7075,39,2017
5339,229807417,CN207165176U,2017-08-30,2017-08-30,7076,31,2017
5340,229807761,CN207165177U,2017-08-30,2017-08-30,7077,31,2017
5341,HK17110585.120171018,HK1236471A,2017-10-18,2017-10-18,7078,-1,2017
5342,229580537,CN107838931A,2017-11-16,2017-11-16,7079,2,2017
5343,229655969,CN207139820U,2017-09-04,2017-09-04,7080,29,2017
5344,229433694,CN107825473A,2017-11-21,2017-11-21,7081,2,2017
5345,229327215,DE102017119149A1,2017-08-22,2017-08-22,7083,-1,2017
5346,229246018,CN107816951A,2017-10-24,2017-10-24,7084,-1,2017
5347,229217264,CN207123507U,2017-03-22,2017-03-22,7085,-1,2017
5348,184780073,CN105798924B,2016-05-16,2016-05-16,7086,72,2016
5349,229020082,CN207104925U,2017-06-22,2017-06-22,7088,2,2017
5350,229043996,CN207109475U,2017-08-17,2017-08-17,7089,18,2017
5351,229030572,CN207115987U,2017-07-10,2017-07-10,7090,14,2017
5352,169103375,CN104202694B,2014-07-31,2014-07-31,7091,2,2014
5353,228508225,CN107791265A,2016-08-28,2016-08-28,7092,67,2016
5354,228555295,CN207089485U,2017-07-25,2017-07-25,7094,0,2017
5355,175142822,CN105137969B,2015-07-31,2015-07-31,7095,3,2015
5356,175927649,CN105259105B,2015-10-14,2015-10-14,7096,20,2015
5357,229070169,KR101836413B1,2016-10-28,2016-10-28,7098,19,2016
5358,228297740,CN107767959A,2017-11-15,2017-11-15,7102,8,2017
5359,228126479,CN107745384A,2017-10-20,2017-10-20,7103,-1,2017
5360,IR13955014000301219320161228,IR95162B,2016-12-28,2016-12-28,7104,29,2016
5361,173368460,CH709251B1,2014-02-01,2014-02-01,7105,2,2014
5362,227984007,CN107738400A,2017-09-07,2017-09-07,7106,66,2017
5363,186032795,CN105963911B,2016-07-01,2016-07-01,7107,14,2016
5364,227901704,CN107716695A,2017-11-28,2017-11-28,7108,-1,2017
5365,227829915,CN107727380A,2017-09-30,2017-09-30,7109,16,2017
5366,227920856,CN207029356U,2017-07-29,2017-07-29,7110,0,2017
5367,153856501,CN102730189B,2012-03-28,2012-03-28,7112,0,2012
5368,154006600,CN102756625B,2012-03-28,2012-03-28,7113,0,2012
5369,154006121,CN102756804B,2012-03-28,2012-03-28,7114,0,2012
5370,169403561,CN104281787B,2014-07-01,2014-07-01,7115,11,2014
5371,180139671,CN105353773B,2015-11-20,2015-11-20,7116,-1,2015
5372,183521957,CN105607632B,2015-10-15,2015-10-15,7117,3,2015
5373,208345427,CN107030722B,2017-06-16,2017-06-16,7118,4,2017
5374,227604351,CN107697184A,2017-09-27,2017-09-27,7119,0,2017
5375,227362251,CN107685786A,2017-07-29,2017-07-29,7121,0,2017
5376,227259114,US9889563B1,2017-04-10,2017-04-10,7122,-1,2017
5377,227165380,CN206980024U,2017-06-05,2017-06-05,7123,18,2017
5378,227160182,CN206982673U,2017-02-20,2017-02-20,7124,8,2017
5379,SG11201609419R20150603,SG11201609419RB,2015-06-03,2015-06-03,7126,-1,2015
5380,226383006,CN206965128U,2017-05-17,2017-05-17,7127,11,2017
5381,185412543,CN105881550B,2016-05-17,2016-05-17,7128,67,2016
5382,226091034,CN206953009U,2017-04-14,2017-04-14,7129,75,2017
5383,226135302,CN206953019U,2017-07-18,2017-07-18,7130,-1,2017
5384,185875446,CN105946483B,2016-05-06,2016-05-06,7132,0,2016
5385,225949917,CN107644441A,2017-08-30,2017-08-30,7133,15,2017
5386,225711155,CN107631256A,2017-11-09,2017-11-09,7134,31,2017
5387,225691800,CN107633719A,2017-09-15,2017-09-15,7135,-1,2017
5388,225452259,CN107610376A,2017-10-19,2017-10-19,7140,42,2017
5389,225440998,CN107613254A,2017-09-26,2017-09-26,7141,-1,2017
5390,225405878,CN206905624U,2017-07-10,2017-07-10,7142,14,2017
5391,225186348,CN206883927U,2017-07-11,2017-07-11,7143,18,2017
5392,225163906,CN206885198U,2017-05-31,2017-05-31,7144,-1,2017
5393,225181301,CN206885201U,2017-07-05,2017-07-05,7145,0,2017
5394,225013599,CN107571933A,2017-08-15,2017-08-15,7146,0,2017
5395,224823790,CN107562052A,2017-08-30,2017-08-30,7147,6,2017
5396,224827020,CN107562053A,2017-08-30,2017-08-30,7148,6,2017
5397,224859586,CN206855451U,2017-03-29,2017-03-29,7150,2,2017
5398,224692255,CN206840098U,2017-06-23,2017-06-23,7151,44,2017
5399,224584116,DE102016216441B3,2016-08-31,2016-08-31,7152,22,2016
5400,189297134,WO2018000261A1,2016-06-29,2016-06-29,7153,17,2016
5401,169102907,CN104200816B,2014-07-31,2014-07-31,7156,2,2014
5402,224234039,CN107500146A,2017-09-01,2017-09-01,7157,-1,2017
5403,224186396,CN107506360A,2016-06-14,2016-06-14,7158,2,2016
5404,175111267,NZ726418A,2015-06-05,2015-06-05,7160,13,2015
5405,224103705,DE102016007519A1,2016-06-20,2016-06-20,7161,0,2016
5406,224015520,CN206764788U,2017-02-28,2017-02-28,7162,64,2017
5407,224030685,CN206766180U,2017-03-31,2017-03-31,7163,-1,2017
5408,224038878,CN206766181U,2017-04-18,2017-04-18,7164,6,2017
5409,224057627,CN206770874U,2017-05-10,2017-05-10,7165,-1,2017
5410,183187976,CN105539626B,2015-12-23,2015-12-23,7166,0,2015
5411,183541850,CN105599822B,2016-02-06,2016-02-06,7167,19,2016
5412,223791351,CN206733044U,2017-03-30,2017-03-30,7171,-1,2017
5413,223767618,CN206734445U,2016-12-29,2016-12-29,7172,0,2016
5414,SG11201608204Q20150417,SG11201608204QB,2015-04-17,2015-04-17,7173,34,2015
5415,222783362,CN206709701U,2017-03-17,2017-03-17,7175,-1,2017
5416,222395333,CN107416065A,2017-07-29,2017-07-29,7176,0,2017
5417,222401809,CN206690102U,2017-05-16,2017-05-16,7177,2,2017
5418,221586628,CN107380294A,2017-03-31,2017-03-31,7180,-1,2017
5419,221501733,CN206658943U,2017-01-20,2017-01-20,7181,-1,2017
5420,221497668,CN206663258U,2016-12-27,2016-12-27,7182,8,2016
5421,221511364,CN206663279U,2017-03-03,2017-03-03,7183,9,2017
5422,221538032,CN206671254U,2017-03-25,2017-03-25,7184,-1,2017
5423,220925604,CN206653064U,2017-04-10,2017-04-10,7185,-1,2017
5424,220128262,JP2017204231A,2016-05-13,2016-05-13,7186,2,2016
5425,TH160100722520161202,TH170435A,2016-12-02,2016-12-02,7187,-1,2016
5426,172794303,CN104793621B,2015-05-12,2015-05-12,7189,1,2015
5427,180140190,CN105346618B,2015-11-20,2015-11-20,7190,3,2015
5428,183194587,CN105545829B,2016-01-14,2016-01-14,7191,0,2016
5429,219114983,CN107336233A,2017-06-02,2017-06-02,7192,10,2017
5430,219121962,CN107340738A,2017-07-13,2017-07-13,7193,8,2017
5431,219100390,CN206627091U,2017-04-13,2017-04-13,7195,-1,2017
5432,202457011,KR101795429B1,2015-12-29,2015-12-29,7196,-1,2015
5433,TH160100720420161201,TH170376A,2016-12-01,2016-12-01,7197,76,2016
5434,TH160100720520170215,TH170377A,2017-02-15,2017-02-15,7198,-1,2017
5435,169992524,CN104331081B,2014-10-10,2014-10-10,7201,3,2014
5436,170299185,CN104375417B,2014-11-05,2014-11-05,7202,29,2014
5437,163249350,CN104487174B,2013-05-21,2013-05-21,7203,-1,2013
5438,171824076,CN104656676B,2014-12-25,2014-12-25,7204,10,2014
5439,217600501,CN107323561A,2017-06-28,2017-06-28,7205,0,2017
5440,217596287,CN107331250A,2017-09-05,2017-09-05,7206,14,2017
5441,217008003,CN107309877A,2017-07-31,2017-07-31,7207,-1,2017
5442,SG11201609420R20150603,SG11201609420RB,2015-06-03,2015-06-03,7209,76,2015
5443,216317094,CN206601729U,2016-12-25,2016-12-25,7210,31,2016
5444,189475676,US9802314B2,2016-02-19,2016-02-19,7211,-1,2016
5445,215695755,WO2017181319A1,2016-04-18,2016-04-18,7212,1,2016
5446,215702106,WO2017181956A1,2017-04-19,2017-04-19,7213,38,2017
5447,173959207,CN104950888B,2015-06-19,2015-06-19,7215,1,2015
5448,184476603,CN105751200B,2014-12-05,2014-12-05,7216,71,2014
5449,215024263,CN206565690U,2016-12-23,2016-12-23,7217,59,2016
5450,214552528,CN107253204A,2017-07-31,2017-07-31,7218,0,2017
5451,214539472,CN107256284A,2017-05-10,2017-05-10,7220,-1,2017
5452,183676449,CN105619379B,2016-02-21,2016-02-21,7222,20,2016
5453,213747120,CN206544552U,2017-03-20,2017-03-20,7223,0,2017
5454,171861865,US9784249B2,2015-01-30,2015-01-30,7224,-1,2015
5455,214512214,RU2632770C,2016-06-24,2016-06-24,7225,5,2016
5456,185701330,WO2017166830A1,2016-11-16,2016-11-16,7227,31,2016
5457,183820446,CN105644650B,2015-12-30,2015-12-30,7232,19,2015
5458,212888099,CN107229226A,2016-03-25,2016-03-25,7233,1,2016
5459,198561551,TWI601426B,2015-11-27,2015-11-27,7234,23,2015
5460,184015346,KR101782345B1,2015-11-20,2015-11-20,7237,-1,2015
5461,175465793,CN105171776B,2015-09-21,2015-09-21,7238,0,2015
5462,179603831,CN105329333B,2015-11-20,2015-11-20,7239,3,2015
5463,182124087,CN105460100B,2015-12-29,2015-12-29,7240,0,2015
5464,187930404,CN106313049B,2016-10-08,2016-10-08,7241,4,2016
5465,212136119,CN107203490A,2017-04-27,2017-04-27,7242,1,2017
5466,183851551,CN107209084A,2015-12-01,2015-12-01,7243,-1,2015
5467,211941169,CN107182443A,2017-07-05,2017-07-05,7244,39,2017
5468,211938110,CN107186732A,2017-07-06,2017-07-06,7245,2,2017
5469,211916475,CN107187512A,2017-05-31,2017-05-31,7246,-1,2017
5470,211868607,CN206509681U,2016-11-17,2016-11-17,7247,36,2016
5471,TH130100090020130222,TH168063A,2013-02-22,2013-02-22,7248,-1,2013
5472,211258453,CN206499796U,2016-12-19,2016-12-19,7250,59,2016
5473,211108075,CN107160399A,2017-06-23,2017-06-23,7251,44,2017
5474,211095755,CN107168061A,2017-05-31,2017-05-31,7252,1,2017
5475,211084941,CN107170321A,2017-05-23,2017-05-23,7253,59,2017
5476,210616468,CN206482959U,2016-11-16,2016-11-16,7256,14,2016
5477,152070377,KR101772974B1,2010-12-21,2010-12-21,7257,48,2010
5478,210326769,CN107145153A,2017-07-03,2017-07-03,7258,70,2017
5479,210085305,CN107127760A,2017-07-12,2017-07-12,7261,-1,2017
5480,209906514,CN107116549A,2017-03-15,2017-03-15,7264,1,2017
5481,209910704,CN107116572A,2017-04-24,2017-04-24,7265,-1,2017
5482,209887617,CN206455655U,2016-12-29,2016-12-29,7266,13,2016
5483,204314503,TW201729961A,2016-02-19,2016-02-19,7267,2,2016
5484,163596122,CN103448063B,2013-08-16,2013-08-16,7268,-1,2013
5485,209582674,CN206445813U,2016-11-08,2016-11-08,7270,4,2016
5486,209602667,CN206452472U,2016-12-30,2016-12-30,7271,2,2016
5487,172639638,CN104760630B,2015-04-29,2015-04-29,7272,-1,2015
5488,209426687,CN206436253U,2017-01-18,2017-01-18,7273,9,2017
5489,156891497,CN102996151B,2012-11-13,2012-11-13,7274,18,2012
5490,209110080,CN107085422A,2017-01-04,2017-01-04,7276,-1,2017
5491,208923545,CN107049743A,2017-02-17,2017-02-17,7283,24,2017
5492,208869085,CN206414691U,2017-02-04,2017-02-04,7284,14,2017
5493,208869897,CN206419661U,2017-02-05,2017-02-05,7285,-1,2017
5494,208580938,CN206406045U,2017-01-03,2017-01-03,7287,72,2017
5495,206719628,DE102016102178A1,2016-02-09,2016-02-09,7290,30,2016
5496,206494739,CN206383150U,2017-01-12,2017-01-12,7291,-1,2017
5497,206487721,CN206383949U,2017-01-04,2017-01-04,7292,7,2017
5498,205741316,CN206371136U,2016-12-03,2016-12-03,7293,18,2016
5499,204099802,CN206366995U,2016-12-30,2016-12-30,7296,-1,2016
5500,173942413,CN104948139B,2015-07-15,2015-07-15,7298,18,2015
5501,203747663,CN106985594A,2016-01-21,2016-01-21,7299,20,2016
5502,203602957,US20170209796A1,2016-01-21,2016-01-21,7301,2,2016
5503,204282981,GB201709199D0,2017-06-09,2017-06-09,7302,11,2017
5504,203472803,CN106981075A,2017-05-31,2017-05-31,7303,-1,2017
5505,203458976,CN106981163A,2017-03-26,2017-03-26,7304,43,2017
5506,173843545,CN104932254B,2015-05-12,2015-05-12,7305,1,2015
5507,202969814,CN206342912U,2016-12-08,2016-12-08,7307,11,2016
5508,202795661,DE102016200455A1,2016-01-15,2016-01-15,7308,22,2016
5509,183666848,WO2017121044A1,2016-04-08,2016-04-08,7309,18,2016
5510,171934523,CN104678766B,2015-01-29,2015-01-29,7310,1,2015
5511,202651966,CN106956261A,2017-04-11,2017-04-11,7311,-1,2017
5512,173959737,CN104942820B,2015-06-05,2015-06-05,7312,12,2015
5513,202406439,CN106943054A,2017-04-06,2017-04-06,7313,-1,2017
5514,202431688,CN106945049A,2017-05-12,2017-05-12,7314,1,2017
5515,202396241,CN106945051A,2017-03-19,2017-03-19,7315,14,2017
5516,202407924,CN106950863A,2017-04-10,2017-04-10,7316,29,2017
5517,202421866,CN106952507A,2017-04-28,2017-04-28,7317,5,2017
5518,201597543,EP3188625A1,2015-08-19,2015-08-19,7319,-1,2015
5519,201546726,CN206321793U,2016-12-26,2016-12-26,7320,2,2016
5520,183936145,CN105666498B,2016-04-21,2016-04-21,7321,3,2016
5521,201225666,CN106926222A,2017-04-28,2017-04-28,7322,-1,2017
5522,201295277,CN106933100A,2017-03-19,2017-03-19,7323,1,2017
5523,201254220,CN206306128U,2016-12-15,2016-12-15,7324,2,2016
5524,155429526,CN102881100B,2012-08-24,2012-08-24,7326,-1,2012
5525,169658844,CN104279705B,2014-10-08,2014-10-08,7328,26,2014
5526,175946626,CN105252532B,2015-11-24,2015-11-24,7329,32,2015
5527,200708821,CN106901764A,2017-03-21,2017-03-21,7330,24,2017
5528,200709656,CN106901765A,2017-03-21,2017-03-21,7331,24,2017
5529,200730259,CN206287131U,2016-12-06,2016-12-06,7333,4,2016
5530,200027201,DE202017102379U1,2017-04-21,2017-04-21,7335,28,2017
5531,172972276,CN104799740B,2015-05-18,2015-05-18,7339,-1,2015
5532,200447302,CN106891338A,2017-02-03,2017-02-03,7340,29,2017
5533,200430944,CN106892015A,2015-12-17,2015-12-17,7341,2,2015
5534,199979661,CN106899796A,2015-12-18,2015-12-18,7342,26,2015
5535,200427249,CN206277406U,2016-12-21,2016-12-21,7343,4,2016
5536,200053600,CN106882184A,2017-01-04,2017-01-04,7344,7,2017
5537,200130238,TWM544079U,2017-03-10,2017-03-10,7353,46,2017
5538,199785718,CN106863309A,2015-12-14,2015-12-14,7354,10,2015
5539,199814579,CN106873614A,2017-04-14,2017-04-14,7356,1,2017
5540,199843110,CN206267005U,2016-09-09,2016-09-09,7357,18,2016
5541,169311813,CN104236651B,2014-07-19,2014-07-19,7358,1,2014
5542,174270525,CN104985585B,2015-05-12,2015-05-12,7359,9,2015
5543,174605416,CN105035196B,2015-06-26,2015-06-26,7360,2,2015
5544,169511077,CN104267618B,2014-07-31,2014-07-31,7362,2,2014
5545,174573386,CN105033997B,2015-09-15,2015-09-15,7363,-1,2015
5546,176042547,CN105269577B,2015-06-26,2015-06-26,7364,-1,2015
5547,199024249,CN106826759A,2016-12-29,2016-12-29,7365,13,2016
5548,199106699,CN206247215U,2016-11-14,2016-11-14,7366,31,2016
5549,198690866,IN201747006161A,2017-02-21,2017-02-21,7367,63,2017
5550,171707448,CN104635762B,2015-01-13,2015-01-13,7368,1,2015
5551,171821845,CN104656440B,2014-12-26,2014-12-26,7369,1,2014
5552,198553740,CN106803377A,2017-02-27,2017-02-27,7370,-1,2017
5553,196584648,US20170151069A1,2017-02-10,2017-02-10,7374,19,2017
5554,196959779,CN106730893A,2017-02-18,2017-02-18,7376,11,2017
5555,196865222,CN106737744A,2016-12-30,2016-12-30,7379,29,2016
5556,196778913,CN106767711A,2016-12-24,2016-12-24,7380,43,2016
5557,196743987,CN106791389A,2016-12-16,2016-12-16,7381,-1,2016
5558,196900064,CN206200978U,2016-09-18,2016-09-18,7384,64,2016
5559,SG11201608202Y20150417,SG11201608202YB,2015-04-17,2015-04-17,7385,34,2015
5560,194485067,WO2017087987A1,2016-11-21,2016-11-21,7387,-1,2016
5561,172810138,CN104792559B,2015-04-22,2015-04-22,7390,1,2015
5562,181732788,CN105459120B,2015-08-12,2015-08-12,7391,22,2015
5563,194255184,CN106712573A,2015-11-16,2015-11-16,7393,0,2015
5564,193293670,CN106667716A,2016-08-03,2016-08-03,7395,24,2016
5565,193334025,CN106681341A,2016-12-12,2016-12-12,7396,3,2016
5566,185842865,US9649766B2,2015-03-17,2015-03-17,7397,-1,2015
5567,192096445,DE102015222166A1,2015-11-11,2015-11-11,7398,22,2015
5568,192180886,CN106628812A,2016-10-19,2016-10-19,7401,18,2016
5569,192325302,CN106646486A,2016-12-26,2016-12-26,7402,2,2016
5570,192238848,CN206154281U,2016-09-05,2016-09-05,7405,-1,2016
5571,192238912,CN206154282U,2016-09-05,2016-09-05,7406,-1,2016
5572,192269691,CN206154325U,2016-11-09,2016-11-09,7407,8,2016
5573,191655996,CN106607910A,2015-10-22,2015-10-22,7408,1,2015
5574,190468657,DE102015220517A1,2015-10-21,2015-10-21,7409,58,2015
5575,175451992,CN105178467B,2015-08-28,2015-08-28,7411,66,2015
5576,190665016,CN106584460A,2016-12-16,2016-12-16,7412,1,2016
5577,190696064,CN106585763A,2016-12-26,2016-12-26,7414,-1,2016
5578,190618161,CN106600631A,2016-11-30,2016-11-30,7415,51,2016
5579,190719137,CN106603995A,2016-12-30,2016-12-30,7416,2,2016
5580,188537450,KR101728604B1,2015-07-27,2015-07-27,7417,-1,2015
5581,169215101,CN104217107B,2014-08-27,2014-08-27,7418,47,2014
5582,189995614,CN106564052A,2016-10-19,2016-10-19,7419,-1,2016
5583,190049168,CN206105891U,2016-10-21,2016-10-21,7425,-1,2016
5584,190047558,CN206107973U,2016-10-17,2016-10-17,7426,-1,2016
5585,173952401,CN104943765B,2015-07-20,2015-07-20,7429,20,2015
5586,189745890,CN206081552U,2016-10-13,2016-10-13,7430,14,2016
5587,189701363,CN206085042U,2016-10-19,2016-10-19,7431,-1,2016
5588,189735091,CN206085068U,2016-09-12,2016-09-12,7432,11,2016
5589,189741504,CN206085631U,2016-10-08,2016-10-08,7433,-1,2016
5590,189549917,JP2017064835A,2015-09-29,2015-09-29,7435,3,2015
5591,171479269,CN104586608B,2015-02-05,2015-02-05,7437,4,2015
5592,171928776,CN104665962B,2015-02-05,2015-02-05,7438,4,2015
5593,173606695,CN104890756B,2015-06-09,2015-06-09,7439,19,2015
5594,175161308,CN105128011B,2015-09-15,2015-09-15,7440,1,2015
5595,183741160,CN105690383B,2015-12-10,2015-12-10,7441,22,2015
5596,189502721,CN206063775U,2016-05-20,2016-05-20,7442,11,2016
5597,189529499,CN206065876U,2016-09-30,2016-09-30,7443,-1,2016
5598,189521229,CN206066467U,2016-08-31,2016-08-31,7444,2,2016
5599,189430276,CN206060602U,2016-08-31,2016-08-31,7450,49,2016
5600,187037859,JP6105674B2,2015-05-28,2015-05-28,7451,22,2015
5601,173298982,CN104842372B,2015-05-12,2015-05-12,7453,12,2015
5602,175946340,CN105252544B,2015-11-26,2015-11-26,7454,4,2015
5603,189247658,CN106525049A,2016-11-08,2016-11-08,7456,15,2016
5604,189270412,CN106525630A,2016-12-06,2016-12-06,7457,16,2016
5605,189232820,CN106529118A,2016-09-20,2016-09-20,7458,7,2016
5606,189307802,CN206032651U,2016-08-31,2016-08-31,7459,72,2016
5607,189084594,DE102015011926A1,2015-09-12,2015-09-12,7460,23,2015
5608,170684863,CN104443105B,2014-10-29,2014-10-29,7463,0,2014
5609,189093798,CN106492470A,2016-12-08,2016-12-08,7464,11,2016
5610,189113463,CN106493738A,2016-10-26,2016-10-26,7465,-1,2016
5611,189142039,CN206011103U,2016-08-29,2016-08-29,7466,61,2016
5612,172142853,CN104709374B,2015-02-13,2015-02-13,7471,3,2015
5613,188980045,CN106483964A,2015-08-31,2015-08-31,7473,-1,2015
5614,189002122,CN205996979U,2016-06-24,2016-06-24,7475,2,2016
5615,189019839,CN205996982U,2016-08-17,2016-08-17,7476,0,2016
5616,188890705,DE102015216659A1,2015-09-01,2015-09-01,7477,-1,2015
5617,188890888,DE102015216665A1,2015-09-01,2015-09-01,7478,-1,2015
5618,146979351,GB2491308B,2011-03-22,2011-03-22,7479,-1,2011
5619,163217904,CN103401932B,2013-08-05,2013-08-05,7480,2,2013
5620,188806840,CN106426237A,2016-12-21,2016-12-21,7485,4,2016
5621,188837834,CN106426269A,2016-11-24,2016-11-24,7486,-1,2016
5622,188806779,CN106428266A,2016-12-21,2016-12-21,7487,-1,2016
5623,188811195,CN106444359A,2016-12-21,2016-12-21,7490,54,2016
5624,187894436,US9573277B2,2014-04-15,2014-04-15,7493,17,2014
5625,165493463,CN103761392B,2014-01-23,2014-01-23,7495,1,2014
5626,166920383,CN103940714B,2014-05-13,2014-05-13,7496,23,2014
5627,169749901,CN104298243B,2014-08-19,2014-08-19,7497,1,2014
5628,188644001,CN106390334A,2016-08-31,2016-08-31,7498,-1,2016
5629,188454243,CN106383441A,2016-09-21,2016-09-21,7502,-1,2016
5630,188454096,CN106384285A,2016-09-14,2016-09-14,7503,42,2016
5631,188489657,CN205924969U,2016-06-30,2016-06-30,7504,11,2016
5632,188514020,CN205928674U,2016-08-21,2016-08-21,7505,0,2016
5633,188482896,CN205928689U,2016-05-26,2016-05-26,7506,66,2016
5634,188477124,CN205930612U,2016-08-25,2016-08-25,7507,7,2016
5635,399486936,DE202016006747U1,2016-10-18,2016-10-18,7508,22,2016
5636,188385770,JP2017028810A,2015-07-18,2015-07-18,7509,49,2015
5637,170472073,CN104407611B,2014-09-30,2014-09-30,7510,1,2014
5638,173044049,CN104816766B,2015-04-26,2015-04-26,7511,0,2015
5639,173279809,CN104842363B,2015-06-12,2015-06-12,7512,4,2015
5640,188357931,CN106363626A,2016-10-14,2016-10-14,7513,-1,2016
5641,188153408,DE202015104886U1,2015-09-15,2015-09-15,7515,25,2015
5642,188155250,US20170021497A1,2016-07-18,2016-07-18,7516,-1,2016
5643,173298051,CN104842345B,2015-06-10,2015-06-10,7517,4,2015
5644,188188780,CN106346500A,2016-11-08,2016-11-08,7518,4,2016
5645,188166656,CN106353769A,2016-08-16,2016-08-16,7519,23,2016
5646,188194747,CN205903275U,2016-04-06,2016-04-06,7520,24,2016
5647,188288811,KR1020170008637A,2015-07-14,2015-07-14,7521,-1,2015
5648,188064040,CN106339669A,2016-08-16,2016-08-16,7522,-1,2016
5649,188104747,CN205889207U,2016-08-05,2016-08-05,7523,29,2016
5650,188113328,CN205890814U,2016-08-25,2016-08-25,7524,7,2016
5651,187892831,DE202015104686U1,2015-09-03,2015-09-03,7526,25,2015
5652,187933716,CN106313103A,2016-10-21,2016-10-21,7528,-1,2016
5653,187984847,CN205870548U,2016-07-26,2016-07-26,7529,-1,2016
5654,187963589,CN205881254U,2016-05-11,2016-05-11,7530,7,2016
5655,187793109,CN106272461A,2016-09-08,2016-09-08,7532,2,2016
5656,187793129,CN106274776A,2016-08-31,2016-08-31,7534,0,2016
5657,187755648,CN106276707A,2016-08-02,2016-08-02,7536,59,2016
5658,187746739,CN106289254A,2016-07-18,2016-07-18,7537,23,2016
5659,187831097,CN205850212U,2016-07-05,2016-07-05,7538,11,2016
5660,187823858,CN205854318U,2016-06-22,2016-06-22,7539,0,2016
5661,187628598,CN205831539U,2016-04-27,2016-04-27,7542,-1,2016
5662,187631795,CN205832148U,2016-05-25,2016-05-25,7543,24,2016
5663,172216188,EP3108217A1,2015-02-18,2015-02-18,7544,25,2015
5664,187688976,KR1020160146000A,2015-06-11,2015-06-11,7547,-1,2015
5665,187439196,CN106218575A,2016-08-31,2016-08-31,7550,-1,2016
5666,187406220,CN205799540U,2016-07-12,2016-07-12,7551,2,2016
5667,187415097,CN205799542U,2016-07-17,2016-07-17,7552,72,2016
5668,187400546,CN205801357U,2016-06-30,2016-06-30,7553,11,2016
5669,155667095,CN102896637B,2012-05-11,2012-05-11,7554,4,2012
5670,187311607,JP2016202094A,2015-04-23,2015-04-23,7555,-1,2015
5671,187173239,WO2016196512A1,2016-05-31,2016-05-31,7556,28,2016
5672,187330785,CN106181960A,2016-09-05,2016-09-05,7557,-1,2016
5673,187331209,CN106181961A,2016-09-05,2016-09-05,7558,-1,2016
5674,187200442,CN106184456A,2016-07-08,2016-07-08,7559,0,2016
5675,187308842,CN106200516A,2016-10-10,2016-10-10,7561,-1,2016
5676,187226014,CN106210794A,2016-07-21,2016-07-21,7562,0,2016
5677,187274225,CN205766244U,2016-06-17,2016-06-17,7563,13,2016
5678,187238167,CN205775935U,2016-05-21,2016-05-21,7564,31,2016
5679,187135528,IN201621039626A,2016-11-21,2016-11-21,7565,17,2016
5680,187076553,CN205738931U,2016-05-11,2016-05-11,7569,-1,2016
5681,175765597,JP6035590B2,2014-12-26,2014-12-26,7570,-1,2014
5682,186913959,CN106142043A,2015-04-16,2015-04-16,7571,4,2015
5683,186929107,CN106155093A,2016-07-22,2016-07-22,7572,-1,2016
5684,186982430,CN205706943U,2016-02-17,2016-02-17,7573,0,2016
5685,186970938,CN205708814U,2016-06-20,2016-06-20,7574,18,2016
5686,186966914,CN205721372U,2016-06-17,2016-06-17,7575,49,2016
5687,186971154,CN205723240U,2016-06-20,2016-06-20,7576,18,2016
5688,186857140,TWM532302U,2016-04-15,2016-04-15,7577,-1,2016
5689,186847100,CN106113026A,2016-07-27,2016-07-27,7578,19,2016
5690,186780794,CN106114434A,2016-08-25,2016-08-25,7580,-1,2016
5691,186812378,CN205692045U,2016-06-17,2016-06-17,7581,44,2016
5692,186876381,HK1216402A,2016-04-18,2016-04-18,7582,58,2016
5693,168937351,CN104174138B,2014-08-22,2014-08-22,7586,-1,2014
5694,186672152,CN106081757A,2015-07-23,2015-07-23,7588,70,2015
5695,186700154,CN106088116A,2016-08-04,2016-08-04,7589,18,2016
5696,186630348,CN106094813A,2016-05-26,2016-05-26,7590,5,2016
5697,186512701,CN106041962A,2016-08-03,2016-08-03,7597,2,2016
5698,186468960,CN205659320U,2016-05-17,2016-05-17,7598,14,2016
5699,167414101,JP6015474B2,2013-02-05,2013-02-05,7599,-1,2013
5700,155748042,CN103596631B,2011-07-29,2011-07-29,7602,-1,2011
5701,186376096,CN205651333U,2016-04-21,2016-04-21,7603,72,2016
5702,142218564,KR101665543B1,2009-08-12,2009-08-12,7606,-1,2009
5703,186222113,CN106005086A,2016-06-02,2016-06-02,7607,-1,2016
5704,186269880,CN205628635U,2016-01-29,2016-01-29,7609,23,2016
5705,171994880,EP3077163A1,2014-12-02,2014-12-02,7610,25,2014
5706,174213968,TWI552745B,2014-04-14,2014-04-14,7611,24,2014
5707,170823534,CN104476550B,2014-12-05,2014-12-05,7612,71,2014
5708,185474876,TW201634200A,2015-03-17,2015-03-17,7613,29,2015
5709,186015011,CN105965506A,2016-05-16,2016-05-16,7615,1,2016
5710,186027779,CN105965520A,2016-06-24,2016-06-24,7616,2,2016
5711,165003302,CN103676797B,2012-09-07,2012-09-07,7619,-1,2012
5712,185882251,CN105947200A,2016-05-19,2016-05-19,7620,-1,2016
5713,185894380,CN205586510U,2016-01-07,2016-01-07,7622,14,2016
5714,MYPI201570086020150318,MYPI2015700860A,2015-03-18,2015-03-18,7623,2,2015
5715,182223447,KR101653235B1,2016-03-11,2016-03-11,7625,-1,2016
5716,185656999,CN105930588A,2016-04-21,2016-04-21,7627,-1,2016
5717,185697623,CN205549266U,2016-03-11,2016-03-11,7628,-1,2016
5718,185719910,CN205555862U,2016-04-29,2016-04-29,7629,18,2016
5719,132217250,JP5987316B2,2009-06-05,2009-06-05,7631,9,2009
5720,185749930,KR1020160105055A,2015-02-27,2015-02-27,7632,-1,2015
5721,173041878,CN104816298B,2015-05-12,2015-05-12,7634,1,2015
5722,185505198,CN205521395U,2016-03-17,2016-03-17,7636,0,2016
5723,185558473,CN205521397U,2016-01-26,2016-01-26,7637,12,2016
5724,185568165,CN205521431U,2016-02-01,2016-02-01,7638,-1,2016
5725,185560243,CN205521502U,2016-01-28,2016-01-28,7639,16,2016
5726,185518786,CN205524559U,2016-04-11,2016-04-11,7640,0,2016
5727,172414739,US9427649B2,2014-12-24,2014-12-24,7641,14,2014
5728,185364149,US9427868B1,2015-02-24,2015-02-24,7642,63,2015
5729,185364163,JP2016153155A,2015-02-20,2015-02-20,7646,22,2015
5730,185364237,JP2016153156A,2015-02-20,2015-02-20,7647,22,2015
5731,169316272,CN104225895B,2014-10-13,2014-10-13,7649,14,2014
5732,171486127,CN104589310B,2014-12-29,2014-12-29,7650,4,2014
5733,185443282,CN105881543A,2014-11-26,2014-11-26,7651,2,2014
5734,185399816,CN105892829A,2016-04-02,2016-04-02,7653,2,2016
5735,185452980,CN205494954U,2016-03-28,2016-03-28,7654,11,2016
5736,185443446,CN205508319U,2016-03-16,2016-03-16,7655,31,2016
5737,163846068,JP5974220B2,2012-06-15,2012-06-15,7656,0,2012
5738,154545196,JP5975735B2,2012-05-30,2012-05-30,7657,-1,2012
5739,165639234,CN103770116B,2014-01-13,2014-01-13,7659,-1,2014
5740,171307899,CN104550348B,2015-01-31,2015-01-31,7660,18,2015
5741,183976202,CN205461015U,2016-03-17,2016-03-17,7661,11,2016
5742,185300642,CN205466309U,2016-03-25,2016-03-25,7662,12,2016
5743,185305133,CN205469365U,2016-03-31,2016-03-31,7663,0,2016
5744,185259704,CN205482613U,2016-01-26,2016-01-26,7664,14,2016
5745,185350878,KR1020160095789A,2015-02-04,2015-02-04,7665,52,2015
5746,185074522,DE202015101621U1,2015-03-31,2015-03-31,7666,25,2015
5747,185168677,AU2016101054A4,2016-07-11,2016-07-11,7668,11,2016
5748,171472569,CN104584861B,2015-01-20,2015-01-20,7669,-1,2015
5749,185104506,CN105835986A,2016-06-02,2016-06-02,7670,37,2016
5750,185082077,CN105843222A,2016-03-18,2016-03-18,7671,33,2016
5751,172442608,CN105849538A,2014-12-26,2014-12-26,7672,-1,2014
5752,185118299,CN205438576U,2016-04-10,2016-04-10,7673,-1,2016
5753,155541363,US9412010B2,2012-07-02,2012-07-02,7675,-1,2012
5754,185004178,CN205411952U,2016-03-11,2016-03-11,7676,-1,2016
5755,184977934,CN205415637U,2015-11-01,2015-11-01,7677,-1,2015
5756,184983136,CN205415691U,2015-12-04,2015-12-04,7678,2,2015
5757,172767142,JP5962679B2,2014-01-20,2014-01-20,7679,-1,2014
5758,176146191,TWI544367B,2013-01-29,2013-01-29,7680,-1,2013
5759,184756788,DE202015101427U1,2015-03-20,2015-03-20,7681,-1,2015
5760,165916495,AU2013204965B2,2013-04-12,2013-04-12,7682,75,2013
5761,184544691,CN205389272U,2016-01-17,2016-01-17,7685,-1,2016
5762,184483370,CN105751220A,2016-05-13,2016-05-13,7688,-1,2016
5763,184467681,CN105760894A,2016-03-16,2016-03-16,7689,70,2016
5764,TH120300041320120425,TH11740U,2012-04-25,2012-04-25,7690,-1,2012
5765,184347532,CN105726125A,2016-02-23,2016-02-23,7691,-1,2016
5766,184333927,CN105739437A,2016-04-21,2016-04-21,7692,-1,2016
5767,184378942,CN205369091U,2016-01-28,2016-01-28,7694,18,2016
5768,184351136,CN205375184U,2015-11-24,2015-11-24,7695,61,2015
5769,184269976,US9381961B1,2014-12-23,2014-12-23,7696,-1,2014
5770,317262537,FR3021572B1,2014-06-03,2014-06-03,7697,76,2014
5771,TH140100073220140211,TH153734A,2014-02-11,2014-02-11,7698,-1,2014
5772,170184560,CN104354784B,2014-10-17,2014-10-17,7699,0,2014
5773,184199963,CN205343143U,2016-01-22,2016-01-22,7700,-1,2016
5774,184200105,CN205354595U,2016-01-26,2016-01-26,7701,-1,2016
5775,173467384,US20160176375A1,2014-12-19,2014-12-19,7703,-1,2014
5776,170280887,CN104367405B,2014-11-21,2014-11-21,7704,4,2014
5777,184069171,CN105690390A,2016-04-10,2016-04-10,7706,-1,2016
5778,184069479,CN105690394A,2016-04-21,2016-04-21,7707,32,2016
5779,183947018,JP2016105865A,2016-03-14,2016-03-14,7708,-1,2016
5780,183757661,DE102014017899A1,2014-12-04,2014-12-04,7710,-1,2014
5781,183837994,CN105643632A,2016-03-24,2016-03-24,7711,-1,2016
5782,183720242,CN205281265U,2016-01-02,2016-01-02,7715,44,2016
5783,183521493,CN105599816A,2015-10-20,2015-10-20,7717,1,2015
5784,183536370,CN105602250A,2016-01-05,2016-01-05,7719,14,2016
5785,183545668,CN105605746A,2016-03-09,2016-03-09,7720,2,2016
5786,183513484,DE102014223771A1,2014-11-21,2014-11-21,7723,75,2014
5787,163722661,CA2819722C,2013-07-02,2013-07-02,7724,11,2013
5788,183361214,CN105583856A,2016-01-28,2016-01-28,7726,-1,2016
5789,183377494,CN105593076A,2014-09-30,2014-09-30,7727,-1,2014
5790,183406384,CN205235325U,2015-12-24,2015-12-24,7728,14,2015
5791,183393951,CN205239481U,2015-11-28,2015-11-28,7729,7,2015
5792,183435178,CN205220396U,2015-12-04,2015-12-04,7730,-1,2015
5793,183435296,CN205220397U,2015-12-04,2015-12-04,7731,-1,2015
5794,162579669,CN103345894B,2013-07-11,2013-07-11,7732,31,2013
5795,171526870,US9333652B2,2014-03-25,2014-03-25,7733,-1,2014
5796,183191924,CN105543020A,2016-01-05,2016-01-05,7737,14,2016
5797,183202421,CN105551278A,2016-01-25,2016-01-25,7739,31,2016
5798,183155345,CN205205713U,2015-12-17,2015-12-17,7741,31,2015
5799,183097273,DE202014010054U1,2014-12-19,2014-12-19,7742,22,2014
5800,183017054,DE102014221798A1,2014-10-27,2014-10-27,7743,28,2014
5801,183019272,CN105528081A,2015-12-31,2015-12-31,7744,10,2015
5802,183059477,CN205184805U,2015-11-26,2015-11-26,7745,4,2015
5803,183042962,CN205188823U,2015-10-19,2015-10-19,7746,-1,2015
5804,181060293,JP2016061302A,2014-09-12,2014-09-12,7747,-1,2014
5805,IR13945014000300529620150809,IR88467B,2015-08-09,2015-08-09,7748,0,2015
5806,169056995,CN104198105B,2014-09-24,2014-09-24,7750,-1,2014
5807,182914439,CN205166945U,2015-12-03,2015-12-03,7751,61,2015
5808,182903676,CN205172369U,2015-11-25,2015-11-25,7752,18,2015
5809,180478797,TW201614562A,2014-10-07,2014-10-07,7754,42,2014
5810,182601911,DE102015013507A1,2015-10-16,2015-10-16,7755,25,2015
5811,180849218,JP2016052697A,2014-09-03,2014-09-03,7756,-1,2014
5812,171492889,CN104589348B,2014-12-25,2014-12-25,7757,1,2014
5813,182688919,CN205148332U,2015-10-22,2015-10-22,7758,8,2015
5814,157558970,CN103042525B,2013-01-22,2013-01-22,7759,1,2013
5815,182797110,TWM520036U,2015-11-27,2015-11-27,7760,23,2015
5816,182151713,CN205125477U,2015-10-16,2015-10-16,7763,14,2015
5817,182183605,CN205129886U,2015-12-03,2015-12-03,7764,4,2015
5818,182147853,CN205139614U,2015-09-22,2015-09-22,7765,44,2015
5819,157979265,JP5899788B2,2011-10-17,2011-10-17,7767,-1,2011
5820,162347427,CN103318290B,2013-07-08,2013-07-08,7768,-1,2013
5821,181816619,CN205106482U,2015-11-11,2015-11-11,7770,-1,2015
5822,153501849,JP5897105B2,2012-03-21,2012-03-21,7771,-1,2012
5823,182220930,KR1020160032608A,2014-09-16,2014-09-16,7772,27,2014
5824,181457080,CN105415377A,2015-12-03,2015-12-03,7773,61,2015
5825,181458422,CN105425799A,2015-12-03,2015-12-03,7774,42,2015
5826,181484762,CN105430767A,2016-01-17,2016-01-17,7775,-1,2016
5827,181473880,CN205098334U,2015-09-30,2015-09-30,7776,-1,2015
5828,162709166,US9293016B2,2012-04-24,2012-04-24,7777,46,2012
5829,169046303,KR101606543B1,2014-04-29,2014-04-29,7778,65,2014
5830,181337422,CN105397814A,2014-08-28,2014-08-28,7780,44,2014
5831,180981405,CN105383308A,2015-12-04,2015-12-04,7783,-1,2015
5832,180964083,CN205075061U,2015-08-13,2015-08-13,7784,-1,2015
5833,180447999,US20160059412A1,2015-08-18,2015-08-18,7785,63,2015
5834,172042842,CN104690730B,2015-02-06,2015-02-06,7786,9,2015
5835,180769982,CN105365582A,2015-12-04,2015-12-04,7787,-1,2015
5836,180769995,CN105365583A,2015-12-04,2015-12-04,7788,-1,2015
5837,180809225,CN205059785U,2015-10-27,2015-10-27,7789,0,2015
5838,158837827,US20160052140A1,2013-12-19,2013-12-19,7791,21,2013
5839,180146121,CN105353670A,2015-09-22,2015-09-22,7792,44,2015
5840,179617081,CN105336133A,2014-08-11,2014-08-11,7793,46,2014
5841,176834960,WO2016020843A1,2015-08-04,2015-08-04,7795,2,2015
5842,178896601,CN205019680U,2015-09-16,2015-09-16,7796,0,2015
5843,178900008,CN205021596U,2015-09-21,2015-09-21,7797,29,2015
5844,178883316,CN205022730U,2015-08-13,2015-08-13,7798,-1,2015
5845,176188881,CN105286157A,2015-11-11,2015-11-11,7800,-1,2015
5846,176167526,CN105291853A,2015-12-04,2015-12-04,7801,-1,2015
5847,176169718,CN105303855A,2015-09-18,2015-09-18,7802,29,2015
5848,167627486,CN104036652B,2014-06-18,2014-06-18,7805,31,2014
5849,153501446,JP5845334B2,2012-03-20,2012-03-20,7808,-1,2012
5850,242427496,CN102262725B,2011-05-20,2011-05-20,7809,-1,2011
5851,158685853,CN103149933B,2013-02-27,2013-02-27,7810,-1,2013
5852,160416749,CN103217903B,2013-04-07,2013-04-07,7811,-1,2013
5853,175900751,CN204949169U,2015-09-25,2015-09-25,7812,39,2015
5854,175901399,CN204951264U,2015-09-17,2015-09-17,7813,14,2015
5855,175817553,CN204960892U,2015-07-15,2015-07-15,7814,18,2015
5856,166992498,TWI515605B,2013-01-29,2013-01-29,7815,-1,2013
5857,163114162,TWI516120B,2012-03-29,2012-03-29,7816,26,2012
5858,175587735,CN204910761U,2015-06-18,2015-06-18,7818,2,2015
5859,175586114,CN204926654U,2015-05-20,2015-05-20,7819,-1,2015
5860,139817955,JP5836565B2,2010-03-24,2010-03-24,7820,-1,2010
5861,175309870,CN105151155A,2015-09-30,2015-09-30,7824,-1,2015
5862,175288448,CN105158769A,2015-07-29,2015-07-29,7825,-1,2015
5863,175321020,CN204871266U,2015-04-23,2015-04-23,7826,2,2015
5864,175248483,TWM514083U,2015-04-02,2015-04-02,7827,8,2015
5865,175140279,CN105137449A,2015-07-24,2015-07-24,7837,50,2015
5866,155220879,US9205887B2,2011-02-17,2011-02-17,7839,-1,2011
5867,174976004,DE102014210362A1,2014-06-02,2014-06-02,7841,25,2014
5868,166709803,CN103923151B,2014-04-28,2014-04-28,7843,-1,2014
5869,174881959,CN105083502A,2015-07-23,2015-07-23,7846,54,2015
5870,167837511,US9193403B2,2013-09-26,2013-09-26,7847,-1,2013
5871,164940154,CN103661667B,2013-12-11,2013-12-11,7848,0,2013
5872,174755886,CN105060040A,2015-07-23,2015-07-23,7849,70,2015
5873,174759624,CN105060041A,2015-07-23,2015-07-23,7850,70,2015
5874,174797996,CN204766530U,2015-06-26,2015-06-26,7851,24,2015
5875,174812769,CN204775577U,2015-05-08,2015-05-08,7852,9,2015
5876,157835891,CN103072136B,2012-12-28,2012-12-28,7853,16,2012
5877,162936232,CN103373407B,2013-06-24,2013-06-24,7854,3,2013
5878,174142979,JP2015199174A,2014-04-09,2014-04-09,7855,25,2014
5879,174596290,CN105035287A,2015-07-23,2015-07-23,7857,54,2015
5880,174510468,CN204734957U,2015-06-17,2015-06-17,7858,11,2015
5881,161530351,CN103263256B,2013-04-28,2013-04-28,7859,24,2013
5882,174427357,CN204725494U,2015-04-16,2015-04-16,7861,4,2015
5883,174303251,CN204712061U,2015-05-15,2015-05-15,7869,4,2015
5884,174309290,CN204713233U,2015-02-27,2015-02-27,7870,-1,2015
5885,174299165,CN204718963U,2015-05-14,2015-05-14,7871,10,2015
5886,174216330,EP2933064A1,2014-04-17,2014-04-17,7872,58,2014
5887,163524872,CN103434581B,2013-08-08,2013-08-08,7876,0,2013
5888,170145121,TWI503756B,2013-08-15,2013-08-15,7877,41,2013
5889,173801811,JP2015167470A,2015-06-23,2015-06-23,7880,42,2015
5890,173841873,CN104924320A,2015-05-21,2015-05-21,7881,-1,2015
5891,173886253,CN204658463U,2014-12-19,2014-12-19,7884,22,2014
5892,165296562,CN103722565B,2014-01-23,2014-01-23,7885,1,2014
5893,173719175,CN104916188A,2014-03-11,2014-03-11,7886,0,2014
5894,166353969,CN104918775A,2013-12-16,2013-12-16,7887,-1,2013
5895,163666360,CN103465991B,2013-09-23,2013-09-23,7888,0,2013
5896,173561634,DE102014204251A1,2014-03-07,2014-03-07,7889,8,2014
5897,173604973,CN104888464A,2015-06-18,2015-06-18,7890,2,2015
5898,173641272,CN204622045U,2015-04-22,2015-04-22,7893,-1,2015
5899,173500307,CN104883423A,2015-06-18,2015-06-18,7895,64,2015
5900,173515562,CN204600319U,2015-05-18,2015-05-18,7896,-1,2015
5901,173439382,CN104865929A,2015-03-27,2015-03-27,7898,-1,2015
5902,173281687,CN104843102A,2015-03-17,2015-03-17,7902,-1,2015
5903,173177543,CN104827486A,2015-06-08,2015-06-08,7904,13,2015
5904,173203641,CN204541502U,2015-04-16,2015-04-16,7905,59,2015
5905,156435525,CN102975784B,2012-11-13,2012-11-13,7906,-1,2012
5906,173088316,CN204525487U,2015-02-06,2015-02-06,7909,0,2015
5907,164143485,CN103537087B,2013-09-23,2013-09-23,7910,14,2013
5908,165128652,US9089968B2,2013-12-05,2013-12-05,7912,-1,2013
5909,172852287,CN204489003U,2014-10-14,2014-10-14,7915,-1,2014
5910,172624172,CN204452651U,2014-12-26,2014-12-26,7918,0,2014
5911,172623750,CN204452652U,2014-12-26,2014-12-26,7919,0,2014
5912,172499306,CN204426944U,2015-02-12,2015-02-12,7921,2,2015
5913,172517143,CN204428215U,2014-11-21,2014-11-21,7922,4,2014
5914,172517179,CN204428216U,2014-11-21,2014-11-21,7923,4,2014
5915,172413803,TW201524814A,2013-12-27,2013-12-27,7924,23,2013
5916,162188530,TWI489965B,2012-02-08,2012-02-08,7925,-1,2012
5917,172264739,CN104724202A,2015-04-13,2015-04-13,7927,0,2015
5918,172281551,CN104731092A,2014-12-22,2014-12-22,7928,-1,2014
5919,172307831,CN204414097U,2014-12-29,2014-12-29,7929,4,2014
5920,172313845,CN204415556U,2014-12-08,2014-12-08,7930,0,2014
5921,142317232,DE102010018438B4,2010-04-27,2010-04-27,7931,-1,2010
5922,162619885,US20150161103A1,2012-04-10,2012-04-10,7932,21,2012
5923,172047368,CN204380195U,2015-01-22,2015-01-22,7935,14,2015
5924,172047314,CN204380196U,2015-01-22,2015-01-22,7936,14,2015
5925,171934376,CN204366968U,2015-01-04,2015-01-04,7941,10,2015
5926,142607868,DE102010045528B4,2010-09-15,2010-09-15,7942,-1,2010
5927,171277393,US9044859B2,2013-10-31,2013-10-31,7943,3,2013
5928,171804200,CN104645508A,2015-02-06,2015-02-06,7946,24,2015
5929,170479901,KR101523268B1,2013-07-30,2013-07-30,7951,70,2013
5930,171485131,CN104598675A,2015-01-07,2015-01-07,7957,-1,2015
5931,171459167,CN204311964U,2014-11-24,2014-11-24,7958,18,2014
5932,171459207,CN204311966U,2014-11-24,2014-11-24,7959,18,2014
5933,185770374,BG111602A,2013-10-22,2013-10-22,7961,12,2013
5934,171327267,CN204295698U,2014-11-27,2014-11-27,7962,-1,2014
5935,171160494,US20150111185A1,2013-10-21,2013-10-21,7963,11,2013
5936,171214661,CN104527832A,2014-12-26,2014-12-26,7964,0,2014
5937,171213801,CN104527833A,2014-12-26,2014-12-26,7965,0,2014
5938,165975545,TWI481980B,2012-12-05,2012-12-05,7966,55,2012
5939,171112149,CN204270146U,2014-12-22,2014-12-22,7967,15,2014
5940,150342068,CN102348102B,2010-07-30,2010-07-30,7968,-1,2010
5941,155160696,CN102853831B,2012-09-07,2012-09-07,7969,38,2012
5942,170780550,DE202013105501U1,2013-12-03,2013-12-03,7970,25,2013
5943,170780573,DE202013105504U1,2013-12-03,2013-12-03,7971,25,2013
5944,170788513,DE102013110905A1,2013-10-01,2013-10-01,7977,25,2013
5945,170780041,DE202013105203U1,2013-11-18,2013-11-18,7978,25,2013
5946,170850843,CN204242810U,2014-11-27,2014-11-27,7981,36,2014
5947,161987453,JP5692122B2,2012-03-05,2012-03-05,7982,-1,2012
5948,145230709,TWI478832B,2010-03-31,2010-03-31,7983,23,2010
5949,170722294,CN104434350A,2014-11-21,2014-11-21,7985,4,2014
5950,170716112,CN104465071A,2014-11-27,2014-11-27,7986,-1,2014
5951,158259032,TWI478107B,2011-11-29,2011-11-29,7987,-1,2011
5952,170425730,DE202013105036U1,2013-11-08,2013-11-08,7988,-1,2013
5953,170598826,CN204207925U,2014-11-04,2014-11-04,7989,24,2014
5954,170551050,FR3010528A1,2013-09-12,2013-09-12,7990,21,2013
5955,170333948,DE202013104860U1,2013-10-30,2013-10-30,7992,25,2013
5956,170326194,US20150066156A1,2014-08-27,2014-08-27,7994,19,2014
5957,170147640,DE202013104389U1,2013-09-26,2013-09-26,7995,25,2013
5958,170147684,DE202013104544U1,2013-10-08,2013-10-08,7996,25,2013
5959,170346604,JP2015037467A,2013-05-14,2013-05-14,7997,8,2013
5960,170050407,DE202013104264U1,2013-09-18,2013-09-18,8001,25,2013
5961,170050650,DE202013104392U1,2013-09-26,2013-09-26,8002,25,2013
5962,170096100,CN104340779A,2013-07-23,2013-07-23,8005,23,2013
5963,170097284,CN204150142U,2014-10-23,2014-10-23,8006,0,2014
5964,170101040,CN204153050U,2014-10-17,2014-10-17,8007,0,2014
5965,146971987,TWI473026B,2010-06-30,2010-06-30,8009,-1,2010
5966,169985816,CN204143709U,2014-11-25,2014-11-25,8010,14,2014
5967,169709698,TW201504130A,2013-07-17,2013-07-17,8011,23,2013
5968,147417150,TWI471825B,2010-07-27,2010-07-27,8012,43,2010
5969,153311011,JP5659349B2,2011-02-25,2011-02-25,8013,20,2011
5970,153823609,JP5659898B2,2011-03-22,2011-03-22,8014,-1,2011
5971,160281954,US8942848B2,2012-07-06,2012-07-06,8015,-1,2012
5972,169760572,CN104297775A,2014-10-22,2014-10-22,8017,24,2014
5973,157666403,CN103057619B,2013-01-25,2013-01-25,8019,0,2013
5974,169643342,JP2015006650A,2013-06-26,2013-06-26,8020,31,2013
5975,169650169,CN104275695A,2013-07-04,2013-07-04,8021,28,2013
5976,166985406,TWI469098B,2013-01-25,2013-01-25,8023,43,2013
5977,169517953,CN104260097A,2014-05-09,2014-05-09,8024,2,2014
5978,169452725,CN204067830U,2014-07-07,2014-07-07,8026,18,2014
5979,151198177,TWI466545B,2010-10-12,2010-10-12,8028,26,2010
5980,169172006,US20140370779A1,2014-06-11,2014-06-11,8029,11,2014
5981,145360457,CN102211547B,2010-04-01,2010-04-01,8031,23,2010
5982,169148181,CN203993890U,2014-01-13,2014-01-13,8032,-1,2014
5983,169132377,CN204010327U,2014-06-18,2014-06-18,8033,31,2014
5984,168953327,CN203974997U,2014-08-14,2014-08-14,8035,0,2014
5985,147093656,CN102314856B,2010-07-06,2010-07-06,8036,-1,2010
5986,154857969,TWI461593B,2011-06-14,2011-06-14,8037,23,2011
5987,168776791,CN104149101A,2014-04-03,2014-04-03,8038,67,2014
5988,168757770,CN104155965A,2014-09-03,2014-09-03,8039,38,2014
5989,153465006,CN102672719B,2012-05-10,2012-05-10,8040,1,2012
5990,157741806,EP2800688A2,2012-10-23,2012-10-23,8041,60,2012
5991,158614494,TWI460686B,2011-12-13,2011-12-13,8042,43,2011
5992,169047630,KR1020140129446A,2013-04-29,2013-04-29,8043,57,2013
5993,132840943,KR101460140B1,2008-04-16,2008-04-16,8045,32,2008
5994,153488380,US8880221B2,2012-03-20,2012-03-20,8046,-1,2012
5995,168318523,TW201441075A,2013-04-23,2013-04-23,8047,23,2013
5996,168404183,TW201441079A,2013-04-24,2013-04-24,8048,23,2013
5997,168460083,CN104118384A,2013-04-26,2013-04-26,8049,23,2013
5998,168443653,CN104118489A,2014-08-14,2014-08-14,8050,0,2014
5999,168489688,CN203899136U,2014-01-30,2014-01-30,8051,-1,2014
6000,168283778,CN203883372U,2014-06-10,2014-06-10,8052,18,2014
6001,154600154,CN102806563B,2012-09-11,2012-09-11,8053,4,2012
6002,153968427,KR101451061B1,2011-12-30,2011-12-30,8054,-1,2011
6003,168106995,JP2014188645A,2013-03-28,2013-03-28,8056,22,2013
6004,162429191,TWI454612B,2012-03-29,2012-03-29,8057,23,2012
6005,153488370,US8849454B2,2012-03-20,2012-03-20,8058,-1,2012
6006,153097535,CN102646148B,2012-04-25,2012-04-25,8061,1,2012
6007,TR20130221920130225,TR201302219A2,2013-02-25,2013-02-25,8062,-1,2013
6008,158612017,TWI453154B,2011-12-09,2011-12-09,8063,23,2011
6009,167581483,US20140254896A1,2014-05-23,2014-05-23,8064,-1,2014
6010,139730292,CN102356417B,2009-03-17,2009-03-17,8066,-1,2009
6011,164180118,US8824781B2,2013-10-07,2013-10-07,8067,-1,2013
6012,168093671,KR101438003B1,2013-04-24,2013-04-24,8068,8,2013
6013,152278222,CN102512795B,2011-12-30,2011-12-30,8070,14,2011
6014,167234457,CN103978484A,2014-03-04,2014-03-04,8072,3,2014
6015,157851006,TWI448976B,2011-08-05,2011-08-05,8073,23,2011
6016,165553189,RU2524875C2,2012-10-22,2012-10-22,8074,14,2012
6017,167124991,CN103962982A,2013-01-27,2013-01-27,8075,18,2013
6018,167138456,CN103963868A,2014-05-12,2014-05-12,8076,0,2014
6019,167138772,CN103970076A,2013-01-30,2013-01-30,8077,38,2013
6020,166986184,US20140213951A1,2012-06-25,2012-06-25,8081,48,2012
6021,167008877,CN203738813U,2014-04-03,2014-04-03,8082,67,2014
6022,142317238,CN102145489B,2010-04-30,2010-04-30,8084,-1,2010
6023,145163289,CN102202443B,2010-03-25,2010-03-25,8085,23,2010
6024,166158030,KR101421230B1,2012-10-31,2012-10-31,8086,-1,2012
6025,166252383,KR1020140079604A,2012-12-17,2012-12-17,8088,-1,2012
6026,166310057,CN103871008A,2014-03-19,2014-03-19,8089,26,2014
6027,166278261,CN203648064U,2013-12-31,2013-12-31,8090,11,2013
6028,166285835,CN203660923U,2014-01-10,2014-01-10,8091,12,2014
6029,166214071,CN203643256U,2013-10-29,2013-10-29,8093,16,2013
6030,151455080,CN102431042B,2011-09-19,2011-09-19,8094,13,2011
6031,165971621,US20140150806A1,2012-12-02,2012-12-02,8096,60,2012
6032,158039659,JP5509226B2,2012-01-30,2012-01-30,8098,1,2012
6033,137610416,CA2741710C,2009-10-29,2009-10-29,8099,-1,2009
6034,157770015,TWI439967B,2011-10-31,2011-10-31,8100,43,2011
6035,165906605,WO2014080733A1,2013-10-31,2013-10-31,8101,10,2013
6036,165951008,CN203612098U,2013-11-20,2013-11-20,8102,67,2013
6037,165807992,IN1626MUM2014A,2014-05-12,2014-05-12,8104,-1,2014
6038,165821212,CN103803423A,2012-11-14,2012-11-14,8106,-1,2012
6039,165847238,CN203600251U,2013-12-03,2013-12-03,8107,19,2013
6040,150619824,TWI438703B,2010-08-20,2010-08-20,8108,-1,2010
6041,162819044,TWI438728B,2012-04-25,2012-04-25,8109,23,2012
6042,166145756,KR101398880B1,2013-04-24,2013-04-24,8110,8,2013
6043,165644995,CN103770111A,2012-10-24,2012-10-24,8111,1,2012
6044,165599343,CN203577314U,2013-12-03,2013-12-03,8113,11,2013
6045,153849324,CN102736628B,2012-06-12,2012-06-12,8114,3,2012
6046,156788307,TWI435842B,2011-09-27,2011-09-27,8115,23,2011
6047,165494540,CN103753553A,2014-01-24,2014-01-24,8116,-1,2014
6048,165496043,CN103753573A,2014-01-24,2014-01-24,8117,29,2014
6049,165493869,CN103753582A,2014-01-24,2014-01-24,8118,8,2014
6050,165494421,CN103759734A,2014-01-24,2014-01-24,8119,29,2014
6051,165496480,CN103761821A,2014-01-24,2014-01-24,8121,69,2014
6052,165493529,CN103761884A,2014-01-24,2014-01-24,8122,29,2014
6053,155025513,EP2723296A2,2012-06-25,2012-06-25,8123,48,2012
6054,157531723,ES2400996B1,2011-05-18,2011-05-18,8125,-1,2011
6055,165414037,CN103736231A,2014-01-24,2014-01-24,8126,29,2014
6056,165417583,CN103738428A,2013-12-27,2013-12-27,8127,37,2013
6057,165431183,CN103745556A,2013-12-23,2013-12-23,8128,46,2013
6058,165430869,CN103745557A,2013-12-23,2013-12-23,8129,46,2013
6059,155731167,US8706299B2,2011-08-02,2011-08-02,8130,-1,2011
6060,165276988,WO2014056376A1,2013-09-06,2013-09-06,8131,46,2013
6061,161969283,FR2987735B1,2012-03-08,2012-03-08,8134,16,2012
6062,142424106,JP5464514B2,2009-08-21,2009-08-21,8137,22,2009
6063,165033792,WO2014048444A1,2012-09-25,2012-09-25,8138,22,2012
6064,165059882,CN103692453A,2013-12-20,2013-12-20,8139,19,2013
6065,164990118,CN103661669A,2012-09-26,2012-09-26,8141,0,2012
6066,164686268,CN103676447A,2012-09-07,2012-09-07,8142,-1,2012
6067,165007246,CN103680234A,2012-08-30,2012-08-30,8144,8,2012
6068,164965679,CN203495949U,2013-09-10,2013-09-10,8145,4,2013
6069,157640454,US8682485B2,2012-11-20,2012-11-20,8146,-1,2012
6070,164823521,CN103642251A,2013-12-12,2013-12-12,8147,20,2013
6071,164711459,CN103633216A,2013-11-07,2013-11-07,8148,66,2013
6072,162828745,PT106205B,2012-03-13,2012-03-13,8149,12,2012
6073,158399002,JP5433872B2,2011-11-21,2011-11-21,8150,14,2011
6074,165240521,KR1020140025814A,2012-08-22,2012-08-22,8151,42,2012
6075,153795800,TWI428508B,2011-04-12,2011-04-12,8152,26,2011
6076,164808848,TWM471819U,2013-10-29,2013-10-29,8153,-1,2013
6077,164183071,US20140039675A1,2012-08-03,2012-08-03,8155,5,2012
6078,161976001,US8630763B2,2013-05-01,2013-05-01,8159,-1,2013
6079,164315604,TWM469749U,2013-09-13,2013-09-13,8160,46,2013
6080,163790523,US8621954B1,2011-06-06,2011-06-06,8162,73,2011
6081,164313127,TWM469111U,2013-09-13,2013-09-13,8164,11,2013
6082,150591602,TWI420440B,2010-08-16,2010-08-16,8166,-1,2010
6083,164111542,TWM468742U,2012-12-27,2012-12-27,8167,43,2012
6084,150988193,JP2013544689A,2011-09-21,2011-09-21,8168,-1,2011
6085,143114875,RU2012120102A,2010-10-11,2010-10-11,8172,-1,2010
6086,163264964,JP2013237126A,2012-05-15,2012-05-15,8174,3,2012
6087,163270113,CN103406917A,2013-08-30,2013-08-30,8175,2,2013
6088,146222375,US8594425B2,2010-08-11,2010-08-11,8176,-1,2010
6089,163201246,CN203294226U,2013-06-17,2013-06-17,8177,0,2013
6090,163120187,CN203280795U,2013-06-25,2013-06-25,8179,31,2013
6091,150947744,US8582867B2,2011-09-11,2011-09-11,8180,-1,2011
6092,163012209,CN103382473A,2013-07-24,2013-07-24,8181,-1,2013
6093,162941043,CN103377558A,2012-04-26,2012-04-26,8184,23,2012
6094,162738657,JP2013216408A,2012-04-05,2012-04-05,8185,70,2012
6095,162763636,CN103362393A,2012-03-30,2012-03-30,8186,23,2012
6096,162762441,CN103365294A,2012-03-29,2012-03-29,8187,-1,2012
6097,147165487,CN102323818B,2011-07-12,2011-07-12,8189,1,2011
6098,140844469,US8554370B2,2010-01-29,2010-01-29,8191,47,2010
6099,TH080100447620080829,TH127967A,2008-08-29,2008-08-29,8192,-1,2008
6100,162434753,DE102012006180A1,2012-03-27,2012-03-27,8193,25,2012
6101,162301227,TW201339903A,2012-03-26,2012-03-26,8195,-1,2012
6102,147101710,CN102310411B,2011-07-12,2011-07-12,8197,4,2011
6103,162225981,CN203198620U,2013-04-10,2013-04-10,8199,-1,2013
6104,161584273,TW201337867A,2012-03-02,2012-03-02,8200,-1,2012
6105,161958099,DE102012007242A1,2012-03-09,2012-03-09,8203,22,2012
6106,151990005,CN102494910B,2011-11-30,2011-11-30,8207,16,2011
6107,161779667,CN103273980A,2013-06-17,2013-06-17,8210,0,2013
6108,157548834,WO2013121469A1,2012-06-14,2012-06-14,8211,2,2012
6109,161306722,CN203149981U,2013-04-03,2013-04-03,8212,59,2013
6110,161042098,CN203121967U,2013-01-04,2013-01-04,8214,20,2013
6111,121141938,JP5261495B2,2008-10-24,2008-10-24,8215,-1,2008
6112,160683488,CN103231751A,2013-04-07,2013-04-07,8216,0,2013
6113,139370861,JP5249969B2,2010-02-16,2010-02-16,8217,-1,2010
6114,147000302,CN102306017B,2011-05-30,2011-05-30,8218,67,2011
6115,151096606,CN102389359B,2011-07-14,2011-07-14,8219,19,2011
6116,160274240,KR101286981B1,2011-12-19,2011-12-19,8222,67,2011
6117,146319805,TWI401473B,2009-06-12,2009-06-12,8223,51,2009
6118,160194177,CN103197671A,2012-01-04,2012-01-04,8224,1,2012
6119,143742959,US8483879B2,2009-11-30,2009-11-30,8225,-1,2009
6120,131167777,JP5228589B2,2008-04-10,2008-04-10,8227,-1,2008
6121,147175349,CN102324099B,2011-09-05,2011-09-05,8228,35,2011
6122,159063931,TW201328340A,2011-12-27,2011-12-27,8229,23,2011
6123,160013706,CN203019371U,2012-12-28,2012-12-28,8230,16,2012
6124,160007104,CN103175789A,2013-03-05,2013-03-05,8231,54,2013
6125,158883422,CN103164923A,2011-12-14,2011-12-14,8232,43,2011
6126,160276238,KR1020130064270A,2011-12-08,2011-12-08,8233,-1,2011
6127,158722115,CN202983198U,2012-11-19,2012-11-19,8236,11,2012
6128,158700581,CN202987317U,2013-01-10,2013-01-10,8237,-1,2013
6129,158708843,CN202993169U,2012-12-18,2012-12-18,8238,66,2012
6130,158690613,CN103144599A,2012-12-16,2012-12-16,8240,31,2012
6131,237505645,US8457830B2,2011-03-21,2011-03-21,8243,-1,2011
6132,158763887,KR1020130054798A,2011-11-17,2011-11-17,8247,-1,2011
6133,158084485,CN103116360A,2013-01-31,2013-01-31,8248,54,2013
6134,154029544,US8443693B2,2012-07-19,2012-07-19,8249,-1,2012
6135,156269220,KR101262840B1,2011-08-05,2011-08-05,8251,22,2011
6136,143865431,CN102085666B,2010-12-29,2010-12-29,8255,4,2010
6137,157839048,CN103075999A,2013-01-23,2013-01-23,8257,23,2013
6138,157681867,CN103065629A,2012-11-20,2012-11-20,8260,2,2012
6139,203679545,RU2479414C,2009-10-29,2009-10-29,8261,-1,2009
6140,157609277,CN202878318U,2012-09-11,2012-09-11,8263,4,2012
6141,240076268,EP2281668B1,2006-09-29,2006-09-29,8264,-1,2006
6142,137582618,JP5186318B2,2008-09-18,2008-09-18,8266,12,2008
6143,154074275,KR101255807B1,2011-03-31,2011-03-31,8269,-1,2011
6144,157021482,CN103021119A,2012-12-13,2012-12-13,8271,46,2012
6145,157021338,CN103021120A,2012-12-13,2012-12-13,8272,46,2012
6146,145425283,TWI391881B,2008-12-26,2008-12-26,8274,53,2008
6147,156465726,CN202806656U,2012-01-19,2012-01-19,8275,-1,2012
6148,156465458,CN202806930U,2012-04-27,2012-04-27,8276,0,2012
6149,156280218,CN202787109U,2012-08-26,2012-08-26,8278,31,2012
6150,156299155,CN202794402U,2012-09-21,2012-09-21,8279,28,2012
6151,131180562,JP5163227B2,2008-03-28,2008-03-28,8280,-1,2008
6152,142317234,CN102029610B,2010-04-30,2010-04-30,8281,-1,2010
6153,144318681,CN102124874B,2011-01-06,2011-01-06,8282,39,2011
6154,121133083,US8396595B2,2008-10-24,2008-10-24,8283,-1,2008
6155,158644394,TWM448303U,2012-11-08,2012-11-08,8284,-1,2012
6156,156158516,US20130059284A1,2012-09-06,2012-09-06,8285,11,2012
6157,120842614,JP5156836B2,2008-10-24,2008-10-24,8286,-1,2008
6158,156179599,CN102955461A,2011-08-31,2011-08-31,8287,23,2011
6159,156046334,TW201310398A,2011-08-30,2011-08-30,8288,23,2011
6160,155968249,JP5148669B2,2010-08-30,2010-08-30,8289,35,2010
6161,121147962,CN101408435B,2008-10-31,2008-10-31,8294,1,2008
6162,155730428,DE102011109144A1,2011-08-02,2011-08-02,8295,-1,2011
6163,155795936,CN202720819U,2012-08-20,2012-08-20,8298,24,2012
6164,155775522,CN102915044A,2012-10-25,2012-10-25,8299,2,2012
6165,138382481,US8369991B2,2009-12-17,2009-12-17,8300,-1,2009
6166,142608062,US8369992B2,2009-09-22,2009-09-22,8301,-1,2009
6167,155667121,CN102896632A,2012-05-04,2012-05-04,8302,1,2012
6168,142317236,US8364314B2,2009-11-24,2009-11-24,8304,-1,2009
6169,159491702,TWM445642U,2010-09-10,2010-09-10,8306,31,2010
6170,155388921,CN202669948U,2012-06-28,2012-06-28,8307,9,2012
6171,155420287,CN102883348A,2012-09-29,2012-09-29,8308,-1,2012
6172,138637138,US8352077B2,2009-11-02,2009-11-02,8310,-1,2009
6173,155084274,US8346391B1,2006-12-28,2006-12-28,8312,-1,2006
6174,154969984,CN102828643A,2011-06-15,2011-06-15,8314,23,2011
6175,154546980,TW201249713A,2011-06-02,2011-06-02,8315,26,2011
6176,138386218,US8332068B2,2009-11-02,2009-11-02,8318,-1,2009
6177,142317235,CN101947787B,2010-04-30,2010-04-30,8321,-1,2010
6178,154602853,CN102809969A,2011-06-03,2011-06-03,8322,26,2011
6179,151257706,KR101210498B1,2010-08-27,2010-08-27,8323,-1,2010
6180,154406694,JP2012232352A,2011-04-28,2011-04-28,8324,2,2011
6181,317818531,WO2012159264A1,2011-05-24,2011-05-24,8325,-1,2011
6182,125768385,JP5083763B2,2007-10-26,2007-10-26,8327,-1,2007
6183,154193849,JP2012223864A,2011-04-21,2011-04-21,8328,-1,2011
6184,146618757,CN102288336B,2011-07-21,2011-07-21,8329,0,2011
6185,125768717,JP5069538B2,2007-10-26,2007-10-26,8331,45,2007
6186,153979731,JP2012210703A,2012-05-02,2012-05-02,8332,38,2012
6187,154010630,CN202507280U,2011-12-08,2011-12-08,8333,2,2011
6188,154000394,CN202511972U,2012-03-05,2012-03-05,8334,31,2012
6189,142252421,CN101972197B,2010-11-28,2010-11-28,8337,24,2010
6190,153933191,CN202497615U,2012-04-04,2012-04-04,8338,-1,2012
6191,153921052,CN102749919A,2012-06-15,2012-06-15,8339,3,2012
6192,142615069,US8291788B2,2009-09-22,2009-09-22,8340,-1,2009
6193,153827344,CN102734193A,2011-04-13,2011-04-13,8342,26,2011
6194,153721691,JP2012192502A,2011-03-17,2011-03-17,8345,-1,2011
6195,153783665,CN102717381A,2012-06-06,2012-06-06,8347,1,2012
6196,130546618,JP5040693B2,2008-02-04,2008-02-04,8348,-1,2008
6197,153628931,CN102699926A,2012-06-07,2012-06-07,8349,4,2012
6198,153731356,KR1020120105611A,2011-03-16,2011-03-16,8354,1,2011
6199,145423895,TWI373012B,2008-12-26,2008-12-26,8355,53,2008
6200,153452688,CN202441677U,2011-12-29,2011-12-29,8356,-1,2011
6201,153478674,CN102681856A,2012-05-31,2012-05-31,8358,65,2012
6202,154722680,TW201238326A,2011-03-04,2011-03-04,8359,11,2011
6203,153347566,CN202432927U,2011-12-14,2011-12-14,8361,14,2011
6204,153382446,CN102658548A,2012-05-04,2012-05-04,8362,1,2012
6205,319028050,IN3583CHENP2011A,2011-05-25,2011-05-25,8363,-1,2011
6206,141862469,CN101947152B,2010-09-11,2010-09-11,8364,2,2010
6207,153184219,CN202397747U,2011-12-08,2011-12-08,8365,8,2011
6208,153193443,CN202406073U,2012-01-11,2012-01-11,8366,-1,2012
6209,142906131,CN101993151B,2009-08-27,2009-08-27,8367,-1,2009
6210,150663352,FR2964055B1,2010-08-27,2010-08-27,8369,-1,2010
6211,153065875,CN202376714U,2011-12-31,2011-12-31,8370,14,2011
6212,153062448,CN202378991U,2011-12-29,2011-12-29,8371,0,2011
6213,140510335,JP4998506B2,2009-04-22,2009-04-22,8372,-1,2009
6214,152960524,CN102628690A,2012-04-19,2012-04-19,8373,54,2012
6215,152824743,WO2012102442A1,2011-05-19,2011-05-19,8374,44,2011
6216,152569673,CN202315291U,2011-09-30,2011-09-30,8375,-1,2011
6217,152564061,CN102566474A,2012-03-12,2012-03-12,8376,2,2012
6218,152558828,CN102570616A,2012-02-16,2012-02-16,8377,46,2012
6219,150711156,GB2486980A,2011-12-22,2011-12-22,8378,-1,2011
6220,152371848,CN102526795A,2012-02-15,2012-02-15,8379,20,2012
6221,141747758,CN101941207B,2010-03-12,2010-03-12,8380,4,2010
6222,122382524,US8195332B2,2008-11-19,2008-11-19,8384,-1,2008
6223,118745635,US8195343B2,2008-05-19,2008-05-19,8385,-1,2008
6224,151798653,CN202257212U,2011-08-18,2011-08-18,8386,44,2011
6225,141747764,CN101941205B,2010-03-12,2010-03-12,8387,4,2010
6226,145497039,FR2959208B1,2010-04-22,2010-04-22,8388,60,2010
6227,151720135,CN102463583A,2010-11-16,2010-11-16,8389,20,2010
6228,151622506,JP2012091300A,2010-10-28,2010-10-28,8390,-1,2010
6229,151539664,CN102447881A,2010-10-13,2010-10-13,8392,26,2010
6230,151539814,CN102447882A,2010-10-13,2010-10-13,8393,26,2010
6231,146210434,KR101144755B1,2010-03-12,2010-03-12,8395,2,2010
6232,141747762,CN101941206B,2010-03-12,2010-03-12,8396,4,2010
6233,143364530,CN102039598B,2010-11-04,2010-11-04,8397,4,2010
6234,151462873,CN102431604A,2011-11-09,2011-11-09,8399,-1,2011
6235,151457899,CN102434543A,2011-12-29,2011-12-29,8400,-1,2011
6236,151348055,TW201217920A,2010-10-22,2010-10-22,8401,43,2010
6237,151347010,TW201217921A,2010-10-22,2010-10-22,8402,43,2010
6238,151283198,TW201218091A,2010-10-19,2010-10-19,8403,26,2010
6239,118749339,US8170287B2,2008-10-24,2008-10-24,8404,-1,2008
6240,143613836,ES2359212B2,2008-01-15,2008-01-15,8405,14,2008
6241,118776850,CN101364082B,2008-09-26,2008-09-26,8406,-1,2008
6242,151345244,CN102419926A,2011-11-09,2011-11-09,8407,-1,2011
6243,151201616,TW201216711A,2010-10-12,2010-10-12,8409,26,2010
6244,229127568,TWM424985U,2011-11-22,2011-11-22,8412,11,2011
6245,151009735,CN102385716A,2010-09-01,2010-09-01,8413,-1,2010
6246,241908102,US8139068B2,2006-07-26,2006-07-26,8414,68,2006
6247,150618291,CN102371586A,2011-07-11,2011-07-11,8415,22,2011
6248,150903197,CN102374646A,2010-08-17,2010-08-17,8416,-1,2010
6249,150898592,CN102375416A,2010-08-13,2010-08-13,8417,-1,2010
6250,150766102,CN102363302A,2011-10-25,2011-10-25,8423,4,2011
6251,150688105,CN102357889A,2011-09-07,2011-09-07,8426,4,2011
6252,150688832,CN102358287A,2011-09-05,2011-09-05,8427,7,2011
6253,150692459,CN102360190A,2011-08-18,2011-08-18,8428,44,2011
6254,139035717,CN101733758B,2010-01-08,2010-01-08,8429,4,2010
6255,149078294,US20120035762A1,2011-10-14,2011-10-14,8431,45,2011
6256,147220974,TW201205449A,2010-07-20,2010-07-20,8434,26,2010
6257,148051514,CN102335902A,2010-07-15,2010-07-15,8436,-1,2010
6258,148051518,CN102335905A,2010-07-15,2010-07-15,8437,-1,2010
6259,147229834,WO2012011182A1,2010-07-22,2010-07-22,8439,3,2010
6260,147168540,CN102323817A,2011-06-07,2011-06-07,8441,-1,2011
6261,147047529,TW201201972A,2010-07-09,2010-07-09,8444,-1,2010
6262,147047586,TW201201978A,2010-07-09,2010-07-09,8445,-1,2010
6263,152652793,TWM420787U,2011-03-11,2011-03-11,8446,50,2011
6264,146978697,DE102010045701B3,2010-09-16,2010-09-16,8448,-1,2010
6265,139079807,CN101763119B,2009-12-16,2009-12-16,8450,-1,2009
6266,141211009,CN101915975B,2010-06-25,2010-06-25,8451,2,2010
6267,147003054,CN102303317A,2011-08-15,2011-08-15,8452,4,2011
6268,143597671,KR101103862B1,2009-08-31,2009-08-31,8454,4,2009
6269,147505165,KR1020110136930A,2010-06-16,2010-06-16,8456,-1,2010
6270,129620060,CN101439733B,2007-11-21,2007-11-21,8457,7,2007
6271,142412736,CN101982809B,2010-09-30,2010-09-30,8458,40,2010
6272,146627199,CN102289946A,2011-07-25,2011-07-25,8460,31,2011
6273,146437505,CN202075069U,2011-02-28,2011-02-28,8461,-1,2011
6274,114484770,JP4833121B2,2007-03-16,2007-03-16,8462,-1,2007
6275,145756933,CN102233583A,2011-05-13,2011-05-13,8465,4,2011
6276,153301388,TW201135681A,2010-04-09,2010-04-09,8468,75,2010
6277,145314927,CN201996802U,2011-03-06,2011-03-06,8469,24,2011
6278,162261564,JP4788976B2,2008-09-09,2008-09-09,8470,-1,2008
6279,111917314,TWI349870B,2006-11-22,2006-11-22,8472,-1,2006
6280,162151620,JP4780147B2,2008-06-16,2008-06-16,8474,-1,2008
6281,139674191,CN101823517B,2010-05-11,2010-05-11,8475,37,2010
6282,145111518,CN201984350U,2010-12-22,2010-12-22,8477,-1,2010
6283,130064240,KR101066999B1,2008-10-31,2008-10-31,8479,2,2008
6284,145037276,CN201970314U,2010-12-29,2010-12-29,8480,4,2010
6285,145020987,CN102183956A,2011-02-24,2011-02-24,8481,3,2011
6286,139943668,KR101064638B1,2009-02-17,2009-02-17,8482,-1,2009
6287,144625518,CN102152315A,2011-02-01,2011-02-01,8484,20,2011
6288,144535182,JP2011155267A,2011-02-18,2011-02-18,8485,0,2011
6289,144385204,CN201906310U,2010-12-09,2010-12-09,8487,59,2010
6290,144257509,KR1020110084630A,2010-01-18,2010-01-18,8488,1,2010
6291,132412440,CN101598118B,2007-06-29,2007-06-29,8489,-1,2007
6292,136351367,CN101673116B,2009-09-30,2009-09-30,8490,1,2009
6293,144325980,CN102126220A,2010-01-12,2010-01-12,8492,63,2010
6294,141305036,FR2947236B1,2009-06-30,2009-06-30,8493,-1,2009
6295,144186850,US20110172822A1,2010-07-23,2010-07-23,8494,-1,2010
6296,143741217,BRPI0904540A2,2009-11-27,2009-11-27,8497,2,2009
6297,144095176,CN201881383U,2010-11-28,2010-11-28,8498,24,2010
6298,143935921,USRE042469E,2008-09-17,2008-09-17,8499,64,2008
6299,143781911,JP2011105307A,2011-01-05,2011-01-05,8501,0,2011
6300,143003285,CN201784730U,2010-01-20,2010-01-20,8510,0,2010
6301,156368314,JP2011065652A,2010-10-01,2010-10-01,8511,-1,2010
6302,142903541,CN101995877A,2009-08-31,2009-08-31,8512,44,2009
6303,142579341,CN201763795U,2010-07-22,2010-07-22,8515,18,2010
6304,114841594,JP4647687B2,2006-04-18,2006-04-18,8516,-1,2006
6305,142964945,KR1020110015314A,2009-08-07,2009-08-07,8523,-1,2009
6306,120626486,CN101403619B,2008-10-21,2008-10-21,8526,47,2008
6307,138879150,KR101012739B1,2008-12-10,2008-12-10,8527,-1,2008
6308,138122860,KR101012918B1,2008-08-20,2008-08-20,8528,4,2008
6309,132406268,CN101592951B,2009-07-02,2009-07-02,8531,44,2009
6310,141359061,KR1020110003146A,2009-07-03,2009-07-03,8535,-1,2009
6311,141424994,CN201692632U,2010-02-11,2010-02-11,8539,11,2010
6312,130600290,CN101508115B,2009-03-27,2009-03-27,8540,4,2009
6313,141223699,CN201670291U,2010-05-11,2010-05-11,8542,37,2010
6314,141165959,CN201664922U,2010-02-06,2010-02-06,8544,4,2010
6315,140902371,WO2010132132A1,2010-02-05,2010-02-05,8548,47,2010
6316,109029945,CN101045300B,2006-03-31,2006-03-31,8549,4,2006
6317,142317233,US20100280662A1,2010-03-10,2010-03-10,8550,-1,2010
6318,159654997,TWM391143U,2010-04-14,2010-04-14,8552,75,2010
6319,161847072,JP4542067B2,2006-06-12,2006-06-12,8555,-1,2006
6320,139400112,CN101804637A,2010-03-17,2010-03-17,8558,4,2010
6321,139444430,CN201548827U,2009-12-11,2009-12-11,8559,21,2009
6322,129620136,CN101439738B,2008-10-31,2008-10-31,8560,1,2008
6323,139391773,CN101797752A,2010-04-16,2010-04-16,8561,49,2010
6324,138632621,KR1020100086262A,2009-01-22,2009-01-22,8562,2,2009
6325,114446827,CN101234489B,2008-01-04,2008-01-04,8563,4,2008
6326,138635985,US20100183205A1,2008-06-12,2008-06-12,8564,-1,2008
6327,138625072,WO2010080370A1,2009-12-14,2009-12-14,8568,-1,2009
6328,138625071,WO2010080448A1,2009-12-16,2009-12-16,8569,-1,2009
6329,138513864,JP2010137289A,2008-12-09,2008-12-09,8571,1,2008
6330,299463161,WO2010071773A1,2009-12-14,2009-12-14,8575,-1,2009
6331,119455124,CN101380740B,2008-10-14,2008-10-14,8576,0,2008
6332,139033712,CN101734301A,2010-01-20,2010-01-20,8578,0,2010
6333,139043081,CN101738937A,2009-12-11,2009-12-11,8579,-1,2009
6334,115670993,CN101290519B,2008-03-27,2008-03-27,8582,10,2008
6335,115849019,CN101305939B,2008-05-26,2008-05-26,8583,4,2008
6336,159673634,TWM381842U,2009-12-25,2009-12-25,8584,31,2009
6337,120837640,JP4466715B2,2007-10-25,2007-10-25,8587,-1,2007
6338,138850859,CN201477408U,2009-08-31,2009-08-31,8588,-1,2009
6339,112722658,JPWO2008090686A1,2007-12-11,2007-12-11,8589,11,2007
6340,137911729,CN201445795U,2009-09-04,2009-09-04,8592,2,2009
6341,118752664,US7706920B2,2007-09-19,2007-09-19,8593,-1,2007
6342,137841448,CN101695838A,2009-11-09,2009-11-09,8595,-1,2009
6343,136751314,CN201432303Y,2009-06-04,2009-06-04,8597,12,2009
6344,135282277,KR1020100030879A,2008-09-11,2008-09-11,8599,19,2008
6345,136361695,CN201423097Y,2009-06-10,2009-06-10,8600,59,2009
6346,120623685,CN100594459C,2008-10-28,2008-10-28,8601,1,2008
6347,129620978,CN100594460C,2008-10-31,2008-10-31,8602,1,2008
6348,136206697,CN101664930A,2009-09-11,2009-09-11,8604,4,2009
6349,162073776,JP4418905B2,2007-05-02,2007-05-02,8607,8,2007
6350,116049525,CN100590554C,2008-07-15,2008-07-15,8608,-1,2008
6351,54193889,US7664571B2,2006-04-17,2006-04-17,8609,-1,2006
6352,133026155,CN201399236Y,2009-03-13,2009-03-13,8610,11,2009
6353,133004363,CN101639665A,2009-09-01,2009-09-01,8611,1,2009
6354,136229080,KR1020100003097A,2008-06-30,2008-06-30,8612,65,2008
6355,132515057,TW201001303A,2008-06-27,2008-06-27,8613,41,2008
6356,132526352,JP2009285816A,2008-05-30,2008-05-30,8614,-1,2008
6357,103792841,DE502006005176D1,2006-04-06,2006-04-06,8616,47,2006
6358,132236819,CN201346067Y,2009-01-14,2009-01-14,8620,20,2009
6359,114448189,CN100558322C,2008-02-28,2008-02-28,8621,19,2008
6360,114448229,CN100558323C,2008-02-28,2008-02-28,8622,19,2008
6361,131249700,CN201337198Y,2008-09-24,2008-09-24,8623,4,2008
6362,131341971,CN101564840A,2009-01-21,2009-01-21,8625,-1,2009
6363,131342981,CN101565064A,2008-04-24,2008-04-24,8626,0,2008
6364,130979154,FR2929874A1,2008-04-09,2008-04-09,8629,-1,2008
6365,108824286,JP2009536731A,2007-05-10,2007-05-10,8631,-1,2007
6366,112532029,CN100548242C,2007-08-20,2007-08-20,8632,-1,2007
6367,131063596,CN101554894A,2009-05-14,2009-05-14,8633,37,2009
6368,131016599,CN201322867Y,2008-12-25,2008-12-25,8634,-1,2008
6369,130906965,JP2009214255A,2008-03-12,2008-03-12,8635,-1,2008
6370,130749164,CN101518903A,2009-03-27,2009-03-27,8636,4,2009
6371,130558380,JP2009190122A,2008-02-14,2008-02-14,8637,-1,2008
6372,130546612,JP2009184034A,2008-02-04,2008-02-04,8638,-1,2008
6373,145794940,TW200930523A,2008-01-11,2008-01-11,8641,-1,2008
6374,129613629,KR1020090065004A,2007-12-17,2007-12-17,8642,1,2007
6375,129499810,WO2009075096A1,2008-12-09,2008-12-09,8643,11,2008
6376,129649082,CN201249032Y,2007-11-07,2007-11-07,8644,11,2007
6377,130504612,KR1020090056699A,2007-11-30,2007-11-30,8645,22,2007
6378,122827774,WO2009067458A1,2008-11-18,2008-11-18,8646,-1,2008
6379,4615500,HK1082451B,2006-03-16,2006-03-16,8652,11,2006
6380,125758173,JP2009101497A,2007-10-25,2007-10-25,8653,-1,2007
6381,125748767,JP2009096335A,2007-10-17,2007-10-17,8655,0,2007
6382,121457787,CN201231484Y,2008-08-05,2008-08-05,8658,4,2008
6383,73441068,CN100484788C,2006-01-28,2006-01-28,8659,1,2006
6384,121451510,CN201223724Y,2007-10-17,2007-10-17,8663,2,2007
6385,121435244,CN101412218A,2008-10-28,2008-10-28,8664,63,2008
6386,129744903,KR1020090036093A,2009-03-03,2009-03-03,8667,9,2009
6387,120373054,CN101398687A,2008-10-10,2008-10-10,8670,38,2008
6388,58360353,JPWO2007029568A1,2006-08-29,2006-08-29,8671,-1,2006
6389,115770363,AT505338B1,2007-06-12,2007-06-12,8675,-1,2007
6390,119455114,CN101380739A,2008-10-14,2008-10-14,8677,0,2008
6391,IDW0020080387020081128,IDW00200803870A,2008-11-28,2008-11-28,8679,-1,2008
6392,119045704,JP2009042145A,2007-08-10,2007-08-10,8681,15,2007
6393,119045813,JP2009042146A,2007-08-10,2007-08-10,8682,15,2007
6394,119454902,CN101373380A,2008-07-14,2008-07-14,8683,10,2008
6395,118780757,CN101367209A,2007-08-16,2007-08-16,8684,4,2007
6396,108933395,CN100450857C,2007-01-26,2007-01-26,8686,-1,2007
6397,116166205,CN101340337A,2008-07-25,2008-07-25,8687,2,2008
6398,113795993,TW200900984A,2008-03-05,2008-03-05,8688,-1,2008
6399,113796010,TW200901074A,2008-03-05,2008-03-05,8689,-1,2008
6400,116170319,CN201169180Y,2007-10-01,2007-10-01,8690,-1,2007
6401,116189716,GB0821070D0,2008-11-18,2008-11-18,8691,68,2008
6402,59485597,GB2449836A,2007-01-31,2007-01-31,8696,29,2007
6403,114047891,TW200846053A,2008-04-03,2008-04-03,8699,14,2008
6404,72832200,CN100435050C,2006-06-13,2006-06-13,8700,-1,2006
6405,113795961,TW200842640A,2008-03-05,2008-03-05,8702,-1,2008
6406,114773420,CN101273945A,2007-03-31,2007-03-31,8706,48,2007
6407,114759955,CN101261007A,2008-03-31,2008-03-31,8708,-1,2008
6408,114476987,CN201109115Y,2007-12-14,2007-12-14,8709,4,2007
6409,114453284,CN101254347A,2008-03-20,2008-03-20,8710,11,2008
6410,147293508,KR200441761Y1,2008-01-24,2008-01-24,8711,2,2008
6411,114744652,CN101244563A,2008-02-23,2008-02-23,8712,4,2008
6412,122487033,KR1020080075268A,2007-02-12,2007-02-12,8713,2,2007
6413,122487041,KR1020080075269A,2007-02-12,2007-02-12,8714,67,2007
6414,112351351,WO2008084480A2,2008-01-10,2008-01-10,8718,0,2008
6415,112220180,JP2008126330A,2006-11-17,2006-11-17,8720,-1,2006
6416,111792467,US20080129829A1,2007-10-16,2007-10-16,8722,-1,2007
6417,111940947,CN101164648A,2006-10-17,2006-10-17,8723,67,2006
6418,112334025,JP2008049458A,2006-08-28,2006-08-28,8724,-1,2006
6419,110532083,FR2904944A1,2006-08-21,2006-08-21,8725,-1,2006
6420,110859572,JP2008036761A,2006-08-04,2006-08-04,8726,-1,2006
6421,157092614,KR100807449B1,2007-07-11,2007-07-11,8727,-1,2007
6422,111749782,KR100806126B1,2006-12-27,2006-12-27,8728,2,2006
6423,110554279,CN201020717Y,2007-04-13,2007-04-13,8729,0,2007
6424,110536261,CN101116970A,2007-08-24,2007-08-24,8730,-1,2007
6425,109207381,DE102007022973A1,2007-05-16,2007-05-16,8731,76,2007
6426,147300288,KR100798086B1,2006-12-08,2006-12-08,8734,-1,2006
6427,109169768,JP2008000884A,2007-06-06,2007-06-06,8735,-1,2007
6428,240413835,US7313463B2,2006-08-04,2006-08-04,8736,-1,2006
6429,155498275,JP2007300470A,2006-05-01,2006-05-01,8737,-1,2006
6430,109370024,CN101071455A,2006-05-10,2006-05-10,8738,8,2006
6431,109762060,CN200967506Y,2006-11-17,2006-11-17,8739,37,2006
6432,109123587,CN200957174Y,2006-06-26,2006-06-26,8741,24,2006
6433,117849587,CN101038223A,2007-04-25,2007-04-25,8743,0,2007
6434,240472491,US20070198128A1,2006-09-29,2006-09-29,8744,-1,2006
6435,240375874,US7259541B2,2006-04-18,2006-04-18,8745,64,2006
6436,239560050,US20070192910A1,2006-09-29,2006-09-29,8746,-1,2006
6437,109067865,TW200726436A,2006-01-13,2006-01-13,8749,8,2006
6438,60119698,JP2007175860A,2006-09-15,2006-09-15,8750,5,2006
6439,125043704,IN291CHENP2006A,2006-01-24,2006-01-24,8751,-1,2006
6440,120215775,WO2007063633A1,2006-09-19,2006-09-19,8752,5,2006
6441,HK07103446.720070330,HK1096190A,2007-03-30,2007-03-30,8753,-1,2007
6442,168086510,JP3131012U,2007-01-23,2007-01-23,8755,61,2007
6443,76138275,CN1947960A,2006-10-26,2006-10-26,8756,10,2006
6444,240240818,JP2007088487A,2006-10-17,2006-10-17,8758,18,2006
6445,132821080,KR200435980Y1,2006-09-13,2006-09-13,8759,29,2006
6446,58358148,WO2007032120A1,2006-04-24,2006-04-24,8760,-1,2006
6447,242940612,CA2553546A1,2006-07-26,2006-07-26,8765,68,2006
6448,143307840,TWM305002U,2006-04-28,2006-04-28,8766,24,2006
6449,242935023,WO2006105094A2,2006-03-29,2006-03-29,8773,50,2006
6450,US6092119220070330,US60921192P0,2007-03-30,2007-03-30,8776,8,2007
6451,US6093104820070519,US60931048P0,2007-05-19,2007-05-19,8777,-1,2007
6452,US6097544720070926,US60975447P0,2007-09-26,2007-09-26,8778,-1,2007
6453,US6098230020071024,US60982300P0,2007-10-24,2007-10-24,8779,8,2007
6454,US6098463920071101,US60984639P0,2007-11-01,2007-11-01,8780,-1,2007
6455,US6098970620071121,US60989706P0,2007-11-21,2007-11-21,8781,-1,2007
6456,US6108091020080715,US61080910P0,2008-07-15,2008-07-15,8782,17,2008
6457,US6111546820081117,US61115468P0,2008-11-17,2008-11-17,8783,25,2008
6458,US6113944220081219,US61139442P0,2008-12-19,2008-12-19,8784,-1,2008
6459,US6117431620090430,US61174316P0,2009-04-30,2009-04-30,8785,-1,2009
6460,US6121637720090515,US61216377P0,2009-05-15,2009-05-15,8786,47,2009
6461,US6124272620090915,US61242726P0,2009-09-15,2009-09-15,8787,-1,2009
6462,US6130820320100225,US61308203P0,2010-02-25,2010-02-25,8788,-1,2010
6463,US6135139720100604,US61351397P0,2010-06-04,2010-06-04,8789,73,2010
6464,US6138334220100916,US61383342P0,2010-09-16,2010-09-16,8790,-1,2010
6465,US6141952920101203,US61419529P0,2010-12-03,2010-12-03,8791,1,2010
6466,US6145493320110321,US61454933P0,2011-03-21,2011-03-21,8792,-1,2011
6467,US6145493720110321,US61454937P0,2011-03-21,2011-03-21,8793,-1,2011
6468,US6150079720110624,US61500797P0,2011-06-24,2011-06-24,8794,48,2011
6469,US6150492120110706,US61504921P0,2011-07-06,2011-07-06,8795,-1,2011
6470,US6153167320110907,US61531673P0,2011-09-07,2011-09-07,8796,11,2011
6471,US6167834020120801,US61678340P0,2012-08-01,2012-08-01,8797,-1,2012
6472,US6178412620130314,US61784126P0,2013-03-14,2013-03-14,8798,-1,2013
6473,US6180353320130320,US61803533P0,2013-03-20,2013-03-20,8799,-1,2013
6474,US6181202820130415,US61812028P0,2013-04-15,2013-04-15,8800,17,2013
6475,US6183470120130613,US61834701P0,2013-06-13,2013-06-13,8801,11,2013
6476,US6203277620140804,US62032776P0,2014-08-04,2014-08-04,8802,2,2014
6477,US6204127520140825,US62041275P0,2014-08-25,2014-08-25,8803,-1,2014
6478,US6204143120140825,US62041431P0,2014-08-25,2014-08-25,8804,75,2014
6479,US6204615820140904,US62046158P0,2014-09-04,2014-09-04,8805,-1,2014
6480,US6216793320150529,US62167933P0,2015-05-29,2015-05-29,8806,28,2015
6481,US6219679220150724,US62196792P0,2015-07-24,2015-07-24,8807,-1,2015
6482,US6223580620151001,US62235806P0,2015-10-01,2015-10-01,8808,-1,2015
6483,US6225832020151120,US62258320P0,2015-11-20,2015-11-20,8809,-1,2015
6484,US6230690820160311,US62306908P0,2016-03-11,2016-03-11,8810,31,2016
6485,US6231254320160324,US62312543P0,2016-03-24,2016-03-24,8811,25,2016
6486,US6241281420161025,US62412814P0,2016-10-25,2016-10-25,8812,42,2016
6487,US6251449820170602,US62514498P0,2017-06-02,2017-06-02,8813,-1,2017
6488,US6251787020170610,US62517870P0,2017-06-10,2017-06-10,8814,-1,2017
6489,US6256214920170922,US62562149P0,2017-09-22,2017-09-22,8815,-1,2017
6490,US6258579120171114,US62585791P0,2017-11-14,2017-11-14,8816,-1,2017
6491,US6264644620180322,US62646446P0,2018-03-22,2018-03-22,8817,11,2018
6492,US6267276720180517,US62672767P0,2018-05-17,2018-05-17,8818,56,2018
6493,US6269846120180716,US62698461P0,2018-07-16,2018-07-16,8819,14,2018
6494,US6281560520190308,US62815605P0,2019-03-08,2019-03-08,8820,-1,2019
6495,US6285734720190605,US62857347P0,2019-06-05,2019-06-05,8821,-1,2019
6496,US6286949220190701,US62869492P0,2019-07-01,2019-07-01,8822,21,2019
6497,US6289089720190823,US62890897P0,2019-08-23,2019-08-23,8823,-1,2019
6498,US6290413920190923,US62904139P0,2019-09-23,2019-09-23,8824,-1,2019
6499,US6295309420191223,US62953094P0,2019-12-23,2019-12-23,8825,0,2019
6500,US6296682020200128,US62966820P0,2020-01-28,2020-01-28,8826,28,2020
6501,US6296787320200130,US62967873P0,2020-01-30,2020-01-30,8827,11,2020
6502,US6296821520200131,US62968215P0,2020-01-31,2020-01-31,8828,8,2020
6503,US6298597120200306,US62985971P0,2020-03-06,2020-03-06,8829,-1,2020
6504,US6298597820200306,US62985978P0,2020-03-06,2020-03-06,8830,-1,2020
6505,US6298667520200307,US62986675P0,2020-03-07,2020-03-07,8831,53,2020
6506,US6301250020200420,US63012500P0,2020-04-20,2020-04-20,8832,-1,2020
6507,US6302895320200522,US63028953P0,2020-05-22,2020-05-22,8833,-1,2020
6508,US6305156020200714,US63051560P0,2020-07-14,2020-07-14,8834,2,2020
6509,US6307412620200903,US63074126P0,2020-09-03,2020-09-03,8835,8,2020
6510,US6316930320210401,US63169303P0,2021-04-01,2021-04-01,8836,-1,2021
6511,US6319884520201116,US63198845P0,2020-11-16,2020-11-16,8837,7,2020
6512,US6320228320210604,US63202283P0,2021-06-04,2021-06-04,8838,-1,2021
6513,US6326600420211225,US63266004P0,2021-12-25,2021-12-25,8839,22,2021
6514,US6326672720220112,US63266727P0,2022-01-12,2022-01-12,8840,22,2022
6515,US6329820720220110,US63298207P0,2022-01-10,2022-01-10,8841,24,2022
6516,US6331249120220222,US63312491P0,2022-02-22,2022-02-22,8842,-1,2022
6517,US6332175320220320,US63321753P0,2022-03-20,2022-03-20,8843,-1,2022
6518,US6332254820220322,US63322548P0,2022-03-22,2022-03-22,8844,-1,2022
6519,US6333098920220414,US63330989P0,2022-04-14,2022-04-14,8845,16,2022
6520,US6333385020220422,US63333850P0,2022-04-22,2022-04-22,8846,-1,2022
6521,US6334343520220518,US63343435P0,2022-05-18,2022-05-18,8847,-1,2022
6522,US6335476320220623,US63354763P0,2022-06-23,2022-06-23,8848,-1,2022
6523,US6339013620220718,US63390136P0,2022-07-18,2022-07-18,8849,21,2022
6524,US6339542020220805,US63395420P0,2022-08-05,2022-08-05,8850,-1,2022
6525,US6339631920220809,US63396319P0,2022-08-09,2022-08-09,8851,-1,2022
6526,US6339634320220809,US63396343P0,2022-08-09,2022-08-09,8852,-1,2022
6527,US6340006120220823,US63400061P0,2022-08-23,2022-08-23,8853,8,2022
6528,US6341052020220927,US63410520P0,2022-09-27,2022-09-27,8854,-1,2022
6529,US6341149520220929,US63411495P0,2022-09-29,2022-09-29,8855,-1,2022
6530,US6343530220221226,US63435302P0,2022-12-26,2022-12-26,8856,-1,2022
6531,US6345384720230322,US63453847P0,2023-03-22,2023-03-22,8857,70,2023
6532,US6346052320230419,US63460523P0,2023-04-19,2023-04-19,8858,69,2023
6533,US6348451720230212,US63484517P0,2023-02-12,2023-02-12,8859,62,2023
6534,US6349200820230324,US63492008P0,2023-03-24,2023-03-24,8860,-1,2023
6535,US6263857820180305,US62638578P0,2018-03-05,2018-03-05,8861,69,2018
6536,US6325712020211019,US63257120P0,2021-10-19,2021-10-19,8862,53,2021
6537,US6349466620230406,US63494666P0,2023-04-06,2023-04-06,8863,75,2023
6538,US6351477720230720,US63514777P0,2023-07-20,2023-07-20,8864,-1,2023
6539,US6353835320230914,US63538353P0,2023-09-14,2023-09-14,8865,22,2023
6540,US6358640220230928,US63586402P0,2023-09-28,2023-09-28,8866,-1,2023
6541,US6359237420231023,US63592374P0,2023-10-23,2023-10-23,8867,22,2023
6542,US6361093720231215,US63610937P0,2023-12-15,2023-12-15,8868,38,2023
6543,US6361776220240104,US63617762P0,2024-01-04,2024-01-04,8869,-1,2024
6544,US6362063320240112,US63620633P0,2024-01-12,2024-01-12,8870,-1,2024
6545,US6363469720240416,US63634697P0,2024-04-16,2024-04-16,8871,36,2024
6546,US6365983220240614,US63659832P0,2024-06-14,2024-06-14,8872,-1,2024
6547,US6370676820241014,US63706768P0,2024-10-14,2024-10-14,8873,-1,2024
6548,US6355610220240221,US63556102P0,2024-02-21,2024-02-21,8874,10,2024
6549,US6355837320240227,US63558373P0,2024-02-27,2024-02-27,8875,10,2024
6550,US6363311320240412,US63633113P0,2024-04-12,2024-04-12,8876,10,2024
6551,US6363340520240412,US63633405P0,2024-04-12,2024-04-12,8877,-1,2024
6552,US6363392020240415,US63633920P0,2024-04-15,2024-04-15,8878,10,2024
6553,US6357455120240404,US63574551P0,2024-04-04,2024-04-04,8879,-1,2024
6554,US6357588720240408,US63575887P0,2024-04-08,2024-04-08,8880,-1,2024
6555,US6363263020240411,US63632630P0,2024-04-11,2024-04-11,8881,36,2024
6556,US6373900620241226,US63739006P0,2024-12-26,2024-12-26,8882,2,2024
6557,US6363839120240424,US63638391P0,2024-04-24,2024-04-24,8883,21,2024
6558,US6364693020240513,US63646930P0,2024-05-13,2024-05-13,8884,17,2024
6559,US6369033420240904,US63690334P0,2024-09-04,2024-09-04,8885,5,2024
6560,US6369274720240910,US63692747P0,2024-09-10,2024-09-10,8886,5,2024
6561,US6369779320240923,US63697793P0,2024-09-23,2024-09-23,8887,-1,2024
6562,US6375966520250218,US63759665P0,2025-02-18,2025-02-18,8888,-1,2025
6563,US6376061720250219,US63760617P0,2025-02-19,2025-02-19,8889,-1,2025
6564,US6365356120240530,US63653561P0,2024-05-30,2024-05-30,8890,22,2024
6565,US6366391720240625,US63663917P0,2024-06-25,2024-06-25,8891,-1,2024
6566,US6367472320240723,US63674723P0,2024-07-23,2024-07-23,8892,38,2024
6567,US6367999820240806,US63679998P0,2024-08-06,2024-08-06,8893,38,2024
6568,US6370571520241010,US63705715P0,2024-10-10,2024-10-10,8894,36,2024
6569,US6371877120241111,US63718771P0,2024-11-11,2024-11-11,8895,-1,2024
6570,US6377062020250312,US63770620P0,2025-03-12,2025-03-12,8896,-1,2025
6571,US6375744020250212,US63757440P0,2025-02-12,2025-02-12,8897,-1,2025
6572,US6369159920240906,US63691599P0,2024-09-06,2024-09-06,8898,34,2024
6573,US6371498920241101,US63714989P0,2024-11-01,2024-11-01,8899,44,2024
6574,US6371511720241101,US63715117P0,2024-11-01,2024-11-01,8900,5,2024
6575,US6377642920250324,US63776429P0,2025-03-24,2025-03-24,8901,5,2025
6576,US6381953320250606,US63819533P0,2025-06-06,2025-06-06,8902,-1,2025
6577,US6383968820250707,US63839688P0,2025-07-07,2025-07-07,8903,44,2025
6578,US6384582120250717,US63845821P0,2025-07-17,2025-07-17,8904,-1,2025
6579,US6386058020250808,US63860580P0,2025-08-08,2025-08-08,8905,-1,2025
6580,US6388364720250917,US63883647P0,2025-09-17,2025-09-17,8906,-1,2025
6581,US6369428220240913,US63694282P0,2024-09-13,2024-09-13,8907,70,2024
6582,US6369866820240925,US63698668P0,2024-09-25,2024-09-25,8908,2,2024
6583,US6371440320241031,US63714403P0,2024-10-31,2024-10-31,8909,-1,2024
6584,US6380487120250513,US63804871P0,2025-05-13,2025-05-13,8910,-1,2025
6585,US6381691020250603,US63816910P0,2025-06-03,2025-06-03,8911,-1,2025
6586,US6381841920250605,US63818419P0,2025-06-05,2025-06-05,8912,-1,2025
6587,US6384149620250710,US63841496P0,2025-07-10,2025-07-10,8913,-1,2025
6588,US6371794520241108,US63717945P0,2024-11-08,2024-11-08,8914,34,2024
6589,US6371941820241112,US63719418P0,2024-11-12,2024-11-12,8915,-1,2024
6590,US6379294820250423,US63792948P0,2025-04-23,2025-04-23,8916,-1,2025
6591,US6379807020250501,US63798070P0,2025-05-01,2025-05-01,8917,-1,2025
6592,US6379808820250501,US63798088P0,2025-05-01,2025-05-01,8918,-1,2025
6593,US6379825520250501,US63798255P0,2025-05-01,2025-05-01,8919,-1,2025
6594,US6380490020250513,US63804900P0,2025-05-13,2025-05-13,8920,-1,2025
6595,US6381697520250603,US63816975P0,2025-06-03,2025-06-03,8921,-1,2025
6596,US6382599920250618,US63825999P0,2025-06-18,2025-06-18,8922,-1,2025
6597,US6383651720250701,US63836517P0,2025-07-01,2025-07-01,8923,21,2025
6598,US6384091220250709,US63840912P0,2025-07-09,2025-07-09,8924,-1,2025
6599,US6386040320250808,US63860403P0,2025-08-08,2025-08-08,8925,-1,2025
6600,US6390566620251026,US63905666P0,2025-10-26,2025-10-26,8926,-1,2025
6601,US6390571120251026,US63905711P0,2025-10-26,2025-10-26,8927,-1,2025
