doc_id,source_doc_id,simple_family_id,publication_number,bertopic_topic,year
0,1,CN202610759692.020260529,CN122353527A,-1,2026
1,2,CN202610816025.120260608,CN122353549A,9,2026
2,3,CN202610821095.620260609,CN122353550A,12,2026
3,4,CN202610460778.320260409,CN122353572A,32,2026
4,5,CN202610555860.420260424,CN122353585A,1,2026
5,6,CN202610818543.720260608,CN122353628A,-1,2026
6,7,CN202510063771.320250115,CN122353641A,-1,2025
7,8,CN202610639550.020260511,CN122353665A,-1,2026
8,9,CN202610596679.820260430,CN122354669A,9,2026
9,10,CN202610419661.020260401,CN122360416A,7,2026
10,11,CN202610807252.820260605,CN122362891A,5,2026
11,12,CN202610393094.620260327,CN122362977A,1,2026
12,13,CN202610647064.320260512,CN122363235A,17,2026
13,14,CN202610672260.620260515,CN122363238A,27,2026
14,15,CN202610437642.020260403,CN122363295A,3,2026
15,16,CN202610829251.320260610,CN122369453A,2,2026
16,17,CN202521234480.820250616,CN224476207U,9,2025
17,18,CN202521280011.X20250620,CN224476993U,-1,2025
18,19,CN202521280021.320250620,CN224476994U,-1,2025
19,20,CN202521277179.520250620,CN224481552U,0,2025
20,21,420230457,IN202641082192A,65,2026
21,22,400737580,JP2026116655A,18,2025
22,23,411858816,CN121209388B,6,2025
23,24,411719671,CN121223770B,-1,2025
24,25,413529534,CN121477955B,-1,2025
25,26,417843274,CN122069115B,17,2026
26,27,418428328,CN122125731B,1,2026
27,28,418607657,CN122154749B,-1,2026
28,29,420019807,CN122342909A,52,2026
29,30,420024381,CN122343385A,36,2026
30,31,420026665,CN122343440A,-1,2026
31,32,420024615,CN122343461A,57,2026
32,33,420024806,CN122343466A,-1,2026
33,34,420025619,CN122343484A,-1,2025
34,35,420025654,CN122343485A,-1,2025
35,36,420068189,CN122346125A,52,2026
36,37,420071464,CN122346163A,33,2026
37,38,420067780,CN122349000A,-1,2026
38,39,420015611,CN224464722U,-1,2025
39,40,420027270,CN224465593U,-1,2025
40,41,382073692,CN117565998B,30,2023
41,42,411747073,CN121232883B,73,2025
42,43,412899210,CN121374700B,12,2025
43,44,415901888,CN121782237B,16,2025
44,45,415913776,CN121782939B,52,2026
45,46,417266909,CN121977581B,-1,2026
46,47,419865031,CN122323097A,13,2026
47,48,419868148,CN122323140A,-1,2026
48,49,419866901,CN122323197A,-1,2026
49,50,419867419,CN122323205A,5,2026
50,51,419871309,CN122323265A,12,2026
51,52,419887793,CN122324149A,0,2026
52,53,419888070,CN122324154A,-1,2026
53,54,419852315,CN122327614A,30,2026
54,55,419925128,CN122331290A,3,2026
55,56,419927625,CN122331468A,10,2026
56,57,419930829,CN122331584A,3,2026
57,58,419853556,CN122333824A,-1,2026
58,59,419911807,CN122336465A,17,2026
59,60,419863032,CN122340352A,-1,2025
60,61,419903668,CN224446014U,12,2025
61,62,419904672,CN224446030U,12,2025
62,63,419939533,CN224447959U,0,2025
63,64,419940152,CN224447969U,9,2025
64,65,419981574,IN202621048411A,21,2026
65,66,419816289,DE102025144738A1,2,2025
66,67,387484395,US20260186494A1,-1,2022
67,68,419805569,US20260186507A1,56,2026
68,69,396983257,CN119260728B,5,2024
69,70,408408986,CN120763686B,47,2025
70,71,410910415,CN121093995B,2,2025
71,72,411172959,CN121132640B,32,2025
72,73,411172140,CN121143009B,3,2025
73,74,412888542,CN121391718B,10,2025
74,75,414200265,CN121552375B,17,2025
75,76,415102393,CN121670746B,16,2025
76,77,416911649,CN121934612B,3,2026
77,78,417265975,CN121977565B,-1,2026
78,79,417508701,CN122018332B,6,2026
79,80,419680571,CN122299574A,3,2026
80,81,419678351,CN122299623A,38,2026
81,82,419679095,CN122299633A,-1,2026
82,83,419679472,CN122299638A,10,2026
83,84,419679845,CN122299643A,10,2026
84,85,419680192,CN122299648A,5,2026
85,86,419681074,CN122299660A,5,2026
86,87,419682449,CN122299681A,10,2026
87,88,419679684,CN122299728A,-1,2026
88,89,419680040,CN122299733A,16,2026
89,90,419652537,CN122303459A,-1,2026
90,91,419757798,CN122308221A,6,2026
91,92,419763170,CN122308353A,15,2026
92,93,419758098,CN122308377A,6,2026
93,94,419766739,CN122308621A,32,2026
94,95,419651631,CN122309520A,21,2026
95,96,419702787,CN122311848A,30,2026
96,97,419714063,CN122312338A,17,2026
97,98,419727345,CN122312944A,33,2026
98,99,419778255,CN122315225A,-1,2026
99,100,419726428,CN224425616U,9,2025
100,101,419753192,CN224427278U,0,2025
101,102,419640227,CN224427616U,9,2025
102,103,419640643,CN224427624U,0,2025
103,104,419746961,CN224433157U,12,2025
104,105,420000425,KR1020260100240A,22,2026
105,106,405431423,CN120363183B,6,2025
106,107,408038642,CN120717223B,28,2025
107,108,411484486,CN121180324B,0,2025
108,109,412286057,CN121300450B,27,2025
109,110,412287490,CN121300473B,3,2025
110,111,412893200,CN121392348B,27,2025
111,112,415205712,CN121704883B,32,2026
112,113,416801861,CN121918613B,6,2026
113,114,417081209,CN121946543B,1,2026
114,115,419510682,CN122274330A,36,2025
115,116,419512117,CN122274582A,-1,2025
116,117,419519056,CN122274926A,19,2026
117,118,419519925,CN122274939A,1,2026
118,119,419520044,CN122274941A,1,2026
119,120,419519107,CN122274989A,10,2026
120,121,419520037,CN122275003A,29,2026
121,122,419521224,CN122275023A,1,2026
122,123,419521271,CN122275024A,9,2026
123,124,419518628,CN122275058A,-1,2026
124,125,419540831,CN122276047A,9,2026
125,126,419557411,CN122281926A,33,2026
126,127,419469429,CN122283593A,30,2026
127,128,419473178,CN122283746A,15,2026
128,129,419484791,CN122284520A,65,2026
129,130,419485543,CN122284596A,3,2026
130,131,419487745,CN122284637A,-1,2026
131,132,419484954,CN122284661A,3,2026
132,133,419480024,CN122290189A,26,2026
133,134,419485039,CN122290568A,2,2026
134,135,419464625,CN224407616U,-1,2025
135,136,419465220,CN224407640U,12,2025
136,137,419499182,CN224409118U,0,2025
137,139,419425761,US20260179318A1,-1,2026
138,142,419455303,WO2026135573A1,42,2025
139,143,400705928,EP4761885A1,-1,2024
140,144,419410934,JP2026103405A,14,2024
141,145,385269637,JP7879790B2,-1,2022
142,146,360092887,CN115311620B,50,2022
143,147,415602245,CN121746555B,68,2026
144,148,419382633,CN122250292A,39,2026
145,149,419319255,CN122253153A,15,2026
146,150,419319989,CN122253163A,1,2026
147,151,419320211,CN122253166A,5,2026
148,152,419320532,CN122253170A,5,2026
149,153,419320711,CN122253257A,19,2026
150,154,419337228,CN122253988A,13,2026
151,155,419343405,CN122258919A,-1,2026
152,156,419343612,CN122258922A,33,2026
153,157,419343277,CN122259079A,20,2026
154,158,419345621,CN122259112A,1,2024
155,159,419372698,CN122260507A,29,2026
156,160,419375121,CN122260767A,-1,2026
157,161,419379712,CN122260837A,57,2026
158,162,419377005,CN122260870A,3,2026
159,163,419381023,CN122260935A,5,2026
160,164,419379032,CN122260964A,1,2026
161,165,419379262,CN122260968A,-1,2026
162,166,419383864,CN122261029A,49,2026
163,167,419384043,CN122261101A,17,2026
164,168,419385248,CN122261194A,1,2026
165,169,419373751,CN122265711A,10,2026
166,170,419319333,CN122268066A,13,2026
167,171,419374006,CN224391171U,13,2025
168,172,419374106,CN224391173U,-1,2025
169,173,419296111,CN224392340U,0,2025
170,174,419305048,CN224392803U,0,2025
171,175,419344115,CN224399750U,2,2025
172,177,384089569,US12664684B2,-1,2022
173,178,TR202600843120260526,TR2026008431A2,2,2026
174,179,382270562,CN117589161B,15,2023
175,180,402914896,CN120036246B,61,2025
176,181,413516400,CN121483768B,36,2025
177,182,417216589,CN121979267B,27,2026
178,183,417891403,CN122058378B,10,2026
179,184,419148158,CN122230311A,14,2026
180,185,419178598,CN122231822A,9,2026
181,186,419175067,CN122231839A,19,2026
182,187,419175138,CN122231840A,-1,2026
183,188,419176045,CN122231855A,57,2026
184,189,419176506,CN122231863A,-1,2026
185,190,419176567,CN122231864A,1,2026
186,191,419178138,CN122231888A,1,2026
187,192,419178682,CN122231896A,65,2026
188,193,419179841,CN122231915A,6,2026
189,194,419175310,CN122231926A,-1,2026
190,195,419175427,CN122231928A,12,2026
191,196,419175499,CN122231929A,9,2026
192,197,419175619,CN122231931A,-1,2026
193,198,419177369,CN122231960A,-1,2026
194,199,419193268,CN122232765A,-1,2026
195,200,419193329,CN122232766A,0,2026
196,201,419193435,CN122232768A,0,2026
197,202,419221794,CN122239414A,3,2026
198,203,419224143,CN122239448A,5,2026
199,204,419224272,CN122239593A,-1,2026
200,205,419230437,CN122239750A,3,2026
201,206,419230821,CN122239755A,-1,2026
202,207,419226994,CN122239774A,6,2026
203,208,419150338,CN122241442A,35,2026
204,209,419222889,CN122244869A,6,2026
205,210,419229557,CN122245316A,2,2026
206,211,419147636,CN224370636U,11,2025
207,212,419139964,CN224375742U,9,2025
208,213,419213708,CN224385223U,0,2025
209,214,419260792,IN202641069496A,2,2026
210,215,419261529,IN202641070932A,69,2026
211,216,419259060,IN202641071981A,2,2026
212,217,418781215,DE202026001560U1,20,2026
213,218,419086242,US20260165900A1,48,2023
214,219,419086643,US20260166744A1,10,2025
215,220,404528783,CN120246123B,0,2025
216,221,411318527,CN121170876B,2,2025
217,222,413876477,CN121516132B,0,2026
218,223,418988156,CN122210575A,8,2026
219,224,418988458,CN122210579A,-1,2026
220,225,418988665,CN122210582A,-1,2026
221,226,418990146,CN122210604A,57,2026
222,227,418990292,CN122210606A,5,2026
223,228,418990356,CN122210607A,57,2026
224,229,418991914,CN122210633A,32,2026
225,230,418989599,CN122210668A,-1,2024
226,231,418989725,CN122210670A,36,2026
227,232,418991988,CN122210705A,1,2026
228,233,418992280,CN122210710A,16,2026
229,234,418982766,CN122219069A,5,2026
230,235,418983157,CN122219076A,5,2026
231,236,418986873,CN122219202A,-1,2026
232,237,418990053,CN122219243A,6,2026
233,238,418991259,CN122219426A,-1,2026
234,239,419032669,CN122221403A,-1,2026
235,240,419060750,CN122222573A,30,2026
236,241,418988022,CN122223721A,-1,2026
237,243,386442833,US12658188B2,2,2022
238,244,415955343,TW202623976A,19,2024
239,245,418018713,KR102978664B1,12,2026
240,246,418946554,JP2026096918A,11,2025
241,247,377599405,CN117036469B,-1,2023
242,248,380837120,CN117434841B,3,2023
243,249,415915315,CN121783173B,33,2026
244,250,418848693,CN122185121A,9,2025
245,251,418849219,CN122185131A,19,2026
246,252,418851642,CN122185171A,72,2026
247,253,418852655,CN122185192A,57,2026
248,254,418851024,CN122185237A,-1,2026
249,255,418851134,CN122185241A,6,2026
250,256,418851428,CN122185248A,5,2026
251,257,418853332,CN122185285A,1,2026
252,258,418854318,CN122185303A,-1,2026
253,259,418865631,CN122186124A,1,2026
254,260,418918392,CN122188408A,66,2026
255,261,418830923,CN122189333A,36,2026
256,262,418908609,CN122192572A,-1,2026
257,263,418911173,CN122192811A,16,2026
258,264,418840120,CN122194988A,33,2026
259,265,418840756,CN122195060A,3,2026
260,266,418840826,CN122195061A,3,2026
261,267,418841328,CN122195069A,6,2026
262,268,418858482,CN122195958A,-1,2026
263,269,418864934,CN122196245A,2,2026
264,270,418881044,CN122196859A,56,2025
265,271,418908603,CN122197955A,6,2026
266,272,418828173,CN122199760A,-1,2026
267,273,418837751,CN122200206A,-1,2026
268,274,418850861,CN122200737A,-1,2026
269,275,418872637,CN122201723A,8,2026
270,276,418862288,CN224349029U,0,2025
271,277,418940433,IN202541047561A,44,2025
272,278,418940540,IN202541053567A,20,2025
273,279,418939221,IN202641047909A,2,2026
274,280,418948265,TWI928955B,26,2025
275,281,418960849,KR1020260086749A,30,2026
276,282,383806792,CN117775138B,0,2023
277,283,386493895,CN118071798B,-1,2024
278,284,413071256,CN121403406B,28,2025
279,285,417216492,CN121979265B,3,2026
280,286,418762496,CN122163061A,-1,2025
281,287,418700050,CN122165325A,-1,2026
282,288,418697939,CN122165364A,72,2026
283,289,418701411,CN122165414A,32,2026
284,290,418701870,CN122165420A,6,2026
285,291,418701938,CN122165421A,5,2026
286,292,418697853,CN122165432A,2,2026
287,293,418698231,CN122165437A,1,2026
288,294,418699058,CN122165448A,-1,2026
289,295,418702376,CN122165491A,-1,2026
290,296,418725109,CN122171087A,20,2026
291,297,418745386,CN122172122A,2,2026
292,298,418664651,CN122172777A,33,2026
293,299,418665416,CN122172830A,6,2026
294,300,418706880,CN122174868A,1,2026
295,302,418751255,CN224334489U,12,2025
296,303,418689688,CN224335732U,0,2025
297,304,418689981,CN224335736U,0,2025
298,305,418662186,US12649240B1,-1,2025
299,306,415058864,CN121680475B,67,2026
300,307,415560768,CN121733581B,16,2026
301,308,417081740,CN121946550B,6,2026
302,309,418543261,CN122142696A,-1,2026
303,310,418548043,CN122142977A,5,2026
304,311,418548607,CN122142989A,1,2026
305,312,418549644,CN122143010A,5,2026
306,313,418550175,CN122143021A,1,2026
307,314,418549609,CN122143069A,1,2026
308,315,418550776,CN122143092A,4,2026
309,316,418551543,CN122143108A,19,2026
310,317,418572433,CN122144038A,0,2026
311,318,418543075,CN122151619A,6,2026
312,319,418548747,CN122151903A,-1,2026
313,320,418582148,CN122153654A,-1,2026
314,322,418573091,CN122157312A,-1,2026
315,323,418560423,CN122160998A,-1,2026
316,324,418611000,CN224321004U,11,2025
317,325,418567250,CN224323129U,9,2025
318,326,418567533,CN224323133U,-1,2025
319,327,418637727,IN202641044411A,2,2026
320,328,418637381,IN202641065460A,2,2026
321,329,418505966,US20260153625A1,15,2026
322,330,401444771,CN119847023B,1,2024
323,331,402033482,CN119927950B,4,2025
324,332,409463747,CN120901960B,5,2025
325,333,412705631,CN121340233B,17,2025
326,334,414756626,CN121625158B,-1,2026
327,335,414941831,CN121661700B,2,2026
328,336,416911680,CN121934613B,7,2026
329,337,418425783,CN122125691A,-1,2026
330,339,418430193,CN122125760A,-1,2026
331,340,418428060,CN122133256A,3,2026
332,341,418442475,CN122133702A,1,2026
333,342,418470010,CN122134889A,68,2026
334,343,406460811,US12645773B2,42,2024
335,344,418646955,TWM683771U,23,2026
336,345,418649622,KR102972174B1,21,2026
337,346,VN120260231820260323,VN125611A,2,2026
338,347,373103360,CN116580064B,15,2023
339,348,413536342,CN121485372B,-1,2026
340,349,414917351,CN121650030B,1,2026
341,350,415100117,CN121682451B,15,2026
342,351,418274953,CN122100107A,-1,2026
343,352,418278171,CN122100155A,5,2026
344,353,418278674,CN122100163A,-1,2026
345,354,418275535,CN122100196A,-1,2026
346,355,418278047,CN122100231A,1,2026
347,356,418295858,CN122101227A,7,2026
348,357,418296550,CN122101237A,7,2026
349,358,418300304,CN122101358A,-1,2026
350,359,418319518,CN122108148A,6,2026
351,360,418252394,CN122110672A,6,2026
352,361,418257461,CN122110835A,3,2026
353,362,418257175,CN224295861U,4,2025
354,363,418287709,CN224297307U,9,2025
355,364,418372784,IN202641062477A,46,2026
356,365,418372418,IN202641063500A,28,2026
357,366,396142887,WO2026108507A1,73,2025
358,367,397608665,EP4746797A1,-1,2024
359,368,355716961,CN115047759B,-1,2022
360,369,381712968,CN117532609B,2,2023
361,370,402872262,CN120038753B,1,2025
362,371,412315706,CN121290419B,65,2025
363,372,414369437,CN121572351B,4,2026
364,373,415353033,CN121721972B,6,2026
365,374,416377179,CN121847880B,36,2026
366,375,418130472,CN122077598A,-1,2025
367,376,418131509,CN122077611A,-1,2026
368,377,418132060,CN122077618A,32,2026
369,378,418132955,CN122077630A,-1,2026
370,379,418134974,CN122077656A,3,2026
371,380,418131064,CN122077687A,4,2026
372,381,418146067,CN122078245A,-1,2026
373,382,418105216,CN122083953A,15,2026
374,383,418149641,CN122085989A,-1,2025
375,384,418149948,CN122085993A,5,2026
376,385,418149849,CN122086069A,6,2026
377,386,418151944,CN122086099A,27,2026
378,387,418046168,CN122087574A,-1,2026
379,388,418063585,CN122088551A,5,2026
380,389,418087990,CN122089989A,33,2026
381,390,418045633,CN122094136A,49,2026
382,391,418129245,CN224269985U,0,2025
383,392,418098361,CN224275106U,13,2025
384,393,418099921,CN224275128U,-1,2025
385,394,418133187,CN224276974U,-1,2025
386,395,418147290,CN224277367U,13,2025
387,396,377689086,US12636785B2,21,2024
388,397,417326843,US12638859B2,-1,2025
389,398,373589507,US12638922B2,-1,2024
390,399,418381941,KR102967195B1,8,2025
391,400,TH250100402420250618,TH2501004024A,18,2025
392,402,384824683,US20260138273A1,49,2023
393,403,417969428,WO2026102554A1,28,2025
394,407,TR202400672420240529,TR2024006724B,54,2024
395,409,362040286,CN115480594B,40,2021
396,410,379903537,CN117310302B,20,2023
397,411,415351567,CN121722121B,33,2026
398,412,417853970,CN122056724A,48,2025
399,413,417889046,CN122058346A,1,2026
400,414,417890849,CN122058371A,28,2026
401,416,417891790,CN122058383A,-1,2026
402,417,417887664,CN122058401A,5,2026
403,418,417904488,CN122058987A,-1,2026
404,419,417901636,CN122059016A,0,2026
405,420,417905754,CN122059071A,12,2025
406,421,417909327,CN122064027A,5,2026
407,422,417909615,CN122064031A,-1,2026
408,423,417909640,CN122064106A,1,2026
409,425,417897721,CN224255349U,9,2025
410,426,417894805,CN224255389U,-1,2025
411,427,349504867,CN114463243B,26,2020
412,428,363857984,CN115631348B,50,2022
413,429,417684184,CN122033891A,13,2026
414,430,417684242,CN122033892A,13,2026
415,431,417684311,CN122033893A,13,2026
416,432,417687041,CN122033938A,5,2026
417,433,417689913,CN122034044A,-1,2026
418,434,417694535,CN122034554A,67,2026
419,435,417699361,CN122034679A,2,2025
420,436,417710450,CN122035042A,-1,2026
421,437,417706313,CN122035168A,0,2026
422,438,417706367,CN122035169A,19,2026
423,439,417766247,CN122038010A,66,2026
424,440,417657046,CN122043948A,67,2026
425,441,417658264,CN122044035A,-1,2026
426,442,417663957,CN122044306A,44,2026
427,443,417788937,CN122049225A,35,2026
428,444,417723997,CN122052439A,-1,2026
429,445,417694690,CN224241141U,0,2025
430,446,417694780,CN224241142U,0,2025
431,447,417676772,CN224245856U,-1,2025
432,448,417739062,CN224249432U,49,2025
433,449,417806520,IN202641057487A,2,2026
434,450,417654121,JP2026078948A,71,2024
435,452,326466090,IN588837A1,-1,2019
436,453,417635336,JP2026078104A,71,2024
437,454,417635354,JP2026078105A,71,2024
438,455,417638173,US20260131464A1,34,2025
439,456,417642633,US20260133584A1,70,2025
440,457,417644303,US20260134412A1,-1,2025
441,458,400255013,CN119682878B,9,2025
442,459,407907417,CN120697023B,65,2025
443,460,411473826,CN121179480B,-1,2025
444,461,412702417,CN121340271B,5,2025
445,462,414040465,CN121541648B,15,2026
446,463,417527895,CN122008213A,-1,2026
447,464,417528108,CN122008216A,-1,2026
448,465,417528945,CN122008227A,5,2026
449,466,417529720,CN122008238A,5,2026
450,467,417530630,CN122008250A,32,2026
451,468,417530710,CN122008251A,-1,2026
452,469,417528607,CN122008293A,1,2026
453,470,417530646,CN122008320A,-1,2026
454,471,417554103,CN122009359A,-1,2026
455,472,417495757,CN122011932A,20,2026
456,473,417533427,CN122013843A,-1,2026
457,475,417516328,CN122018682A,-1,2026
458,476,417553119,CN122020539A,2,2026
459,477,417576469,CN122021709A,5,2025
460,478,417501136,CN224223883U,29,2025
461,479,417527269,CN224225180U,0,2025
462,480,417527417,CN224225182U,-1,2025
463,481,417483339,JP2026076684A,71,2024
464,482,417483310,JP2026076685A,71,2024
465,483,417828838,KR1020260066276A,0,2024
466,485,380079506,CN117325177B,-1,2023
467,486,403525609,CN120125755B,15,2025
468,487,411837558,CN121199998B,65,2025
469,488,414926731,CN121660920B,15,2025
470,489,417363495,CN121988000A,6,2026
471,490,417387464,CN121989231A,65,2025
472,491,417387827,CN121989238A,1,2026
473,492,417387139,CN121989286A,19,2026
474,493,417387252,CN121989288A,19,2026
475,494,417387689,CN121989296A,-1,2026
476,495,417387217,CN121989300A,-1,2026
477,496,417401443,CN121990076A,-1,2026
478,497,417396682,CN121994172A,12,2026
479,498,417399162,CN121994228A,1,2025
480,499,417424530,CN121995943A,27,2026
481,500,417424531,CN121995944A,-1,2026
482,501,417440830,CN224209992U,13,2025
483,502,417463970,IN202631052683A,2,2026
484,503,417324786,US20260124746A1,5,2025
485,504,417324885,US20260124750A1,-1,2025
486,505,396050502,US20260124769A1,-1,2025
487,506,417326554,US20260126796A1,-1,2025
488,507,417326808,US20260126804A1,-1,2025
489,509,417345591,WO2026093977A1,-1,2025
490,510,417475521,KR1020260061130A,33,2026
491,511,417475712,KR1020260061389A,-1,2026
492,512,375013684,CN116788383B,0,2023
493,513,382257361,CN117584110B,19,2023
494,514,412433884,CN121325859B,1,2025
495,515,415730364,CN121757299B,19,2026
496,516,417257919,CN121973146A,1,2026
497,517,417256521,CN121973208A,5,2026
498,518,417258408,CN121973232A,5,2026
499,519,417258744,CN121973236A,1,2026
500,520,417259519,CN121973246A,28,2026
501,521,417260423,CN121973258A,13,2026
502,522,417261875,CN121973277A,16,2026
503,523,417271894,CN121973869A,3,2026
504,524,417269104,CN121977535A,15,2026
505,526,417266377,CN121977572A,33,2026
506,528,417216614,CN121979188A,27,2024
507,529,417216036,CN121979255A,1,2026
508,532,417278262,CN121982361A,-1,2025
509,533,417282304,CN121982627A,41,2025
510,534,417284609,CN121982653A,51,2026
511,535,417243777,CN121984799A,46,2026
512,536,417280389,CN224196831U,12,2025
513,537,341957638,US12617104B2,0,2022
514,538,417471324,KR1020260059760A,0,2024
515,539,380871661,CN117429531B,0,2023
516,540,413399012,CN121455036B,-1,2025
517,541,413700335,CN121492126B,5,2026
518,542,417139509,CN121942670A,-1,2025
519,543,417080227,CN121946454A,12,2026
520,544,417080728,CN121946461A,5,2025
521,545,417081249,CN121946467A,1,2025
522,546,417084546,CN121946508A,1,2026
523,547,417079922,CN121946527A,1,2026
524,550,417102770,CN121947650A,40,2026
525,551,417119300,CN121954006A,33,2026
526,552,417058088,CN121956524A,6,2025
527,553,417062642,CN121956659A,44,2025
528,554,417073199,CN121957078A,6,2026
529,555,417080249,CN121957481A,17,2025
530,556,417099611,CN121958481A,17,2025
531,557,417142762,CN121960563A,32,2025
532,558,417142827,CN121960564A,32,2026
533,559,417142915,CN121960565A,32,2026
534,560,417143008,CN121960566A,63,2026
535,561,417073296,CN121962722A,17,2025
536,562,417074689,CN121962883A,17,2025
537,563,417063669,CN121967892A,35,2025
538,564,417142588,CN224179879U,24,2025
539,565,417147523,CN224180233U,11,2025
540,566,417092277,CN224183069U,12,2026
541,567,417094117,CN224183101U,13,2025
542,568,417094805,CN224183114U,13,2025
543,569,417095011,CN224183118U,-1,2025
544,570,417195667,IN202621012402A,8,2026
545,571,417197957,IN202641049775A,2,2026
546,572,392526731,DE212025000085U1,-1,2025
547,573,417029778,US20260118225A1,-1,2025
548,575,417041176,WO2026089026A1,71,2025
549,576,382551126,CN117621140B,0,2022
550,577,410669984,CN121074210B,68,2025
551,578,415127591,CN121677735B,27,2026
552,579,415265746,CN121702728B,20,2026
553,580,416970788,CN121928530A,2,2026
554,581,416968099,CN121928562A,-1,2026
555,582,416969309,CN121928581A,2,2026
556,583,416970256,CN121928596A,-1,2024
557,584,416983439,CN121929149A,7,2025
558,585,416971231,CN121933015A,27,2026
559,588,416910836,CN121934644A,48,2026
560,589,416982501,CN224169828U,19,2025
561,590,416953007,CN224177140U,-1,2025
562,591,414863306,US12611767B2,34,2025
563,592,416858933,CN121912389A,10,2026
564,593,416859879,CN121912402A,5,2026
565,594,416857009,CN121912430A,13,2026
566,595,416857368,CN121912436A,5,2026
567,596,416857430,CN121912437A,-1,2026
568,597,416834988,CN121916275A,12,2026
569,598,416846630,CN121916882A,-1,2026
570,599,416847510,CN121916894A,1,2025
571,600,416855515,CN121917221A,-1,2026
572,601,416797357,CN121918389A,1,2025
573,602,416798196,CN121918405A,5,2025
574,603,416798990,CN121918491A,1,2026
575,605,416841323,CN121924288A,26,2026
576,606,416840406,CN121924359A,-1,2026
577,607,416831414,CN224156236U,0,2025
578,608,416878070,IN202441079325A,-1,2024
579,609,416874820,IN202641045435A,8,2026
580,610,417018025,FR3167753A1,2,2024
581,611,417202034,KR102956448B1,10,2025
582,612,411467986,CN121186788B,1,2025
583,613,412289867,CN121300636B,-1,2025
584,614,414339343,CN121580141B,47,2026
585,615,414774116,CN121626325B,9,2026
586,616,416726573,CN121893221A,-1,2026
587,617,416726937,CN121893226A,39,2026
588,618,416723910,CN121893278A,1,2026
589,619,416726499,CN121893321A,19,2026
590,620,416727146,CN121893332A,17,2026
591,621,416630486,CN121894073A,0,2026
592,622,416663065,CN121895754A,66,2025
593,623,416716965,CN121898395A,15,2026
594,624,416718593,CN121898422A,-1,2026
595,625,416650093,CN121900395A,15,2025
596,626,416677617,CN121902025A,17,2025
597,627,416670904,CN121906846A,-1,2025
598,628,416629406,CN224144706U,-1,2025
599,629,416654043,CN224146051U,0,2025
600,630,416621081,US12605823B1,-1,2024
601,631,368180033,CN116030493B,41,2022
602,632,370821898,CN116279893B,0,2023
603,633,373554635,CN116625364B,33,2023
604,634,401685695,CN119880205B,20,2025
605,635,411324885,CN121157111B,1,2025
606,636,413699857,CN121492070B,5,2026
607,637,414651458,CN121612315B,33,2026
608,638,416542386,CN121870783A,1,2026
609,639,416542643,CN121870787A,-1,2026
610,640,416481451,CN121878858A,46,2023
611,641,416484449,CN121879126A,-1,2025
612,642,416486606,CN121879233A,10,2025
613,643,416489212,CN121879363A,6,2026
614,644,416499777,CN121880015A,65,2026
615,645,416541089,CN121881853A,7,2026
616,646,416547394,CN121882096A,5,2025
617,647,416481526,CN121884311A,-1,2025
618,648,416484883,CN121884442A,53,2025
619,649,416467752,CN224128773U,36,2025
620,650,416465228,IN202441078598A,0,2024
621,651,416464051,IN202531082661A,8,2025
622,652,416462665,IN202621023885A,5,2026
623,653,416461515,IN202641022334A,8,2026
624,654,416449520,US20260102903A1,36,2025
625,655,416447201,WO2026080502A1,-1,2025
626,656,410486500,TW202615804A,-1,2024
627,657,398399237,CN119440025B,3,2024
628,658,403111581,CN120063276B,-1,2025
629,659,405433006,CN120369006B,27,2025
630,660,413700197,CN121492124B,-1,2026
631,661,414018483,CN121535787B,0,2026
632,662,414664113,CN121613756B,-1,2026
633,663,414916993,CN121650025B,6,2026
634,664,416336665,CN121845910A,2,2026
635,665,416347176,CN121846550A,24,2026
636,667,416385287,CN121848352A,9,2026
637,668,416386514,CN121848369A,1,2024
638,669,416386800,CN121848373A,-1,2025
639,670,416387658,CN121848385A,5,2026
640,671,416387946,CN121848389A,1,2026
641,672,416388156,CN121848392A,-1,2026
642,673,416386997,CN121848442A,1,2026
643,674,416403590,CN121849265A,19,2025
644,675,416314918,CN121855534A,27,2025
645,676,416345608,CN121857307A,5,2025
646,677,416345698,CN121857308A,1,2026
647,678,416350123,CN121857367A,44,2025
648,679,416346403,CN121857400A,3,2025
649,680,416350817,CN121857675A,1,2025
650,681,416352840,CN121857704A,-1,2026
651,682,416356725,CN121857755A,3,2025
652,683,416355601,CN121857978A,20,2026
653,684,416391663,CN121859535A,-1,2025
654,685,416310391,CN121860519A,-1,2026
655,686,416376020,CN121863774A,0,2026
656,687,416373776,CN224112960U,24,2025
657,688,416364546,CN224117400U,0,2025
658,689,416299040,US12600568B1,-1,2025
659,690,409462851,TWI922316B,75,2025
660,691,373389730,CN116607905B,0,2023
661,692,378531806,CN117141613B,-1,2023
662,693,378451281,CN117440909B,40,2022
663,694,407604610,CN120673228B,7,2025
664,695,414910013,CN121659991B,5,2026
665,696,416185411,CN121821311A,-1,2025
666,697,416185614,CN121821396A,-1,2026
667,698,416185862,CN121821400A,8,2026
668,699,416189043,CN121821463A,-1,2026
669,700,416206517,CN121822677A,0,2025
670,701,416206621,CN121822679A,6,2026
671,702,416206966,CN121822684A,9,2026
672,703,416207573,CN121822773A,-1,2025
673,704,416189052,CN121832581A,-1,2025
674,705,416189514,CN121832590A,6,2026
675,706,416138323,CN121835816A,57,2025
676,707,416167792,CN121837157A,30,2025
677,708,416190823,CN121838028A,15,2025
678,709,416152566,CN121842253A,21,2026
679,710,416183674,CN224102963U,0,2025
680,711,416205166,CN224104184U,0,2025
681,712,416280105,IN202641038527A,15,2026
682,713,416280654,IN202641038926A,-1,2026
683,714,416281207,IN202641038945A,-1,2026
684,715,416281851,IN202641040368A,2,2026
685,716,416106918,JP2026062316A,-1,2024
686,718,350322328,EP4001010B1,7,2021
687,719,412902619,CN121386792B,1,2025
688,720,416027469,CN121798581A,5,2025
689,721,416024138,CN121798600A,-1,2025
690,722,416025431,CN121798619A,21,2026
691,723,416026502,CN121798634A,-1,2026
692,724,416028106,CN121798655A,10,2026
693,725,416029448,CN121798674A,17,2025
694,726,416044307,CN121799378A,7,2025
695,727,415981508,CN121801037A,66,2025
696,728,416058875,CN121804723A,66,2026
697,729,415985902,CN121806458A,5,2025
698,730,415988520,CN121806509A,-1,2026
699,731,415988630,CN121806511A,6,2026
700,732,415988680,CN121806512A,-1,2026
701,733,415988229,CN121806572A,38,2025
702,734,415990766,CN121806618A,-1,2025
703,735,416049249,CN121809538A,17,2025
704,736,415986545,CN121811453A,-1,2025
705,737,416057662,CN121814856A,-1,2025
706,738,416291991,KR1020260047037A,6,2024
707,739,344976132,CN114049681B,26,2018
708,740,414205327,CN121552445B,32,2026
709,741,415927629,CN121776725A,36,2025
710,742,415821972,CN121777129A,-1,2026
711,743,415821313,CN121777165A,5,2026
712,744,415823094,CN121777198A,48,2025
713,748,415844430,CN121785330A,-1,2026
714,749,415888285,CN121788194A,42,2025
715,750,415892395,CN121788566A,51,2025
716,751,415863494,CN121793060A,52,2025
717,752,415870963,CN224074361U,-1,2025
718,753,415889401,CN224075659U,0,2025
719,754,415829053,CN224077963U,18,2025
720,755,415904766,CN224083327U,12,2025
721,756,415947808,IN202521012377A,8,2025
722,757,415948413,IN202641013775A,-1,2026
723,758,415948488,IN202641016802A,8,2026
724,759,415804364,WO2026065373A1,15,2024
725,761,346254836,EP4010659B1,-1,2019
726,763,415957094,TWM681730U,-1,2025
727,764,401285955,CN119821068B,1,2025
728,765,410868658,CN121083647B,32,2025
729,766,411321406,CN121156985B,1,2025
730,767,411474829,CN121179441B,6,2025
731,768,411863574,CN121212193B,5,2025
732,769,412196921,CN121267989B,-1,2025
733,770,413341681,CN121447655B,57,2026
734,771,413699049,CN121492057B,57,2026
735,772,415710650,CN121756299A,40,2026
736,773,415712846,CN121756330A,1,2025
737,774,415713396,CN121756339A,1,2025
738,775,415714391,CN121756354A,-1,2026
739,776,415714640,CN121756358A,-1,2026
740,778,415761377,CN121762967A,-1,2025
741,779,415762383,CN121763055A,-1,2025
742,780,415670770,CN121764080A,15,2025
743,781,415672518,CN121764108A,15,2025
744,782,415760162,CN121767901A,56,2025
745,783,415758805,CN121768043A,41,2025
746,784,415667473,CN224059839U,-1,2025
747,785,415687803,CN224061076U,0,2025
748,787,364972293,CN115705703B,50,2021
749,788,375589891,CN116852352B,-1,2023
750,789,378244331,CN117103261B,65,2023
751,790,405928126,CN120451488B,-1,2025
752,791,407771921,CN120687743B,17,2025
753,792,409201541,CN120862689B,-1,2025
754,793,411187115,CN121143869B,17,2025
755,794,411357813,CN121163545B,6,2025
756,795,413428911,CN121459412B,26,2026
757,796,413699812,CN121492069B,47,2026
758,797,414018799,CN121535720B,1,2026
759,798,414517649,CN121589818B,44,2026
760,799,415544323,CN121732752A,36,2025
761,800,415559808,CN121733500A,-1,2026
762,801,415557338,CN121733532A,6,2025
763,802,415558928,CN121733555A,3,2025
764,803,415558988,CN121733556A,1,2025
765,804,415559419,CN121733562A,3,2026
766,806,415560848,CN121733582A,17,2026
767,807,415557815,CN121733612A,13,2026
768,808,415576767,CN121734546A,37,2026
769,809,415506857,CN121736750A,66,2025
770,810,415588208,CN121740003A,-1,2025
771,811,415588507,CN121740007A,-1,2026
772,812,415504108,CN121742308A,3,2025
773,813,415570912,CN121745152A,5,2025
774,815,415604374,CN121746593A,-1,2025
775,816,415609901,CN121746837A,56,2025
776,817,415574544,CN121750997A,52,2026
777,818,415501753,CN224043790U,4,2025
778,819,415503114,CN224043818U,-1,2025
779,820,415503566,CN224043824U,0,2025
780,821,415636197,IN202611015954A,8,2026
781,822,415640308,IN202621015364A,-1,2026
782,823,386088001,CN118023798B,36,2024
783,824,412197363,CN121267943B,5,2025
784,825,412197372,CN121267944B,57,2025
785,826,413502486,CN121468592B,57,2026
786,827,413827724,CN121523059B,6,2026
787,828,415426631,CN121716023A,0,2026
788,829,415427663,CN121716036A,10,2025
789,830,415429731,CN121716066A,-1,2026
790,831,415430187,CN121716074A,19,2026
791,832,415425796,CN121716095A,5,2026
792,833,415427541,CN121716118A,49,2025
793,834,415428050,CN121716126A,-1,2026
794,835,415428128,CN121716127A,47,2026
795,836,415346681,CN121721735A,30,2026
796,838,415350288,CN121722017A,3,2025
797,839,415398381,CN121724724A,35,2025
798,840,415349749,CN121726660A,-1,2025
799,841,415352816,CN224024218U,11,2025
800,842,410751455,CN121067747B,30,2025
801,843,411836919,CN121200084B,47,2025
802,844,411960037,CN121245866B,17,2025
803,845,412895712,CN121374662B,1,2025
804,846,413019269,CN121411291B,1,2025
805,847,413019302,CN121411292B,10,2025
806,848,415248056,CN121696947A,5,2025
807,849,415250645,CN121696985A,1,2026
808,850,415246758,CN121697000A,2,2025
809,851,415248757,CN121697028A,10,2025
810,852,415258187,CN121697382A,0,2025
811,853,415263899,CN121697767A,0,2025
812,854,415244887,CN121701626A,-1,2026
813,856,415193129,CN121704173A,17,2025
814,857,415199341,CN121704503A,74,2024
815,858,415199722,CN121704509A,33,2025
816,860,415247992,CN121706840A,2,2026
817,861,415274188,CN121708231A,33,2025
818,862,415223801,CN121710572A,-1,2025
819,863,415311909,IN202641012362A,48,2026
820,864,415314125,IN202641028164A,21,2026
821,865,415153631,US20260077484A1,-1,2024
822,866,415153650,US20260077485A1,-1,2025
823,867,415153934,US20260077497A1,38,2025
824,868,415158971,US20260080036A1,21,2025
825,870,415183134,WO2026060354A1,70,2025
826,871,415330307,KR1020260038844A,17,2025
827,872,415330300,KR1020260038845A,-1,2025
828,873,415330308,KR1020260038846A,17,2025
829,874,415330324,KR1020260038847A,-1,2025
830,875,360649947,CN115359405B,43,2022
831,876,406618533,CN120538534B,6,2025
832,877,408504428,CN120773051B,1,2025
833,878,409899327,CN120962662B,10,2025
834,879,412749852,CN121361103B,1,2025
835,880,412933699,CN121394963B,49,2025
836,881,413433441,CN121459816B,2,2025
837,882,413856185,CN121515221B,1,2026
838,883,415085426,CN121669965A,66,2025
839,884,415102133,CN121670599A,4,2026
840,885,415097598,CN121670606A,32,2026
841,886,415099140,CN121670626A,1,2025
842,887,415102321,CN121670745A,16,2025
843,889,415121302,CN121671761A,37,2025
844,890,415121936,CN121671770A,-1,2025
845,892,415010567,CN121678003A,-1,2025
846,893,415012972,CN121678033A,1,2026
847,894,415048011,CN121680044A,-1,2025
848,895,415051510,CN121680153A,32,2025
849,896,415052519,CN121680167A,5,2025
850,897,415059079,CN121680399A,-1,2025
851,898,415056243,CN121680439A,-1,2025
852,901,415064347,CN121686287A,54,2025
853,902,415065983,CN121686519A,-1,2025
854,903,415067696,CN121686550A,26,2026
855,904,415123436,CN121689409A,49,2025
856,905,415029639,CN121691496A,-1,2025
857,906,415072443,CN223999641U,9,2026
858,907,373757891,JP7831825B2,4,2022
859,908,415327940,KR1020260037630A,-1,2026
860,909,377052155,CN117011378B,15,2023
861,910,409269655,CN120873640B,47,2025
862,911,414911340,CN121649957A,12,2025
863,912,414915561,CN121650006A,1,2026
864,915,414924364,CN121650591A,-1,2026
865,916,414969384,CN121655500A,27,2025
866,917,414921668,CN121657086A,-1,2025
867,918,414925648,CN121657435A,5,2025
868,919,414930354,CN121657659A,-1,2025
869,920,414930430,CN121657718A,3,2025
870,921,414930709,CN121657722A,10,2025
871,925,414947179,CN121661771A,29,2024
872,926,414960894,CN121662528A,-1,2026
873,927,414954714,CN223990086U,0,2025
874,928,414979121,IN202431067769A,29,2024
875,929,414977667,IN202641024867A,21,2026
876,930,414977843,IN202641024899A,-1,2026
877,931,414580788,JP2026046233A,40,2024
878,932,414852184,JP2026044480A,20,2024
879,934,414867716,US20260072450A1,30,2024
880,935,402355123,CN119975603B,9,2025
881,936,413072704,CN121403422B,57,2025
882,937,413262194,CN121424414B,5,2025
883,938,414756120,CN121625090A,32,2025
884,939,414757418,CN121625117A,28,2025
885,940,414755586,CN121625136A,1,2025
886,941,414756068,CN121625147A,1,2025
887,942,414756581,CN121625157A,10,2026
888,944,414757793,CN121625184A,2,2025
889,945,414759763,CN121625230A,-1,2025
890,946,414768365,CN121626046A,-1,2026
891,947,414774077,CN121626324A,0,2026
892,949,414774163,CN121626326A,37,2026
893,950,414763824,CN121632129A,27,2025
894,951,414805662,CN121635000A,1,2025
895,952,414808785,CN121635338A,5,2025
896,953,414810493,CN121635434A,33,2025
897,954,414810562,CN121635435A,5,2025
898,955,414813443,CN121635478A,-1,2025
899,956,414813718,CN121635554A,1,2025
900,957,414776829,CN121639648A,30,2025
901,958,414786224,CN121640520A,41,2025
902,959,414738732,CN223981815U,-1,2025
903,960,413342610,CN121447710B,-1,2026
904,961,414622782,CN121608127A,12,2026
905,962,414620889,CN121608155A,1,2025
906,963,414626633,CN121608821A,-1,2025
907,964,414626682,CN121608822A,37,2026
908,967,414680964,CN121615680A,17,2025
909,968,414611070,IN202641020606A,70,2026
910,969,414588110,US20260061611A1,44,2025
911,970,414588372,US20260061625A1,-1,2025
912,973,374096977,CN116690557B,-1,2023
913,974,395722745,CN119115940B,5,2024
914,975,414516047,CN121589798A,35,2025
915,977,414533102,CN121590664A,0,2025
916,978,414473095,CN121596874A,-1,2025
917,979,414463979,CN121600201A,56,2025
918,980,414472005,CN121600695A,-1,2024
919,981,414478792,CN223961292U,-1,2025
920,982,378512455,CN117140542B,2,2023
921,983,378531716,CN117141611B,3,2023
922,984,408200617,CN120735021B,17,2025
923,985,408648437,CN120805549B,20,2025
924,986,409894896,CN120979671B,38,2025
925,987,410679756,CN121069743B,5,2025
926,988,411722901,CN121224725B,7,2025
927,989,414368226,CN121572259A,32,2025
928,990,414367683,CN121572325A,-1,2026
929,991,414367878,CN121572328A,1,2026
930,993,414370405,CN121572361A,-1,2025
931,994,414383667,CN121573085A,0,2026
932,995,414432409,CN121578654A,5,2026
933,997,414355625,CN121580848A,-1,2025
934,998,414393551,CN223947923U,13,2025
935,999,414393606,CN223947924U,-1,2025
936,1000,414332611,CN223949242U,0,2025
937,1001,414332693,CN223949244U,13,2025
938,1002,414294504,US20260054369A1,-1,2025
939,1003,414294729,US20260054379A1,-1,2025
940,1005,393403734,EP4698351A2,2,2024
941,1006,376588647,CN116946280B,0,2023
942,1007,406926944,CN120578041B,28,2025
943,1008,410682039,CN121069800B,6,2025
944,1009,414201552,CN121552315A,1,2025
945,1011,414200883,CN121552383A,3,2026
946,1012,414205122,CN121552442A,-1,2025
947,1013,414205267,CN121552444A,32,2025
948,1015,414218845,CN121553273A,2,2025
949,1016,414218502,CN121558023A,38,2025
950,1017,414202313,CN121562404A,5,2025
951,1018,414222685,CN121568191A,44,2025
952,1019,414162294,CN223933636U,-1,2025
953,1020,414186470,CN223934846U,37,2025
954,1021,414147828,JP2026031287A,11,2024
955,1022,388166941,US12558801B2,-1,2023
956,1023,414137398,IN202641014325A,22,2026
957,1024,414137898,IN202641015026A,21,2026
958,1025,KZ20240953120241108,KZ37827B,71,2024
959,1026,414093652,US20260048506A1,-1,2025
960,1027,393042140,EP4696465A1,-1,2024
961,1028,414088841,EP4696468A2,-1,2022
962,1029,367163459,CN115933628B,27,2022
963,1030,376589949,CN116946390B,0,2023
964,1031,411030479,CN121105040B,1,2025
965,1032,412917545,CN121375984B,0,2025
966,1034,414020453,CN121535742A,1,2025
967,1035,414021101,CN121535750A,1,2025
968,1036,414018735,CN121535790A,-1,2025
969,1037,414036442,CN121541463A,6,2025
970,1039,414015261,CN121544855A,-1,2025
971,1040,413981710,CN121547747A,44,2026
972,1041,371151170,US12552034B2,22,2022
973,1042,414081738,US12552038B1,38,2024
974,1044,408655033,CN120807727B,68,2025
975,1045,410056399,CN120985675B,1,2025
976,1046,410056751,CN120991885B,27,2025
977,1047,410743853,CN121061903B,5,2025
978,1048,411030844,CN121105047B,32,2025
979,1049,411356755,CN121163530B,27,2025
980,1050,412136641,CN121277188B,1,2025
981,1051,413834055,CN121514170A,-1,2025
982,1052,413851687,CN121515156A,-1,2025
983,1053,413851954,CN121515160A,-1,2025
984,1054,413853338,CN121515181A,1,2025
985,1055,413855052,CN121515206A,1,2025
986,1056,413855413,CN121515211A,6,2025
987,1058,413852714,CN121515248A,-1,2026
988,1059,413876629,CN121516134A,9,2025
989,1060,413885993,CN121520929A,52,2025
990,1061,413889149,CN121521112A,-1,2025
991,1062,413918175,CN121522574A,2,2025
992,1063,413826851,CN121523030A,-1,2025
993,1065,413832731,CN121523385A,3,2025
994,1066,413920257,CN121527069A,6,2025
995,1067,413917927,CN121527121A,26,2025
996,1068,413918004,CN121527122A,26,2025
997,1069,413844086,CN121528482A,-1,2025
998,1070,413832442,CN223903975U,-1,2025
999,1071,413895491,CN223912268U,49,2025
1000,1072,413817969,IN202541124066A,21,2025
1001,1073,413804563,WO2026035805A1,38,2025
1002,1074,392636222,EP4691698A1,74,2023
1003,1075,392643385,EP4691708A1,25,2024
1004,1076,378760349,CN117125167B,0,2023
1005,1077,410743964,CN121061906B,-1,2025
1006,1078,411719886,CN121223868B,-1,2025
1007,1079,413695234,CN121491998A,12,2025
1008,1080,413696359,CN121492014A,10,2025
1009,1081,413696962,CN121492023A,38,2025
1010,1082,413699464,CN121492064A,10,2026
1011,1083,413699510,CN121492065A,1,2026
1012,1086,413700396,CN121492078A,0,2025
1013,1087,413700445,CN121492079A,0,2026
1014,1088,413698678,CN121492102A,-1,2025
1015,1089,413698740,CN121492103A,-1,2025
1016,1092,413651888,CN121499736A,20,2024
1017,1093,413670185,CN121500982A,33,2026
1018,1094,413671746,CN121501008A,15,2025
1019,1095,413710426,CN121503548A,35,2024
1020,1096,413654126,CN121505377A,5,2025
1021,1097,403081238,CN120056123B,5,2025
1022,1098,409204148,CN120862748B,-1,2025
1023,1099,411177286,CN121132701B,28,2025
1024,1100,413541154,CN121464838A,39,2025
1025,1101,413501768,CN121468487A,-1,2025
1026,1102,413500376,CN121468516A,-1,2025
1027,1103,413500432,CN121468518A,2,2025
1028,1104,413500517,CN121468521A,27,2025
1029,1105,413500544,CN121468522A,5,2025
1030,1106,413501663,CN121468564A,71,2025
1031,1107,413502072,CN121468577A,-1,2025
1032,1109,413501054,CN121468602A,10,2026
1033,1110,413501351,CN121468612A,-1,2025
1034,1111,413501480,CN121468616A,4,2025
1035,1112,413501811,CN121468627A,4,2025
1036,1113,413502377,CN121468646A,13,2025
1037,1114,413503260,CN121468674A,-1,2025
1038,1115,413507890,CN121469202A,0,2025
1039,1116,413515277,CN121469757A,0,2025
1040,1117,413496372,CN121475168A,10,2025
1041,1118,413530088,CN121477902A,2,2026
1042,1119,413529270,CN121477950A,3,2025
1043,1121,413529583,CN121477956A,5,2025
1044,1122,413553928,CN121479665A,15,2025
1045,1123,413569609,CN121480731A,-1,2025
1046,1126,413597354,CN223876997U,-1,2024
1047,1127,413610321,CN223878118U,-1,2025
1048,1128,413627894,IN202641000645A,1,2026
1049,1129,413386599,US20260034683A1,-1,2025
1050,1130,413484463,WO2026025420A1,8,2024
1051,1132,392640109,EP4686379A1,-1,2023
1052,1133,365821883,CN115775257B,-1,2021
1053,1134,368714088,CN116088546B,-1,2022
1054,1135,399940653,CN119644827B,44,2024
1055,1136,400062868,CN119672114B,35,2024
1056,1137,404659190,CN120277963B,1,2025
1057,1138,409201560,CN120862690B,5,2025
1058,1139,410086445,CN120993711B,6,2025
1059,1140,411842144,CN121200037B,57,2025
1060,1141,413342056,CN121447588A,9,2025
1061,1142,413342088,CN121447591A,-1,2025
1062,1143,413342257,CN121447603A,4,2025
1063,1144,413342442,CN121447613A,15,2025
1064,1145,413342520,CN121447617A,-1,2025
1065,1146,413343152,CN121447647A,57,2025
1066,1148,413342109,CN121447687A,-1,2025
1067,1150,413349860,CN121448540A,9,2025
1068,1151,413397383,CN121454954A,3,2025
1069,1153,413399563,CN121455194A,-1,2025
1070,1154,413399579,CN121455195A,-1,2025
1071,1155,413399615,CN121455197A,-1,2025
1072,1156,413399786,CN121455208A,38,2025
1073,1158,413433380,CN121459815A,2,2025
1074,1160,413437137,CN121460273A,-1,2025
1075,1161,413374654,CN223864997U,9,2025
1076,1162,398907952,US12539621B1,4,2025
1077,1163,412742750,KR102922421B1,-1,2024
1078,1164,398138781,KR102921123B1,-1,2023
1079,1165,376928198,CN116985110B,45,2022
1080,1166,405510638,CN120386385B,3,2025
1081,1167,409640717,CN120928375B,27,2025
1082,1168,409896632,CN120962680B,-1,2025
1083,1169,410090204,CN120993921B,5,2025
1084,1170,411009837,CN121115523B,5,2025
1085,1171,413259427,CN121424378A,35,2025
1086,1172,413259550,CN121424380A,-1,2025
1087,1173,413259658,CN121424382A,-1,2025
1088,1174,413260926,CN121424399A,-1,2025
1089,1176,413264761,CN121424441A,19,2025
1090,1177,413259610,CN121424456A,12,2025
1091,1178,413272540,CN121430571A,3,2025
1092,1179,413302270,CN121432023A,1,2025
1093,1180,413205956,CN121432930A,-1,2025
1094,1181,413209732,CN121433294A,-1,2025
1095,1182,413209886,CN121433297A,33,2025
1096,1183,413219887,CN121433794A,2,2025
1097,1184,413267290,CN121436022A,42,2025
1098,1185,413267689,CN121436027A,5,2025
1099,1186,413212259,CN121438818A,2,2025
1100,1187,413273680,CN121442067A,-1,2025
1101,1188,413198036,CN223849299U,0,2025
1102,1189,413324512,IN202521118909A,-1,2025
1103,1190,413325951,IN202541133607A,8,2025
1104,1191,413326112,IN202641003589A,-1,2026
1105,1192,413327606,IN202641005878A,19,2026
1106,1193,413170182,US20260028073A1,9,2025
1107,1195,413184157,WO2026024572A1,9,2025
1108,1196,413185085,WO2026024785A1,38,2025
1109,1197,334121355,EP4101376B1,-1,2020
1110,1198,394204818,JP2026013337A,28,2024
1111,1200,403114305,CN120063317B,15,2025
1112,1201,409502447,CN120909299B,33,2025
1113,1202,410689834,CN121075330B,65,2025
1114,1203,413073213,CN121403356A,5,2025
1115,1204,413074685,CN121403374A,-1,2025
1116,1205,413075014,CN121403379A,1,2025
1117,1208,413073929,CN121403438A,0,2025
1118,1209,413079953,CN121409605A,16,2025
1119,1210,413018438,CN121411264A,15,2025
1120,1213,413021237,CN121411344A,10,2025
1121,1214,413021424,CN121411440A,27,2025
1122,1215,413019459,CN121411476A,1,2025
1123,1216,413067717,CN121413824A,-1,2025
1124,1217,413085922,CN121414777A,26,2025
1125,1218,413044681,CN121417592A,-1,2025
1126,1219,413112744,CN223834516U,13,2025
1127,1220,413090260,CN223837853U,18,2025
1128,1221,409042719,CN120839819B,4,2025
1129,1222,412894966,CN121374573A,-1,2025
1130,1223,412895587,CN121374580A,10,2025
1131,1224,412895927,CN121374584A,5,2025
1132,1225,412896970,CN121374596A,-1,2025
1133,1226,412894862,CN121374652A,65,2025
1134,1227,412895300,CN121374657A,28,2025
1135,1229,412897352,CN121374680A,20,2025
1136,1231,412892028,CN121374718A,12,2025
1137,1232,412917419,CN121375982A,9,2025
1138,1233,412917492,CN121375983A,9,2025
1139,1235,412895737,CN121386402A,38,2025
1140,1237,412944699,CN121389371A,-1,2025
1141,1238,412944805,CN121389372A,3,2025
1142,1239,412857250,CN121390127A,5,2025
1143,1241,412890274,CN121391992A,35,2025
1144,1244,412878927,CN121397170A,2,2025
1145,1245,412883290,CN121397811A,-1,2025
1146,1246,412978479,CN223827076U,-1,2025
1147,1247,412703574,WO2026016316A1,57,2024
1148,1248,414120939,TR2025022132A2,-1,2025
1149,1249,414124654,TR2025022226A2,-1,2025
1150,1250,TR202401384320241013,TR2024013843Y,14,2024
1151,1251,373435618,CN116605327B,0,2023
1152,1252,409042762,CN120839820B,4,2025
1153,1253,412750910,CN121361072A,-1,2025
1154,1254,412751436,CN121361093A,-1,2025
1155,1256,412750021,CN121361114A,4,2025
1156,1257,412754365,CN121361415A,30,2025
1157,1258,309544188,US12528428B2,-1,2019
1158,1259,413013775,KR102915951B1,-1,2025
1159,1260,399872098,CN119647082B,16,2024
1160,1261,412698224,CN121339846A,13,2025
1161,1262,412703444,CN121340207A,-1,2025
1162,1264,412706214,CN121340239A,10,2025
1163,1266,412702614,CN121340275A,-1,2025
1164,1267,412703845,CN121340353A,19,2025
1165,1268,412628335,CN121341216A,7,2025
1166,1269,412630251,CN121341317A,9,2025
1167,1270,412709259,CN121348993A,10,2025
1168,1271,412711975,CN121349099A,5,2025
1169,1272,412619782,CN121353818A,32,2025
1170,1273,412622191,CN121354158A,50,2024
1171,1274,412647759,CN121355080A,36,2025
1172,1275,412641800,CN223802594U,-1,2025
1173,1276,412639033,CN223802618U,13,2025
1174,1277,412731414,IN202411051997A,39,2024
1175,1280,412599827,US20260016809A1,32,2024
1176,1281,406624909,CN120538863B,-1,2025
1177,1282,412542644,CN121315374A,36,2025
1178,1283,412546110,CN121315902A,0,2025
1179,1284,412540528,CN121315905A,-1,2025
1180,1285,412540848,CN121315910A,9,2025
1181,1286,412540906,CN121315911A,9,2025
1182,1287,412544944,CN121315975A,6,2025
1183,1288,412541717,CN121316019A,12,2025
1184,1289,412482558,CN121323604A,15,2025
1185,1290,412492824,CN121324021A,16,2024
1186,1291,412431944,CN121325685A,44,2025
1187,1292,412432104,CN121325705A,15,2025
1188,1294,412471992,CN121327585A,27,2025
1189,1295,412465965,CN121332123A,-1,2025
1190,1296,412474262,CN223791608U,0,2025
1191,1298,397178732,CN119283017B,1,2024
1192,1299,410248722,CN121005059B,-1,2025
1193,1300,412314572,CN121290403A,5,2025
1194,1302,412320313,CN121290486A,9,2025
1195,1303,412316502,CN121290511A,-1,2025
1196,1304,412343258,CN121291630A,9,2024
1197,1305,412266315,CN121293720A,66,2025
1198,1306,412280851,CN121300151A,40,2025
1199,1307,412286513,CN121300379A,-1,2025
1200,1311,412297788,CN121300983A,32,2025
1201,1312,412316017,CN121302105A,2,2025
1202,1313,412329536,CN121308227A,64,2025
1203,1314,412334025,CN121308436A,-1,2025
1204,1315,412255250,CN121309960A,26,2025
1205,1316,412282373,CN121311401A,7,2024
1206,1317,412309894,CN223778460U,0,2025
1207,1318,412389896,IN202521117257A,-1,2025
1208,1320,412238671,US20260010166A1,-1,2025
1209,1321,412237048,US20260010411A1,21,2025
1210,1322,412246430,WO2026009036A2,7,2025
1211,1323,412245935,WO2026009134A1,17,2025
1212,1324,392644211,EP4673895A1,61,2024
1213,1325,395346802,CN119088013B,3,2024
1214,1326,403242971,CN120080929B,12,2025
1215,1327,407537009,CN120645210B,-1,2025
1216,1328,408034870,CN120715919B,1,2025
1217,1329,408385974,CN120755910B,12,2025
1218,1330,409334183,CN120886273B,27,2025
1219,1331,409632885,CN120928029B,-1,2025
1220,1332,412160207,CN121265248A,24,2025
1221,1333,412192972,CN121267313A,36,2025
1222,1335,412196901,CN121267988A,13,2025
1223,1337,412099719,CN121268999A,0,2025
1224,1338,412099750,CN121269000A,0,2025
1225,1339,412106880,CN121274987A,7,2025
1226,1340,412108222,CN121275014A,-1,2025
1227,1341,412136722,CN121277101A,27,2025
1228,1343,412137827,CN121277211A,27,2024
1229,1344,412103816,CN121281361A,-1,2025
1230,1345,348193542,US12515320B2,-1,2021
1231,1346,398739111,US12515337B2,22,2023
1232,1347,376730473,CN116966069B,48,2023
1233,1348,404943008,CN120307284B,-1,2025
1234,1349,407907140,CN120696999B,17,2025
1235,1350,409027998,CN120837872B,60,2025
1236,1351,409623384,CN120927336B,59,2025
1237,1352,411959830,CN121245797A,10,2025
1238,1353,411959901,CN121245822A,-1,2025
1239,1354,411959930,CN121245832A,32,2025
1240,1355,411960001,CN121245855A,4,2025
1241,1357,411960138,CN121245900A,12,2025
1242,1358,411960162,CN121245908A,-1,2025
1243,1359,412009723,CN121257304A,47,2025
1244,1360,412023228,CN121259559A,15,2025
1245,1361,412025067,CN121259873A,41,2025
1246,1362,412026736,CN121260151A,2,2025
1247,1363,412040649,CN121262482A,10,2025
1248,1364,411936521,IN202511116042A,2,2025
1249,1365,411937678,IN202521121447A,2,2025
1250,1366,411940726,IN202541121024A,8,2025
1251,1367,411939252,IN202541122173A,2,2025
1252,1368,411942319,IN202541126795A,42,2025
1253,1369,411943061,IN202541127850A,19,2025
1254,1370,411943070,IN202541127855A,12,2025
1255,1371,411943343,IN202541128108A,2,2025
1256,1372,411943841,IN202541129112A,-1,2025
1257,1373,412073249,WO2026000112A1,61,2024
1258,1374,412074839,WO2026003741A2,-1,2025
1259,1375,404595018,TW202601568A,-1,2024
1260,1376,384745963,DE202023003080U1,0,2023
1261,1377,375363009,CN116843924B,51,2023
1262,1379,411719731,CN121223773A,5,2025
1263,1380,411719756,CN121223774A,1,2025
1264,1381,411721003,CN121223818A,-1,2025
1265,1382,411719778,CN121223864A,47,2025
1266,1385,411723151,CN121224738A,3,2025
1267,1386,411747078,CN121232829A,10,2025
1268,1388,411750525,CN121233947A,17,2025
1269,1389,411752747,CN121234739A,17,2025
1270,1390,411755717,CN121235692A,42,2025
1271,1391,375676375,US12508706B2,-1,2023
1272,1392,411709285,US12511598B1,21,2025
1273,1393,395608773,CN119097892B,14,2024
1274,1394,397775367,CN119380414B,2,2024
1275,1395,405699688,CN120395905B,2,2025
1276,1396,407660995,CN120672691B,-1,2025
1277,1397,409464243,CN120901911B,49,2025
1278,1398,409462781,CN120901924B,67,2025
1279,1400,411838085,CN121200007A,-1,2025
1280,1402,411847523,CN121200067A,1,2025
1281,1404,411847556,CN121201243A,0,2025
1282,1405,411843681,CN121204990A,20,2025
1283,1406,411855416,CN121206020A,0,2025
1284,1407,411860278,CN121206046A,-1,2025
1285,1409,411873817,CN121209571A,38,2025
1286,1411,411876601,CN121212731A,10,2025
1287,1412,411882276,CN121213647A,-1,2024
1288,1413,411880501,CN121214518A,2,2025
1289,1414,411905159,CN223728377U,18,2025
1290,1415,411905332,CN223728379U,18,2025
1291,1416,411905444,CN223728380U,18,2025
1292,1418,411645265,WO2025264137A1,13,2024
1293,1419,VN120250811520251027,VN120804A,-1,2025
1294,1420,VN120250815420251028,VN120830A,49,2025
1295,1421,368533389,CN116070671B,-1,2023
1296,1422,405838400,CN120422241B,-1,2025
1297,1423,408385923,CN120755902B,4,2025
1298,1424,411473983,CN121179415A,-1,2025
1299,1425,411474544,CN121179433A,10,2025
1300,1427,411473630,CN121179474A,1,2025
1301,1428,411473792,CN121179479A,17,2025
1302,1430,411484458,CN121180323A,-1,2025
1303,1432,411484570,CN121180327A,0,2025
1304,1433,411484677,CN121180331A,0,2025
1305,1434,411556449,CN121185305A,27,2025
1306,1436,411473561,CN121187341A,7,2025
1307,1437,411462530,CN121194347A,-1,2025
1308,1438,411474375,CN223700889U,-1,2024
1309,1439,411499440,CN223702772U,0,2025
1310,1440,411499579,CN223702775U,0,2025
1311,1441,330898570,US12502769B2,-1,2023
1312,1442,TR202501903320251203,TR2025019033A2,-1,2025
1313,1443,360423647,CN115344040B,-1,2022
1314,1445,411322275,CN121157000A,12,2025
1315,1447,411325169,CN121157116A,-1,2025
1316,1448,411349458,CN121158442A,30,2024
1317,1449,411354594,CN121163501A,27,2025
1318,1453,411432772,IN202411043615A,52,2024
1319,1454,411433473,IN202441046419A,8,2024
1320,1455,411428820,IN202521037104A,20,2025
1321,1456,411428929,IN202541100034A,-1,2025
1322,1457,411431656,IN202541118662A,70,2025
1323,1458,411432138,IN202541119428A,28,2025
1324,1460,411273903,US20250381664A1,-1,2025
1325,1461,411273989,US20250381668A1,22,2025
1326,1462,411274324,US20250381681A1,-1,2025
1327,1463,411274339,US20250381682A1,-1,2025
1328,1464,411292424,WO2025255687A1,-1,2025
1329,1467,349507378,NL2031560B1,-1,2022
1330,1468,405603547,NL4000052B1,66,2025
1331,1469,382006413,JP2025540901A,-1,2023
1332,1470,402054804,CN119929016B,-1,2025
1333,1471,411172882,CN121132639A,32,2025
1334,1473,411173623,CN121132649A,10,2025
1335,1474,411175186,CN121132671A,5,2025
1336,1475,411175615,CN121132677A,6,2025
1337,1476,411176874,CN121132695A,-1,2025
1338,1478,411178989,CN121132725A,19,2025
1339,1479,411179127,CN121132727A,0,2024
1340,1480,411197882,CN121133742A,7,2025
1341,1481,411201508,CN121133868A,3,2025
1342,1482,411201732,CN121133871A,0,2025
1343,1483,411201807,CN121133872A,9,2025
1344,1485,411181530,CN121143418A,6,2025
1345,1487,411224517,CN121145426A,-1,2025
1346,1488,411158423,CN121147659A,7,2025
1347,1489,411162087,CN121148009A,2,2025
1348,1490,411193531,CN223674176U,43,2025
1349,1491,411216723,CN223675210U,2,2024
1350,1492,385042489,US12496714B2,-1,2023
1351,1493,374660456,CN116749230B,12,2023
1352,1494,394722920,CN118991966B,9,2024
1353,1495,408037571,CN120716818B,72,2025
1354,1496,409502678,CN120909303B,-1,2025
1355,1497,410963791,CN121101964A,48,2025
1356,1498,411029117,CN121105011A,-1,2025
1357,1499,411029356,CN121105016A,32,2025
1358,1502,411029113,CN121105081A,-1,2025
1359,1503,411081667,CN121112871A,-1,2025
1360,1505,411033811,CN121117154A,2,2025
1361,1506,411000443,CN121120789A,15,2025
1362,1507,411077348,CN121124445A,-1,2025
1363,1508,411108381,IN202441044488A,29,2024
1364,1509,411104091,IN202511104194A,38,2025
1365,1510,411107916,IN202517102646A,-1,2025
1366,1512,410933974,US20250375875A1,25,2025
1367,1513,410935057,US20250375898A1,-1,2025
1368,1515,394340462,CN118952165B,2,2024
1369,1516,395383743,CN119078989B,9,2024
1370,1517,398057195,CN119388468B,-1,2024
1371,1518,400268235,CN119690117B,-1,2024
1372,1519,404814238,CN120287317B,13,2025
1373,1520,407537284,CN120645216B,-1,2025
1374,1521,410867687,CN121083632A,1,2025
1375,1523,410867344,CN121083694A,12,2025
1376,1524,410882557,CN121084516A,-1,2025
1377,1526,410875260,CN223652321U,-1,2024
1378,1527,368859771,CN116100602B,6,2022
1379,1528,405404209,CN120373134B,-1,2025
1380,1529,409606161,CN120921439B,-1,2025
1381,1530,410743738,CN121061838A,-1,2025
1382,1531,410744227,CN121061859A,-1,2025
1383,1532,410742961,CN121061885A,1,2025
1384,1535,410744079,CN121061911A,27,2025
1385,1537,410650941,CN121067878A,-1,2025
1386,1538,410651056,CN121067881A,27,2025
1387,1541,410683814,CN121069950A,6,2025
1388,1542,410684281,CN121070035A,7,2025
1389,1545,410688201,CN223631674U,0,2025
1390,1547,366090514,IN575193A1,-1,2023
1391,1548,410628026,US20250373494A1,-1,2025
1392,1549,410647130,WO2025250798A1,22,2025
1393,1550,390489161,CN118494634B,0,2024
1394,1551,408853400,CN120816501B,5,2025
1395,1552,409334066,CN120886268B,6,2025
1396,1553,410584315,CN121043090A,72,2025
1397,1554,410585055,CN121043183A,-1,2025
1398,1555,410506605,CN121043971A,52,2025
1399,1556,410533345,CN121050241A,5,2025
1400,1557,410514895,CN223617761U,-1,2025
1401,1558,410515035,CN223617763U,-1,2025
1402,1559,410515082,CN223617764U,-1,2025
1403,1560,410515579,CN223617773U,2,2024
1404,1563,362543316,CN115525036B,7,2022
1405,1564,376448867,CN116934791B,-1,2022
1406,1565,399872935,CN119641177B,46,2024
1407,1566,403634658,CN120135314B,0,2025
1408,1567,408810286,CN120821200B,7,2025
1409,1568,409203401,CN120862643B,5,2025
1410,1569,409202581,CN120862713B,32,2025
1411,1570,410350214,CN121014469A,0,2025
1412,1571,410431648,CN121018540A,6,2025
1413,1572,410432646,CN121018555A,1,2025
1414,1573,410434064,CN121018576A,5,2025
1415,1574,410402148,CN121028768A,-1,2025
1416,1575,410373841,CN223604401U,-1,2025
1417,1576,410360893,CN223609211U,12,2025
1418,1577,410471937,IN202511089872A,29,2025
1419,1578,410471821,IN202511094778A,28,2025
1420,1579,410476235,IN202541101778A,28,2025
1421,1580,410480253,IN202541108879A,21,2025
1422,1583,400714704,IN574589A1,21,2025
1423,1584,406169790,DE102024103644B4,-1,2024
1424,1585,410322661,DE102024114540A1,21,2024
1425,1588,410314525,US20250362117A1,29,2025
1426,1590,335685408,EP4115347B1,-1,2021
1427,1591,394023648,CN118906089B,-1,2024
1428,1592,394033390,CN118907260B,-1,2024
1429,1593,399040913,CN119536017B,10,2024
1430,1594,400504498,CN119717618B,47,2024
1431,1595,408232717,CN120742942B,-1,2025
1432,1596,408715132,CN120791809B,-1,2025
1433,1597,408715206,CN120791811B,33,2025
1434,1598,410238427,CN121004621A,-1,2025
1435,1600,410248811,CN121005061A,-1,2025
1436,1601,410226881,CN121008517A,6,2025
1437,1602,347682946,US12479101B2,22,2021
1438,1603,366861211,CN115871700B,7,2022
1439,1604,367977670,CN116001941B,0,2023
1440,1605,394857942,CN119027499B,-1,2024
1441,1606,395919639,CN119142434B,0,2024
1442,1607,398405651,CN119428907B,-1,2024
1443,1608,398574527,CN119458445B,12,2024
1444,1609,399508330,CN119596750B,3,2024
1445,1610,400972766,CN119770180B,-1,2024
1446,1611,400968612,CN119782142B,11,2024
1447,1612,402803290,CN120024424B,9,2025
1448,1613,408034654,CN120715957B,13,2025
1449,1614,408923300,CN120833943B,-1,2025
1450,1615,409041890,CN120856960B,30,2025
1451,1616,410053855,CN120985610A,2,2025
1452,1617,410054574,CN120985630A,6,2025
1453,1618,410055422,CN120985653A,1,2025
1454,1620,410054725,CN120985707A,-1,2025
1455,1621,410055276,CN120985722A,-1,2025
1456,1622,410067380,CN120986564A,0,2025
1457,1626,410109188,CN120995103A,5,2025
1458,1627,410083244,CN120999039A,49,2025
1459,1628,410081249,CN223574518U,72,2024
1460,1629,410083631,CN223574559U,9,2024
1461,1630,410112975,CN223581647U,16,2024
1462,1632,410487746,TWM677250U,-1,2025
1463,1635,363503201,CN115597602B,-1,2022
1464,1636,371880982,CN116424368B,7,2023
1465,1637,394032129,CN118907268B,0,2024
1466,1638,394032145,CN118907269B,0,2024
1467,1639,398615268,CN119472340B,10,2024
1468,1640,403812751,CN120161848B,10,2025
1469,1641,408232240,CN120742904B,33,2025
1470,1642,408823013,CN120823342B,2,2025
1471,1643,409895804,CN120962601A,-1,2025
1472,1646,409899695,CN120962728A,-1,2025
1473,1647,409906411,CN120963269A,-1,2025
1474,1648,409917954,CN120963882A,9,2025
1475,1649,409966342,CN120972536A,6,2025
1476,1650,409967208,CN120972550A,3,2025
1477,1651,409966819,CN120972686A,52,2025
1478,1652,409972961,CN120972858A,7,2025
1479,1653,409897195,CN120974175A,5,2025
1480,1654,409908626,CN120974697A,3,2025
1481,1655,409939373,CN120976493A,21,2025
1482,1656,409946774,CN120976976A,50,2025
1483,1658,401616882,CN119871477B,-1,2025
1484,1659,408034820,CN120715912B,17,2025
1485,1660,408055166,CN120722767B,6,2025
1486,1661,409748847,CN120941386A,10,2025
1487,1662,409771789,CN120942449A,0,2025
1488,1663,409771881,CN120942450A,0,2025
1489,1664,409771290,CN120942592A,3,2025
1490,1665,409791698,CN120949038A,16,2025
1491,1666,409754291,CN120951807A,-1,2025
1492,1668,409444710,DE202025002635U1,2,2025
1493,1669,409714000,US20250345931A1,17,2024
1494,1672,397042006,KR102885268B1,67,2023
1495,1673,346447166,CN114170572B,-1,2021
1496,1674,396981045,CN119260696B,1,2024
1497,1675,401286107,CN119828546B,52,2024
1498,1676,402054749,CN119929015B,-1,2025
1499,1677,408034844,CN120715915B,1,2025
1500,1678,409603400,CN120921326A,-1,2022
1501,1679,409606771,CN120921375A,-1,2025
1502,1680,409604437,CN120921409A,-1,2025
1503,1685,409647820,CN120928696A,6,2025
1504,1686,409624697,CN120932167A,-1,2024
1505,1687,409660679,CN120934236A,-1,2025
1506,1688,409593088,US12466502B1,0,2022
1507,1689,361642122,US12468300B2,-1,2022
1508,1690,390992964,CN118550195B,-1,2024
1509,1691,394170381,CN118928586B,37,2024
1510,1692,395365101,CN119077798B,10,2024
1511,1693,399388057,CN119580575B,-1,2024
1512,1694,400254730,CN119682872B,0,2024
1513,1695,402212231,CN119960461B,40,2025
1514,1696,407336062,CN120621535B,37,2025
1515,1697,407910284,CN120697869B,37,2025
1516,1698,407910295,CN120697870B,37,2025
1517,1699,408034786,CN120715908B,1,2025
1518,1700,408037319,CN120716855B,0,2025
1519,1701,409533046,CN120899518A,24,2025
1520,1702,409464052,CN120901904A,-1,2022
1521,1703,409464088,CN120901905A,-1,2022
1522,1707,409463598,CN120901954A,5,2025
1523,1709,409465103,CN120902011A,-1,2025
1524,1710,409478345,CN120907869A,-1,2025
1525,1711,409500986,CN120909274A,6,2025
1526,1714,409503427,CN120909547A,2,2025
1527,1715,409543045,CN120911517A,28,2025
1528,1716,409463717,CN120911740A,10,2025
1529,1717,409475148,CN120912300A,7,2025
1530,1718,409494321,CN120913556A,2,2025
1531,1719,409477596,CN223519672U,2,2024
1532,1720,409500309,CN223520933U,0,2024
1533,1721,387872389,WO2025227595A1,-1,2024
1534,1723,365685348,CN115761785B,-1,2021
1535,1724,398908485,CN119501927B,6,2024
1536,1725,400746813,CN119748499B,-1,2024
1537,1726,409409782,CN120884435A,8,2025
1538,1727,409333410,CN120886237A,3,2025
1539,1730,409334343,CN120886278A,2,2025
1540,1731,409339787,CN120887490A,-1,2025
1541,1732,409359642,CN120890459A,33,2025
1542,1733,409383304,CN120894397A,50,2025
1543,1735,409341359,CN223507226U,13,2024
1544,1736,409346492,CN223508380U,52,2024
1545,1737,378161460,US12460921B2,-1,2023
1546,1738,351514169,US12461530B2,-1,2023
1547,1739,349505514,CN114463253B,50,2021
1548,1740,356972180,CN115145286B,74,2022
1549,1741,357403600,CN115219358B,20,2022
1550,1742,391425240,CN118601446B,23,2024
1551,1743,397557050,CN119338981B,35,2024
1552,1744,399944776,CN119645028B,3,2024
1553,1745,401781995,CN119896245B,-1,2025
1554,1746,408055148,CN120722765B,6,2025
1555,1747,409196545,CN120861838A,66,2025
1556,1748,409203155,CN120862636A,-1,2025
1557,1750,409201327,CN120862682A,-1,2025
1558,1754,409202838,CN120862719A,30,2025
1559,1756,409204633,CN120862760A,72,2025
1560,1757,409210172,CN120863774A,9,2025
1561,1758,409256515,CN120871619A,3,2025
1562,1759,409259454,CN120871853A,3,2025
1563,1761,409268168,CN120873681A,-1,2025
1564,1762,409183151,CN120877175A,-1,2025
1565,1763,409254709,CN223493288U,-1,2024
1566,1764,409583837,KR1020250155720A,-1,2024
1567,1765,409151514,US20250332004A1,0,2025
1568,1766,409155157,US20250335253A1,21,2025
1569,1767,409176800,WO2025226986A1,21,2025
1570,1768,408885722,EP4641339A1,6,2024
1571,1769,337672626,CN113525548B,0,2020
1572,1770,357685257,CN115220465B,40,2022
1573,1771,366517795,CN115841698B,53,2022
1574,1772,381840784,CN117550105B,-1,2023
1575,1773,400812421,CN119758719B,6,2024
1576,1774,405718961,CN120397008B,7,2025
1577,1775,407508590,CN120657343B,-1,2025
1578,1776,409023099,CN120837289A,-1,2025
1579,1778,409044424,CN120839787A,-1,2025
1580,1779,409042648,CN120839817A,4,2025
1581,1782,409051811,CN120840882A,0,2025
1582,1783,409066657,CN120843707A,-1,2025
1583,1784,409074057,CN120844896A,18,2025
1584,1785,409005559,CN120852108A,2,2025
1585,1787,409043268,CN223488020U,0,2024
1586,1788,357020290,CN115179702B,0,2022
1587,1789,402209672,CN119960311B,3,2025
1588,1790,403222447,CN120080331B,1,2025
1589,1791,408957431,CN120828893A,0,2024
1590,1792,408964090,CN120830717A,12,2025
1591,1794,408938903,CN223467230U,9,2024
1592,1795,408938909,CN223467232U,9,2024
1593,1796,408982503,IN202541091053A,70,2025
1594,1798,394694601,WO2025218818A1,28,2025
1595,1799,403542363,JP7757578B1,69,2025
1596,1800,391083609,CN118559694B,6,2024
1597,1801,396425052,CN119200606B,1,2024
1598,1802,397681866,CN119347754B,6,2024
1599,1803,401275156,CN119820621B,-1,2025
1600,1804,404528392,CN120246117B,0,2025
1601,1805,408853310,CN120816482A,5,2025
1602,1807,408853447,CN120816512A,-1,2025
1603,1808,408853456,CN120816514A,8,2025
1604,1809,408855785,CN120817057A,45,2025
1605,1810,408856190,CN120817166A,0,2024
1606,1812,408809565,CN120821273A,6,2025
1607,1814,408829694,CN120825561A,26,2024
1608,1815,408843314,CN223456011U,39,2024
1609,1816,408849339,CN223457028U,0,2024
1610,1817,379795995,US12449822B2,-1,2023
1611,1818,369794662,CN116185015B,3,2023
1612,1819,371584511,CN116400103B,20,2023
1613,1820,377100799,CN117008592B,74,2022
1614,1821,397751819,CN119376424B,1,2024
1615,1822,399938137,CN119644704B,6,2024
1616,1823,401110831,CN119791151B,-1,2025
1617,1824,403671230,CN120141561B,-1,2025
1618,1825,405922865,CN120436934B,59,2025
1619,1826,407325639,CN120620231B,65,2025
1620,1827,408714380,CN120791279A,36,2025
1621,1828,408714756,CN120791716A,-1,2025
1622,1829,408715428,CN120791730A,10,2025
1623,1830,408715839,CN120791740A,1,2025
1624,1833,408715357,CN120791815A,5,2025
1625,1834,408720932,CN120793000A,9,2025
1626,1835,408637615,CN120802028A,16,2025
1627,1836,408640351,CN120803010A,6,2025
1628,1837,408640377,CN120803011A,3,2025
1629,1840,408623016,IN202541087768A,21,2025
1630,1841,408623628,IN202541088903A,2,2025
1631,1842,408623696,IN202541088952A,-1,2025
1632,1843,408597362,US20250322249A1,42,2024
1633,1844,408598211,US20250322831A1,2,2025
1634,1845,408598574,US20250322837A1,42,2024
1635,1846,408614889,WO2025216838A1,-1,2025
1636,1848,387487707,EP4631681A1,-1,2023
1637,1849,402044753,CN119937611B,3,2025
1638,1850,406519369,CN120524975B,5,2025
1639,1851,408499793,CN120771478A,60,2025
1640,1853,408504518,CN120773060A,10,2025
1641,1854,408504941,CN120773098A,0,2025
1642,1855,408506337,CN120773844A,-1,2025
1643,1856,408519369,CN120778438A,-1,2025
1644,1857,408553619,CN223432391U,52,2024
1645,1858,408566591,CN223436346U,-1,2024
1646,1859,395722478,US12440969B2,55,2023
1647,1860,346498841,CN114186496B,57,2021
1648,1861,373379021,CN116612148B,50,2023
1649,1862,392526169,CN118716006B,39,2024
1650,1863,397086479,CN119297485B,73,2024
1651,1864,399167144,CN119556723B,-1,2024
1652,1865,400769930,CN119761921B,1,2025
1653,1866,401668416,CN119885863B,5,2024
1654,1867,404684720,CN120275065B,-1,2025
1655,1868,405433540,CN120363216B,17,2025
1656,1869,408386241,CN120755870A,2,2025
1657,1872,408392155,CN120758012A,66,2025
1658,1873,408395435,CN120759103A,66,2025
1659,1874,408405158,CN120762406A,-1,2025
1660,1876,408411676,CN120764582A,21,2025
1661,1877,408375011,IN202441065689A,-1,2024
1662,1878,408374104,IN202511089396A,-1,2025
1663,1880,408337586,JP2025152428A,29,2024
1664,1881,408340206,US20250312911A1,-1,2025
1665,1882,408340743,US20250314458A1,-1,2025
1666,1883,408365356,WO2025213141A1,-1,2025
1667,1884,402339461,CN119974029B,17,2025
1668,1885,402580170,CN120002637B,-1,2025
1669,1886,402759874,CN120029227B,47,2025
1670,1887,403057001,CN120065751B,57,2025
1671,1888,406365832,CN120503210B,6,2025
1672,1889,408200542,CN120735012A,-1,2025
1673,1891,408200620,CN120735086A,13,2025
1674,1892,408209440,CN120737950A,24,2025
1675,1893,408219858,CN120740809A,-1,2025
1676,1894,408231859,CN120742874A,-1,2025
1677,1897,408264866,CN223406978U,4,2024
1678,1898,408286739,CN223410764U,18,2024
1679,1899,HK42024088022.920240229,HK40100935B,45,2024
1680,1900,368829309,DE212023000371U1,-1,2023
1681,1901,408137478,US20250303564A1,-1,2025
1682,1903,376950739,EP4390594B1,74,2023
1683,1904,408310133,TWM675624U,67,2025
1684,1905,347825374,CN114299549B,50,2021
1685,1906,371878040,CN116430882B,3,2023
1686,1907,386671006,CN118081207B,36,2024
1687,1908,393433879,CN118832576B,8,2024
1688,1909,394376576,CN118947757B,-1,2024
1689,1910,399189461,CN119559269B,-1,2024
1690,1918,408049700,CN120720974A,20,2025
1691,1921,408065095,CN120726081A,35,2025
1692,1922,408090356,CN223395267U,4,2024
1693,1924,366060300,US12427661B2,21,2021
1694,1926,373570074,CN116619436B,9,2023
1695,1927,388874250,CN118322212B,5,2024
1696,1928,399702094,CN119610112B,-1,2024
1697,1929,402354865,CN119975596B,9,2025
1698,1930,405839205,CN120422254B,1,2025
1699,1931,406268790,CN120492596B,2,2025
1700,1932,406758727,CN120558242B,-1,2025
1701,1935,407907252,CN120697080A,-1,2025
1702,1936,407907387,CN120697091A,12,2025
1703,1937,407907513,CN120697100A,13,2025
1704,1940,407910311,CN120697872A,0,2025
1705,1941,407920833,CN120701708A,12,2025
1706,1942,407928855,CN120704329A,3,2025
1707,1943,407970378,CN223386090U,18,2024
1708,1944,407894148,IN202511076121A,2,2025
1709,1945,407893500,IN202521040546A,69,2025
1710,1946,407737845,US20250296243A1,-1,2025
1711,1949,396050004,CN119159596B,-1,2024
1712,1950,397173837,CN119283031B,1,2024
1713,1951,398228278,CN119407746B,1,2024
1714,1952,398229797,CN119407787B,1,2024
1715,1953,406268242,CN120480955B,12,2025
1716,1954,406617211,CN120533719B,1,2025
1717,1955,407750846,CN120680489A,-1,2024
1718,1956,407768814,CN120686584A,5,2025
1719,1957,407769151,CN120686839A,-1,2025
1720,1959,407802820,CN223369420U,13,2024
1721,1960,407802579,CN223369456U,-1,2024
1722,1961,407807834,CN223371111U,-1,2024
1723,1964,375602438,CN116853382B,0,2023
1724,1965,399700854,CN119610090B,17,2024
1725,1966,400779911,CN119762680B,-1,2025
1726,1967,405428182,CN120363221B,-1,2025
1727,1968,407610847,CN120663302A,5,2025
1728,1969,407610914,CN120663348A,12,2025
1729,1970,407611276,CN120663356A,-1,2025
1730,1971,407623500,CN120664190A,-1,2025
1731,1972,407623370,CN120664422A,-1,2025
1732,1975,407609868,CN223354274U,44,2024
1733,1976,407610920,CN223354306U,-1,2024
1734,1977,407720104,IN202521083354A,-1,2025
1735,1978,407720959,IN202541081237A,-1,2025
1736,1979,407721401,IN202541082077A,2,2025
1737,1980,407572180,US20250289142A1,-1,2024
1738,1981,407576130,US20250291353A1,-1,2023
1739,1982,407575761,US20250292181A1,42,2024
1740,1984,406368178,CN120503253B,19,2025
1741,1985,407536975,CN120645209A,15,2025
1742,1988,407543696,CN120646117A,12,2025
1743,1989,407473386,CN120650397A,12,2025
1744,1991,407463448,CN223339481U,-1,2024
1745,1992,407471984,CN223340771U,0,2024
1746,1993,382006306,KR1020250136300A,-1,2023
1747,1995,402221788,CN119952715B,-1,2025
1748,1996,407310506,CN120617889A,0,2025
1749,1998,407325281,CN120620279A,-1,2025
1750,1999,407325309,CN120620280A,12,2025
1751,2000,407325335,CN120620281A,-1,2025
1752,2001,407335908,CN120621526A,-1,2025
1753,2002,407335950,CN120621529A,0,2025
1754,2004,407372739,CN120628103A,33,2025
1755,2005,407287579,CN120631031A,3,2025
1756,2006,407296493,CN120633755A,6,2025
1757,2007,407297750,CN120633976A,10,2025
1758,2008,407304765,CN120635140A,15,2025
1759,2009,407343149,CN120640670A,-1,2025
1760,2010,407284933,IN202411013420A,-1,2024
1761,2011,407285990,IN202441017292A,-1,2024
1762,2012,407284328,IN202541081371A,3,2025
1763,2013,385901368,EP4611710A1,48,2023
1764,2014,405261117,CN120347815B,48,2025
1765,2015,405689514,CN120401922B,-1,2025
1766,2016,405647295,CN120406161B,-1,2025
1767,2017,405803073,CN120428573B,5,2025
1768,2018,407224310,CN120606400A,2,2025
1769,2019,407167296,CN120609558A,16,2025
1770,2020,371714042,US12409550B2,22,2023
1771,2021,407158433,US12409570B1,-1,2024
1772,2022,331183654,US12411198B2,-1,2021
1773,2023,362873235,CN115546547B,6,2022
1774,2024,399880843,CN119635621B,1,2024
1775,2025,405839147,CN120422253B,17,2025
1776,2026,405943523,CN120447563B,27,2025
1777,2027,407074892,CN120588210A,-1,2025
1778,2028,407075064,CN120588225A,32,2025
1779,2029,407075074,CN120588226A,-1,2025
1780,2030,407074303,CN120588241A,5,2025
1781,2031,407074716,CN120588275A,13,2025
1782,2032,407074857,CN120588287A,36,2025
1783,2033,407074882,CN120588289A,0,2025
1784,2034,407078884,CN120589113A,30,2025
1785,2035,407097423,CN120593028A,12,2025
1786,2036,407099977,CN120593770A,-1,2025
1787,2037,407027104,CN120595629A,-1,2025
1788,2038,407027714,CN120595837A,1,2025
1789,2039,407076994,CN223302651U,0,2024
1790,2040,407116134,CN223307404U,18,2024
1791,2041,407120163,CN223308295U,16,2024
1792,2042,407122615,CN223308705U,-1,2024
1793,2043,407136707,IN202511014287A,2,2025
1794,2044,407137175,IN202541079723A,-1,2025
1795,2045,386539808,WO2025179628A1,-1,2024
1796,2046,353638304,CN114839878B,5,2022
1797,2047,370850546,CN116300954B,54,2023
1798,2048,400913521,CN119772940B,4,2025
1799,2049,406925521,CN120570760A,24,2025
1800,2050,406891061,CN120572534A,65,2025
1801,2051,406894687,CN120572877A,52,2025
1802,2052,406914965,CN120576225A,12,2025
1803,2054,406913790,CN223290972U,9,2024
1804,2055,374861155,US12403589B2,-1,2022
1805,2056,400666780,US12403605B2,-1,2023
1806,2057,405585172,TW202533929A,-1,2025
1807,2058,407141482,TWM674246U,43,2025
1808,2059,407142815,TWM674503U,43,2025
1809,2060,407146468,KR102851528B1,28,2025
1810,2061,386412803,KR102852523B1,8,2022
1811,2062,356020062,CN115082960B,26,2022
1812,2063,370834184,CN116300436B,5,2023
1813,2064,402940066,CN120047929B,-1,2024
1814,2065,404140848,CN120194820B,-1,2025
1815,2066,404350964,CN120228740B,-1,2025
1816,2067,404504913,CN120245010B,44,2025
1817,2068,405697689,CN120395955B,4,2025
1818,2069,405647160,CN120406159B,1,2025
1819,2070,406802566,CN120550359A,0,2025
1820,2071,406827286,CN120551670A,36,2025
1821,2072,406828686,CN120552017A,9,2025
1822,2073,406831403,CN120552060A,-1,2025
1823,2074,406832144,CN120552071A,17,2025
1824,2075,406834927,CN120552109A,13,2025
1825,2076,406838404,CN120552545A,7,2025
1826,2078,406815769,CN223274659U,39,2024
1827,2079,406835041,CN223284050U,16,2024
1828,2080,332254083,KR102852230B1,0,2019
1829,2081,SG10202400267Q20240130,SG10202400267QA,-1,2024
1830,2082,SG10202501938V20131112,SG10202501938VA,75,2013
1831,2085,383789845,US20250269537A1,28,2024
1832,2086,385069436,EP4607321A1,-1,2023
1833,2087,374588285,CN116750104B,0,2023
1834,2088,378840034,CN117182904B,3,2023
1835,2089,398430195,CN119442878B,7,2024
1836,2090,403222070,CN120080326B,17,2025
1837,2091,403443965,CN120116229B,60,2025
1838,2092,404660176,CN120269575B,70,2025
1839,2094,406617577,CN120533727A,-1,2025
1840,2095,406615061,CN120533752A,47,2025
1841,2096,406625335,CN120534120A,72,2025
1842,2097,406626319,CN120534449A,-1,2025
1843,2099,406640853,CN120540115A,6,2025
1844,2100,406670913,CN120542467A,17,2025
1845,2101,406617053,CN120542827A,28,2025
1846,2102,406659451,CN223266892U,0,2024
1847,2103,406659494,CN223266893U,13,2024
1848,2104,368208352,CN116021932B,0,2022
1849,2105,370893930,CN116293276B,-1,2023
1850,2106,399595977,CN119589694B,5,2024
1851,2107,402339246,CN119974024B,6,2025
1852,2108,406534862,CN120514572A,48,2025
1853,2109,406565937,CN120516701A,2,2025
1854,2110,406567216,CN120516723A,-1,2025
1855,2111,406567603,CN120516730A,2,2025
1856,2112,406567772,CN120516732A,-1,2025
1857,2114,406527189,CN120525659A,5,2025
1858,2115,406533947,CN120526168A,7,2025
1859,2116,406535087,CN120526185A,-1,2024
1860,2117,406522610,CN120529825A,20,2025
1861,2118,406575987,CN223251712U,-1,2024
1862,2119,406580941,CN223261577U,0,2024
1863,2120,406596457,IN202511070516A,-1,2025
1864,2121,406598095,IN202521074783A,8,2025
1865,2122,406598859,IN202541073877A,67,2025
1866,2123,388195914,KR1020250125963A,18,2023
1867,2124,406472981,US20250266039A1,8,2025
1868,2125,406873399,TWM673958U,75,2025
1869,2127,365262824,CN115718492B,30,2022
1870,2128,369378431,CN116136692B,6,2021
1871,2129,372834006,CN116534156B,0,2023
1872,2130,403078599,CN120056136B,1,2025
1873,2131,404083922,CN120215510B,3,2025
1874,2133,406366226,CN120503217A,57,2025
1875,2134,406366788,CN120503227A,32,2025
1876,2135,406366883,CN120503229A,1,2025
1877,2137,406386004,CN120504914A,66,2025
1878,2138,406407896,CN120506475A,12,2025
1879,2139,406407947,CN120506476A,12,2025
1880,2140,406408022,CN120506477A,12,2025
1881,2141,406349640,CN120506880A,35,2025
1882,2142,406367179,CN120508129A,5,2025
1883,2143,406432337,CN223246415U,13,2024
1884,2144,383357856,US12393787B2,2,2023
1885,2146,392016229,CN118664586B,5,2024
1886,2147,393213864,CN118809606B,5,2024
1887,2148,406267055,CN120480877A,-1,2025
1888,2149,406266740,CN120480938A,4,2025
1889,2151,406268684,CN120480961A,72,2025
1890,2152,406250551,CN120491432A,3,2025
1891,2154,406256784,CN223223404U,15,2024
1892,2155,406329057,IN202541073435A,68,2025
1893,2157,310384912,AU2019393830B2,-1,2019
1894,2160,305400118,EP3840714B1,-1,2019
1895,2163,384867555,CN117901099B,1,2024
1896,2164,406093585,CN120458438A,72,2025
1897,2165,406058904,CN120461432A,-1,2025
1898,2166,406060537,CN120461473A,9,2025
1899,2167,406060701,CN120461477A,37,2025
1900,2168,406060982,CN120461484A,12,2025
1901,2169,406070719,CN120462176A,0,2025
1902,2170,406078388,CN120467344A,-1,2025
1903,2171,406102060,CN120469192A,5,2025
1904,2172,406081205,CN120472059A,2,2025
1905,2173,406089548,CN120472577A,-1,2025
1906,2174,406118696,CN120474464A,-1,2025
1907,2175,406068406,CN120475375A,38,2025
1908,2176,406086967,CN223211413U,-1,2024
1909,2177,406122887,CN223217246U,16,2024
1910,2178,376853893,US12384038B2,-1,2023
1911,2179,MTPT483820250723,MTP4838B,-1,2025
1912,2180,348958895,CN114419660B,41,2021
1913,2181,350946356,CN114595797B,2,2022
1914,2182,372882884,CN116551669B,1,2023
1915,2184,405961040,CN120439281A,1,2025
1916,2185,405961929,CN120439294A,-1,2025
1917,2186,405962129,CN120439297A,6,2025
1918,2187,405957908,CN120439306A,1,2025
1919,2188,405960411,CN120439351A,19,2025
1920,2189,405973148,CN120440157A,9,2025
1921,2190,405990883,CN120445242A,33,2025
1922,2191,405991463,CN120445563A,16,2025
1923,2192,405942137,CN120447382A,3,2025
1924,2196,405836897,CN120422218A,2,2025
1925,2197,405838340,CN120422240A,6,2025
1926,2199,405838463,CN120422242A,-1,2025
1927,2202,405840463,CN120422275A,-1,2025
1928,2203,405786216,CN120422969A,0,2025
1929,2204,405790855,CN120423200A,61,2025
1930,2206,405784777,CN120431639A,-1,2025
1931,2207,405803523,CN223187568U,9,2024
1932,2209,356092341,CN115086593B,26,2022
1933,2210,396231643,CN119175719B,32,2024
1934,2211,402071160,CN119924090B,10,2025
1935,2212,404660384,CN120269578B,17,2025
1936,2213,405695106,CN120395840A,10,2025
1937,2214,405696497,CN120395861A,-1,2025
1938,2215,405697099,CN120395870A,1,2025
1939,2217,405699752,CN120395906A,49,2025
1940,2218,405696631,CN120395938A,5,2025
1941,2220,405700644,CN120396003A,-1,2025
1942,2223,405693889,CN120402457A,9,2025
1943,2224,405649029,CN120406108A,6,2025
1944,2227,405650623,CN120406206A,61,2025
1945,2229,405688923,CN120408517A,5,2025
1946,2230,405698560,CN120414989A,12,2025
1947,2231,405638932,CN120416181A,65,2025
1948,2234,405758301,IN202521069422A,28,2025
1949,2235,405759772,IN202541070456A,-1,2025
1950,2236,405759693,IN202541070479A,-1,2025
1951,2237,405605246,DE102024102749A1,0,2024
1952,2238,405605272,DE102024102751A1,2,2024
1953,2242,405586309,US20250245856A1,-1,2024
1954,2243,395295852,EP4470727B1,-1,2023
1955,2244,364506422,CN115676558B,18,2022
1956,2245,339891453,CN115803226B,-1,2021
1957,2246,383821008,CN117788820B,35,2023
1958,2247,404206768,CN120206542B,-1,2025
1959,2248,405555823,CN120381202A,-1,2025
1960,2249,405501487,CN120382498A,5,2025
1961,2250,405504580,CN120382888A,7,2025
1962,2251,405539003,CN120385338A,15,2025
1963,2252,405509537,CN120386181A,6,2025
1964,2254,405550210,CN223160940U,0,2024
1965,2255,405496069,US12372376B1,7,2025
1966,2256,339355703,CN113656135B,26,2021
1967,2257,351256098,CN114627552B,-1,2022
1968,2258,374852734,CN116749189B,1,2023
1969,2259,376928344,CN116985111B,40,2022
1970,2260,376928583,CN116985114B,40,2022
1971,2261,396732186,CN119238612B,17,2024
1972,2263,403312435,CN120095860B,4,2025
1973,2265,405432128,CN120363194A,1,2025
1974,2268,405429602,CN120363245A,13,2025
1975,2269,405356209,CN120363649A,-1,2025
1976,2271,405372648,CN120370769A,-1,2025
1977,2272,405372859,CN120370774A,3,2025
1978,2273,405375996,CN120370919A,1,2025
1979,2274,405375326,CN120370992A,6,2025
1980,2275,405375368,CN120370993A,52,2025
1981,2276,405400878,CN120372851A,48,2025
1982,2278,405391943,CN120377466A,49,2025
1983,2279,405417475,CN223148553U,-1,2024
1984,2280,405478898,IN202521064823A,-1,2025
1985,2281,405479185,IN202541066767A,2,2025
1986,2282,405481037,IN202541068117A,17,2025
1987,2283,404722518,JP2025109643A,60,2024
1988,2284,405032949,DE202025101731U1,-1,2025
1989,2285,403570280,EP4587228A1,-1,2023
1990,2286,360250627,CN115319764B,10,2022
1991,2287,401274129,CN119820602B,17,2025
1992,2288,402223798,CN119952744B,10,2025
1993,2289,402578435,CN120002686B,12,2025
1994,2290,402880164,CN120039279B,7,2025
1995,2291,405260473,CN120347732A,1,2025
1996,2292,405261238,CN120347741A,1,2025
1997,2293,405262132,CN120347750A,17,2025
1998,2295,405270471,CN120348375A,0,2025
1999,2296,405270666,CN120348378A,52,2025
2000,2297,405249701,CN120352145A,16,2025
2001,2298,405265125,CN120353156A,1,2024
2002,2299,405222303,CN120354879A,1,2025
2003,2300,405290488,CN223132209U,0,2024
2004,2301,405273370,CN223135963U,36,2024
2005,2302,364049391,CN115635477B,9,2022
2006,2303,372883150,CN116551679B,1,2023
2007,2304,394559394,CN118982847B,-1,2024
2008,2305,397468794,CN119328750B,52,2024
2009,2306,397699624,CN119359537B,41,2024
2010,2307,399701735,CN119610104B,-1,2024
2011,2308,403062623,CN120066054B,6,2025
2012,2309,405099206,CN120331783A,-1,2025
2013,2310,405097368,CN120337286A,-1,2025
2014,2311,405102050,CN120337521A,3,2025
2015,2313,388835686,CN120345225A,-1,2023
2016,2314,405114899,CN223116438U,0,2024
2017,2316,405186307,IN202541037846A,8,2025
2018,2317,385126491,US20250229427A1,-1,2024
2019,2318,372633759,CN116520352B,15,2023
2020,2319,402608177,CN120008587B,35,2025
2021,2320,403210103,CN120088258B,35,2025
2022,2321,404899431,CN120304959A,-1,2025
2023,2322,404941661,CN120307254A,-1,2024
2024,2324,404943185,CN120307288A,1,2025
2025,2325,404942062,CN120307290A,-1,2025
2026,2326,404942402,CN120307298A,5,2025
2027,2327,404943223,CN120307315A,20,2023
2028,2328,404943694,CN120307353A,-1,2025
2029,2329,404957431,CN120308238A,64,2025
2030,2330,404957449,CN120308239A,37,2025
2031,2331,404957514,CN120308244A,9,2025
2032,2332,404950289,CN120312731A,-1,2025
2033,2333,404934783,CN120316913A,1,2025
2034,2334,404943709,CN120317513A,38,2025
2035,2335,297547598,US12357898B2,48,2019
2036,2336,356518503,CN115122325B,-1,2022
2037,2337,362038697,CN115480482B,-1,2021
2038,2338,396732835,CN119238533B,5,2024
2039,2339,397297727,CN119309582B,33,2024
2040,2340,401682860,CN119886495B,7,2025
2041,2341,403065211,CN120066104B,3,2025
2042,2342,404811866,CN120287287A,5,2025
2043,2344,404814887,CN120287323A,4,2025
2044,2345,404817037,CN120287347A,48,2025
2045,2346,404817392,CN120287351A,-1,2025
2046,2347,404830884,CN120288152A,-1,2024
2047,2348,404820969,CN120293119A,15,2025
2048,2349,404769721,CN120294746A,8,2025
2049,2350,404772707,CN120295110A,6,2025
2050,2351,404778978,CN120295284A,3,2023
2051,2352,404799281,CN120296919A,-1,2025
2052,2353,404809001,CN120297459A,30,2025
2053,2354,404766290,CN120299002A,27,2025
2054,2356,404755096,IN202341054700A,2,2023
2055,2357,404753115,IN202541062615A,-1,2025
2056,2358,405189140,TWM672773U,-1,2025
2057,2361,370415252,CN116250422B,52,2022
2058,2362,399186963,CN119550364B,-1,2025
2059,2363,402599686,CN120003614B,9,2025
2060,2364,404618065,CN120267413A,-1,2025
2061,2365,404658134,CN120269545A,-1,2025
2062,2366,404658967,CN120269557A,32,2025
2063,2367,404660030,CN120269573A,5,2025
2064,2370,404662260,CN120269607A,13,2025
2065,2371,404436767,CN120270229A,7,2023
2066,2373,404635226,CN120276261A,-1,2025
2067,2375,404665144,CN120278360A,-1,2025
2068,2376,381624483,US12350837B2,-1,2023
2069,2377,404880966,KR1020250104155A,-1,2023
2070,2378,348011242,CN114326736B,-1,2021
2071,2379,351135591,CN114610017B,-1,2022
2072,2380,394909243,CN119024875B,40,2023
2073,2381,403084930,CN120067092B,17,2025
2074,2382,404504317,CN120245001A,5,2025
2075,2384,404503728,CN120245063A,0,2025
2076,2385,404509304,CN120245286A,-1,2025
2077,2387,404528602,CN120246120A,0,2025
2078,2389,404515579,CN120251682A,12,2025
2079,2390,404527630,CN120252836A,-1,2025
2080,2391,404530255,CN120253020A,20,2025
2081,2392,404482597,CN120255326A,-1,2025
2082,2393,404483741,CN120255522A,27,2025
2083,2394,404482118,CN120255559A,3,2025
2084,2395,404512338,CN120257756A,20,2025
2085,2396,404512520,CN120262837A,13,2025
2086,2397,404539081,CN223059129U,0,2024
2087,2398,404486039,CN223063078U,12,2024
2088,2399,404451399,IN202521035882A,2,2025
2089,2400,404451725,IN202541059497A,0,2025
2090,2401,404451452,IN202541061451A,2,2025
2091,2403,393386917,US20250219277A1,62,2025
2092,2404,404448135,WO2025145228A1,-1,2025
2093,2405,404604225,KR1020250100419A,2,2023
2094,2406,373636564,US12347089B2,-1,2023
2095,2407,372276282,CN116486650B,-1,2022
2096,2408,399700532,CN119610085B,32,2024
2097,2410,404351488,CN120228749A,-1,2025
2098,2411,404354951,CN120236578A,2,2025
2099,2412,404381518,CN223044555U,2,2024
2100,2413,403869282,TW202525532A,-1,2024
2101,2415,RU202412321820240813,RU2842579C1,56,2024
2102,2416,388594954,CN118288333B,16,2024
2103,2417,389987699,CN118447574B,50,2024
2104,2418,400747247,CN119748429B,32,2024
2105,2419,402222967,CN119952732B,32,2025
2106,2420,402263878,CN119958572B,21,2025
2107,2421,404200567,CN120206474A,36,2025
2108,2423,404284839,CN120207468A,-1,2025
2109,2424,404284842,CN120207469A,12,2025
2110,2425,404284845,CN120207470A,0,2025
2111,2426,404199904,CN120213071A,33,2025
2112,2427,404076677,CN120215301A,6,2025
2113,2428,404078894,CN120215366A,32,2025
2114,2430,404085120,CN120215543A,3,2025
2115,2431,404151941,CN223026567U,16,2024
2116,2433,367008164,CN115901290B,7,2022
2117,2434,371559475,CN116395058B,0,2023
2118,2435,396643124,CN119229385B,51,2024
2119,2436,398593764,CN119459927B,9,2025
2120,2437,399595289,CN119589675B,10,2024
2121,2438,401430048,CN119850739B,35,2025
2122,2439,404114093,CN120194130A,12,2025
2123,2440,404191003,CN120196119A,5,2025
2124,2441,404122556,CN120198851A,-1,2025
2125,2442,404174414,CN223009778U,11,2024
2126,2443,393019498,US12337485B2,-1,2024
2127,2444,411620779,TR2025002363A2,2,2025
2128,2445,381548516,CN117508398B,12,2023
2129,2446,393701810,CN118848990B,10,2024
2130,2447,402579142,CN120002696B,4,2025
2131,2448,403939814,CN120170704A,13,2025
2132,2449,403937857,CN120170783A,12,2025
2133,2450,403937777,CN120170784A,13,2025
2134,2451,403940689,CN120171664A,0,2025
2135,2452,403968182,CN120178683A,6,2025
2136,2453,403963768,CN120178928A,-1,2025
2137,2454,403977833,CN120183139A,-1,2025
2138,2455,403880939,IN202541055964A,21,2025
2139,2456,383949110,JP7696032B2,11,2024
2140,2457,403851046,US20250199535A1,38,2024
2141,2458,403877121,WO2025128869A1,38,2024
2142,2460,373030598,CN116534055B,7,2023
2143,2461,398593975,CN119459931B,9,2025
2144,2462,400481458,CN119704205B,-1,2025
2145,2463,403737874,CN120154917A,11,2025
2146,2464,403771557,CN120156620A,0,2025
2147,2465,403789623,CN120160605A,-1,2023
2148,2467,403779857,CN120164278A,43,2025
2149,2468,403798952,CN120164296A,46,2025
2150,2469,316524613,CN111730622B,-1,2020
2151,2470,360980857,CN115384247B,0,2022
2152,2471,391557737,CN118628802B,35,2024
2153,2472,401722879,CN119882406B,6,2025
2154,2473,403668791,CN120130999A,48,2025
2155,2474,403630060,CN120135171A,7,2025
2156,2476,403629247,CN120135320A,9,2025
2157,2478,307318366,CN120143813A,-1,2019
2158,2479,403688347,CN120147648A,-1,2025
2159,2480,403697517,CN120147923A,-1,2025
2160,2481,403592743,CN120148112A,-1,2025
2161,2483,403582361,IN202541052053A,7,2025
2162,2484,403583801,IN202541055093A,28,2025
2163,2485,403546028,US20250186288A1,-1,2023
2164,2486,403547541,US20250187192A1,75,2023
2165,2487,374532431,US20250187212A1,-1,2022
2166,2490,348392377,CN114371713B,-1,2022
2167,2491,364957625,CN115706854B,-1,2021
2168,2492,398046083,CN119397712B,-1,2024
2169,2493,399186985,CN119550365B,-1,2025
2170,2494,403467370,CN120113655A,24,2025
2171,2495,403443718,CN120116222A,17,2025
2172,2498,403495637,CN222958663U,13,2024
2173,2499,403452011,CN222959942U,9,2024
2174,2500,403452073,CN222959943U,9,2024
2175,2501,403459715,CN222964679U,0,2024
2176,2502,368664174,CN116092325B,-1,2023
2177,2503,397646206,CN119354703B,20,2024
2178,2504,398568276,CN119469168B,33,2025
2179,2505,403312498,CN120095781A,4,2025
2180,2507,403313476,CN120095879A,-1,2025
2181,2508,403313951,CN120095888A,16,2025
2182,2509,403327159,CN120096712A,-1,2025
2183,2510,403302298,CN120103759A,-1,2025
2184,2511,403305770,CN120103836A,-1,2025
2185,2512,403306037,CN120103844A,27,2025
2186,2513,403405445,CN120108106A,46,2025
2187,2514,403405633,CN120108108A,-1,2025
2188,2515,403348569,CN120111085A,44,2025
2189,2516,403324786,CN222945598U,13,2024
2190,2517,376928516,CN116985113B,45,2022
2191,2518,400158932,CN119658660B,12,2025
2192,2519,400115484,CN119666300B,16,2025
2193,2520,401273083,CN119820584B,10,2025
2194,2521,403167718,CN120078630A,3,2025
2195,2525,403243100,CN120080930A,67,2025
2196,2527,403214115,CN222932535U,16,2024
2197,2528,391653992,US12320400B2,-1,2024
2198,2530,394023301,CN118915773B,27,2024
2199,2531,398572948,CN119458415B,17,2025
2200,2532,403077522,CN120056065A,71,2025
2201,2533,403080730,CN120056116A,-1,2025
2202,2536,403057832,CN120060518A,-1,2025
2203,2542,403015977,IN202517045562A,49,2025
2204,2544,403017808,IN202521045919A,2,2025
2205,2545,403020052,IN202541044109A,-1,2025
2206,2546,403020787,IN202541045275A,41,2025
2207,2547,403021527,IN202541046255A,21,2025
2208,2549,310801331,CN111301548B,0,2020
2209,2550,366906870,CN115877861B,6,2022
2210,2551,366997878,CN115892283B,37,2022
2211,2552,398405688,CN119428908B,9,2025
2212,2553,398593809,CN119459928B,9,2025
2213,2554,398593915,CN119459930B,-1,2025
2214,2555,400745958,CN119748486B,36,2025
2215,2557,402871452,CN120038737A,10,2024
2216,2559,402873711,CN120038783A,-1,2025
2217,2561,402882381,CN120039325A,0,2024
2218,2562,402934522,CN120042383A,-1,2025
2219,2563,402957586,CN120044977A,3,2025
2220,2564,402939376,CN120047897A,-1,2025
2221,2566,402942826,CN120048259A,2,2025
2222,2568,402957010,CN222900182U,11,2024
2223,2569,402885506,CN222904053U,-1,2024
2224,2570,385869128,US12315301B2,-1,2024
2225,2571,395892248,CN119150911B,2,2024
2226,2572,396979674,CN119260744B,5,2024
2227,2573,398726209,CN119480143B,8,2025
2228,2574,402789817,CN120023822A,-1,2025
2229,2576,402805883,CN120024533A,54,2024
2230,2577,402783691,CN120027172A,12,2025
2231,2579,402752596,IN202311074644A,21,2023
2232,2580,402754088,IN202521036197A,42,2025
2233,2581,403152329,KR1020250071970A,8,2023
2234,2582,402715245,US20250162147A1,-1,2023
2235,2585,402741637,WO2025103388A1,20,2024
2236,2587,336992385,CN113478506B,-1,2021
2237,2588,356903235,CN115167425B,33,2022
2238,2589,398699277,CN119478439B,56,2024
2239,2590,400775195,CN119749742B,-1,2025
2240,2591,402578983,CN120002619A,-1,2025
2241,2593,402581877,CN120002661A,5,2025
2242,2594,402581945,CN120002662A,1,2025
2243,2597,402599446,CN120003611A,19,2025
2244,2600,402626404,CN120014537A,-1,2024
2245,2601,402632932,CN120014925A,48,2025
2246,2602,402639775,CN120015062A,2,2025
2247,2604,402539679,IN202511040243A,28,2025
2248,2605,HK62025105347.120250328,HK40117565A,-1,2025
2249,2606,402501257,US20250153361A1,-1,2024
2250,2607,352286052,CN114708529B,41,2022
2251,2608,356334960,CN115112404B,-1,2022
2252,2609,365679464,CN115755594B,3,2022
2253,2610,402338345,CN119973996A,-1,2025
2254,2612,402340680,CN119974054A,12,2025
2255,2613,402341233,CN119974066A,12,2025
2256,2614,402354821,CN119975595A,13,2025
2257,2616,402354946,CN119975598A,0,2025
2258,2618,402356418,CN119975637A,2,2025
2259,2619,402447699,CN119986855A,-1,2024
2260,2620,402454833,CN119987371A,38,2025
2261,2621,402452821,CN119987548A,-1,2025
2262,2622,402475870,CN119996834A,26,2025
2263,2623,402343401,CN222857136U,36,2024
2264,2624,402368315,CN222859606U,9,2024
2265,2625,311588983,CN111360857B,4,2020
2266,2626,394694170,CN118990480B,35,2024
2267,2627,396423379,CN119200617B,30,2024
2268,2628,402224205,CN119952687A,-1,2023
2269,2630,402221988,CN119952718A,-1,2025
2270,2633,402231519,CN119956966A,10,2025
2271,2637,402235563,CN119961623A,2,2025
2272,2638,402257572,CN119967160A,-1,2025
2273,2639,402161152,US20250149052A1,42,2023
2274,2641,402033168,CN119927945A,71,2025
2275,2645,402061884,CN119929202A,54,2024
2276,2647,402051343,CN119942901A,18,2025
2277,2648,342032006,US12290923B2,0,2022
2278,2649,357677698,US12293825B2,8,2022
2279,2650,398788534,CN119495288B,2,2025
2280,2651,399884564,CN119635672B,-1,2025
2281,2652,401943685,CN119910686A,-1,2025
2282,2653,401953268,CN119911343A,0,2025
2283,2654,401969185,CN119912025A,-1,2025
2284,2655,401987663,CN119916428A,30,2025
2285,2656,401931046,CN119917951A,21,2024
2286,2657,401956872,CN119919149A,42,2025
2287,2658,381282195,CN119923237A,-1,2023
2288,2659,401938895,CN222824923U,14,2024
2289,2660,401908084,IN202541033187A,30,2025
2290,2661,401908113,IN202541033426A,28,2025
2291,2662,401908153,IN202541033513A,44,2025
2292,2663,401874445,US20250135655A1,73,2024
2293,2664,379821404,EP4544367A1,-1,2023
2294,2665,317613239,CN111828549B,0,2019
2295,2666,399883842,CN119635724B,16,2025
2296,2668,401823698,CN119902551A,3,2025
2297,2669,401835223,CN119903407A,3,2025
2298,2670,319442765,US12286176B2,-1,2023
2299,2671,343230817,US12288617B2,8,2021
2300,2672,344031405,CN113989850B,41,2021
2301,2673,360807175,CN115373269B,3,2022
2302,2674,392061127,CN118672272B,3,2024
2303,2675,401615869,CN119871338A,13,2025
2304,2676,401617294,CN119871379A,74,2024
2305,2677,401615241,CN119871408A,-1,2025
2306,2678,401616043,CN119871448A,10,2025
2307,2680,401635876,CN119872727A,-1,2025
2308,2683,401724271,CN119882578A,44,2025
2309,2686,401727876,CN119889147A,18,2025
2310,2687,401702022,CN222792074U,13,2024
2311,2688,401626582,CN222794407U,-1,2024
2312,2689,401609488,IN202511034005A,2,2025
2313,2690,401612011,IN202541033481A,28,2025
2314,2691,401589467,US20250128412A1,22,2024
2315,2692,174974717,EP3783781B1,-1,2015
2316,2693,313691149,CN111521540B,59,2020
2317,2695,381726227,CN117533318B,7,2023
2318,2696,404023923,PE20251146Z,8,2024
2319,2697,375352207,CN116832416B,-1,2023
2320,2698,399238383,CN119554524B,-1,2025
2321,2700,401410957,CN119839890A,4,2025
2322,2701,401411996,CN119839906A,40,2024
2323,2702,401428173,CN119840749A,0,2025
2324,2703,401420654,CN119845283A,27,2025
2325,2705,401403749,CN119849301A,6,2024
2326,2707,401437620,CN119851306A,41,2024
2327,2708,401447583,CN119852048A,66,2025
2328,2709,401438075,CN222768473U,-1,2024
2329,2710,401456342,CN222769497U,52,2024
2330,2711,401457676,CN222769525U,11,2024
2331,2712,401370678,IN202541031164A,29,2025
2332,2713,401771537,KR1020250051842A,65,2023
2333,2714,401350221,US20250121502A1,4,2024
2334,2715,401360237,WO2025077994A1,57,2023
2335,2716,392673071,KR102794817B1,-1,2023
2336,2717,396397585,CN119197493B,35,2024
2337,2722,401289659,CN119821441A,7,2025
2338,2723,401293005,CN119821540A,9,2024
2339,2724,401293228,CN119821543A,0,2025
2340,2726,401274030,CN222756689U,9,2024
2341,2727,401294272,CN222757697U,-1,2024
2342,2729,401147975,CN119792931A,32,2024
2343,2730,401070639,CN119795163A,5,2024
2344,2731,401070893,CN119795167A,67,2024
2345,2732,401071776,CN119795182A,5,2025
2346,2733,401071716,CN119795249A,0,2025
2347,2734,401095974,CN119796372A,0,2025
2348,2735,401156874,CN119806027A,-1,2025
2349,2736,401143902,CN222741438U,0,2024
2350,2737,401145137,CN222741455U,0,2024
2351,2738,401052050,IN202541026804A,8,2025
2352,2740,392463223,CN118721215B,10,2024
2353,2741,397705930,CN119360308B,7,2024
2354,2742,400967316,CN119770042A,24,2025
2355,2744,400909367,CN119772874A,28,2024
2356,2746,400913792,CN119772944A,-1,2025
2357,2747,400928551,CN119773890A,30,2024
2358,2748,400928588,CN119773891A,30,2024
2359,2750,400934727,CN222726760U,16,2024
2360,2751,400857696,JP2025053298A,2,2023
2361,2752,301647729,CN110507972B,-1,2019
2362,2753,350806484,CN114582026B,50,2022
2363,2754,394431188,CN118968559B,-1,2024
2364,2755,400822234,CN119746319A,-1,2024
2365,2759,400775132,CN119749741A,0,2025
2366,2763,400779637,CN119762524A,50,2024
2367,2765,400790544,CN222712190U,13,2024
2368,2770,400181445,JP2025044307A,25,2023
2369,2771,300780097,CN110420030B,8,2019
2370,2772,400571791,CN119734250A,-1,2024
2371,2773,400572057,CN119734255A,1,2024
2372,2774,400572539,CN119734264A,-1,2024
2373,2775,400583490,CN119734772A,37,2025
2374,2776,400618344,CN222697220U,13,2024
2375,2778,400559609,US12263591B1,-1,2024
2376,2779,361992109,US12263899B2,0,2021
2377,2780,393699036,CN118849052B,-1,2024
2378,2781,398907033,CN119501953B,-1,2025
2379,2782,400483035,CN119704166A,19,2025
2380,2784,400500041,CN119705669A,0,2025
2381,2785,400510871,CN119706723A,-1,2024
2382,2788,400375773,IN202531014686A,8,2025
2383,2789,400347845,US20250106455A1,53,2022
2384,2790,334686999,CN113294479B,-1,2021
2385,2791,359900908,CN115285136B,7,2022
2386,2792,364160316,CN115657696B,6,2022
2387,2793,368635921,CN116079727B,-1,2023
2388,2794,398701787,CN119453091B,61,2025
2389,2798,400268466,CN119690122A,3,2024
2390,2801,349778239,CN114492000B,-1,2022
2391,2802,372035423,CN116449711B,3,2023
2392,2803,395723416,CN119115984B,9,2024
2393,2805,400039591,CN119659793A,-1,2024
2394,2806,400039897,CN119659801A,9,2024
2395,2807,400039966,CN119659803A,9,2024
2396,2809,400133048,CN119668267A,33,2024
2397,2811,400083090,CN119673647A,66,2024
2398,2812,400094309,CN222644641U,-1,2024
2399,2813,400039519,CN222649923U,18,2024
2400,2814,400024990,IN202441090993A,8,2024
2401,2815,400025888,IN202541016187A,8,2025
2402,2816,400026827,IN202541016236A,21,2025
2403,2817,400021784,WO2025059544A1,22,2024
2404,2818,364307864,CN115649320B,0,2022
2405,2819,390029229,CN118444565B,3,2024
2406,2822,399883590,CN119635720A,0,2025
2407,2824,399907367,CN119636944A,0,2024
2408,2825,399907414,CN119636945A,0,2024
2409,2826,399907608,CN119636948A,-1,2024
2410,2832,399915045,CN222627833U,1,2024
2411,2833,399857568,CN222636712U,31,2024
2412,2834,399827519,JP2025036942A,1,2023
2413,2835,306747918,CN110962118B,-1,2018
2414,2836,363636934,CN115610548B,0,2022
2415,2837,396469494,CN119188792B,1,2024
2416,2838,396979796,CN119260745B,1,2024
2417,2839,398082171,CN119399603B,41,2025
2418,2840,399748633,CN119605484A,39,2025
2419,2845,399702970,CN119610127A,-1,2025
2420,2846,399704384,CN119610200A,9,2024
2421,2847,399704883,CN119610206A,-1,2025
2422,2848,399732573,CN119611572A,0,2025
2423,2849,399676325,CN119628313A,-1,2024
2424,2850,399739301,CN222609626U,-1,2024
2425,2851,399666068,IN202541018781A,-1,2025
2426,2852,357254873,CN115202378B,1,2022
2427,2853,389941772,CN118414977B,39,2024
2428,2854,399596695,CN119589639A,36,2024
2429,2858,399588105,CN119600525A,51,2024
2430,2859,399491494,CN119601011A,2,2025
2431,2860,399538385,CN222591641U,0,2024
2432,2861,399836790,KR1020250034329A,-1,2025
2433,2862,324297927,CN112460085B,0,2020
2434,2863,352491769,CN114721267B,-1,2022
2435,2864,365846502,CN115771163B,64,2022
2436,2865,399405336,CN119567300A,10,2024
2437,2866,399414544,CN119568308A,-1,2024
2438,2867,399341727,CN119575806A,1,2024
2439,2869,399408236,CN119582654A,73,2024
2440,2870,399425600,CN222572423U,0,2024
2441,2872,376872992,EP4517466A1,45,2022
2442,2873,339532393,CN113675824B,73,2021
2443,2874,352528975,CN114723807B,74,2021
2444,2875,393132449,CN118801735B,73,2024
2445,2876,394558555,CN118982678B,35,2024
2446,2877,395219296,CN119058812B,7,2024
2447,2878,395943913,CN119154530B,64,2024
2448,2879,396604911,CN119223608B,16,2024
2449,2880,396798036,CN119246127B,16,2024
2450,2881,397469403,CN119328772B,3,2024
2451,2882,399188360,CN119550314A,13,2024
2452,2885,399197203,CN119551095A,-1,2024
2453,2888,399194238,CN119559665A,-1,2024
2454,2889,399244304,CN222553575U,9,2024
2455,2890,399245577,CN222553602U,-1,2024
2456,2891,295677937,US12240103B2,-1,2020
2457,2892,389942258,CN118415626B,-1,2024
2458,2893,394345331,CN118953121B,7,2024
2459,2894,399036031,CN119526472A,-1,2024
2460,2896,399124487,CN222545826U,14,2024
2461,2897,399013129,IN202541013851A,0,2025
2462,2898,399007913,WO2025042795A1,4,2024
2463,2899,399007934,WO2025042802A1,30,2024
2464,2900,399008005,WO2025042837A1,-1,2024
2465,2903,398907587,CN119501971A,-1,2024
2466,2904,398920263,CN119503044A,0,2024
2467,2905,398883436,CN119512111A,6,2024
2468,2906,398944946,CN119517355A,48,2024
2469,2908,398804895,CN222514782U,31,2024
2470,2909,398770185,IN202541011640A,-1,2025
2471,2910,378000186,KR102770980B1,16,2023
2472,2911,371495064,US20250058473A1,-1,2022
2473,2912,398736532,US20250058842A1,-1,2024
2474,2916,394693939,CN118990555B,5,2024
2475,2917,394753060,CN119002232B,5,2024
2476,2918,395050594,CN119036471B,-1,2024
2477,2919,395050649,CN119036473B,10,2024
2478,2921,398574732,CN119458361A,1,2024
2479,2922,398574894,CN119458364A,-1,2024
2480,2924,398593349,CN119459919A,1,2024
2481,2925,398593475,CN119459922A,37,2024
2482,2932,398619732,CN119472641A,30,2024
2483,2933,398619748,CN119472771A,30,2025
2484,2934,398658624,CN119475628A,-1,2024
2485,2936,398707363,CN119479114A,43,2024
2486,2938,398609074,CN119484600A,-1,2024
2487,2939,398610420,CN119484770A,2,2024
2488,2940,398656330,CN222496494U,9,2024
2489,2941,362214329,CN115488893B,-1,2022
2490,2942,363632140,CN115616898B,1,2022
2491,2943,398386565,CN119427421A,-1,2024
2492,2944,398405806,CN119428903A,-1,2024
2493,2947,398395491,CN119439737A,1,2024
2494,2949,398401002,CN119440077A,3,2024
2495,2950,398417867,CN119441810A,7,2024
2496,2952,398468925,CN119445951A,59,2024
2497,2953,398355391,CN222475815U,-1,2024
2498,2954,398335117,JP2025021813A,25,2023
2499,2955,355280115,CN114993330B,27,2022
2500,2958,398173834,CN119417872A,-1,2024
2501,2959,398174225,CN119418385A,2,2024
2502,2960,398227281,CN222447554U,0,2023
2503,2961,398153999,CN222452392U,0,2024
2504,2962,398508463,TWM666566U,64,2024
2505,2963,308624528,CN111113435B,6,2020
2506,2964,345183085,CN114056452B,0,2021
2507,2965,398052693,CN119388393A,-1,2024
2508,2966,398052889,CN119388396A,13,2024
2509,2967,398053075,CN119388399A,4,2024
2510,2969,398057633,CN119388476A,13,2024
2511,2970,398014892,CN119396197A,6,2024
2512,2973,398006337,IN202421097772A,28,2024
2513,2974,VN120220557120220831,VN10042832000B,68,2022
2514,2975,397956647,IN202417069065A,-1,2024
2515,2976,397953875,IN202511004346A,2,2025
2516,2978,375170559,EP4496543A1,-1,2023
2517,2979,395180197,CN119065397B,1,2024
2518,2980,397777647,CN119369370A,4,2024
2519,2981,397777661,CN119369449A,-1,2024
2520,2983,397774600,CN119380259A,51,2024
2521,2985,397800632,CN222405750U,13,2024
2522,2986,397906316,CN222414186U,18,2024
2523,2988,397693162,CN119348735A,0,2024
2524,2989,397641721,CN119354216A,6,2024
2525,2991,397662507,CN119356318A,5,2024
2526,2992,397666980,CN119356561A,-1,2023
2527,2998,392459353,CN118721241B,-1,2024
2528,2999,392825604,CN118753401B,-1,2024
2529,3000,393630506,CN118868693B,1,2024
2530,3003,397566585,CN119336059A,33,2024
2531,3004,397543044,CN119338153A,10,2024
2532,3006,397531604,CN119342308A,50,2024
2533,3007,411908623,TR2024019076A2,60,2024
2534,3008,411918764,TR2025000281A2,68,2025
2535,3009,397405093,CN119319573A,36,2024
2536,3010,397418343,CN119322514A,40,2023
2537,3011,397380530,IN202421052346A,57,2024
2538,3012,397380478,IN202441103637A,2,2024
2539,3014,396699019,JP2025004418A,-1,2023
2540,3015,352226826,CN114690788B,6,2020
2541,3016,397319476,CN119305650A,9,2024
2542,3018,397272304,CN119314073A,41,2023
2543,3019,397299344,CN119315673A,64,2024
2544,3020,380951130,US12200404B2,-1,2022
2545,3021,386615683,TWI869727B,-1,2022
2546,3022,351828824,CN114663754B,15,2022
2547,3023,392195641,CN118682776B,2,2024
2548,3024,393766309,CN118876109B,12,2024
2549,3025,395177148,CN119065253B,3,2024
2550,3028,397175762,CN119283058A,13,2024
2551,3029,397175951,CN119283060A,72,2024
2552,3030,397177535,CN119283081A,-1,2024
2553,3031,397082561,CN119284001A,2,2024
2554,3032,397082635,CN119284002A,19,2024
2555,3033,397074696,CN119290333A,-1,2024
2556,3035,397128403,CN119299826A,-1,2024
2557,3036,397067298,IN202411104833A,-1,2024
2558,3037,397069816,IN202441101892A,21,2024
2559,3039,352342922,CN114700956B,-1,2022
2560,3040,355902243,CN115061370B,3,2022
2561,3041,395428116,CN119085662B,-1,2024
2562,3046,396892558,CN119262243A,-1,2024
2563,3047,396971694,CN222308872U,4,2024
2564,3048,395060146,CN119037580B,-1,2024
2565,3050,396731062,CN119238567A,2,2024
2566,3051,396731152,CN119238572A,1,2024
2567,3052,396731859,CN119238600A,13,2024
2568,3055,396805048,CN119247375A,-1,2024
2569,3056,396730072,IN202431103459A,15,2024
2570,3057,396727060,IN202441078754A,52,2024
2571,3058,396718005,US20250004480A1,-1,2024
2572,3059,365746589,US20250005450A1,21,2021
2573,3060,396707475,WO2025005980A1,22,2023
2574,3061,373946290,EP4483351A1,-1,2023
2575,3062,396880641,TWM665243U,-1,2024
2576,3063,396579973,CN119220718A,-1,2024
2577,3065,396617850,CN119225418A,6,2024
2578,3067,396617583,CN222270370U,13,2024
2579,3068,335606406,US12179363B2,-1,2021
2580,3069,387347498,CN118172798B,17,2024
2581,3070,393906614,CN118897455B,3,2024
2582,3071,396468667,CN119188690A,2,2024
2583,3073,396526015,CN119193893A,-1,2024
2584,3074,396395934,CN119197291A,36,2024
2585,3078,396424741,CN119200658A,6,2024
2586,3079,396491683,CN119206792A,23,2024
2587,3080,396493605,CN119206864A,23,2024
2588,3082,396328115,US20240428202A1,-1,2023
2589,3083,301086507,CN110450193B,0,2019
2590,3084,392315468,CN118700180B,9,2024
2591,3085,359960226,CN115291621B,54,2022
2592,3086,359915283,CN115294546B,7,2022
2593,3087,396049925,CN119159594A,-1,2024
2594,3089,396050214,CN119159602A,-1,2024
2595,3090,396055752,CN119160301A,0,2023
2596,3091,396128992,CN119169783A,46,2024
2597,3092,396129218,CN119170398A,66,2024
2598,3093,396190716,IN202427085973A,-1,2024
2599,3094,396034149,IN202441098093A,8,2024
2600,3095,396034449,IN202441098617A,28,2024
2601,3098,302268058,EP3785867B1,-1,2019
2602,3099,318990076,EP3810376B1,-1,2020
2603,3100,373049141,EP4476673A1,8,2023
2604,3101,391727895,CN118636158B,-1,2024
2605,3102,391727969,CN118636159B,10,2024
2606,3103,391728072,CN118636160B,10,2024
2607,3104,392196650,CN118682792B,9,2024
2608,3105,392197150,CN118682798B,4,2024
2609,3106,392197498,CN118682800B,4,2024
2610,3107,392315521,CN118700181B,-1,2024
2611,3108,392315577,CN118700182B,-1,2024
2612,3109,392315642,CN118700183B,9,2024
2613,3110,392315828,CN118700186B,-1,2024
2614,3111,392315909,CN118700187B,13,2024
2615,3112,392317436,CN118700209B,9,2024
2616,3113,392459432,CN118721242B,-1,2024
2617,3114,393701984,CN118848993B,60,2024
2618,3117,395915652,CN119152641A,53,2024
2619,3119,395888265,CN222179682U,0,2024
2620,3121,395722901,CN119115952A,1,2024
2621,3122,395723378,CN119115981A,-1,2024
2622,3124,395722353,CN119126815A,33,2024
2623,3125,395786310,CN119131841A,51,2024
2624,3126,395846883,KR1020240173617A,0,2024
2625,3127,395628265,JP2024171270A,1,2023
2626,3128,384870514,CN117901143B,10,2024
2627,3129,391135020,CN118567225B,6,2024
2628,3131,395523637,CN119098958A,40,2024
2629,3132,395523687,CN119098959A,-1,2024
2630,3133,395537080,CN119099752A,0,2024
2631,3134,395597566,CN119106513A,3,2024
2632,3135,395606499,CN119106700A,1,2024
2633,3137,390956690,CN118544362B,28,2024
2634,3138,391731078,CN118636196B,-1,2024
2635,3139,395421432,CN119074495A,24,2024
2636,3141,395383627,CN119078986A,1,2024
2637,3145,395347301,CN119088030A,27,2024
2638,3146,395339258,IN202431094479A,65,2024
2639,3151,373856005,US12159486B1,17,2024
2640,3152,304070106,CN110723232B,0,2019
2641,3154,391269568,CN118584820B,6,2024
2642,3155,393215087,CN118809634B,5,2024
2643,3156,395176594,CN119065240A,6,2024
2644,3159,395262505,CN222096107U,-1,2024
2645,3160,395263024,CN222096115U,-1,2024
2646,3161,395265041,CN222096151U,13,2024
2647,3162,TH240100436520240628,TH2401004365A,0,2024
2648,3165,395050940,CN119036483A,7,2024
2649,3167,395060496,CN119037589A,9,2024
2650,3168,395082486,CN119049122A,-1,2024
2651,3169,395082933,CN119049132A,-1,2024
2652,3170,289755250,EP3665675B1,8,2018
2653,3171,356132811,EP4059817B1,0,2021
2654,3172,392912818,CN118782273B,8,2024
2655,3175,394860564,CN119027878A,30,2024
2656,3177,370163729,US12151893B2,42,2023
2657,3179,377999949,KR102733333B1,3,2022
2658,3180,358958708,CN115256391B,1,2022
2659,3181,358957927,CN115256468B,1,2022
2660,3182,378478577,CN117143725B,24,2023
2661,3183,382041452,CN117572773B,3,2023
2662,3184,387019785,CN118123859B,1,2024
2663,3187,394696429,CN118990600A,12,2024
2664,3188,394696871,CN118990607A,13,2024
2665,3191,394755397,CN119002269A,-1,2024
2666,3192,394689651,CN119006517A,15,2024
2667,3193,394649622,IN202441088814A,21,2024
2668,3194,374858930,KR1020240165392A,8,2023
2669,3195,370058770,CN116215692B,0,2023
2670,3196,391690645,CN118634463B,60,2024
2671,3197,392315420,CN118700179B,9,2024
2672,3198,394552212,CN118981551A,41,2024
2673,3201,394541998,CN222021623U,2,2024
2674,3202,323593063,CN112389571B,0,2019
2675,3205,394340778,CN118952267A,4,2024
2676,3207,394408657,CN118960734A,33,2024
2677,3208,394413278,CN118961105A,30,2024
2678,3209,394458282,CN118963111A,6,2024
2679,3210,394417574,CN118967891A,68,2024
2680,3213,394330607,IN202411084388A,2,2024
2681,3215,366188587,CN115816456B,10,2022
2682,3216,394283073,CN118927264A,29,2023
2683,3217,394280834,CN118927306A,47,2024
2684,3218,394170312,CN118928583A,0,2024
2685,3220,394170596,CN118928594A,0,2024
2686,3221,394242900,CN118945189A,46,2024
2687,3223,349609304,US12139217B2,-1,2022
2688,3224,336757544,TWI861487B,20,2022
2689,3225,318361864,CN111895854B,-1,2020
2690,3226,354325732,CN114915036B,64,2021
2691,3227,394024324,CN118906046A,10,2024
2692,3229,394031608,CN118907141A,15,2024
2693,3231,394033411,CN118907261A,9,2024
2694,3232,394032106,CN118907267A,-1,2024
2695,3236,394022920,CN118915799A,6,2024
2696,3237,394023002,CN118915802A,6,2024
2697,3238,394054856,CN118919034A,8,2024
2698,3239,394136085,CN221969643U,0,2024
2699,3240,393984593,DE102023111659A1,-1,2023
2700,3245,367860889,JP2024540859A,71,2022
2701,3247,393919941,CN118898865A,26,2024
2702,3248,393958192,CN221954484U,9,2024
2703,3249,393958211,CN221954485U,-1,2024
2704,3250,393958235,CN221954486U,13,2024
2705,3252,393766231,CN118876065A,-1,2024
2706,3253,393767054,CN118876082A,19,2024
2707,3255,393861598,CN118884984A,-1,2024
2708,3256,393782782,CN221945033U,14,2024
2709,3257,393758629,IN202441081078A,-1,2024
2710,3258,393437895,DE102024110615A1,56,2024
2711,3259,393437795,DE102024110656A1,56,2024
2712,3260,SG10202400501W20240223,SG10202400501WA,70,2024
2713,3261,350597954,CN114563954B,6,2022
2714,3262,352485354,CN114721415B,-1,2022
2715,3263,393585311,CN118845432A,-1,2024
2716,3264,393697402,CN118848926A,0,2024
2717,3267,393696978,CN118849012A,-1,2024
2718,3268,393698392,CN118849041A,13,2024
2719,3269,393712461,CN118852862A,20,2024
2720,3270,393539591,CN118855741A,50,2024
2721,3272,393644064,CN118869749A,52,2024
2722,3273,393656648,CN221912044U,0,2023
2723,3274,393520555,JP2024153303A,1,2023
2724,3276,IT10202200002435120221125,IT102022000024351B1,8,2022
2725,3277,389215908,CN118363310B,-1,2024
2726,3278,391141431,CN118567388B,3,2024
2727,3282,393442184,CN118836877A,-1,2024
2728,3283,393470351,CN118838323A,7,2023
2729,3284,393468416,CN118838387A,6,2024
2730,3285,393461970,CN221888599U,24,2024
2731,3286,393410628,IN202441076653A,-1,2024
2732,3287,393410747,IN202441078589A,0,2024
2733,3288,393411393,IN202441080469A,69,2024
2734,3292,388693994,CN118306495B,40,2024
2735,3294,393214870,CN118809629A,71,2024
2736,3296,393231609,CN118810954A,0,2024
2737,3297,393280031,CN118819177A,3,2024
2738,3298,412587812,TR2024013843U5,14,2024
2739,3299,393512805,TWM662074U,23,2024
2740,3300,333003745,CN113155397B,16,2021
2741,3301,353935383,CN114859911B,6,2022
2742,3302,370058885,CN116215694B,0,2022
2743,3303,393118554,CN118790366A,-1,2024
2744,3304,393099815,CN118794445A,15,2024
2745,3305,393127226,CN118795894A,3,2021
2746,3306,393091764,CN118799795A,51,2024
2747,3313,371502740,TW202440032A,8,2022
2748,3314,368375801,CN116052500B,59,2023
2749,3315,391085249,CN118559729B,9,2024
2750,3317,392964767,CN118784975A,-1,2023
2751,3318,368408874,CN116039798B,0,2023
2752,3319,392808129,CN118752499A,-1,2023
2753,3320,392781341,CN118759864A,1,2024
2754,3321,392786057,CN118760164A,6,2024
2755,3322,392866523,CN221824406U,-1,2023
2756,3323,392764000,IN202441046787A,19,2024
2757,3324,393197864,KR1020240148582A,44,2023
2758,3325,393198026,KR1020240148676A,44,2023
2759,3326,392731458,US20240335301A1,19,2023
2760,3327,392748131,WO2024207865A1,7,2024
2761,3328,392721354,JP2024139608A,25,2023
2762,3329,390645172,CN118514086B,38,2024
2763,3330,392682366,CN118744440A,-1,2024
2764,3331,392884057,KR1020240146365A,2,2023
2765,3333,392115964,JP2024137804A,70,2024
2766,3337,336797570,CN113467445B,3,2021
2767,3338,368875373,CN116101363B,7,2022
2768,3343,392459956,CN118721251A,4,2024
2769,3344,392493782,CN118722903A,37,2024
2770,3345,392583094,CN221807449U,-1,2024
2771,3346,392664318,TW202439232A,23,2023
2772,3348,PH1202305005420230203,PH12023050054A1,69,2023
2773,3357,SG11202405130X20230221,SG11202405130XA,-1,2023
2774,3358,392242296,US20240316762A1,-1,2023
2775,3359,392247117,US20240319743A1,70,2024
2776,3360,209252393,EP3417338B1,-1,2017
2777,3361,392194450,CN118682759A,44,2024
2778,3366,392198085,CN118682808A,-1,2024
2779,3367,335460144,CN113359792B,-1,2021
2780,3368,336992382,CN113478505B,2,2021
2781,3371,392019315,CN118675229A,-1,2024
2782,3372,392040791,CN221736206U,-1,2024
2783,3373,392075495,CN221737979U,9,2024
2784,3374,392075608,CN221737981U,9,2024
2785,3375,391969247,IN202411067060A,-1,2024
2786,3376,391931301,JP2024125982A,5,2023
2787,3377,389414808,CN118379800B,53,2024
2788,3378,390646182,CN118514103B,24,2024
2789,3379,391879977,CN118655774A,38,2024
2790,3380,391882033,CN118660127A,61,2024
2791,3381,391831339,CN221710866U,11,2024
2792,3382,312734261,CN111439321B,0,2020
2793,3383,382048630,CN117578791B,49,2023
2794,3388,390647041,CN118636187A,4,2024
2795,3389,391730488,CN118636189A,12,2024
2796,3390,391730995,CN118636195A,2,2024
2797,3392,391747793,CN118636999A,-1,2024
2798,3393,391750677,CN118642390A,-1,2024
2799,3394,391739960,CN118646856A,43,2024
2800,3395,391678493,IN202441065464A,28,2024
2801,3397,352089517,JP7549340B2,0,2020
2802,3398,374669047,KR102705819B1,38,2022
2803,3399,349103506,CN114429008B,7,2022
2804,3400,356324966,CN115107013B,-1,2022
2805,3401,357189905,CN115194771B,-1,2022
2806,3402,371116309,CN116339362B,3,2023
2807,3403,391603015,CN118625847A,6,2024
2808,3405,391608601,CN221677258U,16,2023
2809,3406,TH090100432420090924,TH103045B,-1,2009
2810,3407,366906466,CN115877760B,38,2022
2811,3408,371116254,CN116339361B,3,2023
2812,3409,391431517,CN118596205A,-1,2024
2813,3411,391457631,CN118603077A,15,2024
2814,3412,391369595,CN118609796A,8,2024
2815,3413,383985171,CN117804666B,0,2024
2816,3414,391221541,CN118578356A,9,2024
2817,3415,391238754,CN118579173A,1,2024
2818,3416,391236276,CN118579236A,-1,2024
2819,3417,391232468,CN118583172A,15,2024
2820,3419,391271124,CN118584897A,5,2024
2821,3420,349827116,CN114486045B,-1,2022
2822,3421,356245847,CN115096143B,-1,2022
2823,3422,383819429,CN117788693B,-1,2023
2824,3424,391083831,CN118559699A,38,2024
2825,3426,391100812,CN118560461A,7,2023
2826,3427,391100514,CN118560596A,1,2024
2827,3428,391100709,CN118560599A,0,2023
2828,3429,391100886,CN118560602A,0,2024
2829,3432,391066285,IN202411064078A,2,2024
2830,3434,355574477,CN115035763B,-1,2022
2831,3435,359960066,CN115291619B,6,2022
2832,3436,368408857,CN116039797B,-1,2023
2833,3438,390956128,CN118548646A,-1,2024
2834,3439,390992363,CN118550186A,6,2024
2835,3441,390994180,CN118550297A,-1,2024
2836,3442,375605133,CN116859966B,0,2023
2837,3443,390810525,CN118528270A,1,2024
2838,3444,390827902,CN118529172A,9,2024
2839,3445,390785980,CN118538052A,23,2024
2840,3446,390843421,CN221585599U,0,2023
2841,3447,390770394,IN202421056825A,14,2024
2842,3448,338068816,CN113569659B,-1,2021
2843,3449,338333731,CN113589817B,-1,2021
2844,3450,390639516,CN118513634A,0,2024
2845,3454,390657534,CN118514781A,0,2024
2846,3455,390621134,CN118522064A,53,2023
2847,3456,334163095,CN113246154B,29,2021
2848,3457,350826988,CN114571500B,19,2022
2849,3458,390473659,CN118493415A,0,2024
2850,3460,390497287,CN118495034A,30,2023
2851,3461,390552122,CN118502405A,6,2024
2852,3462,390449484,IN202411053901A,-1,2024
2853,3463,390448370,IN202441059770A,30,2024
2854,3464,390413644,US20240269865A1,62,2024
2855,3465,390442186,WO2024168337A1,62,2024
2856,3466,327253285,CN112738409B,-1,2021
2857,3467,335049804,CN113317139B,39,2021
2858,3468,361906278,CN115465382B,19,2022
2859,3469,385928244,CN118013016B,2,2024
2860,3470,388946211,CN118331283B,1,2024
2861,3471,390337486,CN118483997A,-1,2024
2862,3472,335460164,CN113359800B,3,2021
2863,3473,345932222,CN114137992B,-1,2021
2864,3474,387874976,CN118230135B,56,2024
2865,3475,388691862,CN118305813B,32,2024
2866,3476,390179040,CN118456395A,-1,2024
2867,3477,390203193,CN118457620A,7,2024
2868,3478,390209305,CN118457770A,-1,2024
2869,3479,390192255,CN221507355U,-1,2023
2870,3480,390116392,IN202411056258A,-1,2024
2871,3481,353107894,CN114771680B,0,2022
2872,3482,387183912,CN118143955B,3,2024
2873,3483,390010373,CN118439107A,37,2024
2874,3484,390000615,CN118443085A,20,2024
2875,3486,390028793,CN118444701A,-1,2024
2876,3488,390072208,CN221477326U,0,2024
2877,3489,335606403,US12053887B2,15,2021
2878,3490,352485346,CN114721414B,3,2022
2879,3491,374532379,CN116774713B,40,2022
2880,3494,389877052,CN118424762A,16,2024
2881,3495,389814910,IN202341006152A,36,2023
2882,3496,389811179,IN202421045736A,4,2024
2883,3497,387372179,CN118163880B,30,2024
2884,3498,389690227,CN118404618A,-1,2024
2885,3499,389705920,CN118405213A,37,2024
2886,3500,345885641,US12048655B2,8,2021
2887,3501,335606409,US12049010B2,-1,2021
2888,3502,288240335,CN109159141B,4,2018
2889,3503,324887332,CN112530000B,1,2020
2890,3504,344043582,CN113977639B,49,2021
2891,3505,374358983,CN116713992B,44,2023
2892,3506,376259774,CN116909284B,-1,2023
2893,3507,387424074,CN118170033B,-1,2024
2894,3508,387562544,CN118182678B,-1,2024
2895,3509,389523763,CN118386203A,3,2024
2896,3510,389645164,IN202441053254A,48,2024
2897,3511,389645603,IN202441054046A,21,2024
2898,3512,389646637,IN202441054123A,1,2024
2899,3513,389645402,IN202441054169A,20,2024
2900,3514,363181970,CN115576352B,54,2022
2901,3515,377862068,CN117067226B,30,2023
2902,3516,380997765,CN117452860B,3,2023
2903,3517,386474055,CN118070840B,6,2024
2904,3518,389372942,CN118372903A,0,2024
2905,3520,389404071,CN221383943U,4,2024
2906,3521,389385460,CN221393765U,52,2023
2907,3522,356148099,US12042945B2,-1,2020
2908,3525,412582957,TR2024006724A2,54,2024
2909,3526,340759792,CN113762239B,30,2021
2910,3527,389227452,CN118357939A,-1,2024
2911,3529,389261247,CN118365686A,15,2023
2912,3530,389276156,CN118366295A,-1,2024
2913,3531,389168880,WO2024150796A1,68,2024
2914,3534,321483078,CN112193346B,52,2020
2915,3535,346889869,CN114222091B,42,2021
2916,3536,350348125,CN114543825B,7,2022
2917,3537,375283281,CN116810812B,2,2023
2918,3538,386088071,CN118023799B,36,2024
2919,3539,389109819,CN221354398U,26,2023
2920,3541,388899188,CN118323255A,7,2024
2921,3542,388898049,CN118323301A,-1,2024
2922,3543,388903430,CN118323515A,0,2024
2923,3545,388859620,CN118333460A,-1,2024
2924,3546,388903749,CN221314260U,-1,2023
2925,3547,388879692,CN221325262U,-1,2023
2926,3548,388841820,IN202441051902A,21,2024
2927,3552,388506421,JP2024094826A,9,2022
2928,3553,339375698,CN113657313B,-1,2021
2929,3554,385327841,CN117944785B,-1,2024
2930,3557,388725386,CN118311902A,6,2024
2931,3558,388734356,CN118313155A,1,2024
2932,3559,295579950,CN111433566B,7,2017
2933,3560,387183865,CN118143954B,1,2024
2934,3562,388597674,CN118289109A,0,2024
2935,3563,388626681,CN118295408A,3,2024
2936,3564,388626817,CN118295455A,54,2024
2937,3565,388634270,CN118297988A,15,2024
2938,3566,388553676,CN221272985U,7,2023
2939,3567,388574739,CN221280070U,-1,2023
2940,3568,388580302,CN221281612U,23,2023
2941,3569,388513386,IN202441048433A,-1,2024
2942,3570,388497625,DE102023200067A1,23,2023
2943,3574,325454967,CN112578716B,29,2020
2944,3575,337224780,CN113494916B,15,2020
2945,3577,379484913,CN117260718B,3,2023
2946,3578,385634521,CN117975283B,15,2024
2947,3579,388416156,CN118276478A,-1,2023
2948,3580,388415705,CN118276602A,1,2024
2949,3581,388359772,CN118279983A,7,2024
2950,3582,388450377,CN221251511U,0,2023
2951,3583,388368868,CN221259650U,14,2023
2952,3584,388369082,CN221259653U,14,2023
2953,3585,388651684,KR1020240100780A,10,2022
2954,3586,372419429,US12023160B1,8,2023
2955,3587,380561803,TW202427408A,-1,2022
2956,3588,388663427,TWM657658U,11,2024
2957,3589,322520364,CN112307942B,2,2020
2958,3590,362224011,CN115489246B,-1,2022
2959,3591,388244203,CN118254901A,0,2022
2960,3592,388243280,CN118261233A,7,2024
2961,3594,323595895,CN112388598B,0,2019
2962,3595,347158929,CN114228748B,7,2022
2963,3596,384370116,CN117856527B,12,2024
2964,3597,385127791,CN117921638B,-1,2024
2965,3598,388059360,CN118238914A,0,2024
2966,3599,388088444,CN118244750A,1,2023
2967,3600,388123115,CN221214319U,37,2023
2968,3601,348055259,CN114321140B,0,2021
2969,3602,387887099,CN118217570A,0,2024
2970,3603,387942025,CN118219246A,19,2024
2971,3604,387941279,CN118219316A,-1,2024
2972,3605,387969271,CN118220368A,0,2024
2973,3606,387873745,CN118223606A,18,2024
2974,3608,387944367,CN221188831U,-1,2023
2975,3609,387930675,CN221200619U,24,2023
2976,3610,387840775,WO2024124996A1,12,2023
2977,3611,387810822,JP2024082201A,-1,2023
2978,3613,355991715,CN115070775B,1,2022
2979,3614,386541081,CN118061197B,3,2024
2980,3615,387774655,CN118212648A,41,2023
2981,3616,387765294,CN221176543U,13,2023
2982,3617,348085665,CN114329986B,1,2021
2983,3618,348756840,CN114397894B,27,2021
2984,3619,368479116,CN116062059B,6,2023
2985,3620,370364199,CN116252885B,0,2023
2986,3621,387536624,CN118181286A,10,2024
2987,3622,387561606,CN118182666A,0,2024
2988,3624,387627108,CN118192254A,6,2024
2989,3625,387637007,CN118192597A,33,2024
2990,3626,387636288,CN118192649A,6,2024
2991,3627,387579077,CN118196892A,5,2024
2992,3628,387585530,CN221142590U,-1,2023
2993,3629,387553855,CN221147796U,7,2023
2994,3630,387498122,IN541543A1,55,2020
2995,3631,387465618,US20240190014A1,60,2024
2996,3634,387133475,EP4382262A1,0,2022
2997,3636,385314920,CN117944055B,1,2024
2998,3637,386112211,CN118031135B,52,2024
2999,3638,387358917,CN118163092A,3,2024
3000,3640,387409887,CN118169420A,27,2024
3001,3642,387424792,CN118170129A,-1,2022
3002,3643,387454379,CN118171682A,6,2024
3003,3644,387346402,CN118172707A,23,2024
3004,3645,387342062,CN118172725A,-1,2024
3005,3647,387400593,CN221114157U,0,2023
3006,3648,387660704,TWM656451U,-1,2023
3007,3649,360101952,CN115312054B,2,2022
3008,3653,387277125,CN118152020A,21,2024
3009,3654,387278179,CN221102887U,52,2023
3010,3655,387283054,CN221103259U,18,2023
3011,3656,387164563,IN202441041266A,5,2024
3012,3659,387133615,US20240181637A1,-1,2022
3013,3660,229409954,CN107825434B,-1,2017
3014,3661,303793352,CN110696943B,0,2019
3015,3662,385188004,CN117930663B,6,2024
3016,3664,387076994,CN118131630A,6,2024
3017,3665,387087331,CN118132213A,-1,2022
3018,3666,387064254,CN221061686U,14,2023
3019,3667,386999944,CN221075865U,-1,2023
3020,3668,387303292,TWM656431U,23,2024
3021,3669,382042557,CN117572877B,6,2024
3022,3670,365394825,CN118119992A,16,2022
3023,3671,386882754,CN221049831U,0,2023
3024,3672,386863590,IN202441038711A,21,2024
3025,3673,386864096,IN202441039826A,-1,2024
3026,3674,SA52142128920210221,SA16215B1,-1,2021
3027,3675,386832319,EP4376309A1,8,2023
3028,3676,298487808,CN110211454B,-1,2019
3029,3677,302647789,CN110588826B,0,2019
3030,3678,349241136,CN114474034B,74,2020
3031,3679,356328850,CN115112161B,37,2022
3032,3680,345660991,CN118079411A,11,2021
3033,3682,386658447,CN118096879A,35,2024
3034,3683,386749681,CN221035643U,31,2023
3035,3684,394000203,IT202200024351A1,8,2022
3036,3685,304834936,CN110796035B,51,2019
3037,3686,354617292,CN114936363B,-1,2022
3038,3687,363000862,CN115565057B,15,2021
3039,3688,381387006,CN117496464B,15,2023
3040,3692,386567269,CN220996569U,0,2023
3041,3693,386441671,US20240169292A1,21,2023
3042,3695,386422461,CN118056744A,40,2022
3043,3696,325635112,US11986963B2,69,2019
3044,3697,299001477,CN110253562B,19,2019
3045,3698,386302545,CN118044401A,39,2024
3046,3699,386341086,CN118046404A,-1,2024
3047,3700,386350131,CN118046975A,-1,2024
3048,3701,386312986,CN220972400U,2,2023
3049,3702,386344960,CN220983532U,46,2023
3050,3703,386390963,CN220985768U,-1,2023
3051,3704,386291682,IN202211064127A,-1,2022
3052,3705,381977785,JP2024068083A,-1,2023
3053,3707,386256107,US20240157553A1,28,2024
3054,3708,386253251,US20240157573A1,75,2024
3055,3709,385042868,US20240158110A1,-1,2023
3056,3710,386248385,JP2024066420A,33,2023
3057,3711,353516553,CN114800600B,19,2022
3058,3712,386069226,CN118021558A,13,2024
3059,3715,386112466,CN118025055A,-1,2024
3060,3716,386117947,CN118025366A,1,2022
3061,3717,386118085,CN118025368A,9,2024
3062,3718,386118138,CN118025369A,37,2024
3063,3720,386173313,CN118034040A,1,2022
3064,3721,386163838,CN220945443U,16,2023
3065,3722,386217323,CN220948272U,0,2023
3066,3724,315411712,US11980432B2,-1,2019
3067,3725,374008034,CN116673979B,20,2023
3068,3726,385918949,CN118001544A,14,2024
3069,3727,385943342,CN118003375A,9,2024
3070,3728,385958715,CN118004306A,-1,2024
3071,3730,386002537,CN220922406U,19,2023
3072,3734,385863492,US20240149463A1,-1,2022
3073,3736,386052311,KR1020240059945A,65,2022
3074,3737,332134451,CN113095120B,50,2020
3075,3738,385809444,CN220913758U,31,2023
3076,3740,320520668,CN112101139B,41,2020
3077,3741,332363561,CN113111681B,50,2020
3078,3742,383957125,CN117809379B,50,2024
3079,3743,385617924,CN117961888A,5,2024
3080,3744,385645584,CN117963390A,28,2024
3081,3745,385680887,CN117970965A,3,2023
3082,3746,385622930,CN117974585A,41,2024
3083,3748,385638601,CN117975406A,35,2023
3084,3749,385572295,CN220884605U,0,2023
3085,3750,385612422,CN220886590U,16,2023
3086,3751,385650122,CN220895029U,31,2023
3087,3752,HK42024087928.820240229,HK40100485A,-1,2024
3088,3753,385558942,IN202321073493A,-1,2023
3089,3754,385560806,IN202431015607A,10,2024
3090,3756,211369171,EP3219447B1,2,2016
3091,3759,322162145,CN112265593B,19,2020
3092,3760,385314507,CN117944045A,5,2024
3093,3762,385315482,CN117944068A,36,2024
3094,3764,385327414,CN117953465A,27,2023
3095,3765,385293057,CN117956572A,-1,2022
3096,3767,347966020,CN114324751B,20,2021
3097,3768,348250109,CN114347078B,4,2022
3098,3770,385128174,CN117921728A,19,2023
3099,3771,385145387,CN117922714A,0,2024
3100,3772,385143536,CN117928551A,33,2024
3101,3773,385145560,CN117928652A,30,2024
3102,3775,385116437,CN117934716A,15,2024
3103,3776,385124489,CN117935106A,-1,2023
3104,3777,385126422,CN117935137A,51,2023
3105,3778,385210831,CN117939076A,43,2024
3106,3779,385228967,CN220842752U,0,2023
3107,3780,385229017,CN220842753U,0,2023
3108,3781,385097487,CN220851580U,0,2023
3109,3782,385185190,CN220855627U,2,2023
3110,3783,385078962,IN202341039528A,11,2023
3111,3784,385062969,DE102022127983A1,25,2022
3112,3785,385039273,JP2024058514A,49,2022
3113,3789,323748237,JP7474108B2,11,2020
3114,3790,381716677,CN117532596B,19,2024
3115,3791,359791142,JP2024056146A,-1,2024
3116,3792,349268733,CN114442649B,-1,2021
3117,3794,384866170,CN117901165A,4,2024
3118,3795,384940921,CN117908571A,40,2023
3119,3797,384297217,JP2024054474A,-1,2022
3120,3798,301364839,CN110478878B,14,2019
3121,3799,340532669,CN113743481B,-1,2021
3122,3800,384728169,CN117885110A,71,2024
3123,3801,384742473,CN117885832A,0,2024
3124,3802,384721783,CN117889843A,15,2024
3125,3803,384752386,CN117891240A,-1,2023
3126,3804,384744147,CN117896554A,43,2024
3127,3805,384735394,CN220796949U,-1,2023
3128,3806,384989050,TW202416218A,-1,2022
3129,3807,371718692,US11961415B2,24,2022
3130,3808,344795783,CN114040140B,26,2021
3131,3809,346212528,CN114161434B,27,2021
3132,3810,384563729,CN117863171A,-1,2023
3133,3811,384563616,CN117863226A,-1,2024
3134,3812,384582042,CN117864270A,0,2024
3135,3813,384507071,CN117872771A,6,2024
3136,3814,384596049,CN220762648U,-1,2023
3137,3815,384502090,CN220764551U,-1,2023
3138,3817,361655999,EP4347194A1,-1,2022
3139,3818,303793328,CN110696941B,19,2019
3140,3819,313914813,CN111539087B,7,2019
3141,3820,384297666,CN117841002A,27,2024
3142,3821,384305018,CN117842230A,9,2023
3143,3822,384361506,CN220751608U,16,2023
3144,3823,384291444,US11951636B1,28,2021
3145,3824,325842820,CN112606009B,0,2020
3146,3825,384144092,CN220721230U,-1,2023
3147,3826,384144191,CN220721231U,-1,2023
3148,3827,384144265,CN220721232U,13,2023
3149,3828,374669065,KR102655668B1,38,2022
3150,3829,384097246,DE102023126036A1,-1,2023
3151,3831,347230508,CN114235373B,-1,2021
3152,3832,377554811,CN117034385B,68,2023
3153,3833,383957461,CN117809329A,26,2023
3154,3837,380424562,TW202413232A,25,2023
3155,3838,373465236,TW202414356A,43,2022
3156,3839,287421948,CN109048914B,49,2018
3157,3840,338329330,CN113580127B,60,2021
3158,3841,339484416,CN113665852B,0,2021
3159,3842,369472309,CN116142216B,7,2023
3160,3843,383797388,CN117773926A,3,2023
3161,3844,383797277,CN117773982A,-1,2023
3162,3846,383870094,CN117782069A,3,2023
3163,3849,383781433,IN202211055158A,9,2022
3164,3850,383779429,IN202421012725A,21,2024
3165,3851,383778881,IN202441020880A,-1,2024
3166,3852,383778919,IN202441020896A,-1,2024
3167,3853,356760120,JP2024513705A,-1,2022
3168,3854,301784653,CN110524561B,-1,2019
3169,3855,339464648,CN113673461B,-1,2021
3170,3856,356972332,CN115145292B,3,2022
3171,3857,378266263,CN117115783B,43,2023
3172,3858,382073574,CN117565996B,0,2024
3173,3859,383638467,CN117769181A,0,2023
3174,3860,383691013,CN220660915U,-1,2023
3175,3863,383592199,JP2024040248A,11,2024
3176,3864,318159908,CN111880544B,1,2020
3177,3865,383539239,CN117734851A,0,2024
3178,3866,383442830,CN220648410U,-1,2023
3179,3867,383417830,IN202421013263A,8,2024
3180,3868,383417974,IN202441014010A,8,2024
3181,3869,367623028,CN115963850B,3,2023
3182,3870,383383888,CN117718295A,0,2024
3183,3871,383328722,CN117724518A,-1,2023
3184,3872,383386246,CN117729290A,-1,2023
3185,3873,383309942,CN220615995U,0,2023
3186,3874,360568688,US11931890B2,69,2020
3187,3875,383130866,CN117703036A,0,2023
3188,3877,356678554,WO2024051597A1,53,2023
3189,3878,331398874,CN113031639B,1,2021
3190,3879,356593963,CN115123422B,0,2022
3191,3880,382928892,CN117687431A,3,2023
3192,3881,382809662,CN117656072A,5,2023
3193,3882,382809012,CN117656124A,19,2023
3194,3883,382798787,CN117666348A,1,2023
3195,3884,382877541,IN202341087195A,2,2023
3196,3886,362717119,US11920649B2,-1,2022
3197,3887,321808379,CN112232390B,41,2020
3198,3889,382579758,CN117622352A,15,2023
3199,3890,382567679,CN117631547A,6,2024
3200,3891,382495499,IN202241048750A,-1,2022
3201,3892,377020642,TWI834153B,35,2022
3202,3893,356929599,EP4328863A1,-1,2022
3203,3894,345422749,US11911892B2,75,2021
3204,3895,324408516,US11911903B2,28,2020
3205,3896,360573769,US11915523B2,-1,2022
3206,3897,347233012,CN114237233B,35,2021
3207,3900,382277106,CN117589404A,15,2023
3208,3901,382211031,CN117590747A,33,2023
3209,3902,382200388,IN202411010889A,17,2024
3210,3906,323451692,CN112380627B,-1,2020
3211,3907,337491329,CN113515135B,6,2021
3212,3908,375594853,CN116863509B,-1,2023
3213,3911,382041341,CN117572768A,-1,2023
3214,3915,382034974,US11907670B1,2,2020
3215,3917,381624511,KR1020240020642A,74,2022
3216,3918,381979661,US20240051154A1,-1,2023
3217,3919,381983240,US20240053761A1,-1,2023
3218,3922,308801368,CN111142514B,27,2019
3219,3923,348043818,CN114310963B,0,2022
3220,3925,381912800,CN117554026A,54,2023
3221,3926,381892702,CN117558050A,2,2023
3222,3927,RU202212542620220928,RU2813444C1,-1,2022
3223,3928,338657599,CN113611388B,48,2021
3224,3931,381727211,CN117533334A,7,2023
3225,3932,381733946,CN117537824A,15,2023
3226,3933,381711477,CN220462722U,36,2023
3227,3934,381659609,IN202431007412A,28,2024
3228,3936,381657122,WO2024030669A2,-1,2023
3229,3938,333824706,CN113223512B,2,2020
3230,3939,374654087,CN116757524B,-1,2023
3231,3941,381548680,CN117508401A,9,2023
3232,3942,381548733,CN117508402A,-1,2023
3233,3943,381573419,CN117518821A,6,2023
3234,3944,381578762,CN117519128A,33,2023
3235,3946,342085202,US11890756B2,0,2021
3236,3948,214392547,CN107246461B,12,2016
3237,3949,315969612,CN111687847B,-1,2020
3238,3950,337687117,CN113537036B,50,2021
3239,3951,342406745,CN113865556B,15,2021
3240,3953,375318900,CN116823591B,-1,2023
3241,3955,381333727,CN117499592A,53,2023
3242,3956,381291913,IN202311074144A,28,2023
3243,3957,381793517,TWM651124U,-1,2023
3244,3958,381264206,US20240040336A1,69,2023
3245,3961,292417970,CN109605213B,36,2018
3246,3962,381119816,CN117465578A,52,2023
3247,3963,381123888,CN117472090A,3,2023
3248,3964,381200257,CN220403155U,31,2023
3249,3965,381126495,CN220404773U,14,2023
3250,3966,381193558,CN220408778U,9,2023
3251,3968,360940751,US11883959B2,-1,2022
3252,3969,335631624,JP7423400B2,-1,2020
3253,3970,378711706,CN117173748B,41,2023
3254,3971,379194523,CN117237561B,35,2023
3255,3972,380999646,CN117452816A,3,2023
3256,3974,380999412,CN117452953A,-1,2023
3257,3975,381068094,CN220401627U,-1,2023
3258,3976,380972250,IN202341090178A,-1,2023
3259,3977,374542235,JP7421759B2,25,2022
3260,3979,350719011,CN114571472B,-1,2020
3261,3980,370428969,CN116256972B,6,2022
3262,3981,380895830,CN117437573A,26,2023
3263,3985,294951398,KR102625488B1,55,2018
3264,3986,306421634,CN110936380B,73,2019
3265,3987,324887158,CN112529943B,-1,2020
3266,3988,332365195,CN113110442B,6,2021
3267,3989,380586224,CN117401056A,-1,2023
3268,3990,345406645,US11872169B2,8,2021
3269,3991,380574720,US11875362B1,42,2020
3270,3992,380443786,CN117381807A,36,2023
3271,3993,380455509,CN117382765A,0,2023
3272,3994,380455598,CN117382768A,30,2023
3273,3997,362062256,CN115476366B,-1,2021
3274,3998,378772991,CN117133096B,7,2023
3275,3999,380361902,CN117359594A,1,2023
3276,4000,380346977,CN117369527A,-1,2023
3277,4001,380351763,CN220324109U,31,2023
3278,4002,373424574,CN116604555B,10,2023
3279,4003,377861976,CN117067223B,3,2023
3280,4004,380138126,IN202241037321A,-1,2022
3281,4005,380137225,IN202341087196A,2,2023
3282,4009,380081184,CN117325198A,49,2023
3283,4010,379995046,CN117330068A,-1,2023
3284,4011,320320920,CN112084853B,27,2020
3285,4012,379868813,CN117296615A,18,2023
3286,4013,379837223,CN117301061A,5,2023
3287,4014,379881720,CN117309242A,-1,2023
3288,4016,379917530,CN117311161A,-1,2023
3289,4017,379919599,CN117311271A,6,2023
3290,4018,379848620,CN220257118U,14,2023
3291,4021,319981714,CN112051797B,74,2020
3292,4022,375805087,CN116880293B,3,2023
3293,4023,379735107,CN117290997A,7,2023
3294,4024,368449044,US11856098B2,-1,2022
3295,4026,379509635,CN117262062A,9,2023
3296,4027,379574237,CN117270385A,38,2023
3297,4028,379581197,CN117270551A,-1,2023
3298,4029,379592358,CN220220959U,0,2023
3299,4030,TR202100199920210211,TR2021001999B,60,2021
3300,4031,309729979,CN111209942B,38,2019
3301,4032,348042993,CN114337378B,73,2021
3302,4033,379355711,CN117246425A,-1,2023
3303,4034,379364847,CN117250959A,27,2023
3304,4035,377996855,TW202349154A,23,2022
3305,4036,371623726,TW202349930A,-1,2022
3306,4037,318348715,CN111891254B,0,2020
3307,4038,372883024,CN116551675B,1,2023
3308,4039,379218201,CN117233707A,16,2023
3309,4041,379173928,CN117241090A,-1,2023
3310,4042,HK42020021464.120201202,HK40030931B,8,2020
3311,4043,379157852,IN202341074333A,44,2023
3312,4045,379075812,CN117218547A,15,2023
3313,4046,310580256,CN111291831B,47,2020
3314,4047,378839220,CN117182406A,36,2023
3315,4049,378948477,CN117193070A,3,2023
3316,4050,378844357,CN117193341A,15,2023
3317,4051,378844400,CN117193342A,-1,2023
3318,4052,378830696,IN202311077537A,28,2023
3319,4053,378734547,JP2023172901A,45,2023
3320,4054,331772720,JP7393201B2,-1,2019
3321,4056,393741395,MY199994A,69,2017
3322,4057,222398892,CN107416066B,0,2017
3323,4058,239889748,CN108407918B,-1,2018
3324,4059,343215570,CN113910217B,2,2020
3325,4060,378511178,CN117140463A,-1,2023
3326,4061,378510513,CN117140508A,1,2023
3327,4065,378467087,IN202341078606A,8,2023
3328,4066,373759208,TW202347263A,-1,2022
3329,4067,378602524,KR102607490B1,47,2023
3330,4068,378602532,KR102607493B1,47,2023
3331,4069,378602830,KR102608026B1,30,2023
3332,4070,236525477,CN108216412B,0,2017
3333,4071,317625254,CN111832450B,-1,2020
3334,4072,378756343,CN117125020A,23,2023
3335,4073,378374104,CN117132801A,-1,2022
3336,4076,378261793,CN117104360A,0,2023
3337,4078,378270170,CN117115849A,-1,2022
3338,4079,378223860,CN220082665U,-1,2023
3339,4080,378203318,IN202341078601A,8,2023
3340,4082,373415666,CN116609105B,16,2023
3341,4085,356491995,IN468965A1,2,2021
3342,4086,374669043,KR102604104B1,38,2022
3343,4087,331316579,JP7381322B2,-1,2019
3344,4088,318497482,CN111913490B,3,2020
3345,4089,364963608,CN115705048B,45,2021
3346,4090,374913810,CN116787491B,16,2023
3347,4091,377689911,CN117047810A,4,2023
3348,4092,377705661,CN117048735A,45,2023
3349,4093,377710852,CN117055594A,6,2023
3350,4094,377771569,CN220013465U,31,2023
3351,4095,362516929,KR102601031B1,16,2021
3352,4096,368602043,TWI821772B,48,2021
3353,4098,346965739,CN114248804B,1,2021
3354,4099,377510509,CN117032254A,-1,2023
3355,4100,377512070,CN117032283A,6,2023
3356,4103,377579873,CN219997304U,-1,2023
3357,4104,298058086,IN465538A1,14,2018
3358,4105,312508710,IN466026A1,10,2020
3359,4108,305817655,EP3846982B1,75,2018
3360,4109,377057444,CN117001658A,6,2023
3361,4111,377098728,CN117008623A,-1,2022
3362,4113,316754865,CN111753705B,43,2020
3363,4114,354860222,CN114945182B,-1,2022
3364,4119,376925060,CN116985137A,33,2023
3365,4120,376952671,CN116996775A,41,2023
3366,4121,376970652,CN219948393U,-1,2023
3367,4125,376874208,WO2023207129A1,4,2022
3368,4127,376523240,TW202343303A,26,2022
3369,4128,377021618,TW202343387A,35,2022
3370,4129,344915691,TWI820341B,-1,2020
3371,4130,374914492,CN116787450B,-1,2023
3372,4132,376745398,CN116968048A,28,2023
3373,4133,376753257,CN116978125A,50,2023
3374,4134,332124810,NL2031262B1,3,2022
3375,4135,355847109,CN115054794B,14,2022
3376,4136,374787800,CN116767381B,-1,2023
3377,4137,376572760,CN116945151A,45,2023
3378,4138,376573729,CN116945167A,-1,2023
3379,4139,376573793,CN116945168A,45,2023
3380,4141,376663574,CN116954237A,45,2022
3381,4142,376585081,CN219914605U,52,2023
3382,4144,376541721,WO2023205766A1,-1,2023
3383,4145,376378581,CN116931561A,33,2023
3384,4146,376384086,CN116931795A,26,2022
3385,4148,376407299,CN219878755U,-1,2023
3386,4149,310397633,JP7367283B2,29,2019
3387,4150,228315611,CN107757744B,0,2017
3388,4152,376225624,CN116901056A,52,2023
3389,4153,376244583,CN116902109A,37,2023
3390,4155,376195648,CN219854570U,0,2023
3391,4156,352824482,CN114750162B,1,2022
3392,4157,375921869,CN116893686A,45,2023
3393,4158,375895600,CN116894869A,15,2023
3394,4160,375795788,CN219815259U,11,2022
3395,4161,375780465,CN219819774U,9,2023
3396,4162,375692787,DE102022118439B3,1,2022
3397,4165,331398014,CN113031579B,-1,2019
3398,4166,372415323,CN116442212B,38,2023
3399,4167,375627737,CN116849885A,19,2023
3400,4169,375651676,CN116858273A,-1,2023
3401,4171,375605287,CN116859969A,3,2023
3402,4172,375605623,CN116859975A,6,2023
3403,4174,375546977,IN202311060121A,29,2023
3404,4175,375547181,IN202341055064A,21,2023
3405,4176,345681359,CN114102643B,4,2021
3406,4178,375365179,CN116834058A,-1,2023
3407,4179,375424173,CN116840937A,30,2023
3408,4181,375433661,CN219790352U,-1,2023
3409,4182,375558066,TWI817727B,-1,2022
3410,4183,375555905,TWM646612U,31,2023
3411,4184,373440136,CN116610129B,-1,2023
3412,4185,375290742,CN116811852A,-1,2023
3413,4187,375322892,CN116824511A,41,2023
3414,4188,HK42022059802.320220908,HK40071432B,74,2022
3415,4189,375188489,IN202321047533A,-1,2023
3416,4191,295345908,CN109908565B,14,2019
3417,4192,357588951,CN115242958B,-1,2021
3418,4193,360940910,US11766602B2,11,2021
3419,4194,339145341,CN113633303B,-1,2021
3420,4195,355678959,CN115046423B,-1,2022
3421,4196,374913721,CN116787406A,19,2023
3422,4198,374914551,CN116787457A,30,2023
3423,4201,374962942,CN116795123A,6,2022
3424,4202,374907380,CN116796788A,8,2023
3425,4205,288532449,CN109204601B,0,2018
3426,4206,337328823,CN113504778B,-1,2021
3427,4207,374787754,CN116767373A,37,2022
3428,4210,374719604,CN116778672A,53,2022
3429,4211,374710708,CN219708879U,43,2023
3430,4212,284214420,CN108657307B,0,2018
3431,4213,343091124,CN113917917B,27,2021
3432,4214,354146579,CN114888832B,4,2022
3433,4217,374660633,CN116749236A,10,2023
3434,4218,374588186,CN116750101A,0,2023
3435,4219,374588325,CN116750105A,0,2023
3436,4221,374611181,CN219687481U,9,2023
3437,4222,374611281,CN219687483U,13,2023
3438,4224,374247229,JP2023128220A,-1,2022
3439,4225,330558008,US20230286602A1,0,2021
3440,4227,351372483,CN114625129B,3,2022
3441,4228,374426550,CN116740606A,6,2023
3442,4229,339878792,US11756461B2,-1,2021
3443,4233,345854671,CN114131590B,30,2021
3444,4234,353551391,CN114802520B,0,2022
3445,4235,374358792,CN116713976A,-1,2023
3446,4237,367250444,CN116717575A,12,2023
3447,4238,374524947,CN116719335A,3,2023
3448,4241,374099155,CN116690596A,0,2023
3449,4242,374110551,CN116691869A,0,2023
3450,4243,374153991,CN116704390A,26,2022
3451,4244,344951257,CN114044066B,37,2021
3452,4245,363626456,CN115609629B,0,2022
3453,4246,365947085,CN115793649B,30,2022
3454,4248,374050821,CN116679688A,45,2022
3455,4249,374003267,CN116682040A,53,2023
3456,4250,373957882,IN202341049596A,-1,2023
3457,4253,348392136,CN114371613B,5,2021
3458,4254,369477462,CN116147642B,15,2023
3459,4255,373825760,CN116652945A,10,2023
3460,4256,373844384,CN116654146A,0,2023
3461,4257,373799593,CN116668611A,2,2023
3462,4258,373867897,CN219599541U,28,2023
3463,4259,373698018,CN116636855A,7,2023
3464,4260,373724215,CN116638497A,19,2023
3465,4261,373669309,CN116643569A,27,2023
3466,4264,348268806,CN114348299B,0,2022
3467,4266,373582991,CN116627023A,-1,2023
3468,4268,202653670,CN106956247B,19,2017
3469,4269,313445504,CN111508042B,-1,2020
3470,4270,346996002,CN114253260B,1,2021
3471,4271,368179081,CN116030411B,-1,2022
3472,4272,373391154,CN116602678A,8,2023
3473,4277,373380002,CN116612215A,68,2023
3474,4278,373346120,IN202341034578A,8,2023
3475,4281,373472763,KR102567371B1,42,2022
3476,4282,235475139,CN108151257B,20,2017
3477,4283,373190043,CN116588221A,40,2023
3478,4284,373282802,CN116595734A,3,2023
3479,4285,373194700,CN116597519A,-1,2023
3480,4286,320650238,US11727784B2,26,2020
3481,4287,316911301,CN111766885B,3,2020
3482,4288,370019941,CN116214527B,21,2023
3483,4289,373105890,CN116573077A,-1,2023
3484,4290,373061826,CN116578079A,3,2023
3485,4292,373122093,CN219504775U,-1,2022
3486,4296,335678022,CN113378762B,53,2021
3487,4300,372884164,CN116551719A,-1,2023
3488,4301,372881332,CN116562026A,7,2023
3489,4302,372937681,CN116566032A,38,2022
3490,4303,372925538,CN219485715U,0,2023
3491,4304,372954156,CN219487391U,-1,2022
3492,4305,313535564,US11717958B2,0,2021
3493,4306,294652459,CN109858472B,41,2019
3494,4309,373031999,CN116540206A,15,2023
3495,4310,375163500,CL2021003554A1,-1,2021
3496,4311,372735197,AU2022200355A1,-1,2022
3497,4312,372620463,CN116513506A,0,2023
3498,4314,372641646,CN116520869A,1,2023
3499,4315,351720074,CN116529060A,25,2021
3500,4316,372601122,CN219445107U,-1,2023
3501,4317,372599902,CN219445108U,-1,2023
3502,4318,324155896,JP7319001B2,-1,2020
3503,4319,326032236,US11716444B2,17,2020
3504,4320,372502518,CN219426799U,29,2023
3505,4321,372438283,IN202241004447A,-1,2022
3506,4323,199853738,CN106863302B,64,2017
3507,4324,325253155,CN112550513B,0,2020
3508,4325,372265656,CN116472869A,39,2023
3509,4328,325252615,CN112550510B,0,2020
3510,4329,325252970,CN112550512B,0,2020
3511,4330,347916618,CN114313050B,0,2021
3512,4331,372183839,CN219388283U,0,2023
3513,4332,316152412,JP7312582B2,55,2019
3514,4333,372078515,US20230225609A1,8,2021
3515,4334,285487080,CN108814778B,4,2018
3516,4335,349241201,CN114489092B,74,2020
3517,4337,372015330,CN116443683A,-1,2022
3518,4339,372038239,CN116449822A,7,2023
3519,4340,372068379,CN116453181A,26,2023
3520,4342,348940169,CN114412185B,0,2022
3521,4343,371880910,CN116424366A,23,2023
3522,4345,371881045,CN116424454A,0,2023
3523,4348,371877938,CN219339424U,31,2022
3524,4351,357455341,CN115214818B,-1,2022
3525,4352,340980341,JP2023529648A,23,2021
3526,4353,341668066,CN113821045B,6,2021
3527,4356,324254944,IN436853A1,8,2019
3528,4359,371437131,CN116386182A,-1,2023
3529,4360,371338566,CN116386812A,1,2023
3530,4361,371442303,CN219293964U,-1,2022
3531,4362,347088244,JP7302680B2,-1,2022
3532,4363,371330549,US11695975B1,53,2021
3533,4365,340437904,PL243135B1,-1,2020
3534,4366,331597097,CN113055743B,-1,2021
3535,4367,371209215,CN116366921A,46,2023
3536,4368,371190313,CN219272118U,14,2022
3537,4371,371176408,WO2023122278A1,22,2022
3538,4372,292527354,CN109623878B,4,2019
3539,4373,371117764,CN116339319A,33,2023
3540,4375,230779330,CN107932536B,4,2017
3541,4376,335816376,CN113386169B,0,2021
3542,4377,370821812,CN116279892A,30,2023
3543,4379,370822576,CN116279902A,0,2023
3544,4380,370822639,CN116279903A,0,2023
3545,4383,370797035,CN116308975A,43,2023
3546,4384,370727367,DE102021214584A1,21,2021
3547,4388,224855785,CN107564389B,24,2017
3548,4389,330476509,CN112936259B,2,2021
3549,4390,349779302,CN114474054B,27,2022
3550,4391,353109973,CN114771780B,-1,2022
3551,4392,209117157,CN107081777B,4,2017
3552,4393,357461262,CN115215177B,23,2022
3553,4394,387458963,IN202331039330A,61,2023
3554,4396,370353593,CN116252302A,-1,2023
3555,4399,370379935,CN116257072A,3,2023
3556,4400,370345773,CN116258986A,50,2021
3557,4401,370370547,CN219170928U,-1,2023
3558,4402,338536255,JP2023524697A,11,2021
3559,4403,342324226,CN113858207B,1,2021
3560,4404,345657409,CN114104141B,37,2021
3561,4405,370252713,CN219152874U,-1,2022
3562,4408,345515078,CN114084246B,-1,2021
3563,4410,370110312,CN116211558A,20,2023
3564,4412,370023144,CN116214572A,-1,2023
3565,4415,361672713,CN115447691B,0,2022
3566,4416,367573678,CN115958575B,71,2023
3567,4417,369952010,CN116197902A,4,2023
3568,4418,369959357,CN116198625A,-1,2023
3569,4419,369881765,CN116203945A,6,2022
3570,4420,369855037,DE102021131028A1,22,2021
3571,4421,316688131,JP7285108B2,-1,2019
3572,4423,322080754,CN112258571B,-1,2020
3573,4424,351468861,CN114631892B,24,2022
3574,4425,369740269,CN116176726A,0,2023
3575,4426,369740550,CN116176727A,3,2022
3576,4427,369765254,CN116189238A,53,2023
3577,4428,369767460,CN116189290A,26,2022
3578,4429,369700123,JP2023074136A,29,2021
3579,4430,345992318,CN114147760B,4,2021
3580,4431,369607294,CN116160441A,38,2022
3581,4432,370175136,CN116164748A,7,2023
3582,4434,340413946,EP3916507B1,2,2021
3583,4435,292740366,CN109645960B,48,2019
3584,4436,296722813,CN110053029B,5,2019
3585,4437,309729616,CN111209781B,51,2018
3586,4438,369453769,CN116141300A,-1,2023
3587,4439,369470552,CN116142194A,-1,2023
3588,4441,369475349,CN116142349A,0,2023
3589,4442,369475433,CN116142350A,3,2023
3590,4443,369450932,CN116152604A,35,2023
3591,4444,369455452,CN116152675A,54,2022
3592,4445,330420889,US11654984B2,-1,2021
3593,4447,369378470,CN116136693A,-1,2021
3594,4448,368858765,WO2023082860A1,21,2022
3595,4449,369354275,DE102022110645B3,22,2022
3596,4450,352032443,CN114670837B,7,2022
3597,4451,369030023,CN116126001A,-1,2021
3598,4452,369030032,CN116126002A,3,2022
3599,4453,368969153,CN116129055A,-1,2023
3600,4454,368979194,CN116129497A,8,2022
3601,4455,369042929,CN219023190U,14,2022
3602,4456,369028323,CN219027515U,-1,2022
3603,4457,310795706,CN111300408B,1,2020
3604,4458,332145747,CN113099170B,23,2020
3605,4459,340091488,CN113703467B,0,2021
3606,4460,362462090,CN115503013B,4,2022
3607,4461,368858284,CN116100560A,-1,2023
3608,4463,368824703,CN116110011A,7,2023
3609,4464,368823720,CN116110073A,-1,2022
3610,4465,368876092,CN219006062U,-1,2022
3611,4466,368770405,US20230143315A1,-1,2023
3612,4468,368635476,CN116079719A,-1,2022
3613,4470,368637745,CN116079761A,25,2022
3614,4471,368629530,CN218992915U,-1,2022
3615,4472,318140649,US11642786B2,1,2020
3616,4473,368614877,US11644891B1,21,2022
3617,4474,366495992,CN115840453B,3,2023
3618,4476,368475524,IN202341028068A,5,2023
3619,4479,342887587,WO2023071150A1,-1,2022
3620,4480,286863503,CN108974172B,0,2018
3621,4481,341758204,CN113799130B,28,2021
3622,4482,344056716,CN113977586B,1,2021
3623,4483,368298078,CN116035874A,6,2023
3624,4484,368371798,CN116052270A,-1,2022
3625,4486,368312869,CN116054020A,0,2023
3626,4488,348300363,CN114342904B,39,2022
3627,4491,368093700,IN202121048303A,56,2021
3628,4494,320649981,US11636712B2,-1,2021
3629,4495,284144273,CN108639181B,0,2018
3630,4496,366391471,CN115797884B,7,2023
3631,4497,IT10202100000907120210412,IT102021000009071B1,61,2021
3632,4499,210086911,CN107127894B,18,2017
3633,4500,296144861,CN112004737B,45,2019
3634,4501,353863951,CN114852209B,-1,2022
3635,4502,367761464,CN115983125A,6,2022
3636,4503,325710604,JP2023516219A,8,2022
3637,4504,306282569,US11631192B2,-1,2020
3638,4505,367870213,BRMU2120016U2,68,2021
3639,4506,289388547,CN109299665B,-1,2018
3640,4507,308624402,CN111113412B,73,2019
3641,4509,367583023,CN115965993A,53,2022
3642,4510,367562246,IN202331025057A,8,2023
3643,4511,367562218,IN202341024693A,8,2023
3644,4513,367684762,CA3134287A1,62,2021
3645,4514,344536447,CN114012748B,-1,2021
3646,4515,367451601,CN218848345U,24,2022
3647,4516,301312095,CN110497400B,-1,2019
3648,4517,310209583,CN111259566B,3,2020
3649,4518,310225719,CN111260057B,15,2020
3650,4519,311584622,CN111360834B,5,2020
3651,4520,333399366,CN113184040B,7,2021
3652,4521,335057839,CN113319869B,2,2021
3653,4522,367157759,CN115922692A,-1,2022
3654,4523,367144537,US20230104775A1,-1,2021
3655,4524,367006356,CN115889079A,36,2022
3656,4527,367055450,CN115903797A,30,2022
3657,4528,367076272,CN115909396A,-1,2022
3658,4529,367058073,CN115915720A,64,2022
3659,4530,297273016,CN110101935B,-1,2019
3660,4531,344182890,CN113977593B,0,2021
3661,4532,354483355,CN114919675B,-1,2022
3662,4533,362482611,CN115503850B,-1,2022
3663,4534,366954860,CN115870394A,4,2022
3664,4536,366957241,CN115876187A,-1,2021
3665,4539,366930863,CN218776603U,61,2022
3666,4542,366860719,US20230101090A1,0,2021
3667,4547,326547528,GB2611217A,-1,2021
3668,4548,339041002,CN113635989B,0,2021
3669,4549,342542749,CN113858227B,0,2021
3670,4550,366755975,CN218762206U,2,2022
3671,4551,292516620,CN109635498B,3,2018
3672,4552,330078029,CN112906533B,-1,2021
3673,4553,330529469,CN112954451B,26,2021
3674,4554,361153628,CN115410232B,26,2022
3675,4557,366577343,CN218698868U,16,2022
3676,4561,353102669,CN114770601B,16,2022
3677,4563,366175812,TWI796786B,53,2021
3678,4564,308942403,US11607817B2,-1,2018
3679,4565,366143908,CN115810172A,-1,2022
3680,4567,366093280,IN202341012867A,8,2023
3681,4569,366057454,JP2023037659A,42,2021
3682,4572,308624391,CN111113378B,73,2019
3683,4573,342965137,CN113894841B,19,2021
3684,4574,365882158,CN115783081A,45,2022
3685,4575,365934429,CN115793236A,2,2022
3686,4576,365945213,CN115793683A,74,2022
3687,4577,366391240,CN115797863A,-1,2022
3688,4579,365928847,CN115800193A,46,2022
3689,4581,365897186,CN218614144U,13,2022
3690,4582,365891127,CN218614153U,-1,2022
3691,4585,365825706,CN218592981U,4,2022
3692,4587,365756287,US20230076589A1,45,2022
3693,4590,365693388,EP4145364A1,-1,2021
3694,4591,338330589,CN113580136B,3,2021
3695,4592,365659280,CN115743355A,0,2022
3696,4594,317404617,US11600013B2,2,2020
3697,4596,306964280,CN110977965B,6,2019
3698,4599,329582471,CN112847371B,1,2021
3699,4600,335430541,CN113349762B,-1,2021
3700,4601,339540332,CN113676387B,3,2021
3701,4602,365142498,CN115713545A,-1,2022
3702,4603,316694999,JP7228443B2,23,2019
3703,4604,152154473,BR112013015879B1,30,2011
3704,4605,329615328,CN112859851B,33,2021
3705,4606,365202079,KR1020230024457A,-1,2021
3706,4607,MYPI202400449220230221,MYPI2024004492A,-1,2023
3707,4608,365005303,JP3241001U,-1,2022
3708,4609,365005312,JP3241004U,-1,2022
3709,4612,344782534,CN114029984B,0,2021
3710,4615,335057875,CN113319876B,4,2021
3711,4616,364469580,CN115674196A,10,2022
3712,4618,364430445,CN115695936A,26,2022
3713,4619,364421171,CN218428381U,0,2022
3714,4620,364486379,CN218431480U,9,2022
3715,4621,364375821,IN202321003900A,2,2023
3716,4622,170960119,IN419583A1,4,2015
3717,4624,337640306,WO2023005068A1,-1,2021
3718,4627,364596949,TWM637176U,23,2022
3719,4628,304679793,CN110780786B,2,2019
3720,4629,364307808,CN115649316A,2,2022
3721,4632,364237137,CN115661864A,-1,2022
3722,4633,364237982,CN115661882A,50,2021
3723,4634,364194003,CN218392206U,11,2022
3724,4635,330073082,CN112904884B,-1,2021
3725,4637,363977049,CN218368051U,0,2022
3726,4638,353445565,CN218381637U,16,2022
3727,4639,313514564,CN111496830B,4,2020
3728,4640,363874399,CN218342151U,0,2022
3729,4641,363845855,CN218343630U,72,2022
3730,4646,324303700,CN112462190B,30,2020
3731,4647,339910412,CN113696994B,0,2021
3732,4650,363637061,CN115610550A,0,2021
3733,4651,363623624,CN115615890A,59,2020
3734,4652,363915582,KR1020230008549A,0,2021
3735,4654,363478949,CN115601241A,-1,2022
3736,4655,363545187,CN115604570A,26,2021
3737,4656,335685458,EP4114622A1,15,2021
3738,4657,335685450,EP4115340A1,-1,2021
3739,4660,302670359,CN110597267B,-1,2019
3740,4661,363265362,CN115586787A,-1,2022
3741,4662,363278908,CN115588214A,41,2022
3742,4665,363212068,CN218229219U,-1,2022
3743,4666,363108561,IN202241077483A,61,2022
3744,4667,363108898,IN202341000033A,31,2023
3745,4668,315755822,JP7199259B2,-1,2019
3746,4672,320128001,US11544906B2,-1,2020
3747,4673,341283516,CN113788085B,3,2021
3748,4674,362791870,CN115533939A,10,2022
3749,4678,349284710,CN114435507B,0,2022
3750,4679,362563659,CN115526358A,30,2022
3751,4680,294084168,US11537131B2,55,2018
3752,4681,362460914,CN115502967A,10,2022
3753,4683,362482404,CN115503847A,0,2021
3754,4685,362390398,CN218110830U,-1,2022
3755,4686,332364616,WO2022262757A1,-1,2022
3756,4688,362518803,TWM635845U,23,2022
3757,4689,362518881,TWM635852U,-1,2022
3758,4692,307751901,JP7192872B2,-1,2018
3759,4693,325208005,US11531892B2,-1,2020
3760,4697,362041042,CN218052624U,4,2022
3761,4698,315143238,CN111625002B,1,2020
3762,4699,361973440,CN218036009U,11,2022
3763,4700,361669529,CN115446820A,-1,2022
3764,4701,361669704,CN115446835A,10,2022
3765,4703,361763203,CN115457075A,15,2022
3766,4707,345811012,CN114137998B,-1,2021
3767,4709,361573701,CN217967105U,0,2022
3768,4711,322360392,CN112288792B,50,2020
3769,4712,333793825,CN113212589B,0,2021
3770,4713,349782817,CN114492187B,-1,2022
3771,4714,361344982,CN115416687A,7,2022
3772,4715,361447075,CN217947575U,18,2022
3773,4719,343221027,CN113910236B,10,2021
3774,4720,361218744,CN115401698A,10,2022
3775,4721,361130667,CN115408805A,1,2021
3776,4722,361143711,CN115409794A,-1,2022
3777,4725,315755270,JP7178931B2,-1,2019
3778,4726,307781210,CN111055285B,1,2020
3779,4727,320996760,CN112147889B,3,2020
3780,4728,325268295,CN112559039B,21,2020
3781,4729,325270342,CN112559052B,21,2020
3782,4730,360976804,CN115383790A,16,2022
3783,4731,361030916,CN115397078A,46,2022
3784,4735,286643870,CN110662635B,-1,2018
3785,4736,344081542,CN113978568B,-1,2021
3786,4737,357254477,CN115202372B,3,2022
3787,4738,360806451,CN115365880A,18,2022
3788,4741,360765847,CN115376306A,23,2022
3789,4742,329807535,CN112882467B,1,2021
3790,4743,360620532,CN115352449A,-1,2022
3791,4744,360599151,IN202241064218A,8,2022
3792,4747,334675487,CN113290559B,1,2021
3793,4749,360249654,CN115319798A,-1,2022
3794,4751,360365847,IN202221061767A,8,2022
3795,4752,170788471,DE102013110901B4,25,2013
3796,4755,360188397,CN217764683U,-1,2022
3797,4756,339394765,US11491657B2,4,2020
3798,4757,295846903,US11494641B2,57,2017
3799,4758,359918885,CN115280970A,39,2022
3800,4759,359897943,CN115284291A,1,2022
3801,4763,360013224,CN217741772U,2,2022
3802,4765,295968235,CN109976333B,-1,2019
3803,4766,358935388,CN115252881A,20,2022
3804,4767,358938074,CN115253243A,14,2022
3805,4770,358970089,CN115257820A,7,2022
3806,4771,358925162,CN115272541A,5,2022
3807,4772,323179652,CN112365580B,5,2020
3808,4775,310804014,CN111300459B,4,2020
3809,4776,331831125,CN113071577B,40,2021
3810,4777,357652522,CN115240531A,16,2022
3811,4779,332050050,US11482311B2,8,2021
3812,4780,355224755,CN114995657B,2,2022
3813,4781,356804371,CN115214632A,23,2021
3814,4782,357454021,CN115214672A,-1,2022
3815,4786,357419315,CN217620616U,-1,2022
3816,4787,357517556,CN217630735U,18,2022
3817,4790,357189010,CN115194742A,39,2022
3818,4792,357191270,CN115195748A,7,2022
3819,4793,357259403,CN115202358A,29,2022
3820,4796,357236030,CN115206058A,43,2022
3821,4797,330419600,US11472028B2,-1,2019
3822,4798,357177878,JP2022159539A,11,2022
3823,4800,325262248,CN112557148B,24,2020
3824,4801,357123998,CN217579666U,18,2022
3825,4802,339893626,FR3109990B1,14,2020
3826,4803,357013891,IN202241054447A,21,2022
3827,4804,323401959,JP2022543776A,23,2020
3828,4806,357338036,IT202100009071A1,61,2021
3829,4807,318362091,CN111897332B,-1,2020
3830,4808,356826042,CN115158346A,-1,2022
3831,4809,356905085,CN115167400A,3,2022
3832,4810,356908018,CN115167666A,-1,2022
3833,4811,326422892,US11465281B2,-1,2019
3834,4815,356774297,WO2022213104A1,-1,2022
3835,4817,334920645,CN113312953B,-1,2021
3836,4818,356666021,CN115143964A,33,2022
3837,4819,356726890,CN115145387A,2,2022
3838,4820,356627250,CN217536697U,18,2022
3839,4821,313842498,US11460076B2,-1,2020
3840,4822,307510624,CN111037573B,1,2020
3841,4823,327818736,CN112784771B,41,2021
3842,4824,332369949,CN113111733B,-1,2021
3843,4825,337236366,CN113492404B,32,2021
3844,4827,356542208,CN115132178A,2,2022
3845,4828,356543614,CN217517458U,29,2022
3846,4830,356597246,IN202241054706A,21,2022
3847,4833,332038269,WO2022199080A1,-1,2021
3848,4836,334900007,CN113305836B,-1,2021
3849,4839,356420338,CN115116192A,29,2022
3850,4844,349270439,CN114434466B,7,2022
3851,4846,356084441,CN115079811A,2,2021
3852,4849,356048634,CN217453904U,-1,2022
3853,4850,313097999,US11451532B2,42,2019
3854,4851,340438222,PL241390B1,-1,2020
3855,4852,340438227,PL241391B1,-1,2020
3856,4853,340438465,PL241392B1,-1,2020
3857,4854,340437582,PL241393B1,-1,2020
3858,4855,340435944,PL241394B1,-1,2020
3859,4856,340438288,PL241395B1,-1,2020
3860,4857,340435890,PL241398B1,-1,2020
3861,4858,340437666,PL241399B1,-1,2020
3862,4859,307938898,CN111070201B,3,2019
3863,4860,309145659,CN111168677B,1,2020
3864,4862,355865151,CN115056219A,44,2022
3865,4863,355865478,CN115056250A,4,2022
3866,4864,335595881,IN406603A1,8,2021
3867,4865,314789746,CN111590579B,1,2020
3868,4867,355682166,CN217414072U,-1,2021
3869,4868,330425207,US11442429B2,-1,2019
3870,4869,331823641,CN113070880B,1,2021
3871,4870,342470710,CN113846824B,18,2021
3872,4871,350046687,CN114506401B,-1,2022
3873,4872,355569013,CN115027593A,0,2022
3874,4873,355569031,CN115035552A,53,2022
3875,4875,355605081,CN217395763U,-1,2022
3876,4876,355576499,CN217403272U,14,2022
3877,4877,355547914,IN202241050532A,29,2022
3878,4881,350474381,CN114536380B,4,2022
3879,4882,355446494,CN115006786A,8,2022
3880,4883,355483572,CN115008447A,19,2022
3881,4884,355391496,CN115016475A,-1,2022
3882,4885,355380068,CN217367084U,14,2022
3883,4886,355483985,CN217377310U,20,2022
3884,4887,355347864,US11436869B1,-1,2019
3885,4890,355228259,CN115002350A,50,2022
3886,4891,355186101,IN202221047166A,4,2022
3887,4892,354811007,JP2022128093A,-1,2021
3888,4893,338032698,JP7129525B2,11,2021
3889,4896,355068067,CN114952792A,71,2022
3890,4897,354955732,CN114954723A,2,2022
3891,4898,355032889,CN114973623A,46,2022
3892,4899,355060608,CN217308545U,39,2021
3893,4900,328961874,CN112818921B,-1,2021
3894,4901,345682873,CN114104140B,0,2021
3895,4904,332124093,CN113091749B,27,2021
3896,4905,354684252,CN114932509A,0,2022
3897,4907,TR20202170720201225,TR202021707B,-1,2020
3898,4908,361311801,TR2021001999A1,60,2021
3899,4909,322715503,CN112325705B,-1,2020
3900,4911,354491526,CN114924645A,-1,2022
3901,4912,326438485,EP4040940A1,69,2020
3902,4913,335304973,CN113343850B,26,2021
3903,4914,354362057,CN114911159A,-1,2022
3904,4915,354307774,CN217187865U,-1,2021
3905,4916,291535315,US11413745B2,-1,2018
3906,4918,296724581,CN110053066B,4,2019
3907,4919,336992297,CN113478478B,10,2021
3908,4920,344718195,CN114030474B,7,2021
3909,4921,350474525,CN114536382B,4,2022
3910,4923,354164949,CN114900607A,26,2022
3911,4924,330476207,WO2022166329A1,22,2021
3912,4926,315850802,CN111679660B,7,2020
3913,4927,330072823,CN112904883B,-1,2021
3914,4928,330475812,CN112936264B,-1,2021
3915,4929,353938424,CN114859947A,3,2022
3916,4930,353939956,CN217119284U,14,2021
3917,4931,320122266,JP2022534797A,-1,2020
3918,4932,324622989,CN112497262B,4,2020
3919,4933,339174569,CN113658705B,8,2021
3920,4935,353685340,CN217113385U,29,2022
3921,4936,330900965,CN112975978B,40,2021
3922,4939,353551462,CN114802524A,0,2022
3923,4940,353558169,CN114827466A,-1,2022
3924,4941,353459471,CN217072911U,-1,2022
3925,4944,332103806,CN113084799B,3,2021
3926,4945,335299496,CN113341974B,54,2021
3927,4946,342880709,CN113894822B,0,2021
3928,4947,353313495,CN217048854U,0,2022
3929,4948,322282663,US11396096B2,-1,2020
3930,4949,323708953,US11396099B2,-1,2020
3931,4950,353102414,CN114770489A,19,2022
3932,4954,361311684,TR202021707A1,-1,2020
3933,4955,346707279,TWI771857B,50,2021
3934,4960,352825407,CN114750179A,15,2022
3935,4961,352833037,CN114750853A,0,2022
3936,4962,352835837,CN216967793U,61,2021
3937,4963,306252303,JP7101876B2,48,2019
3938,4964,313447691,DE102019102833B4,22,2019
3939,4965,324447528,EP4025394A1,28,2020
3940,4966,200010993,CN108778634B,63,2016
3941,4967,297003364,CN110076758B,1,2019
3942,4968,348249765,CN114347070B,67,2022
3943,4969,349810385,CN114475607B,7,2022
3944,4970,349810444,CN114475608B,7,2022
3945,4971,352737429,CN114732064A,39,2022
3946,4973,338638700,CN113610835B,41,2021
3947,4975,352529032,CN114723811A,15,2022
3948,4976,352500328,CN216913896U,0,2021
3949,4977,352500353,CN216913898U,0,2021
3950,4978,352541836,CN216916094U,0,2021
3951,4979,352541858,CN216916095U,0,2022
3952,4980,352482250,CN216925317U,14,2022
3953,4981,352068973,WO2022141268A1,1,2020
3954,4983,318654490,JP2022531491A,2,2020
3955,4990,351910968,CN114677347A,41,2022
3956,4991,351988917,CN216839110U,29,2021
3957,4994,322319075,CN112274357B,8,2020
3958,4995,348263225,CN114359314B,67,2022
3959,4996,316447943,DE102019107851B4,62,2019
3960,4997,327378479,CN112744315B,-1,2021
3961,4998,351627816,CN114648808A,-1,2021
3962,4999,285768741,CN108858208B,1,2018
3963,5001,351481773,CN114633282A,19,2022
3964,5002,351530635,CN216759943U,13,2021
3965,5003,351469871,CN216767235U,18,2021
3966,5004,351498130,CN216770355U,14,2022
3967,5005,351457260,IN202041054189A,8,2020
3968,5007,351295311,CN114617117A,-1,2022
3969,5010,351278093,CN216725331U,-1,2021
3970,5011,351345634,CN216748540U,-1,2022
3971,5012,351351374,CN216749226U,31,2022
3972,5013,351569648,KR102408011B1,5,2020
3973,5014,318507228,CN111914437B,24,2020
3974,5015,346658183,CN114200947B,1,2022
3975,5016,351223404,CN114604259A,7,2022
3976,5017,351065859,WO2022117845A1,64,2021
3977,5018,351066082,WO2022117847A1,0,2021
3978,5021,313516042,CN111496838B,-1,2020
3979,5022,319042770,CN111959633B,-1,2020
3980,5023,350948599,CN114595757A,-1,2022
3981,5025,350968294,CN114596766A,24,2022
3982,5026,350961177,CN216695291U,-1,2022
3983,5027,351058682,US11351680B1,21,2020
3984,5028,306110025,CN110900601B,38,2019
3985,5029,315832290,CN111673781B,4,2020
3986,5031,350771874,CN114580600A,21,2020
3987,5033,350877434,CN216673274U,2,2021
3988,5034,325622960,IN201921039326A,-1,2019
3989,5035,350903797,IN202211029364A,8,2022
3990,5036,350904399,IN202211030118A,8,2022
3991,5038,350738658,WO2022111597A1,8,2021
3992,5043,310797767,CN111300426B,-1,2020
3993,5044,350601280,CN216636661U,0,2021
3994,5045,350648414,CN216643726U,43,2021
3995,5046,299229584,US11348298B2,11,2019
3996,5047,351092025,RO135775A0,33,2021
3997,5048,284232111,CN108664853B,26,2017
3998,5049,326014022,CN112888535B,12,2019
3999,5050,330476261,CN112936267B,28,2021
4000,5052,350347129,CN114550273A,53,2022
4001,5053,350348530,CN114550499A,7,2022
4002,5054,350363792,CN216620826U,-1,2021
4003,5055,350520768,IN202041042166A,3,2020
4004,5057,327365110,CN112743540B,6,2020
4005,5058,350243145,CN216599859U,23,2021
4006,5060,327625518,CN112762921B,-1,2020
4007,5061,350137874,IN202141033877A,14,2021
4008,5062,307389098,JP7072307B2,73,2020
4009,5063,350542915,US20220153207A1,7,2021
4010,5064,311986116,CN111390908B,5,2020
4011,5065,332363750,CN113111004B,7,2021
4012,5067,350008116,CN216552943U,18,2021
4013,5068,297020796,CN110083155B,7,2019
4014,5070,349779549,CN114474066A,1,2022
4015,5074,349861390,CN114495395A,50,2021
4016,5075,349728758,CN216497372U,14,2021
4017,5076,349683812,CN216505077U,8,2021
4018,5080,349450885,CN114460840A,48,2020
4019,5083,289797515,CN109333532B,38,2018
4020,5084,326013943,CN112888534B,12,2019
4021,5086,349267973,CN114442620A,54,2022
4022,5087,349335253,CN114446106A,-1,2022
4023,5088,326011313,CN114449947A,8,2020
4024,5089,349376604,IN202241022984A,-1,2022
4025,5092,332363643,CN113111003B,7,2021
4026,5093,349003208,CN114404900A,48,2021
4027,5094,348935769,CN114407035A,29,2022
4028,5095,348938436,CN114407931A,7,2022
4029,5096,349037917,CN114417807A,2,2022
4030,5098,314527738,IN395331A1,2,2019
4031,5103,348799113,CN216372227U,0,2021
4032,5104,345320560,CN114078151B,15,2022
4033,5105,348653311,CN114379666A,0,2022
4034,5106,348686649,CN114387617A,41,2021
4035,5107,348713050,IN202221011919A,8,2022
4036,5109,290308039,JP7057077B2,42,2017
4037,5110,327813914,CN112783043B,1,2020
4038,5111,340536908,CN113733106B,1,2021
4039,5113,348325156,CN114344071A,24,2022
4040,5116,348228410,CN114350855A,-1,2022
4041,5117,348277158,CN114353598A,-1,2022
4042,5119,348278142,CN114359885A,-1,2021
4043,5120,348282363,CN114360201A,-1,2021
4044,5122,348182148,WO2022073467A1,-1,2021
4045,5125,204276399,CN109562277B,24,2017
4046,5126,326107486,CN112632854B,17,2020
4047,5127,345569305,CN114116987B,21,2022
4048,5128,347916626,CN114313051A,0,2021
4049,5133,347970556,CN216283008U,14,2021
4050,5134,348060134,CN216286570U,-1,2021
4051,5135,304766512,US11302213B2,-1,2019
4052,5136,291485193,CN109514556B,1,2018
4053,5137,332626007,CN113126659B,1,2021
4054,5138,333013175,CN113156892B,6,2021
4055,5139,333033093,CN113163110B,51,2021
4056,5141,347872058,CN216245863U,-1,2021
4057,5142,347756725,CN216249343U,50,2021
4058,5144,347434525,CN114272588A,14,2021
4059,5145,347628989,CN216167511U,24,2021
4060,5146,347488058,CN216180518U,19,2021
4061,5148,347366749,CN216152354U,8,2020
4062,5150,347264926,US20220101477A1,2,2021
4063,5151,318687539,CN111923916B,7,2020
4064,5152,319984560,CN112051735B,1,2020
4065,5154,346974124,CN114251975A,14,2021
4066,5156,347002376,CN114253614A,-1,2021
4067,5157,285614892,CN108838991B,-1,2018
4068,5158,301679673,CN110517427B,53,2018
4069,5159,326259781,CN112644600B,0,2021
4070,5160,347227033,CN114225359A,14,2021
4071,5161,347191303,CN114234967A,15,2021
4072,5162,347154840,CN114237225A,30,2021
4073,5164,347110320,CN114237271A,67,2021
4074,5165,347196161,CN216127248U,16,2021
4075,5166,347171020,CN216130550U,18,2021
4076,5167,VN120210353620210615,VN84707A,31,2021
4077,5168,293886592,CN109782593B,-1,2019
4078,5169,346871679,CN114219592A,-1,2021
4079,5172,346657706,CN114201640A,23,2021
4080,5173,346726974,CN114202742A,23,2022
4081,5176,312707880,US20220083134A1,-1,2019
4082,5179,346327530,CN114179112A,0,2022
4083,5180,346421590,CN114179932A,0,2021
4084,5182,346408668,CN114186663A,17,2021
4085,5183,346494425,CN216021926U,24,2021
4086,5184,346493300,CN216034757U,0,2021
4087,5185,346492642,CN216048490U,18,2021
4088,5186,346475274,CN216049955U,-1,2021
4089,5188,342513772,CN113873439B,-1,2021
4090,5190,346247915,CN114161454A,10,2020
4091,5191,346445761,CN114162231A,0,2020
4092,5192,346219521,CN114166529A,7,2022
4093,5196,338768123,CN113627403B,-1,2021
4094,5197,339645738,CN113688810B,-1,2021
4095,5199,346040372,CN114155829A,2,2021
4096,5200,345991739,CN215968859U,-1,2021
4097,5201,285524107,CN108828622B,-1,2018
4098,5203,345803909,CN114143449A,-1,2021
4099,5204,345840909,CN215956474U,43,2021
4100,5209,323768520,CN112405577B,4,2020
4101,5214,345616321,CN114120313A,-1,2021
4102,5215,345629463,CN215920433U,13,2021
4103,5216,342071030,TW202209860A,-1,2020
4104,5217,324409618,US11260545B2,-1,2020
4105,5218,291022269,CN109483540B,-1,2018
4106,5220,327608663,CN112757275B,1,2020
4107,5221,345503757,CN114083792A,24,2021
4108,5223,345507427,CN114089646A,7,2021
4109,5226,SG10201910615U20150819,SG10201910615UB,63,2015
4110,5231,302335774,TWI755833B,26,2020
4111,5232,301215101,CN110470183B,-1,2019
4112,5233,345115814,CN114067552A,23,2021
4113,5234,345089711,CN215840112U,59,2021
4114,5235,345217468,CN215848280U,13,2021
4115,5236,345251108,IN202041034517A,8,2020
4116,5239,344953637,CN114044065A,-1,2021
4117,5240,344969732,CN114049630A,35,2021
4118,5242,344993239,CN114049743A,46,2021
4119,5243,344962988,CN215832577U,14,2021
4120,5244,293096292,CN109696824B,3,2019
4121,5245,316908920,CN111766088B,-1,2019
4122,5246,325452653,CN112578799B,64,2021
4123,5248,344739968,CN114030485A,7,2021
4124,5249,344763805,CN114037728A,-1,2021
4125,5250,344904511,CN114037928A,14,2021
4126,5252,137510579,DE102009051146B4,25,2009
4127,5255,341026109,CN113771884B,7,2021
4128,5257,344578040,CN114013532A,0,2021
4129,5258,344497526,CN114022673A,53,2021
4130,5259,344457622,US20220032449A1,19,2021
4131,5261,320492070,WO2022022399A1,70,2021
4132,5268,344113956,CN215652211U,24,2021
4133,5269,344693335,RO135461A2,-1,2020
4134,5270,344143812,US20220024395A1,-1,2019
4135,5271,344013355,WO2022018480A1,11,2020
4136,5272,335040194,JP7010385B2,-1,2018
4137,5273,289317847,CN109304735B,-1,2018
4138,5274,343897819,CN215618183U,-1,2021
4139,5275,343657333,CN113964720A,0,2021
4140,5277,343830664,CN215596276U,-1,2021
4141,5278,343665009,IN202241000472A,-1,2022
4142,5279,343446937,CN215548811U,13,2021
4143,5281,343275548,CN113928482A,-1,2021
4144,5282,343270807,CN215511065U,13,2021
4145,5284,314070577,WO2022007754A1,-1,2021
4146,5288,343156333,CN113911129A,7,2021
4147,5290,343032513,CN215470266U,0,2021
4148,5291,343206885,CN215491342U,14,2021
4149,5293,342923390,CN113893535A,11,2021
4150,5296,342890270,CN215436687U,0,2021
4151,5297,315105766,EP3930887A1,-1,2020
4152,5298,342686758,CN113876556A,24,2020
4153,5299,342770144,CN113884097A,33,2021
4154,5300,337865886,CN113554693B,26,2021
4155,5301,338603183,CN113602177B,-1,2021
4156,5302,342343210,CN113858158A,29,2021
4157,5305,342229270,CN113859385A,-1,2021
4158,5306,342413662,CN113873200A,26,2021
4159,5308,342547060,CN215358431U,19,2021
4160,5309,342492603,CN113843799A,3,2021
4161,5311,342310718,CN113848793A,73,2021
4162,5312,342473226,CN215318735U,2,2021
4163,5313,342474346,CN215318736U,-1,2021
4164,5314,342436719,CN215322949U,0,2021
4165,5315,342085086,CN215341327U,31,2021
4166,5316,316308612,CN111716356B,10,2020
4167,5317,329625723,CN112859901B,1,2021
4168,5318,342017012,CN113837121A,-1,2021
4169,5319,341639866,CN215240908U,10,2021
4170,5320,341632577,CN215252430U,29,2020
4171,5321,341937419,CN215254990U,60,2021
4172,5322,289809298,CN109333506B,-1,2018
4173,5323,289809617,CN109333534B,3,2018
4174,5324,318678144,CN111923067B,4,2020
4175,5325,325280227,CN112558622B,3,2020
4176,5326,341826159,CN113797514A,14,2021
4177,5328,341538699,US20210387346A1,7,2020
4178,5329,291937232,CN109571509B,-1,2019
4179,5330,341429945,CN215155135U,0,2021
4180,5331,341446749,CN215187031U,43,2021
4181,5332,341346935,CN215187085U,-1,2020
4182,5333,324416126,US11200681B2,-1,2020
4183,5335,341201750,CN113771991A,23,2021
4184,5336,341057613,CN113777058A,2,2021
4185,5337,341140986,CN215078720U,24,2021
4186,5338,341201413,CN215080546U,24,2021
4187,5339,341166648,CN215117889U,24,2021
4188,5340,341031660,IN202141051519A,2,2021
4189,5341,341028025,IN202141056091A,63,2021
4190,5342,200653855,IN383590A1,-1,2015
4191,5345,320496632,CN112092939B,0,2020
4192,5346,340905022,CN113762101A,41,2021
4193,5347,340856333,CN113766121A,-1,2021
4194,5348,340907439,CN113766188A,-1,2021
4195,5349,340962663,CN215020919U,24,2021
4196,5350,302674028,CN110598540B,51,2019
4197,5351,320304592,CN112077879B,36,2020
4198,5353,340669065,CN113734316A,-1,2021
4199,5354,340615700,CN113740847A,-1,2021
4200,5355,340660600,CN113741689A,-1,2021
4201,5357,340684904,CN113744547A,31,2021
4202,5358,340595291,CN214981183U,13,2021
4203,5359,340422358,WO2021237667A1,15,2020
4204,5360,302940513,CN110617742B,12,2019
4205,5361,340355322,CN113721649A,3,2021
4206,5362,340400917,CN113723750A,65,2021
4207,5363,340069381,CN214901164U,43,2021
4208,5364,340087781,CN214901877U,2,2021
4209,5369,319809190,CN112025698B,-1,2020
4210,5370,339696062,CN113691562A,42,2021
4211,5371,339726573,CN214817724U,25,2020
4212,5373,TR20181825520181129,TR201818255B,54,2018
4213,5375,339425432,JP3235006U,29,2021
4214,5379,339218081,CN214752448U,-1,2021
4215,5389,324857185,CN112519914B,0,2020
4216,5391,339089710,CN214678814U,0,2021
4217,5392,339118903,CN214686581U,19,2021
4218,5393,339036364,CN214695380U,29,2020
4219,5394,339083015,CN214703239U,59,2021
4220,5396,325438992,CN112573223B,39,2020
4221,5397,338775767,CN113618750A,-1,2021
4222,5398,338930269,CN214629432U,-1,2021
4223,5399,338849101,CN214643676U,2,2021
4224,5404,292517857,CN109634100B,1,2018
4225,5405,297806060,CN110143245B,66,2019
4226,5406,321638296,CN112215346B,17,2020
4227,5408,338331677,CN113589805A,64,2021
4228,5409,338468234,CN214560914U,39,2021
4229,5410,338079744,CN113562020A,7,2021
4230,5411,338145281,CN113572949A,-1,2021
4231,5412,338098574,CN214524134U,0,2021
4232,5414,338000576,US20210333863A1,-1,2020
4233,5416,296852833,CN110068250B,-1,2019
4234,5417,337962619,CN113547539A,13,2021
4235,5418,337927174,CN113552867A,7,2020
4236,5419,284398045,CN108683243B,73,2018
4237,5420,320627826,CN112109085B,-1,2020
4238,5421,337836624,CN113520812A,-1,2021
4239,5424,337261573,KR1020210127558A,54,2020
4240,5425,338229722,TWM618444U,-1,2021
4241,5426,337496662,CN113511284A,0,2021
4242,5429,337363026,CN214394220U,13,2021
4243,5430,337364312,CN214394227U,-1,2021
4244,5431,337301388,CN214397164U,-1,2021
4245,5432,337324083,CN214410087U,46,2021
4246,5437,337246668,CN113496175A,41,2020
4247,5440,336934633,US20210309264A1,-1,2020
4248,5441,336773657,CN113459100A,17,2021
4249,5442,294260086,CN109807908B,-1,2019
4250,5443,336610749,CN214293141U,13,2021
4251,5444,336665510,CN214311448U,0,2021
4252,5445,246503157,CN108544473B,9,2018
4253,5446,319806185,CN112025679B,10,2020
4254,5447,336379281,CN113433961A,40,2021
4255,5448,310035918,WO2021185032A1,0,2021
4256,5449,309146388,CN111168681B,7,2020
4257,5450,336179192,CN113419521A,7,2020
4258,5452,308284163,CN111086012B,-1,2019
4259,5453,308284676,CN111086015B,13,2019
4260,5454,336068876,CN113401244A,0,2021
4261,5455,336097051,CN113410892A,64,2021
4262,5456,330484580,CN112937718B,0,2021
4263,5457,335918824,CN214202651U,31,2021
4264,5458,335238681,JP2021133487A,-1,2020
4265,5459,326505533,CN112666939B,-1,2020
4266,5460,335647592,CN113370182A,19,2021
4267,5461,335715346,CN214163030U,-1,2020
4268,5470,248219315,CN108582066B,1,2018
4269,5471,301981107,CN110540676B,20,2019
4270,5472,335298682,CN113341698A,1,2021
4271,5474,335299606,CN113342011A,54,2021
4272,5475,335299643,CN113342023A,1,2021
4273,5478,SG11201806770T20170215,SG11201806770TB,-1,2017
4274,5481,301102609,CN110455564B,16,2019
4275,5485,335119278,CN214081466U,13,2020
4276,5486,335119283,CN214081467U,-1,2020
4277,5487,335119430,CN214081507U,-1,2020
4278,5489,334902302,CN113306646A,0,2021
4279,5491,241362512,CN108438083B,19,2018
4280,5494,334695804,CN113297484A,21,2021
4281,5495,334740931,CN214025742U,2,2020
4282,5496,289742507,US11101023B2,8,2018
4283,5497,334529641,CN113276125A,9,2021
4284,5499,317267308,EP2933068B1,34,2014
4285,5500,288732459,CN109246600B,-1,2018
4286,5501,334397989,CN213974225U,52,2021
4287,5502,334165711,CN113247138A,0,2021
4288,5503,316983250,JP2021119341A,-1,2021
4289,5504,314794521,CN111595739B,59,2020
4290,5505,333988706,CN113240695A,43,2021
4291,5506,334042720,CN213925936U,31,2020
4292,5507,333784664,CN113209589A,14,2021
4293,5508,188911843,KR102286200B1,-1,2015
4294,5509,288273794,RU2019144161A,-1,2018
4295,5510,333750144,US20210236032A1,11,2021
4296,5511,333748085,WO2021155136A1,8,2021
4297,5512,333579653,CN113197480A,20,2021
4298,5513,333595321,CN113202828A,0,2021
4299,5514,333941619,KR102284862B1,-1,2020
4300,5515,333393514,CN113179862A,39,2021
4301,5516,333399767,CN113183158A,72,2021
4302,5518,333405965,CN113184078A,0,2021
4303,5519,333416379,CN113184430A,28,2021
4304,5520,333511204,CN213843825U,29,2020
4305,5521,333512915,CN213844347U,31,2020
4306,5522,310442203,WO2021147217A1,8,2020
4307,5523,300624614,CN110412921B,-1,2019
4308,5524,333264272,CN213799961U,0,2020
4309,5525,333318366,CN213817990U,53,2020
4310,5526,285809544,CN108875507B,51,2017
4311,5527,330077415,CN112906679B,51,2021
4312,5528,333011155,CN113156836A,-1,2021
4313,5530,333065576,CN213765845U,4,2020
4314,5531,332962545,US20210221455A1,45,2020
4315,5532,332851453,CN213740723U,-1,2020
4316,5533,332627114,CN113126483A,3,2021
4317,5535,332074380,DE202021101304U1,-1,2021
4318,5540,236871757,CN108237531B,5,2016
4319,5541,286689124,CN108942973B,2,2018
4320,5545,318347946,CN111891250B,9,2020
4321,5546,332107384,CN113086039A,0,2021
4322,5548,332245531,IN202141028846A,29,2021
4323,5550,332013532,US20210210200A1,53,2021
4324,5551,298577910,CN110217308B,-1,2019
4325,5554,331939563,CN213632678U,16,2020
4326,5556,300933641,CN110442947B,40,2019
4327,5557,332016654,CN113057023A,39,2021
4328,5560,331758725,US20210200213A1,7,2019
4329,5563,310802494,CN111300451B,10,2020
4330,5564,331582130,CN113050645A,1,2021
4331,5565,331612676,CN213552969U,24,2020
4332,5566,319957042,CN112043208B,72,2020
4333,5567,331370723,CN113021347A,1,2021
4334,5568,331378508,CN113021389A,4,2021
4335,5569,331371606,CN113022733A,0,2021
4336,5570,331400156,CN113031528A,6,2021
4337,5573,331408892,CN113033399A,53,2021
4338,5577,314800846,CN111596665B,15,2020
4339,5578,331120808,CN113011331A,23,2021
4340,5579,331241602,CN213522106U,43,2020
4341,5581,330938881,CN112990067A,8,2021
4342,5582,330975587,CN213471194U,-1,2020
4343,5583,298742547,JP2021515336A,69,2019
4344,5584,321598518,KR102266849B1,16,2019
4345,5587,302082387,CN110549355B,4,2019
4346,5590,330475785,CN112936308A,2,2021
4347,5592,330481168,CN112937911A,54,2019
4348,5593,330508853,CN112947538A,54,2019
4349,5594,330547277,CN213406910U,24,2020
4350,5595,330621508,IN201931049884A,8,2019
4351,5601,311604394,CN111367044B,2,2019
4352,5602,330236949,CN112918586A,0,2021
4353,5603,308625073,CN111113398B,12,2019
4354,5604,330039176,CN112894773A,-1,2021
4355,5605,330035060,CN112894852A,-1,2021
4356,5606,330068312,CN112904859A,6,2021
4357,5610,329970664,EP3827934A1,73,2019
4358,5611,329784461,CN112874783A,0,2019
4359,5615,329832160,CN213308752U,-1,2020
4360,5616,329866737,CN213320231U,0,2020
4361,5617,329915656,CN213336699U,52,2020
4362,5618,329579262,CN112847354A,-1,2020
4363,5620,329583371,CN112847376A,-1,2021
4364,5621,329593106,CN112849294A,0,2021
4365,5622,329619442,CN112859593A,3,2020
4366,5625,329703925,CN213301487U,-1,2020
4367,5628,314926945,CN111603146B,-1,2020
4368,5629,329332115,CN112828912A,-1,2021
4369,5630,237368026,US20210146233A1,14,2018
4370,5633,247221731,JP6874437B2,2,2017
4371,5634,292178940,CN109591038B,4,2019
4372,5635,329005618,CN213226207U,0,2020
4373,5636,329015355,CN213228930U,0,2020
4374,5637,328045808,CN112800836A,51,2020
4375,5638,328051961,CN112801880A,-1,2021
4376,5641,292734649,CN109648589B,4,2019
4377,5642,298229827,CN110187639B,7,2019
4378,5643,327801840,CN112775951A,9,2021
4379,5646,327876710,CN213165400U,65,2020
4380,5647,327915238,CN213181197U,20,2020
4381,5648,327928109,CN213185738U,0,2020
4382,5649,327928280,CN213185790U,0,2020
4383,5651,327608941,CN112757279A,39,2021
4384,5653,327633443,CN112765722A,7,2020
4385,5654,327683760,CN213138967U,0,2020
4386,5655,327709168,CN213147574U,72,2020
4387,5656,284098324,CN108638054B,10,2018
4388,5657,327377530,CN112744310A,0,2020
4389,5659,327409293,CN213095223U,18,2020
4390,5660,327428684,CN213106875U,0,2020
4391,5661,284108867,CN108638058B,1,2018
4392,5662,327203468,CN112720545A,4,2021
4393,5663,327243793,CN112733592A,56,2020
4394,5664,327316892,CN213092748U,31,2020
4395,5666,223979526,CN107472396B,0,2017
4396,5667,297969605,CN110161900B,-1,2019
4397,5668,286524236,CN108931988B,3,2018
4398,5669,313303237,CN111488433B,42,2020
4399,5670,314072407,CN111552183B,6,2020
4400,5671,326929898,CN213031850U,20,2020
4401,5672,326930357,CN213034634U,-1,2020
4402,5673,326971913,IN202141012644A,2,2021
4403,5675,324161778,TWI725524B,53,2019
4404,5676,293621803,CN109746926B,13,2018
4405,5677,294787571,CN109866218B,1,2017
4406,5678,322874030,CN112346999B,7,2021
4407,5679,326666832,CN112686545A,61,2020
4408,5680,326712952,CN213005352U,4,2020
4409,5681,287599330,CN109085173B,-1,2018
4410,5682,307145110,CN111003074B,0,2019
4411,5683,324312492,CN112465078B,51,2021
4412,5684,324466435,CN112478015B,-1,2021
4413,5685,326475429,CN112659108A,71,2021
4414,5687,326505599,CN112669413A,68,2021
4415,5691,233962297,CN108089578B,3,2017
4416,5692,236511737,CN108214520B,4,2016
4417,5693,299941882,CN110337994B,39,2019
4418,5694,304664526,CN110775180B,0,2019
4419,5696,326321078,CN212950900U,0,2020
4420,5697,285054792,CN108748103B,-1,2018
4421,5698,294809318,CN109872372B,15,2019
4422,5699,310417566,CN111267992B,-1,2020
4423,5700,326079056,CN112623064A,0,2021
4424,5701,326102492,CN112631131A,6,2020
4425,5702,326102699,CN112631184A,46,2020
4426,5704,326012322,DE102019126807A1,-1,2019
4427,5707,286681355,CN108939890B,-1,2018
4428,5708,299807479,CN110329390B,37,2019
4429,5709,314053906,CN111544874B,14,2018
4430,5710,325950361,CN212902901U,14,2020
4431,5711,289386022,CN109292017B,0,2018
4432,5712,325741609,CN212859475U,29,2020
4433,5716,230688419,CN107943021B,3,2017
4434,5717,297131751,CN110091973B,-1,2019
4435,5718,300116909,CN110363074B,2,2019
4436,5719,309151425,CN111176342B,1,2020
4437,5720,311195198,CN111331603B,-1,2020
4438,5723,325446704,CN112580455A,51,2020
4439,5724,325477156,CN212815797U,18,2020
4440,5725,289679854,CN109318227B,1,2018
4441,5726,325249694,CN112549025A,-1,2020
4442,5731,TH060100199220060502,TH81834B,-1,2006
4443,5732,284957814,CN108762253B,-1,2018
4444,5733,325036710,CN112540456A,-1,2020
4445,5734,316120089,US10957066B2,-1,2019
4446,5735,289730920,US10957428B2,8,2018
4447,5736,309356586,TWI722332B,51,2018
4448,5737,324856465,CN112517399A,39,2020
4449,5739,324880117,CN112526996A,0,2020
4450,5742,324940229,CN212742261U,29,2020
4451,5743,206507808,CN107025433B,5,2017
4452,5744,234256805,CN109982759B,-1,2017
4453,5746,324644096,CN112502689A,-1,2020
4454,5747,324698307,CN212706781U,72,2020
4455,5748,301920045,US10946528B2,21,2018
4456,5749,305376734,US10948907B2,-1,2018
4457,5750,287607075,CN109085294B,20,2018
4458,5751,305062040,JP2021039525A,29,2019
4459,5755,324408672,US20210072751A1,7,2020
4460,5760,324323772,CN112464843A,51,2020
4461,5761,200699434,US10940582B2,0,2018
4462,5762,296993895,CN110073811B,39,2019
4463,5765,324158515,WO2021040958A1,-1,2020
4464,5771,238350929,CN108372506B,-1,2018
4465,5772,324022028,CN112429112A,0,2020
4466,5774,323766999,CN112405568A,47,2020
4467,5776,309955960,JP2021027852A,11,2019
4468,5780,284108665,CN108638057B,1,2018
4469,5783,323567950,IN202141006183A,17,2021
4470,5784,302563777,KR1020210019014A,-1,2019
4471,5785,307729261,DE102018125736B4,55,2018
4472,5790,323206991,CN212529854U,0,2020
4473,5791,310583457,CN111290272B,3,2020
4474,5793,322699253,CN112319650A,0,2020
4475,5795,322479909,CN112297009A,3,2020
4476,5796,322488703,CN112297058A,16,2020
4477,5798,322569020,CN212450167U,18,2020
4478,5799,322569841,CN212452244U,18,2020
4479,5800,IR13995014000300506720200905,IR103605B,8,2020
4480,5802,322318991,CN112277011A,4,2020
4481,5803,322349100,CN112285502A,30,2020
4482,5804,322369067,CN112291509A,-1,2020
4483,5806,322286379,US20210023934A1,7,2019
4484,5807,294731926,CN109853687B,-1,2018
4485,5808,322169182,CN112267369A,18,2020
4486,5809,322205086,CN212399591U,-1,2020
4487,5810,322077734,CN112257771A,-1,2020
4488,5811,321623313,KR1020210008313A,-1,2020
4489,5812,297422201,CN110119692B,26,2019
4490,5813,299128210,CN110271009B,5,2019
4491,5814,321924195,CN112237524A,48,2020
4492,5815,321954763,CN212373552U,0,2020
4493,5816,316727471,TW202103488A,26,2019
4494,5817,321786732,CN112224490A,0,2020
4495,5819,321847843,CN212352049U,0,2020
4496,5824,293878059,CN109782126B,-1,2018
4497,5825,298072088,CN110174108B,27,2019
4498,5826,321231019,CN212275593U,8,2020
4499,5828,285263139,CN108791560B,-1,2018
4500,5829,310060905,CN111240339B,1,2020
4501,5830,320990017,CN112146896A,16,2020
4502,5831,321041059,CN212241086U,4,2020
4503,5832,290108129,CN109367541B,7,2018
4504,5833,303922964,CN110714775B,18,2019
4505,5834,307517792,CN111038616B,0,2019
4506,5835,307791443,CN111060182B,54,2019
4507,5836,295854470,US20200402256A1,55,2018
4508,5837,298462859,CN110202583B,-1,2019
4509,5838,300115862,CN110361026B,27,2019
4510,5839,320626545,CN112109074A,10,2020
4511,5840,320579495,CN212180272U,7,2020
4512,5841,321593703,FR3097149A1,30,2019
4513,5842,361301428,MY181014A,2,2015
4514,5845,320322516,CN112084961A,8,2020
4515,5846,320397824,CN212159490U,59,2020
4516,5847,320207503,CN212116344U,2,2020
4517,5848,303752239,FR3083728B1,62,2018
4518,5852,301651303,CN110509279B,1,2019
4519,5853,303793340,CN110696942B,9,2019
4520,5859,319806882,CN112026951A,0,2020
4521,5860,319834007,CN112036746A,7,2020
4522,5861,319611348,CN112015088A,3,2020
4523,5862,319611417,CN112016664A,17,2020
4524,5863,225446773,CN107598897B,1,2017
4525,5864,236327314,CN108237532B,3,2016
4526,5865,244390269,CN108508906B,-1,2018
4527,5868,298872161,WO2020233106A1,-1,2019
4528,5869,301619562,CN111957054A,11,2016
4529,5871,319081861,CN211961616U,20,2020
4530,5872,314736914,DE102019001373B4,22,2019
4531,5874,318857800,CN111948949A,46,2020
4532,5875,302313334,CN110561447B,20,2019
4533,5876,318694328,CN111923056A,8,2020
4534,5879,318688882,CN111924018A,29,2020
4535,5880,318689078,CN111924019A,0,2020
4536,5882,305593672,US10828772B2,0,2018
4537,5883,287404838,CN109044753B,71,2018
4538,5884,318352109,CN111890384A,-1,2020
4539,5887,318384176,CN211864360U,18,2019
4540,5888,318396490,CN211869540U,0,2020
4541,5889,318433576,CN211878852U,24,2020
4542,5890,311984756,JP2020178993A,0,2019
4543,5893,318168069,CN111882474A,7,2020
4544,5894,292864376,US10821604B2,1,2017
4545,5895,238520920,CN108388123B,1,2018
4546,5896,318002260,CN211806137U,-1,2020
4547,5897,318050919,CN211822143U,31,2020
4548,5898,317833209,DE102019110658A1,-1,2019
4549,5899,235746190,US20200337934A1,19,2019
4550,5901,290643373,CN109446901B,-1,2018
4551,5902,317774941,CN211791694U,-1,2020
4552,5903,317443442,CN111805557A,17,2020
4553,5909,317326014,CN211709355U,12,2019
4554,5910,298409300,US10809970B2,8,2019
4555,5911,293306428,CN109716927B,39,2019
4556,5912,317070089,CN111781125A,59,2020
4557,5913,317023013,WO2020208824A1,-1,2019
4558,5915,316888785,CN111759338A,24,2020
4559,5917,316940264,CN211662069U,8,2019
4560,5918,223805853,CN107457802B,13,2017
4561,5919,299279163,CN110281228B,1,2019
4562,5920,301372512,CN110481670B,0,2019
4563,5922,316805745,CN211646107U,31,2019
4564,5924,316524411,CN111730595A,5,2020
4565,5928,300221222,DE112019000359A5,-1,2019
4566,5932,304519031,CN110764413B,40,2019
4567,5934,316319618,CN111722622A,64,2019
4568,5935,316363195,CN211590111U,12,2019
4569,5936,316367687,CN211590137U,-1,2019
4570,5937,316360977,CN211590138U,13,2019
4571,5939,316165192,CN111700651A,24,2020
4572,5940,316225221,CN211565870U,-1,2019
4573,5943,286873216,CN108972494B,10,2018
4574,5945,316036568,CN211543732U,0,2020
4575,5946,300601223,CN110405769B,1,2019
4576,5949,315846498,CN111679679A,33,2020
4577,5950,315927594,CN211530785U,64,2020
4578,5955,315602792,CN111660301A,29,2020
4579,5957,315658016,CN211491539U,49,2019
4580,5958,315659308,CN211491546U,8,2019
4581,5959,315685019,CN211498374U,18,2019
4582,5960,238626595,CN108392357B,24,2018
4583,5961,315455870,CN111648266A,29,2020
4584,5965,315341191,CN211442538U,9,2020
4585,5966,236899414,CN108241339B,1,2017
4586,5967,294755498,CN109850025B,40,2019
4587,5968,315119515,CN111617499A,-1,2020
4588,5972,228290644,CN107765686B,22,2017
4589,5973,300606981,CN110405761B,1,2019
4590,5974,300607142,CN110405763B,1,2019
4591,5975,314941870,CN111605642A,3,2020
4592,5976,314935493,CN111607597A,20,2020
4593,5977,314972327,CN211382224U,24,2019
4594,5978,315113564,TWM600923U,31,2020
4595,5979,315782546,JP2020130435A,11,2019
4596,5980,292404193,CN109606368B,7,2018
4597,5984,295851394,FR3075681B1,-1,2017
4598,5985,315245463,IN202021031197A,0,2020
4599,5987,237902399,CN108327812B,0,2018
4600,5988,314539114,CN111567219A,39,2020
4601,5989,314578051,CN111580550A,54,2020
4602,5991,286348486,CN108909870B,0,2018
4603,5992,314438533,CN211301007U,24,2019
4604,5994,314527267,IN202041027734A,8,2020
4605,5997,314051996,CN111546349A,5,2020
4606,5999,314073270,CN111552189A,46,2020
4607,6000,314079581,CN111554282A,46,2020
4608,6001,314087898,CN111555390A,49,2020
4609,6002,238604680,CN108398672B,15,2018
4610,6003,313963496,CN211254527U,18,2019
4611,6005,190499788,EP3365143B1,-1,2016
4612,6007,237055943,CN108254458B,20,2017
4613,6008,313675275,CN111515942A,1,2020
4614,6010,313785622,CN211237096U,46,2020
4615,6013,313520607,CN111497855A,7,2020
4616,6015,313548995,CN111509802A,49,2020
4617,6019,313345841,CN211163916U,0,2019
4618,6020,305991918,US10732197B2,-1,2018
4619,6023,312902646,CN111458766A,-1,2020
4620,6024,292639927,US10726248B2,-1,2018
4621,6026,290403029,CN109397271B,40,2018
4622,6027,312731743,CN111438708A,-1,2019
4623,6028,312734199,CN111439269A,7,2020
4624,6030,312786985,CN211073604U,0,2019
4625,6031,303752127,FR3083936B1,62,2018
4626,6033,194071468,JP6726759B2,-1,2016
4627,6034,327178557,TR201921535A2,8,2019
4628,6035,292435547,CN109607178B,39,2019
4629,6036,312374457,CN111419632A,19,2020
4630,6037,312429653,CN211029975U,0,2019
4631,6038,312438700,CN211030041U,4,2019
4632,6041,286410857,CN108910089B,18,2018
4633,6042,312191926,CN210989325U,59,2019
4634,6043,312228172,CN210998745U,2,2019
4635,6044,312275503,CN211015544U,-1,2019
4636,6045,289317839,US10710252B2,-1,2017
4637,6047,312037876,CN210963843U,14,2019
4638,6048,312060069,CN210971343U,0,2019
4639,6049,312091384,CN210981816U,59,2019
4640,6050,303753000,FR3083729B1,-1,2018
4641,6051,304054489,FR3084002B1,62,2018
4642,6052,311821005,CN210942027U,0,2019
4643,6053,227870963,CN107729737B,53,2017
4644,6054,311575563,CN111359194A,27,2020
4645,6059,311544651,WO2020133628A1,1,2019
4646,6061,284407837,CN108674521B,0,2018
4647,6062,288196365,CN109163722B,27,2018
4648,6063,311368792,CN111347432A,-1,2018
4649,6064,311381816,CN111355295A,49,2020
4650,6066,311212493,CN111334924A,39,2020
4651,6067,311211364,CN111338267A,21,2017
4652,6068,290135587,CN109367645B,37,2018
4653,6069,310986467,CN111319696A,71,2020
4654,6070,310981014,CN111323414A,8,2020
4655,6071,310995482,CN111325150A,-1,2020
4656,6072,311001768,CN111325287A,47,2020
4657,6073,331334516,TR201818255A2,54,2018
4658,6074,309369966,TWI696958B,51,2018
4659,6075,310799806,CN111298457A,11,2018
4660,6080,310801534,CN111301553A,0,2020
4661,6081,310835175,CN111311359A,-1,2020
4662,6082,310913331,CN210803404U,-1,2019
4663,6084,225452337,CN107598896B,9,2017
4664,6087,310628588,CN210757696U,0,2019
4665,6088,310628780,CN210757697U,0,2019
4666,6089,310639598,CN210761039U,0,2019
4667,6091,310541558,US10682759B1,-1,2012
4668,6092,233267541,CN108068113B,1,2017
4669,6093,237883014,CN108333971B,1,2018
4670,6095,310467409,CN210732471U,-1,2019
4671,6096,330008774,IN202031019682A,8,2020
4672,6097,305416302,JP2020089398A,11,2018
4673,6101,287165866,CN109018061B,37,2018
4674,6102,292738980,CN109646920B,14,2019
4675,6103,310195618,CN111249148A,-1,2018
4676,6104,310190315,CN111251272A,13,2020
4677,6105,310196186,CN111251310A,-1,2020
4678,6106,310257117,CN210706761U,0,2019
4679,6107,310265173,CN210707684U,0,2019
4680,6108,310102542,CN210678771U,12,2019
4681,6109,310102813,CN210678773U,12,2019
4682,6112,210040352,CN107133564B,43,2017
4683,6113,309800103,CN111216123A,-1,2019
4684,6114,309890389,CN210661516U,18,2019
4685,6115,309890394,CN210661517U,18,2019
4686,6116,310179993,KR1020200061160A,57,2018
4687,6117,187037727,US10668623B2,28,2016
4688,6119,309726902,CN111208822A,6,2020
4689,6120,309729211,CN111209573A,43,2018
4690,6122,309730546,CN111210066A,42,2020
4691,6123,235835877,CN108181354B,20,2017
4692,6124,309601929,CN210616548U,2,2019
4693,6125,297145007,CN110099105B,-1,2019
4694,6126,309396418,CN111185437A,-1,2020
4695,6127,309414696,CN111191765A,2,2019
4696,6128,309432215,CN210583683U,11,2019
4697,6129,309449138,CN210589256U,-1,2019
4698,6133,302082690,CN110550122B,0,2018
4699,6135,309160951,CN111176115A,-1,2019
4700,6136,309166053,CN111177850A,-1,2019
4701,6137,309191277,CN210542306U,24,2019
4702,6138,309195659,CN210543229U,14,2019
4703,6139,309200941,CN210543357U,11,2019
4704,6140,309220285,CN210551293U,4,2019
4705,6141,309099014,US10653969B1,11,2013
4706,6142,298404759,US10655684B2,-1,2019
4707,6144,285862370,CN108854107B,11,2018
4708,6145,308977035,CN111152244A,0,2019
4709,6146,309033852,CN210525152U,-1,2019
4710,6147,309033854,CN210525153U,-1,2019
4711,6148,309033939,CN210525154U,13,2019
4712,6150,294192248,CN109795576B,19,2019
4713,6152,308806178,CN111144165A,-1,2018
4714,6153,308806181,CN111144166A,-1,2018
4715,6154,308806185,CN111144167A,-1,2018
4716,6155,308806195,CN111144170A,-1,2018
4717,6156,308806206,CN111144171A,-1,2018
4718,6157,308624377,CN111113377A,-1,2019
4719,6159,308624545,CN111113387A,-1,2020
4720,6161,308722870,CN210484520U,0,2019
4721,6162,228303750,CN107756441B,9,2017
4722,6163,308438913,CN111104554A,23,2019
4723,6164,308508917,CN210466971U,24,2019
4724,6167,308285883,CN111086022A,12,2019
4725,6168,308554716,CA3022258A1,-1,2018
4726,6169,246513278,CN108549237B,5,2018
4727,6170,307977076,CN111080659A,35,2019
4728,6171,308005873,CN210414556U,0,2019
4729,6172,208571464,CN107045552B,3,2017
4730,6175,307847253,CN210389189U,-1,2019
4731,6176,307839995,CN210389249U,0,2019
4732,6181,290555871,JP6687573B2,22,2017
4733,6183,307577880,CN210361334U,0,2019
4734,6184,307625706,CN210378298U,31,2019
4735,6185,307626246,CN210378301U,31,2019
4736,6186,317262470,CA2950652C,-1,2015
4737,6187,307416277,CN210335979U,4,2019
4738,6189,246498135,CN108544532B,-1,2018
4739,6190,287606846,CN109079788B,35,2018
4740,6191,307145300,CN111003075A,0,2019
4741,6192,307196581,CN210312468U,16,2019
4742,6193,287435793,CN109045676B,35,2018
4743,6195,306964411,CN110978029A,-1,2019
4744,6196,307002739,CN110990769A,5,2019
4745,6197,307048784,CN210284437U,0,2019
4746,6199,237521798,CN108297056B,22,2017
4747,6201,306748793,CN110962133A,-1,2019
4748,6202,306808062,CN210256201U,13,2019
4749,6203,306818506,CN210258621U,0,2019
4750,6204,298450357,SE542305C2,16,2018
4751,6205,306628596,CN110954100A,15,2019
4752,6206,306697936,CN210244959U,31,2019
4753,6207,211285539,CN107175674B,2,2017
4754,6208,293453329,CN109733347B,7,2019
4755,6209,306507075,CN210223116U,24,2019
4756,6211,317383076,SG10202000787PA,-1,2015
4757,6212,306274289,CN110916688A,2,2019
4758,6215,306135450,CN110909259A,42,2019
4759,6216,306132194,CN110909606A,43,2019
4760,6217,306136019,CN110910145A,42,2018
4761,6218,306135375,CN110910597A,-1,2019
4762,6219,306184175,CN210181844U,48,2019
4763,6220,306050800,CN210161164U,21,2019
4764,6221,306062703,CN210164297U,61,2019
4765,6223,306013956,WO2020052310A1,50,2019
4766,6224,306947635,RU2018130825A,0,2017
4767,6225,196955140,CN106778705B,51,2017
4768,6226,214543678,CN107253497B,0,2017
4769,6228,305836355,CN110877335A,10,2019
4770,6229,305824736,JP2020037141A,2,2018
4771,6230,240771660,JP2020508035A,0,2017
4772,6231,305795680,US20200082293A1,8,2018
4773,6233,305755409,CN210131376U,11,2019
4774,6234,305673520,CN210126069U,8,2019
4775,6235,305593754,JP2020032488A,22,2018
4776,6236,305621740,JP2020034407A,-1,2018
4777,6240,305419467,CN110842921A,-1,2019
4778,6241,305410582,CN110842947A,8,2019
4779,6242,305434386,CN110850742A,-1,2019
4780,6243,305438143,CN110852156A,23,2019
4781,6244,305446984,CN110852303A,-1,2019
4782,6249,165679616,JP6654284B2,75,2013
4783,6250,305343043,CN110834171A,-1,2018
4784,6251,305158542,CN110810561A,39,2019
4785,6252,305165780,CN110812761A,60,2019
4786,6253,305170455,CN110815218A,-1,2019
4787,6254,305241052,CN210101818U,0,2019
4788,6255,305295955,IN201841031037A,2,2018
4789,6256,283858930,KR1020200019119A,75,2018
4790,6259,304869391,CN210061190U,9,2019
4791,6260,304869382,CN210061197U,12,2019
4792,6261,304875206,CN210063193U,-1,2019
4793,6265,304519213,CN110764416A,5,2019
4794,6266,304519746,CN110767059A,24,2019
4795,6267,284346243,WO2020024727A1,4,2019
4796,6269,288829660,CN109256894B,0,2018
4797,6270,190815127,CN110743175A,11,2016
4798,6271,304265654,CN209999187U,-1,2019
4799,6273,304309030,AU2019101190A4,0,2019
4800,6275,304311493,BRPI1814174A2,8,2018
4801,6276,304066391,CN110722564A,17,2019
4802,6277,304070072,CN110723231A,0,2019
4803,6283,303932461,CN110717885A,-1,2019
4804,6284,303957883,CN209972623U,9,2019
4805,6285,303790376,CN110696025A,4,2019
4806,6287,303821081,CN110706700A,46,2019
4807,6288,303844689,CN209954679U,4,2017
4808,6292,172907213,KR102067869B1,4,2015
4809,6296,200074073,CN106886155B,6,2017
4810,6297,216993834,CN107315346B,1,2017
4811,6298,297973727,CN110162625B,2,2019
4812,6299,303603814,CN110683240A,23,2019
4813,6300,303627460,CN110689891A,2,2019
4814,6301,303649344,CN209936912U,-1,2019
4815,6303,303718030,TWI681767B,18,2018
4816,6304,303477699,CN110666836A,12,2019
4817,6306,303440855,US20200012594A1,21,2018
4818,6307,383795337,EP3591618A2,-1,2019
4819,6308,287080907,CN108995727B,0,2018
4820,6310,303376845,CN209905001U,18,2019
4821,6311,293541192,US10527392B2,-1,2016
4822,6312,303227840,CN110647678A,2,2019
4823,6313,303230144,CN110647797A,43,2019
4824,6314,286512538,CN108928450B,0,2018
4825,6315,303051512,CN110625624A,-1,2019
4826,6318,248434380,WO2019242330A1,-1,2019
4827,6319,175095301,EP2952301B1,-1,2014
4828,6320,302809539,CN209828253U,11,2019
4829,6321,203785670,CN106992909B,46,2017
4830,6322,285855978,CN108854001B,14,2018
4831,6324,302705106,CN209812328U,61,2019
4832,6325,302762768,IN201921052300A,22,2019
4833,6326,302763029,IN201941049396A,71,2019
4834,6327,302543521,US20190381665A1,75,2019
4835,6328,302467945,CN209789829U,48,2019
4836,6329,302482593,CN209793754U,-1,2019
4837,6330,302485349,CN209793783U,-1,2019
4838,6331,187403126,CN106214163B,8,2016
4839,6333,302347527,CN110572570A,26,2019
4840,6334,302391375,CN209783913U,-1,2019
4841,6336,210045291,CN107132840B,7,2017
4842,6337,230840339,CN107953331B,-1,2017
4843,6338,296017724,CN109987170B,37,2019
4844,6341,302154520,CN209766032U,2,2019
4845,6343,238597362,CN108394485B,0,2018
4846,6344,301971632,CN110539303A,-1,2019
4847,6346,301995925,CN110545378A,26,2019
4848,6350,301798625,CN110531779A,54,2019
4849,6351,284297698,KR1020190133769A,-1,2018
4850,6353,291900763,FR3071312B1,-1,2017
4851,6355,301767776,KR1020190132302A,70,2019
4852,6356,301498205,CN110496381A,14,2019
4853,6357,301503904,CN110497981A,0,2019
4854,6358,301516583,CN110502857A,3,2019
4855,6359,223786065,CN107456302B,24,2017
4856,6360,301436358,CN209667255U,-1,2019
4857,6361,301341200,JP2019198900A,1,2018
4858,6362,301617664,GB201914470D0,-1,2019
4859,6364,301264903,CN209652805U,-1,2018
4860,6365,301260399,CN209652855U,18,2018
4861,6366,301088347,CN110450880A,0,2019
4862,6369,300768626,KR1020190126974A,20,2018
4863,6370,186128757,CN106144816B,23,2015
4864,6372,292026571,CN109571465B,49,2018
4865,6374,300924058,CN110440036A,18,2019
4866,6375,300787621,CN110422246A,0,2019
4867,6376,300803822,CN110427536A,21,2019
4868,6377,300803087,CN110427740A,53,2019
4869,6378,300828140,CN209598939U,36,2018
4870,6379,300827084,CN209600672U,0,2019
4871,6380,300842222,CN209605666U,-1,2019
4872,6381,300874742,IN201841016659A,60,2018
4873,6382,300738853,DE102018110741A1,22,2018
4874,6390,300663425,CN209579623U,-1,2019
4875,6392,300523051,CN110395331A,0,2019
4876,6393,208915242,CN107049500B,-1,2017
4877,6394,300370650,CN110386203A,0,2019
4878,6395,300403491,CN209551719U,-1,2018
4879,6396,300258051,CN110377042A,-1,2019
4880,6397,300253916,CN110378179A,51,2019
4881,6398,300297495,CN209535273U,9,2018
4882,6401,224831401,CN107564065B,-1,2017
4883,6402,291036443,CN109483570B,2,2018
4884,6404,210705743,US10449672B2,-1,2017
4885,6405,196834543,CN106737669B,3,2016
4886,6407,299946494,CN110340459A,36,2019
4887,6409,292296319,US10445591B2,-1,2017
4888,6410,299735798,CN209479812U,0,2018
4889,6411,213957126,JP6588624B2,-1,2017
4890,6412,299564281,CN110303513A,29,2019
4891,6413,299597899,CN209465368U,39,2019
4892,6414,299598472,CN209467724U,39,2019
4893,6416,168441971,EP2880755B1,-1,2013
4894,6418,299379616,CN110293575A,4,2019
4895,6419,299402239,CN110299666A,1,2019
4896,6420,298963660,TW201939212A,2,2018
4897,6421,GC20132337220130120,GC0010609A,-1,2013
4898,6422,GC20142649420140223,GC0010742A,-1,2014
4899,6423,GC20152987720150812,GC0010752A,-1,2015
4900,6424,292454043,KR101987114B1,2,2017
4901,6425,167072056,KR101993243B1,-1,2013
4902,6426,BG11160220131022,BG66971B1,12,2013
4903,6427,183365666,CN105583814B,0,2016
4904,6428,299273395,CN110278771A,39,2019
4905,6430,299301127,CN110287783A,41,2019
4906,6433,299166661,CN209425474U,-1,2019
4907,6434,227206646,CN107672686B,0,2017
4908,6435,298993573,CN110251347A,24,2019
4909,6436,298996276,CN110251849A,24,2019
4910,6437,298996841,CN110251964A,11,2018
4911,6438,299005928,CN110253624A,9,2019
4912,6439,299005977,CN110253625A,13,2019
4913,6440,299114814,IN201841035016A,15,2018
4914,6441,299113240,IN201911036936A,24,2019
4915,6443,317260575,EP2933067B1,2,2014
4916,6444,298851365,CN110238861A,0,2019
4917,6445,298809480,CN209387312U,-1,2019
4918,6448,298587741,CN110223313A,-1,2019
4919,6449,298642362,CN209373431U,64,2019
4920,6453,229001314,CN107807655B,3,2017
4921,6454,298221830,CN110185749A,0,2019
4922,6456,298224959,CN110188671A,41,2019
4923,6459,190003981,CN106564055B,1,2016
4924,6461,298118957,CN209308694U,18,2018
4925,6464,298006303,CN209289274U,-1,2019
4926,6465,298000743,CN209289292U,61,2018
4927,6467,297922444,JP2019136817A,3,2018
4928,6468,228550496,CN107796332B,-1,2017
4929,6470,297843031,CN209273478U,13,2019
4930,6471,297843109,CN209273479U,9,2019
4931,6472,297844465,CN209274762U,9,2018
4932,6474,297546054,CN110123463A,8,2019
4933,6475,297581349,CN110136035A,42,2019
4934,6477,297304911,CN110104090A,0,2019
4935,6480,189371238,CN106547206B,3,2016
4936,6481,297141840,CN110096740A,-1,2019
4937,6482,297167865,CN209207526U,0,2018
4938,6483,175095291,US10369697B2,-1,2015
4939,6485,297050700,CN209190788U,64,2018
4940,6490,296879923,CN209175748U,0,2018
4941,6491,296880772,CN209175765U,36,2018
4942,6492,296911768,CN209184567U,-1,2019
4943,6493,190004019,CN106570523B,-1,2016
4944,6495,296754860,CN110062511A,46,2019
4945,6499,296542807,CN110039544A,-1,2019
4946,6500,296545009,CN110039573A,12,2019
4947,6501,296558524,CN110045737A,-1,2019
4948,6502,296566642,CN110047480A,-1,2019
4949,6503,296613033,CN209149669U,-1,2017
4950,6504,296447083,CN110032186A,27,2019
4951,6505,296447310,CN110032191A,-1,2019
4952,6506,296447350,CN110032192A,-1,2019
4953,6507,296448879,CN110033577A,46,2019
4954,6508,296465071,CN209123306U,14,2018
4955,6509,296474391,CN209125823U,-1,2018
4956,6510,294886431,CN109986587A,20,2018
4957,6512,224443866,CN107521724B,60,2017
4958,6513,295967226,CN109968355A,-1,2019
4959,6514,295928193,CN109968363A,0,2017
4960,6515,295886687,CN109968373A,-1,2019
4961,6521,174215430,EP2933069B1,34,2014
4962,6523,295785010,CN209050746U,0,2018
4963,6524,289339033,RU2693325C2,42,2017
4964,6525,235921460,US10337561B2,-1,2016
4965,6526,187809960,CN106272534B,9,2016
4966,6531,295321897,CN209011670U,14,2018
4967,6532,288919558,JP2019097270A,-1,2017
4968,6533,295210093,DE102018111008B3,64,2018
4969,6534,294928776,DE202018100762U1,16,2018
4970,6535,168389802,CN105339214B,-1,2014
4971,6536,295174004,CN109903312A,-1,2019
4972,6537,295160440,CN208992730U,-1,2018
4973,6539,294985923,CN109887503A,2,2019
4974,6540,295074130,CN208977818U,-1,2018
4975,6543,294800303,CN109870947A,-1,2018
4976,6544,294805363,CN109873983A,42,2019
4977,6545,294837645,CN208962035U,12,2018
4978,6548,294712569,CN208951999U,31,2018
4979,6550,163382758,CN103417315B,4,2013
4980,6551,174033215,CN106457575B,-1,2015
4981,6552,203000873,CN106965954B,0,2017
4982,6555,192310434,CN106625751B,-1,2016
4983,6557,294215390,CN208907876U,-1,2018
4984,6559,192321590,CN106625670B,-1,2016
4985,6563,231781594,CN108000543B,12,2017
4986,6564,293937098,CN109773767A,-1,2019
4987,6566,293867638,CN109784130A,51,2017
4988,6568,187424890,CN106217388B,-1,2016
4989,6569,293828409,CN109760762A,0,2019
4990,6571,293654920,US20190143517A1,-1,2018
4991,6573,293575740,CN208854642U,70,2018
4992,6575,293459198,CN109732647A,-1,2019
4993,6576,293459058,CN109733500A,0,2019
4994,6577,293469765,CN109736546A,0,2019
4995,6580,190723096,CN106577903B,28,2017
4996,6582,237517691,US10279732B2,31,2017
4997,6584,200698179,CN106903695B,17,2017
4998,6585,229709812,CN109690555A,-1,2017
4999,6586,292974926,CN208785768U,18,2018
5000,6587,292973951,CN208789747U,-1,2018
5001,6588,292879348,DE102017218819A1,-1,2017
5002,6590,309549963,GB201903153D0,-1,2019
5003,6593,212134779,CN107200078B,0,2017
5004,6594,292847264,CN109664324A,4,2019
5005,6595,196764207,CN106737671B,1,2016
5006,6599,292665761,CN208759549U,-1,2018
5007,6600,292293945,CN109623849A,22,2018
5008,6603,292482445,CN109635632A,42,2018
5009,6604,292487866,CN109636688A,2,2018
5010,6605,292553897,CN208740137U,59,2018
5011,6608,292395432,CN109605364A,1,2018
5012,6611,292390607,CN208726689U,14,2018
5013,6612,292384864,CN208729797U,49,2018
5014,6614,292294233,US20190105779A1,25,2017
5015,6616,292295479,US20190108770A1,8,2018
5016,6617,186494953,CN106054894B,-1,2016
5017,6618,292178227,CN109591016A,1,2018
5018,6620,292135634,CN208715327U,0,2018
5019,6621,292145056,CN208716758U,72,2018
5020,6622,188974264,CN106476926B,0,2015
5021,6624,291961679,CN208692661U,59,2018
5022,6627,185340593,CN105850613B,39,2016
5023,6629,291850013,CN208681642U,-1,2018
5024,6630,230637712,US10248085B2,-1,2016
5025,6631,291677865,CN109533642A,18,2018
5026,6632,291631827,CN208665510U,-1,2018
5027,6635,291515414,CN208645313U,10,2018
5028,6636,291452300,CN208655229U,-1,2018
5029,6637,291382145,CN109501881A,0,2019
5030,6638,291370538,CN109507231A,16,2018
5031,6643,186673116,CN106078752B,32,2016
5032,6644,200067188,CN106882284B,-1,2017
5033,6645,209391816,CN107088128B,8,2017
5034,6647,291001803,CN208622162U,-1,2018
5035,6649,240280859,CN109475301A,2,2017
5036,6650,186839658,CN106113057B,2,2016
5037,6651,290730442,CN208595354U,0,2018
5038,6652,183525371,CN105608268B,3,2015
5039,6653,187306588,CN106184463B,9,2016
5040,6655,183502664,DE102014223701B4,-1,2014
5041,6657,287337826,JP2019034852A,25,2018
5042,6658,185882324,CN105957328B,8,2016
5043,6659,155307672,KR101953113B1,-1,2012
5044,6660,183533003,CN105599821B,49,2016
5045,6661,290438711,CN109393707A,-1,2018
5046,6663,290368154,CN109397302A,61,2018
5047,6664,290324937,CN109398523A,0,2018
5048,6665,290324358,CN109407542A,3,2017
5049,6667,290202709,CN208547981U,-1,2018
5050,6668,317260644,RU2680791C2,34,2015
5051,6669,317260963,RU2680628C2,34,2015
5052,6670,VN220130011120130527,VN20001984000Y,1,2013
5053,6671,290142261,CN109366476A,4,2018
5054,6673,290057687,JP2019030218A,-1,2018
5055,6675,289943994,CN109361077A,-1,2018
5056,6676,289999740,CN208514500U,61,2018
5057,6677,188601375,CN106390415B,14,2016
5058,6678,190677429,CN106584461B,1,2016
5059,6680,289868200,CN109333571A,-1,2018
5060,6681,289832895,CN208493202U,59,2018
5061,6684,237402410,KR101921799B1,35,2016
5062,6686,289665708,CN109318236A,8,2017
5063,6687,289665868,CN109318237A,29,2017
5064,6688,289658010,CN208489018U,13,2018
5065,6690,194332299,CN106695791B,3,2017
5066,6691,214999579,CN107260488B,19,2017
5067,6692,289503763,CN109304289A,66,2018
5068,6695,289369412,CN109291046A,1,2017
5069,6701,289255456,CN109278885A,0,2018
5070,6702,289258642,CN109284419A,-1,2018
5071,6703,289303000,CN208444560U,31,2018
5072,6704,289301356,CN208444566U,31,2018
5073,6705,289215894,CN109269706A,20,2018
5074,6706,289185211,CN109271877A,41,2018
5075,6707,289104078,DE102017006812A1,10,2017
5076,6709,309549964,GB201820093D0,-1,2018
5077,6710,189245216,CN106514653B,-1,2016
5078,6711,288819377,CN109255535A,42,2018
5079,6713,288821728,CN109257559A,26,2018
5080,6714,299258927,TR201820577A2,-1,2018
5081,6715,288648420,CN109227575A,8,2018
5082,6716,288648429,CN109227576A,8,2018
5083,6717,288460665,CN109204600A,0,2017
5084,6718,288554473,CN109212973A,7,2018
5085,6719,212373987,CN109219856A,25,2017
5086,6722,188351991,CN106373240B,42,2016
5087,6723,288300656,CN109176551A,2,2018
5088,6724,288353578,CN109178122A,-1,2018
5089,6725,288415540,CN109178134A,0,2018
5090,6726,288369279,CN109178139A,9,2018
5091,6727,288367725,CN208358530U,39,2018
5092,6733,288225487,CN109165692A,2,2018
5093,6734,288191365,CN208340083U,-1,2018
5094,6735,288185654,CN208344378U,0,2018
5095,6736,IR13975014000300355220180720,IR97593B,29,2018
5096,6737,239823485,CN109131339A,-1,2018
5097,6738,288092908,CN208323404U,2,2018
5098,6739,287888240,CN109112934A,18,2018
5099,6740,287871553,CN109116981A,2,2018
5100,6741,183199596,CN105538302B,12,2016
5101,6742,287681223,CN109090087A,69,2018
5102,6743,287748323,CN109091771A,59,2018
5103,6744,287680090,CN109093626A,-1,2018
5104,6745,287691689,CN208289905U,0,2018
5105,6746,287729605,CN208289911U,2,2018
5106,6747,287763460,IN201821047111A,20,2018
5107,6748,172907235,JP2018202607A,4,2018
5108,6749,287629822,US20180370040A1,-1,2016
5109,6751,309549962,GB201818492D0,-1,2018
5110,6753,287621321,CN109080525A,0,2018
5111,6756,287574987,CN208276894U,4,2018
5112,6758,287406722,CN109064486A,-1,2018
5113,6760,287251683,CN109015631A,1,2018
5114,6762,287275271,CN109033600A,1,2018
5115,6763,287227753,CN109033924A,26,2017
5116,6764,287204722,CN109036071A,14,2018
5117,6765,287275343,CN208246832U,-1,2018
5118,6766,286994376,DE102017209838A1,-1,2017
5119,6767,286994001,DE102018126840A1,11,2018
5120,6768,286980244,US20180354143A1,-1,2018
5121,6770,183123095,JP6437566B2,11,2014
5122,6771,186645601,CN106094817B,5,2016
5123,6773,286854472,CN108982580A,20,2018
5124,6774,286839458,CN108985627A,-1,2018
5125,6775,286936649,CN208216867U,0,2018
5126,6776,286950785,CN208216870U,-1,2018
5127,6777,286953566,CN208223297U,-1,2018
5128,6779,286697706,CN108942879A,1,2017
5129,6781,286709026,CN108949914A,-1,2018
5130,6782,286821630,CN208198629U,0,2018
5131,6783,286809609,CN208204090U,18,2018
5132,6784,286798896,CN208208285U,2,2018
5133,6785,287144248,KR101926351B1,-1,2017
5134,6786,283919027,KR101907536B1,4,2017
5135,6787,286614354,US20180349828A1,-1,2017
5136,6790,286649709,WO2018223148A2,-1,2018
5137,6793,286547112,CN208180882U,23,2018
5138,6794,286828894,KR1020180128727A,75,2017
5139,6796,189244170,CN106519099B,66,2016
5140,6797,286373978,CN108908231A,-1,2018
5141,6798,286408932,CN108908333A,-1,2018
5142,6799,286342408,CN108908378A,16,2018
5143,6800,286455117,CN108908393A,-1,2018
5144,6802,286446172,CN108909874A,0,2018
5145,6803,286424830,CN208160988U,14,2018
5146,6804,286059741,DE102017111651A1,25,2017
5147,6805,286313753,WO2018214040A1,11,2017
5148,6806,286313804,WO2018214042A1,11,2017
5149,6807,285966700,CN108898650A,-1,2018
5150,6808,284197086,KR101921687B1,57,2017
5151,6811,285787239,CN108858223A,-1,2018
5152,6812,285841744,CN108860487A,-1,2018
5153,6813,306029272,CN108877022A,-1,2018
5154,6814,285891681,CN208132950U,-1,2018
5155,6815,285733599,DE102017124713B3,25,2017
5156,6816,212716848,CN107218849B,-1,2017
5157,6818,285634804,CN108839017A,2,2018
5158,6819,285694650,CN208117898U,13,2018
5159,6822,285474601,CN108818559A,13,2018
5160,6823,285511326,CN108825565A,0,2018
5161,6824,285572314,CN208097303U,14,2018
5162,6826,285297998,CN108789408A,22,2018
5163,6828,285349121,CN208084345U,2,2018
5164,6829,285349222,CN208084346U,2,2018
5165,6830,285341423,CN208087074U,-1,2017
5166,6833,285152740,CN208065434U,-1,2017
5167,6835,285008881,CN108762148A,-1,2018
5168,6837,284961056,CN108764660A,42,2018
5169,6838,285028344,CN208051957U,-1,2018
5170,6839,284832482,CN108724163A,19,2018
5171,6840,284840631,CN108733962A,7,2018
5172,6841,284612885,CN108711912A,64,2018
5173,6844,199038418,CN106840724B,16,2017
5174,6848,284279569,CN207972691U,0,2018
5175,6849,225654625,TW201837859A,23,2017
5176,6850,284130150,CN108635798A,14,2018
5177,6854,284129214,CN108638082A,29,2018
5178,6855,284120817,CN108638100A,4,2018
5179,6857,284144257,CN108639182A,0,2018
5180,6858,284103600,CN108646730A,70,2018
5181,6859,284071707,CN108646765A,33,2018
5182,6860,284129350,CN108648348A,61,2018
5183,6861,284149958,CN207953861U,-1,2017
5184,6862,284113270,CN207953882U,13,2018
5185,6863,284160577,CN207955834U,-1,2018
5186,6865,283941519,CN108618492A,18,2018
5187,6866,283953488,CN108622228A,52,2018
5188,6867,283963061,CN108630120A,31,2018
5189,6868,283954796,CN207947555U,60,2018
5190,6869,317380355,RU2669130C2,13,2015
5191,6870,283875975,DE102017106791A1,-1,2017
5192,6872,283812790,CN207931311U,36,2018
5193,6874,248366316,CN108577839A,8,2018
5194,6875,248353038,CN108577945A,-1,2018
5195,6877,248257113,CN108592936A,21,2018
5196,6880,185792364,CN105938364B,3,2016
5197,6881,247114959,CN108569600A,70,2017
5198,6882,188817903,CN106428287B,0,2016
5199,6883,188818229,CN106428288B,0,2016
5200,6884,246982682,CN108556943A,0,2017
5201,6885,247014373,CN108563220A,-1,2018
5202,6886,247030934,CN108564038A,42,2018
5203,6887,246973857,CN207887697U,-1,2017
5204,6888,247007667,CN207888637U,8,2018
5205,6891,237316284,TW201833875A,46,2017
5206,6892,185666267,CN105919796B,24,2016
5207,6893,246057693,CN108536075A,-1,2018
5208,6894,246026196,CN108538013A,29,2018
5209,6896,244756916,CN207836827U,-1,2018
5210,6897,SG11201609651Q20150605,SG11201609651QB,-1,2015
5211,6898,244391336,CN108502047A,0,2018
5212,6900,244372395,CN108508927A,-1,2017
5213,6901,244460113,CN207824995U,-1,2018
5214,6902,243689244,CN108469732A,1,2018
5215,6903,200078205,CN108472893A,-1,2016
5216,6904,243660329,CN207785349U,20,2017
5217,6905,243747478,IN201611016089A,2,2016
5218,6908,243105874,CN207780600U,0,2017
5219,6910,317377333,RU2664841C2,58,2015
5220,6911,240592836,CN108426488A,14,2018
5221,6913,239961271,CN207737381U,-1,2018
5222,6914,MYPI201770051620170216,MYPI2017700516A,69,2017
5223,6915,192189290,CN106647334B,1,2017
5224,6917,238650722,CN207725509U,0,2017
5225,6918,238707402,CN207731131U,73,2018
5226,6919,187801941,CN106275061B,7,2016
5227,6923,238380647,CN207694255U,11,2017
5228,6924,238314197,US10043279B1,-1,2016
5229,6925,238081435,CN108354564A,-1,2017
5230,6926,238184178,CN108363941A,41,2017
5231,6927,238146315,CN207679994U,14,2017
5232,6929,199790311,CN106871730B,-1,2017
5233,6930,237965348,CN108346935A,18,2018
5234,6931,234340878,CN108351701A,8,2016
5235,6935,237873048,CN108335601A,24,2018
5236,6938,183934965,CN105666502B,0,2016
5237,6939,237715280,CN108312127A,19,2017
5238,6940,173837115,CN104932264B,5,2015
5239,6944,188633919,CN106409571B,18,2016
5240,6946,237485220,CN207617837U,0,2017
5241,6947,237460245,CN207623998U,46,2017
5242,6948,237371623,CN207607564U,0,2017
5243,6949,167976752,JP6356434B2,-1,2014
5244,6951,221122407,CN207593798U,19,2017
5245,6952,317263114,RU2016152159A,-1,2015
5246,6953,234262050,KR101875510B1,40,2016
5247,6956,175112162,RU2016151215A,76,2015
5248,6958,237080255,CN108255055A,-1,2018
5249,6959,237055219,CN108255099A,31,2017
5250,6960,237082702,CN207575160U,24,2017
5251,6961,237105524,CN207585392U,18,2017
5252,6962,237009700,JP2018102537A,8,2016
5253,6964,175467870,CN105165700B,39,2015
5254,6966,236883489,CN207570736U,16,2017
5255,6968,236527743,CN108227484A,1,2016
5256,6969,236582168,CN108230956A,31,2018
5257,6970,236656361,CN207550352U,0,2017
5258,6973,236327333,WO2018113263A1,75,2017
5259,6974,236110543,CN207532782U,11,2017
5260,6975,188188154,CN106347517B,61,2016
5261,6976,198998836,CN106818416B,69,2016
5262,6977,235977511,CN108189025A,2,2017
5263,6978,235961302,IN201821021323A,2,2018
5264,6982,184335286,CN105741672B,-1,2016
5265,6984,235794889,CN207509229U,2,2017
5266,6985,235829357,CN207511115U,18,2017
5267,6986,184581576,CN105774939B,0,2016
5268,6987,188594969,CN106386942B,-1,2016
5269,6988,188592089,CN106394718B,0,2016
5270,6989,235721133,CN108161987A,-1,2017
5271,6990,235738024,CN108163036A,2,2017
5272,6991,235658106,CN207495510U,2,2017
5273,6992,235667309,CN207495512U,2,2017
5274,6993,168389218,CN105339213B,-1,2014
5275,6994,235485353,CN108145720A,-1,2017
5276,6995,235488239,CN108153310A,7,2017
5277,6996,235455132,CN108154071A,51,2016
5278,6997,215344357,KR101865691B1,21,2016
5279,6998,235342698,CN108127673A,-1,2017
5280,6999,235383447,CN207465234U,2,2017
5281,7000,235396257,CN207465261U,2,2017
5282,7001,235079790,CN108119054A,18,2017
5283,7002,235123695,CN207455685U,-1,2017
5284,7003,234499204,CN207429681U,11,2017
5285,7004,234525585,CN207433592U,-1,2017
5286,7006,233932012,CN108081296A,49,2016
5287,7010,233235840,CN108073729A,24,2016
5288,7011,233221746,CN207400911U,20,2017
5289,7012,184474993,CN105751199B,71,2014
5290,7014,232511395,CN207376525U,18,2017
5291,7015,232541184,IN201611039031A,51,2016
5292,7016,233699092,KR1020180052321A,9,2016
5293,7017,SG11201608199U20150417,SG11201608199UB,58,2015
5294,7018,232397560,JP2018075665A,0,2016
5295,7022,232229216,CN207356013U,-1,2017
5296,7023,232237983,CN207360449U,0,2017
5297,7024,232250798,CN207361627U,-1,2017
5298,7025,186358329,US9973688B2,26,2015
5299,7026,175560927,CN105197125B,-1,2015
5300,7027,187837986,CN108024733A,8,2016
5301,7028,188652003,CN108027942A,42,2016
5302,7029,232088482,CN207344615U,72,2017
5303,7030,232065239,CN207345416U,-1,2017
5304,7033,144835363,JP6321905B2,-1,2011
5305,7034,231729458,CN108000518A,47,2017
5306,7035,231734825,CN108005454A,30,2017
5307,7036,231744801,CN108009680A,1,2017
5308,7037,231770194,CN108010258A,46,2017
5309,7039,231512650,CN107995450A,-1,2017
5310,7040,231494459,CN207319560U,24,2017
5311,7041,231028193,CN207302261U,46,2017
5312,7042,176109147,US9956407B2,2,2015
5313,7043,230954921,CN107963145A,0,2017
5314,7044,230952497,CN207273208U,13,2017
5315,7045,230948396,CN207282517U,2,2017
5316,7046,317267593,NZ725474A,13,2015
5317,7048,175095663,NZ727046A,27,2015
5318,7051,113929657,EP1972416B1,-1,2007
5319,7052,230873586,EP3312824A1,11,2016
5320,7054,399486937,DE102016012385A1,22,2016
5321,7055,185928107,JP2018511125A,-1,2016
5322,7058,230591168,CN207241837U,0,2017
5323,7059,230342171,CN107901046A,-1,2017
5324,7060,230324889,CN207220812U,24,2017
5325,7061,186250526,CN106005092B,-1,2016
5326,7062,230198235,CN107891839A,-1,2017
5327,7063,230166780,CN207206443U,-1,2017
5328,7064,230219605,CN207209153U,13,2017
5329,7065,173508955,CN104875813B,0,2015
5330,7066,188842136,CN106428484B,0,2016
5331,7067,230037089,CN107878592A,0,2017
5332,7068,230074915,CN207185985U,20,2017
5333,7070,173617761,CN104898672B,1,2015
5334,7071,229880708,CN107865545A,20,2017
5335,7072,229922151,CN207172081U,10,2017
5336,7073,229916577,CN207182098U,-1,2017
5337,7074,229763586,CN107856756A,0,2017
5338,7075,229762967,CN207151225U,39,2017
5339,7076,229807417,CN207165176U,31,2017
5340,7077,229807761,CN207165177U,31,2017
5341,7078,HK17110585.120171018,HK1236471A,-1,2017
5342,7079,229580537,CN107838931A,2,2017
5343,7080,229655969,CN207139820U,29,2017
5344,7081,229433694,CN107825473A,2,2017
5345,7083,229327215,DE102017119149A1,-1,2017
5346,7084,229246018,CN107816951A,-1,2017
5347,7085,229217264,CN207123507U,-1,2017
5348,7086,184780073,CN105798924B,72,2016
5349,7088,229020082,CN207104925U,2,2017
5350,7089,229043996,CN207109475U,18,2017
5351,7090,229030572,CN207115987U,14,2017
5352,7091,169103375,CN104202694B,2,2014
5353,7092,228508225,CN107791265A,67,2016
5354,7094,228555295,CN207089485U,0,2017
5355,7095,175142822,CN105137969B,3,2015
5356,7096,175927649,CN105259105B,20,2015
5357,7098,229070169,KR101836413B1,19,2016
5358,7102,228297740,CN107767959A,8,2017
5359,7103,228126479,CN107745384A,-1,2017
5360,7104,IR13955014000301219320161228,IR95162B,29,2016
5361,7105,173368460,CH709251B1,2,2014
5362,7106,227984007,CN107738400A,66,2017
5363,7107,186032795,CN105963911B,14,2016
5364,7108,227901704,CN107716695A,-1,2017
5365,7109,227829915,CN107727380A,16,2017
5366,7110,227920856,CN207029356U,0,2017
5367,7112,153856501,CN102730189B,0,2012
5368,7113,154006600,CN102756625B,0,2012
5369,7114,154006121,CN102756804B,0,2012
5370,7115,169403561,CN104281787B,11,2014
5371,7116,180139671,CN105353773B,-1,2015
5372,7117,183521957,CN105607632B,3,2015
5373,7118,208345427,CN107030722B,4,2017
5374,7119,227604351,CN107697184A,0,2017
5375,7121,227362251,CN107685786A,0,2017
5376,7122,227259114,US9889563B1,-1,2017
5377,7123,227165380,CN206980024U,18,2017
5378,7124,227160182,CN206982673U,8,2017
5379,7126,SG11201609419R20150603,SG11201609419RB,-1,2015
5380,7127,226383006,CN206965128U,11,2017
5381,7128,185412543,CN105881550B,67,2016
5382,7129,226091034,CN206953009U,75,2017
5383,7130,226135302,CN206953019U,-1,2017
5384,7132,185875446,CN105946483B,0,2016
5385,7133,225949917,CN107644441A,15,2017
5386,7134,225711155,CN107631256A,31,2017
5387,7135,225691800,CN107633719A,-1,2017
5388,7140,225452259,CN107610376A,42,2017
5389,7141,225440998,CN107613254A,-1,2017
5390,7142,225405878,CN206905624U,14,2017
5391,7143,225186348,CN206883927U,18,2017
5392,7144,225163906,CN206885198U,-1,2017
5393,7145,225181301,CN206885201U,0,2017
5394,7146,225013599,CN107571933A,0,2017
5395,7147,224823790,CN107562052A,6,2017
5396,7148,224827020,CN107562053A,6,2017
5397,7150,224859586,CN206855451U,2,2017
5398,7151,224692255,CN206840098U,44,2017
5399,7152,224584116,DE102016216441B3,22,2016
5400,7153,189297134,WO2018000261A1,17,2016
5401,7156,169102907,CN104200816B,2,2014
5402,7157,224234039,CN107500146A,-1,2017
5403,7158,224186396,CN107506360A,2,2016
5404,7160,175111267,NZ726418A,13,2015
5405,7161,224103705,DE102016007519A1,0,2016
5406,7162,224015520,CN206764788U,64,2017
5407,7163,224030685,CN206766180U,-1,2017
5408,7164,224038878,CN206766181U,6,2017
5409,7165,224057627,CN206770874U,-1,2017
5410,7166,183187976,CN105539626B,0,2015
5411,7167,183541850,CN105599822B,19,2016
5412,7171,223791351,CN206733044U,-1,2017
5413,7172,223767618,CN206734445U,0,2016
5414,7173,SG11201608204Q20150417,SG11201608204QB,34,2015
5415,7175,222783362,CN206709701U,-1,2017
5416,7176,222395333,CN107416065A,0,2017
5417,7177,222401809,CN206690102U,2,2017
5418,7180,221586628,CN107380294A,-1,2017
5419,7181,221501733,CN206658943U,-1,2017
5420,7182,221497668,CN206663258U,8,2016
5421,7183,221511364,CN206663279U,9,2017
5422,7184,221538032,CN206671254U,-1,2017
5423,7185,220925604,CN206653064U,-1,2017
5424,7186,220128262,JP2017204231A,2,2016
5425,7187,TH160100722520161202,TH170435A,-1,2016
5426,7189,172794303,CN104793621B,1,2015
5427,7190,180140190,CN105346618B,3,2015
5428,7191,183194587,CN105545829B,0,2016
5429,7192,219114983,CN107336233A,10,2017
5430,7193,219121962,CN107340738A,8,2017
5431,7195,219100390,CN206627091U,-1,2017
5432,7196,202457011,KR101795429B1,-1,2015
5433,7197,TH160100720420161201,TH170376A,76,2016
5434,7198,TH160100720520170215,TH170377A,-1,2017
5435,7201,169992524,CN104331081B,3,2014
5436,7202,170299185,CN104375417B,29,2014
5437,7203,163249350,CN104487174B,-1,2013
5438,7204,171824076,CN104656676B,10,2014
5439,7205,217600501,CN107323561A,0,2017
5440,7206,217596287,CN107331250A,14,2017
5441,7207,217008003,CN107309877A,-1,2017
5442,7209,SG11201609420R20150603,SG11201609420RB,76,2015
5443,7210,216317094,CN206601729U,31,2016
5444,7211,189475676,US9802314B2,-1,2016
5445,7212,215695755,WO2017181319A1,1,2016
5446,7213,215702106,WO2017181956A1,38,2017
5447,7215,173959207,CN104950888B,1,2015
5448,7216,184476603,CN105751200B,71,2014
5449,7217,215024263,CN206565690U,59,2016
5450,7218,214552528,CN107253204A,0,2017
5451,7220,214539472,CN107256284A,-1,2017
5452,7222,183676449,CN105619379B,20,2016
5453,7223,213747120,CN206544552U,0,2017
5454,7224,171861865,US9784249B2,-1,2015
5455,7225,214512214,RU2632770C,5,2016
5456,7227,185701330,WO2017166830A1,31,2016
5457,7232,183820446,CN105644650B,19,2015
5458,7233,212888099,CN107229226A,1,2016
5459,7234,198561551,TWI601426B,23,2015
5460,7237,184015346,KR101782345B1,-1,2015
5461,7238,175465793,CN105171776B,0,2015
5462,7239,179603831,CN105329333B,3,2015
5463,7240,182124087,CN105460100B,0,2015
5464,7241,187930404,CN106313049B,4,2016
5465,7242,212136119,CN107203490A,1,2017
5466,7243,183851551,CN107209084A,-1,2015
5467,7244,211941169,CN107182443A,39,2017
5468,7245,211938110,CN107186732A,2,2017
5469,7246,211916475,CN107187512A,-1,2017
5470,7247,211868607,CN206509681U,36,2016
5471,7248,TH130100090020130222,TH168063A,-1,2013
5472,7250,211258453,CN206499796U,59,2016
5473,7251,211108075,CN107160399A,44,2017
5474,7252,211095755,CN107168061A,1,2017
5475,7253,211084941,CN107170321A,59,2017
5476,7256,210616468,CN206482959U,14,2016
5477,7257,152070377,KR101772974B1,48,2010
5478,7258,210326769,CN107145153A,70,2017
5479,7261,210085305,CN107127760A,-1,2017
5480,7264,209906514,CN107116549A,1,2017
5481,7265,209910704,CN107116572A,-1,2017
5482,7266,209887617,CN206455655U,13,2016
5483,7267,204314503,TW201729961A,2,2016
5484,7268,163596122,CN103448063B,-1,2013
5485,7270,209582674,CN206445813U,4,2016
5486,7271,209602667,CN206452472U,2,2016
5487,7272,172639638,CN104760630B,-1,2015
5488,7273,209426687,CN206436253U,9,2017
5489,7274,156891497,CN102996151B,18,2012
5490,7276,209110080,CN107085422A,-1,2017
5491,7283,208923545,CN107049743A,24,2017
5492,7284,208869085,CN206414691U,14,2017
5493,7285,208869897,CN206419661U,-1,2017
5494,7287,208580938,CN206406045U,72,2017
5495,7290,206719628,DE102016102178A1,30,2016
5496,7291,206494739,CN206383150U,-1,2017
5497,7292,206487721,CN206383949U,7,2017
5498,7293,205741316,CN206371136U,18,2016
5499,7296,204099802,CN206366995U,-1,2016
5500,7298,173942413,CN104948139B,18,2015
5501,7299,203747663,CN106985594A,20,2016
5502,7301,203602957,US20170209796A1,2,2016
5503,7302,204282981,GB201709199D0,11,2017
5504,7303,203472803,CN106981075A,-1,2017
5505,7304,203458976,CN106981163A,43,2017
5506,7305,173843545,CN104932254B,1,2015
5507,7307,202969814,CN206342912U,11,2016
5508,7308,202795661,DE102016200455A1,22,2016
5509,7309,183666848,WO2017121044A1,18,2016
5510,7310,171934523,CN104678766B,1,2015
5511,7311,202651966,CN106956261A,-1,2017
5512,7312,173959737,CN104942820B,12,2015
5513,7313,202406439,CN106943054A,-1,2017
5514,7314,202431688,CN106945049A,1,2017
5515,7315,202396241,CN106945051A,14,2017
5516,7316,202407924,CN106950863A,29,2017
5517,7317,202421866,CN106952507A,5,2017
5518,7319,201597543,EP3188625A1,-1,2015
5519,7320,201546726,CN206321793U,2,2016
5520,7321,183936145,CN105666498B,3,2016
5521,7322,201225666,CN106926222A,-1,2017
5522,7323,201295277,CN106933100A,1,2017
5523,7324,201254220,CN206306128U,2,2016
5524,7326,155429526,CN102881100B,-1,2012
5525,7328,169658844,CN104279705B,26,2014
5526,7329,175946626,CN105252532B,32,2015
5527,7330,200708821,CN106901764A,24,2017
5528,7331,200709656,CN106901765A,24,2017
5529,7333,200730259,CN206287131U,4,2016
5530,7335,200027201,DE202017102379U1,28,2017
5531,7339,172972276,CN104799740B,-1,2015
5532,7340,200447302,CN106891338A,29,2017
5533,7341,200430944,CN106892015A,2,2015
5534,7342,199979661,CN106899796A,26,2015
5535,7343,200427249,CN206277406U,4,2016
5536,7344,200053600,CN106882184A,7,2017
5537,7353,200130238,TWM544079U,46,2017
5538,7354,199785718,CN106863309A,10,2015
5539,7356,199814579,CN106873614A,1,2017
5540,7357,199843110,CN206267005U,18,2016
5541,7358,169311813,CN104236651B,1,2014
5542,7359,174270525,CN104985585B,9,2015
5543,7360,174605416,CN105035196B,2,2015
5544,7362,169511077,CN104267618B,2,2014
5545,7363,174573386,CN105033997B,-1,2015
5546,7364,176042547,CN105269577B,-1,2015
5547,7365,199024249,CN106826759A,13,2016
5548,7366,199106699,CN206247215U,31,2016
5549,7367,198690866,IN201747006161A,63,2017
5550,7368,171707448,CN104635762B,1,2015
5551,7369,171821845,CN104656440B,1,2014
5552,7370,198553740,CN106803377A,-1,2017
5553,7374,196584648,US20170151069A1,19,2017
5554,7376,196959779,CN106730893A,11,2017
5555,7379,196865222,CN106737744A,29,2016
5556,7380,196778913,CN106767711A,43,2016
5557,7381,196743987,CN106791389A,-1,2016
5558,7384,196900064,CN206200978U,64,2016
5559,7385,SG11201608202Y20150417,SG11201608202YB,34,2015
5560,7387,194485067,WO2017087987A1,-1,2016
5561,7390,172810138,CN104792559B,1,2015
5562,7391,181732788,CN105459120B,22,2015
5563,7393,194255184,CN106712573A,0,2015
5564,7395,193293670,CN106667716A,24,2016
5565,7396,193334025,CN106681341A,3,2016
5566,7397,185842865,US9649766B2,-1,2015
5567,7398,192096445,DE102015222166A1,22,2015
5568,7401,192180886,CN106628812A,18,2016
5569,7402,192325302,CN106646486A,2,2016
5570,7405,192238848,CN206154281U,-1,2016
5571,7406,192238912,CN206154282U,-1,2016
5572,7407,192269691,CN206154325U,8,2016
5573,7408,191655996,CN106607910A,1,2015
5574,7409,190468657,DE102015220517A1,58,2015
5575,7411,175451992,CN105178467B,66,2015
5576,7412,190665016,CN106584460A,1,2016
5577,7414,190696064,CN106585763A,-1,2016
5578,7415,190618161,CN106600631A,51,2016
5579,7416,190719137,CN106603995A,2,2016
5580,7417,188537450,KR101728604B1,-1,2015
5581,7418,169215101,CN104217107B,47,2014
5582,7419,189995614,CN106564052A,-1,2016
5583,7425,190049168,CN206105891U,-1,2016
5584,7426,190047558,CN206107973U,-1,2016
5585,7429,173952401,CN104943765B,20,2015
5586,7430,189745890,CN206081552U,14,2016
5587,7431,189701363,CN206085042U,-1,2016
5588,7432,189735091,CN206085068U,11,2016
5589,7433,189741504,CN206085631U,-1,2016
5590,7435,189549917,JP2017064835A,3,2015
5591,7437,171479269,CN104586608B,4,2015
5592,7438,171928776,CN104665962B,4,2015
5593,7439,173606695,CN104890756B,19,2015
5594,7440,175161308,CN105128011B,1,2015
5595,7441,183741160,CN105690383B,22,2015
5596,7442,189502721,CN206063775U,11,2016
5597,7443,189529499,CN206065876U,-1,2016
5598,7444,189521229,CN206066467U,2,2016
5599,7450,189430276,CN206060602U,49,2016
5600,7451,187037859,JP6105674B2,22,2015
5601,7453,173298982,CN104842372B,12,2015
5602,7454,175946340,CN105252544B,4,2015
5603,7456,189247658,CN106525049A,15,2016
5604,7457,189270412,CN106525630A,16,2016
5605,7458,189232820,CN106529118A,7,2016
5606,7459,189307802,CN206032651U,72,2016
5607,7460,189084594,DE102015011926A1,23,2015
5608,7463,170684863,CN104443105B,0,2014
5609,7464,189093798,CN106492470A,11,2016
5610,7465,189113463,CN106493738A,-1,2016
5611,7466,189142039,CN206011103U,61,2016
5612,7471,172142853,CN104709374B,3,2015
5613,7473,188980045,CN106483964A,-1,2015
5614,7475,189002122,CN205996979U,2,2016
5615,7476,189019839,CN205996982U,0,2016
5616,7477,188890705,DE102015216659A1,-1,2015
5617,7478,188890888,DE102015216665A1,-1,2015
5618,7479,146979351,GB2491308B,-1,2011
5619,7480,163217904,CN103401932B,2,2013
5620,7485,188806840,CN106426237A,4,2016
5621,7486,188837834,CN106426269A,-1,2016
5622,7487,188806779,CN106428266A,-1,2016
5623,7490,188811195,CN106444359A,54,2016
5624,7493,187894436,US9573277B2,17,2014
5625,7495,165493463,CN103761392B,1,2014
5626,7496,166920383,CN103940714B,23,2014
5627,7497,169749901,CN104298243B,1,2014
5628,7498,188644001,CN106390334A,-1,2016
5629,7502,188454243,CN106383441A,-1,2016
5630,7503,188454096,CN106384285A,42,2016
5631,7504,188489657,CN205924969U,11,2016
5632,7505,188514020,CN205928674U,0,2016
5633,7506,188482896,CN205928689U,66,2016
5634,7507,188477124,CN205930612U,7,2016
5635,7508,399486936,DE202016006747U1,22,2016
5636,7509,188385770,JP2017028810A,49,2015
5637,7510,170472073,CN104407611B,1,2014
5638,7511,173044049,CN104816766B,0,2015
5639,7512,173279809,CN104842363B,4,2015
5640,7513,188357931,CN106363626A,-1,2016
5641,7515,188153408,DE202015104886U1,25,2015
5642,7516,188155250,US20170021497A1,-1,2016
5643,7517,173298051,CN104842345B,4,2015
5644,7518,188188780,CN106346500A,4,2016
5645,7519,188166656,CN106353769A,23,2016
5646,7520,188194747,CN205903275U,24,2016
5647,7521,188288811,KR1020170008637A,-1,2015
5648,7522,188064040,CN106339669A,-1,2016
5649,7523,188104747,CN205889207U,29,2016
5650,7524,188113328,CN205890814U,7,2016
5651,7526,187892831,DE202015104686U1,25,2015
5652,7528,187933716,CN106313103A,-1,2016
5653,7529,187984847,CN205870548U,-1,2016
5654,7530,187963589,CN205881254U,7,2016
5655,7532,187793109,CN106272461A,2,2016
5656,7534,187793129,CN106274776A,0,2016
5657,7536,187755648,CN106276707A,59,2016
5658,7537,187746739,CN106289254A,23,2016
5659,7538,187831097,CN205850212U,11,2016
5660,7539,187823858,CN205854318U,0,2016
5661,7542,187628598,CN205831539U,-1,2016
5662,7543,187631795,CN205832148U,24,2016
5663,7544,172216188,EP3108217A1,25,2015
5664,7547,187688976,KR1020160146000A,-1,2015
5665,7550,187439196,CN106218575A,-1,2016
5666,7551,187406220,CN205799540U,2,2016
5667,7552,187415097,CN205799542U,72,2016
5668,7553,187400546,CN205801357U,11,2016
5669,7554,155667095,CN102896637B,4,2012
5670,7555,187311607,JP2016202094A,-1,2015
5671,7556,187173239,WO2016196512A1,28,2016
5672,7557,187330785,CN106181960A,-1,2016
5673,7558,187331209,CN106181961A,-1,2016
5674,7559,187200442,CN106184456A,0,2016
5675,7561,187308842,CN106200516A,-1,2016
5676,7562,187226014,CN106210794A,0,2016
5677,7563,187274225,CN205766244U,13,2016
5678,7564,187238167,CN205775935U,31,2016
5679,7565,187135528,IN201621039626A,17,2016
5680,7569,187076553,CN205738931U,-1,2016
5681,7570,175765597,JP6035590B2,-1,2014
5682,7571,186913959,CN106142043A,4,2015
5683,7572,186929107,CN106155093A,-1,2016
5684,7573,186982430,CN205706943U,0,2016
5685,7574,186970938,CN205708814U,18,2016
5686,7575,186966914,CN205721372U,49,2016
5687,7576,186971154,CN205723240U,18,2016
5688,7577,186857140,TWM532302U,-1,2016
5689,7578,186847100,CN106113026A,19,2016
5690,7580,186780794,CN106114434A,-1,2016
5691,7581,186812378,CN205692045U,44,2016
5692,7582,186876381,HK1216402A,58,2016
5693,7586,168937351,CN104174138B,-1,2014
5694,7588,186672152,CN106081757A,70,2015
5695,7589,186700154,CN106088116A,18,2016
5696,7590,186630348,CN106094813A,5,2016
5697,7597,186512701,CN106041962A,2,2016
5698,7598,186468960,CN205659320U,14,2016
5699,7599,167414101,JP6015474B2,-1,2013
5700,7602,155748042,CN103596631B,-1,2011
5701,7603,186376096,CN205651333U,72,2016
5702,7606,142218564,KR101665543B1,-1,2009
5703,7607,186222113,CN106005086A,-1,2016
5704,7609,186269880,CN205628635U,23,2016
5705,7610,171994880,EP3077163A1,25,2014
5706,7611,174213968,TWI552745B,24,2014
5707,7612,170823534,CN104476550B,71,2014
5708,7613,185474876,TW201634200A,29,2015
5709,7615,186015011,CN105965506A,1,2016
5710,7616,186027779,CN105965520A,2,2016
5711,7619,165003302,CN103676797B,-1,2012
5712,7620,185882251,CN105947200A,-1,2016
5713,7622,185894380,CN205586510U,14,2016
5714,7623,MYPI201570086020150318,MYPI2015700860A,2,2015
5715,7625,182223447,KR101653235B1,-1,2016
5716,7627,185656999,CN105930588A,-1,2016
5717,7628,185697623,CN205549266U,-1,2016
5718,7629,185719910,CN205555862U,18,2016
5719,7631,132217250,JP5987316B2,9,2009
5720,7632,185749930,KR1020160105055A,-1,2015
5721,7634,173041878,CN104816298B,1,2015
5722,7636,185505198,CN205521395U,0,2016
5723,7637,185558473,CN205521397U,12,2016
5724,7638,185568165,CN205521431U,-1,2016
5725,7639,185560243,CN205521502U,16,2016
5726,7640,185518786,CN205524559U,0,2016
5727,7641,172414739,US9427649B2,14,2014
5728,7642,185364149,US9427868B1,63,2015
5729,7646,185364163,JP2016153155A,22,2015
5730,7647,185364237,JP2016153156A,22,2015
5731,7649,169316272,CN104225895B,14,2014
5732,7650,171486127,CN104589310B,4,2014
5733,7651,185443282,CN105881543A,2,2014
5734,7653,185399816,CN105892829A,2,2016
5735,7654,185452980,CN205494954U,11,2016
5736,7655,185443446,CN205508319U,31,2016
5737,7656,163846068,JP5974220B2,0,2012
5738,7657,154545196,JP5975735B2,-1,2012
5739,7659,165639234,CN103770116B,-1,2014
5740,7660,171307899,CN104550348B,18,2015
5741,7661,183976202,CN205461015U,11,2016
5742,7662,185300642,CN205466309U,12,2016
5743,7663,185305133,CN205469365U,0,2016
5744,7664,185259704,CN205482613U,14,2016
5745,7665,185350878,KR1020160095789A,52,2015
5746,7666,185074522,DE202015101621U1,25,2015
5747,7668,185168677,AU2016101054A4,11,2016
5748,7669,171472569,CN104584861B,-1,2015
5749,7670,185104506,CN105835986A,37,2016
5750,7671,185082077,CN105843222A,33,2016
5751,7672,172442608,CN105849538A,-1,2014
5752,7673,185118299,CN205438576U,-1,2016
5753,7675,155541363,US9412010B2,-1,2012
5754,7676,185004178,CN205411952U,-1,2016
5755,7677,184977934,CN205415637U,-1,2015
5756,7678,184983136,CN205415691U,2,2015
5757,7679,172767142,JP5962679B2,-1,2014
5758,7680,176146191,TWI544367B,-1,2013
5759,7681,184756788,DE202015101427U1,-1,2015
5760,7682,165916495,AU2013204965B2,75,2013
5761,7685,184544691,CN205389272U,-1,2016
5762,7688,184483370,CN105751220A,-1,2016
5763,7689,184467681,CN105760894A,70,2016
5764,7690,TH120300041320120425,TH11740U,-1,2012
5765,7691,184347532,CN105726125A,-1,2016
5766,7692,184333927,CN105739437A,-1,2016
5767,7694,184378942,CN205369091U,18,2016
5768,7695,184351136,CN205375184U,61,2015
5769,7696,184269976,US9381961B1,-1,2014
5770,7697,317262537,FR3021572B1,76,2014
5771,7698,TH140100073220140211,TH153734A,-1,2014
5772,7699,170184560,CN104354784B,0,2014
5773,7700,184199963,CN205343143U,-1,2016
5774,7701,184200105,CN205354595U,-1,2016
5775,7703,173467384,US20160176375A1,-1,2014
5776,7704,170280887,CN104367405B,4,2014
5777,7706,184069171,CN105690390A,-1,2016
5778,7707,184069479,CN105690394A,32,2016
5779,7708,183947018,JP2016105865A,-1,2016
5780,7710,183757661,DE102014017899A1,-1,2014
5781,7711,183837994,CN105643632A,-1,2016
5782,7715,183720242,CN205281265U,44,2016
5783,7717,183521493,CN105599816A,1,2015
5784,7719,183536370,CN105602250A,14,2016
5785,7720,183545668,CN105605746A,2,2016
5786,7723,183513484,DE102014223771A1,75,2014
5787,7724,163722661,CA2819722C,11,2013
5788,7726,183361214,CN105583856A,-1,2016
5789,7727,183377494,CN105593076A,-1,2014
5790,7728,183406384,CN205235325U,14,2015
5791,7729,183393951,CN205239481U,7,2015
5792,7730,183435178,CN205220396U,-1,2015
5793,7731,183435296,CN205220397U,-1,2015
5794,7732,162579669,CN103345894B,31,2013
5795,7733,171526870,US9333652B2,-1,2014
5796,7737,183191924,CN105543020A,14,2016
5797,7739,183202421,CN105551278A,31,2016
5798,7741,183155345,CN205205713U,31,2015
5799,7742,183097273,DE202014010054U1,22,2014
5800,7743,183017054,DE102014221798A1,28,2014
5801,7744,183019272,CN105528081A,10,2015
5802,7745,183059477,CN205184805U,4,2015
5803,7746,183042962,CN205188823U,-1,2015
5804,7747,181060293,JP2016061302A,-1,2014
5805,7748,IR13945014000300529620150809,IR88467B,0,2015
5806,7750,169056995,CN104198105B,-1,2014
5807,7751,182914439,CN205166945U,61,2015
5808,7752,182903676,CN205172369U,18,2015
5809,7754,180478797,TW201614562A,42,2014
5810,7755,182601911,DE102015013507A1,25,2015
5811,7756,180849218,JP2016052697A,-1,2014
5812,7757,171492889,CN104589348B,1,2014
5813,7758,182688919,CN205148332U,8,2015
5814,7759,157558970,CN103042525B,1,2013
5815,7760,182797110,TWM520036U,23,2015
5816,7763,182151713,CN205125477U,14,2015
5817,7764,182183605,CN205129886U,4,2015
5818,7765,182147853,CN205139614U,44,2015
5819,7767,157979265,JP5899788B2,-1,2011
5820,7768,162347427,CN103318290B,-1,2013
5821,7770,181816619,CN205106482U,-1,2015
5822,7771,153501849,JP5897105B2,-1,2012
5823,7772,182220930,KR1020160032608A,27,2014
5824,7773,181457080,CN105415377A,61,2015
5825,7774,181458422,CN105425799A,42,2015
5826,7775,181484762,CN105430767A,-1,2016
5827,7776,181473880,CN205098334U,-1,2015
5828,7777,162709166,US9293016B2,46,2012
5829,7778,169046303,KR101606543B1,65,2014
5830,7780,181337422,CN105397814A,44,2014
5831,7783,180981405,CN105383308A,-1,2015
5832,7784,180964083,CN205075061U,-1,2015
5833,7785,180447999,US20160059412A1,63,2015
5834,7786,172042842,CN104690730B,9,2015
5835,7787,180769982,CN105365582A,-1,2015
5836,7788,180769995,CN105365583A,-1,2015
5837,7789,180809225,CN205059785U,0,2015
5838,7791,158837827,US20160052140A1,21,2013
5839,7792,180146121,CN105353670A,44,2015
5840,7793,179617081,CN105336133A,46,2014
5841,7795,176834960,WO2016020843A1,2,2015
5842,7796,178896601,CN205019680U,0,2015
5843,7797,178900008,CN205021596U,29,2015
5844,7798,178883316,CN205022730U,-1,2015
5845,7800,176188881,CN105286157A,-1,2015
5846,7801,176167526,CN105291853A,-1,2015
5847,7802,176169718,CN105303855A,29,2015
5848,7805,167627486,CN104036652B,31,2014
5849,7808,153501446,JP5845334B2,-1,2012
5850,7809,242427496,CN102262725B,-1,2011
5851,7810,158685853,CN103149933B,-1,2013
5852,7811,160416749,CN103217903B,-1,2013
5853,7812,175900751,CN204949169U,39,2015
5854,7813,175901399,CN204951264U,14,2015
5855,7814,175817553,CN204960892U,18,2015
5856,7815,166992498,TWI515605B,-1,2013
5857,7816,163114162,TWI516120B,26,2012
5858,7818,175587735,CN204910761U,2,2015
5859,7819,175586114,CN204926654U,-1,2015
5860,7820,139817955,JP5836565B2,-1,2010
5861,7824,175309870,CN105151155A,-1,2015
5862,7825,175288448,CN105158769A,-1,2015
5863,7826,175321020,CN204871266U,2,2015
5864,7827,175248483,TWM514083U,8,2015
5865,7837,175140279,CN105137449A,50,2015
5866,7839,155220879,US9205887B2,-1,2011
5867,7841,174976004,DE102014210362A1,25,2014
5868,7843,166709803,CN103923151B,-1,2014
5869,7846,174881959,CN105083502A,54,2015
5870,7847,167837511,US9193403B2,-1,2013
5871,7848,164940154,CN103661667B,0,2013
5872,7849,174755886,CN105060040A,70,2015
5873,7850,174759624,CN105060041A,70,2015
5874,7851,174797996,CN204766530U,24,2015
5875,7852,174812769,CN204775577U,9,2015
5876,7853,157835891,CN103072136B,16,2012
5877,7854,162936232,CN103373407B,3,2013
5878,7855,174142979,JP2015199174A,25,2014
5879,7857,174596290,CN105035287A,54,2015
5880,7858,174510468,CN204734957U,11,2015
5881,7859,161530351,CN103263256B,24,2013
5882,7861,174427357,CN204725494U,4,2015
5883,7869,174303251,CN204712061U,4,2015
5884,7870,174309290,CN204713233U,-1,2015
5885,7871,174299165,CN204718963U,10,2015
5886,7872,174216330,EP2933064A1,58,2014
5887,7876,163524872,CN103434581B,0,2013
5888,7877,170145121,TWI503756B,41,2013
5889,7880,173801811,JP2015167470A,42,2015
5890,7881,173841873,CN104924320A,-1,2015
5891,7884,173886253,CN204658463U,22,2014
5892,7885,165296562,CN103722565B,1,2014
5893,7886,173719175,CN104916188A,0,2014
5894,7887,166353969,CN104918775A,-1,2013
5895,7888,163666360,CN103465991B,0,2013
5896,7889,173561634,DE102014204251A1,8,2014
5897,7890,173604973,CN104888464A,2,2015
5898,7893,173641272,CN204622045U,-1,2015
5899,7895,173500307,CN104883423A,64,2015
5900,7896,173515562,CN204600319U,-1,2015
5901,7898,173439382,CN104865929A,-1,2015
5902,7902,173281687,CN104843102A,-1,2015
5903,7904,173177543,CN104827486A,13,2015
5904,7905,173203641,CN204541502U,59,2015
5905,7906,156435525,CN102975784B,-1,2012
5906,7909,173088316,CN204525487U,0,2015
5907,7910,164143485,CN103537087B,14,2013
5908,7912,165128652,US9089968B2,-1,2013
5909,7915,172852287,CN204489003U,-1,2014
5910,7918,172624172,CN204452651U,0,2014
5911,7919,172623750,CN204452652U,0,2014
5912,7921,172499306,CN204426944U,2,2015
5913,7922,172517143,CN204428215U,4,2014
5914,7923,172517179,CN204428216U,4,2014
5915,7924,172413803,TW201524814A,23,2013
5916,7925,162188530,TWI489965B,-1,2012
5917,7927,172264739,CN104724202A,0,2015
5918,7928,172281551,CN104731092A,-1,2014
5919,7929,172307831,CN204414097U,4,2014
5920,7930,172313845,CN204415556U,0,2014
5921,7931,142317232,DE102010018438B4,-1,2010
5922,7932,162619885,US20150161103A1,21,2012
5923,7935,172047368,CN204380195U,14,2015
5924,7936,172047314,CN204380196U,14,2015
5925,7941,171934376,CN204366968U,10,2015
5926,7942,142607868,DE102010045528B4,-1,2010
5927,7943,171277393,US9044859B2,3,2013
5928,7946,171804200,CN104645508A,24,2015
5929,7951,170479901,KR101523268B1,70,2013
5930,7957,171485131,CN104598675A,-1,2015
5931,7958,171459167,CN204311964U,18,2014
5932,7959,171459207,CN204311966U,18,2014
5933,7961,185770374,BG111602A,12,2013
5934,7962,171327267,CN204295698U,-1,2014
5935,7963,171160494,US20150111185A1,11,2013
5936,7964,171214661,CN104527832A,0,2014
5937,7965,171213801,CN104527833A,0,2014
5938,7966,165975545,TWI481980B,55,2012
5939,7967,171112149,CN204270146U,15,2014
5940,7968,150342068,CN102348102B,-1,2010
5941,7969,155160696,CN102853831B,38,2012
5942,7970,170780550,DE202013105501U1,25,2013
5943,7971,170780573,DE202013105504U1,25,2013
5944,7977,170788513,DE102013110905A1,25,2013
5945,7978,170780041,DE202013105203U1,25,2013
5946,7981,170850843,CN204242810U,36,2014
5947,7982,161987453,JP5692122B2,-1,2012
5948,7983,145230709,TWI478832B,23,2010
5949,7985,170722294,CN104434350A,4,2014
5950,7986,170716112,CN104465071A,-1,2014
5951,7987,158259032,TWI478107B,-1,2011
5952,7988,170425730,DE202013105036U1,-1,2013
5953,7989,170598826,CN204207925U,24,2014
5954,7990,170551050,FR3010528A1,21,2013
5955,7992,170333948,DE202013104860U1,25,2013
5956,7994,170326194,US20150066156A1,19,2014
5957,7995,170147640,DE202013104389U1,25,2013
5958,7996,170147684,DE202013104544U1,25,2013
5959,7997,170346604,JP2015037467A,8,2013
5960,8001,170050407,DE202013104264U1,25,2013
5961,8002,170050650,DE202013104392U1,25,2013
5962,8005,170096100,CN104340779A,23,2013
5963,8006,170097284,CN204150142U,0,2014
5964,8007,170101040,CN204153050U,0,2014
5965,8009,146971987,TWI473026B,-1,2010
5966,8010,169985816,CN204143709U,14,2014
5967,8011,169709698,TW201504130A,23,2013
5968,8012,147417150,TWI471825B,43,2010
5969,8013,153311011,JP5659349B2,20,2011
5970,8014,153823609,JP5659898B2,-1,2011
5971,8015,160281954,US8942848B2,-1,2012
5972,8017,169760572,CN104297775A,24,2014
5973,8019,157666403,CN103057619B,0,2013
5974,8020,169643342,JP2015006650A,31,2013
5975,8021,169650169,CN104275695A,28,2013
5976,8023,166985406,TWI469098B,43,2013
5977,8024,169517953,CN104260097A,2,2014
5978,8026,169452725,CN204067830U,18,2014
5979,8028,151198177,TWI466545B,26,2010
5980,8029,169172006,US20140370779A1,11,2014
5981,8031,145360457,CN102211547B,23,2010
5982,8032,169148181,CN203993890U,-1,2014
5983,8033,169132377,CN204010327U,31,2014
5984,8035,168953327,CN203974997U,0,2014
5985,8036,147093656,CN102314856B,-1,2010
5986,8037,154857969,TWI461593B,23,2011
5987,8038,168776791,CN104149101A,67,2014
5988,8039,168757770,CN104155965A,38,2014
5989,8040,153465006,CN102672719B,1,2012
5990,8041,157741806,EP2800688A2,60,2012
5991,8042,158614494,TWI460686B,43,2011
5992,8043,169047630,KR1020140129446A,57,2013
5993,8045,132840943,KR101460140B1,32,2008
5994,8046,153488380,US8880221B2,-1,2012
5995,8047,168318523,TW201441075A,23,2013
5996,8048,168404183,TW201441079A,23,2013
5997,8049,168460083,CN104118384A,23,2013
5998,8050,168443653,CN104118489A,0,2014
5999,8051,168489688,CN203899136U,-1,2014
6000,8052,168283778,CN203883372U,18,2014
6001,8053,154600154,CN102806563B,4,2012
6002,8054,153968427,KR101451061B1,-1,2011
6003,8056,168106995,JP2014188645A,22,2013
6004,8057,162429191,TWI454612B,23,2012
6005,8058,153488370,US8849454B2,-1,2012
6006,8061,153097535,CN102646148B,1,2012
6007,8062,TR20130221920130225,TR201302219A2,-1,2013
6008,8063,158612017,TWI453154B,23,2011
6009,8064,167581483,US20140254896A1,-1,2014
6010,8066,139730292,CN102356417B,-1,2009
6011,8067,164180118,US8824781B2,-1,2013
6012,8068,168093671,KR101438003B1,8,2013
6013,8070,152278222,CN102512795B,14,2011
6014,8072,167234457,CN103978484A,3,2014
6015,8073,157851006,TWI448976B,23,2011
6016,8074,165553189,RU2524875C2,14,2012
6017,8075,167124991,CN103962982A,18,2013
6018,8076,167138456,CN103963868A,0,2014
6019,8077,167138772,CN103970076A,38,2013
6020,8081,166986184,US20140213951A1,48,2012
6021,8082,167008877,CN203738813U,67,2014
6022,8084,142317238,CN102145489B,-1,2010
6023,8085,145163289,CN102202443B,23,2010
6024,8086,166158030,KR101421230B1,-1,2012
6025,8088,166252383,KR1020140079604A,-1,2012
6026,8089,166310057,CN103871008A,26,2014
6027,8090,166278261,CN203648064U,11,2013
6028,8091,166285835,CN203660923U,12,2014
6029,8093,166214071,CN203643256U,16,2013
6030,8094,151455080,CN102431042B,13,2011
6031,8096,165971621,US20140150806A1,60,2012
6032,8098,158039659,JP5509226B2,1,2012
6033,8099,137610416,CA2741710C,-1,2009
6034,8100,157770015,TWI439967B,43,2011
6035,8101,165906605,WO2014080733A1,10,2013
6036,8102,165951008,CN203612098U,67,2013
6037,8104,165807992,IN1626MUM2014A,-1,2014
6038,8106,165821212,CN103803423A,-1,2012
6039,8107,165847238,CN203600251U,19,2013
6040,8108,150619824,TWI438703B,-1,2010
6041,8109,162819044,TWI438728B,23,2012
6042,8110,166145756,KR101398880B1,8,2013
6043,8111,165644995,CN103770111A,1,2012
6044,8113,165599343,CN203577314U,11,2013
6045,8114,153849324,CN102736628B,3,2012
6046,8115,156788307,TWI435842B,23,2011
6047,8116,165494540,CN103753553A,-1,2014
6048,8117,165496043,CN103753573A,29,2014
6049,8118,165493869,CN103753582A,8,2014
6050,8119,165494421,CN103759734A,29,2014
6051,8121,165496480,CN103761821A,69,2014
6052,8122,165493529,CN103761884A,29,2014
6053,8123,155025513,EP2723296A2,48,2012
6054,8125,157531723,ES2400996B1,-1,2011
6055,8126,165414037,CN103736231A,29,2014
6056,8127,165417583,CN103738428A,37,2013
6057,8128,165431183,CN103745556A,46,2013
6058,8129,165430869,CN103745557A,46,2013
6059,8130,155731167,US8706299B2,-1,2011
6060,8131,165276988,WO2014056376A1,46,2013
6061,8134,161969283,FR2987735B1,16,2012
6062,8137,142424106,JP5464514B2,22,2009
6063,8138,165033792,WO2014048444A1,22,2012
6064,8139,165059882,CN103692453A,19,2013
6065,8141,164990118,CN103661669A,0,2012
6066,8142,164686268,CN103676447A,-1,2012
6067,8144,165007246,CN103680234A,8,2012
6068,8145,164965679,CN203495949U,4,2013
6069,8146,157640454,US8682485B2,-1,2012
6070,8147,164823521,CN103642251A,20,2013
6071,8148,164711459,CN103633216A,66,2013
6072,8149,162828745,PT106205B,12,2012
6073,8150,158399002,JP5433872B2,14,2011
6074,8151,165240521,KR1020140025814A,42,2012
6075,8152,153795800,TWI428508B,26,2011
6076,8153,164808848,TWM471819U,-1,2013
6077,8155,164183071,US20140039675A1,5,2012
6078,8159,161976001,US8630763B2,-1,2013
6079,8160,164315604,TWM469749U,46,2013
6080,8162,163790523,US8621954B1,73,2011
6081,8164,164313127,TWM469111U,11,2013
6082,8166,150591602,TWI420440B,-1,2010
6083,8167,164111542,TWM468742U,43,2012
6084,8168,150988193,JP2013544689A,-1,2011
6085,8172,143114875,RU2012120102A,-1,2010
6086,8174,163264964,JP2013237126A,3,2012
6087,8175,163270113,CN103406917A,2,2013
6088,8176,146222375,US8594425B2,-1,2010
6089,8177,163201246,CN203294226U,0,2013
6090,8179,163120187,CN203280795U,31,2013
6091,8180,150947744,US8582867B2,-1,2011
6092,8181,163012209,CN103382473A,-1,2013
6093,8184,162941043,CN103377558A,23,2012
6094,8185,162738657,JP2013216408A,70,2012
6095,8186,162763636,CN103362393A,23,2012
6096,8187,162762441,CN103365294A,-1,2012
6097,8189,147165487,CN102323818B,1,2011
6098,8191,140844469,US8554370B2,47,2010
6099,8192,TH080100447620080829,TH127967A,-1,2008
6100,8193,162434753,DE102012006180A1,25,2012
6101,8195,162301227,TW201339903A,-1,2012
6102,8197,147101710,CN102310411B,4,2011
6103,8199,162225981,CN203198620U,-1,2013
6104,8200,161584273,TW201337867A,-1,2012
6105,8203,161958099,DE102012007242A1,22,2012
6106,8207,151990005,CN102494910B,16,2011
6107,8210,161779667,CN103273980A,0,2013
6108,8211,157548834,WO2013121469A1,2,2012
6109,8212,161306722,CN203149981U,59,2013
6110,8214,161042098,CN203121967U,20,2013
6111,8215,121141938,JP5261495B2,-1,2008
6112,8216,160683488,CN103231751A,0,2013
6113,8217,139370861,JP5249969B2,-1,2010
6114,8218,147000302,CN102306017B,67,2011
6115,8219,151096606,CN102389359B,19,2011
6116,8222,160274240,KR101286981B1,67,2011
6117,8223,146319805,TWI401473B,51,2009
6118,8224,160194177,CN103197671A,1,2012
6119,8225,143742959,US8483879B2,-1,2009
6120,8227,131167777,JP5228589B2,-1,2008
6121,8228,147175349,CN102324099B,35,2011
6122,8229,159063931,TW201328340A,23,2011
6123,8230,160013706,CN203019371U,16,2012
6124,8231,160007104,CN103175789A,54,2013
6125,8232,158883422,CN103164923A,43,2011
6126,8233,160276238,KR1020130064270A,-1,2011
6127,8236,158722115,CN202983198U,11,2012
6128,8237,158700581,CN202987317U,-1,2013
6129,8238,158708843,CN202993169U,66,2012
6130,8240,158690613,CN103144599A,31,2012
6131,8243,237505645,US8457830B2,-1,2011
6132,8247,158763887,KR1020130054798A,-1,2011
6133,8248,158084485,CN103116360A,54,2013
6134,8249,154029544,US8443693B2,-1,2012
6135,8251,156269220,KR101262840B1,22,2011
6136,8255,143865431,CN102085666B,4,2010
6137,8257,157839048,CN103075999A,23,2013
6138,8260,157681867,CN103065629A,2,2012
6139,8261,203679545,RU2479414C,-1,2009
6140,8263,157609277,CN202878318U,4,2012
6141,8264,240076268,EP2281668B1,-1,2006
6142,8266,137582618,JP5186318B2,12,2008
6143,8269,154074275,KR101255807B1,-1,2011
6144,8271,157021482,CN103021119A,46,2012
6145,8272,157021338,CN103021120A,46,2012
6146,8274,145425283,TWI391881B,53,2008
6147,8275,156465726,CN202806656U,-1,2012
6148,8276,156465458,CN202806930U,0,2012
6149,8278,156280218,CN202787109U,31,2012
6150,8279,156299155,CN202794402U,28,2012
6151,8280,131180562,JP5163227B2,-1,2008
6152,8281,142317234,CN102029610B,-1,2010
6153,8282,144318681,CN102124874B,39,2011
6154,8283,121133083,US8396595B2,-1,2008
6155,8284,158644394,TWM448303U,-1,2012
6156,8285,156158516,US20130059284A1,11,2012
6157,8286,120842614,JP5156836B2,-1,2008
6158,8287,156179599,CN102955461A,23,2011
6159,8288,156046334,TW201310398A,23,2011
6160,8289,155968249,JP5148669B2,35,2010
6161,8294,121147962,CN101408435B,1,2008
6162,8295,155730428,DE102011109144A1,-1,2011
6163,8298,155795936,CN202720819U,24,2012
6164,8299,155775522,CN102915044A,2,2012
6165,8300,138382481,US8369991B2,-1,2009
6166,8301,142608062,US8369992B2,-1,2009
6167,8302,155667121,CN102896632A,1,2012
6168,8304,142317236,US8364314B2,-1,2009
6169,8306,159491702,TWM445642U,31,2010
6170,8307,155388921,CN202669948U,9,2012
6171,8308,155420287,CN102883348A,-1,2012
6172,8310,138637138,US8352077B2,-1,2009
6173,8312,155084274,US8346391B1,-1,2006
6174,8314,154969984,CN102828643A,23,2011
6175,8315,154546980,TW201249713A,26,2011
6176,8318,138386218,US8332068B2,-1,2009
6177,8321,142317235,CN101947787B,-1,2010
6178,8322,154602853,CN102809969A,26,2011
6179,8323,151257706,KR101210498B1,-1,2010
6180,8324,154406694,JP2012232352A,2,2011
6181,8325,317818531,WO2012159264A1,-1,2011
6182,8327,125768385,JP5083763B2,-1,2007
6183,8328,154193849,JP2012223864A,-1,2011
6184,8329,146618757,CN102288336B,0,2011
6185,8331,125768717,JP5069538B2,45,2007
6186,8332,153979731,JP2012210703A,38,2012
6187,8333,154010630,CN202507280U,2,2011
6188,8334,154000394,CN202511972U,31,2012
6189,8337,142252421,CN101972197B,24,2010
6190,8338,153933191,CN202497615U,-1,2012
6191,8339,153921052,CN102749919A,3,2012
6192,8340,142615069,US8291788B2,-1,2009
6193,8342,153827344,CN102734193A,26,2011
6194,8345,153721691,JP2012192502A,-1,2011
6195,8347,153783665,CN102717381A,1,2012
6196,8348,130546618,JP5040693B2,-1,2008
6197,8349,153628931,CN102699926A,4,2012
6198,8354,153731356,KR1020120105611A,1,2011
6199,8355,145423895,TWI373012B,53,2008
6200,8356,153452688,CN202441677U,-1,2011
6201,8358,153478674,CN102681856A,65,2012
6202,8359,154722680,TW201238326A,11,2011
6203,8361,153347566,CN202432927U,14,2011
6204,8362,153382446,CN102658548A,1,2012
6205,8363,319028050,IN3583CHENP2011A,-1,2011
6206,8364,141862469,CN101947152B,2,2010
6207,8365,153184219,CN202397747U,8,2011
6208,8366,153193443,CN202406073U,-1,2012
6209,8367,142906131,CN101993151B,-1,2009
6210,8369,150663352,FR2964055B1,-1,2010
6211,8370,153065875,CN202376714U,14,2011
6212,8371,153062448,CN202378991U,0,2011
6213,8372,140510335,JP4998506B2,-1,2009
6214,8373,152960524,CN102628690A,54,2012
6215,8374,152824743,WO2012102442A1,44,2011
6216,8375,152569673,CN202315291U,-1,2011
6217,8376,152564061,CN102566474A,2,2012
6218,8377,152558828,CN102570616A,46,2012
6219,8378,150711156,GB2486980A,-1,2011
6220,8379,152371848,CN102526795A,20,2012
6221,8380,141747758,CN101941207B,4,2010
6222,8384,122382524,US8195332B2,-1,2008
6223,8385,118745635,US8195343B2,-1,2008
6224,8386,151798653,CN202257212U,44,2011
6225,8387,141747764,CN101941205B,4,2010
6226,8388,145497039,FR2959208B1,60,2010
6227,8389,151720135,CN102463583A,20,2010
6228,8390,151622506,JP2012091300A,-1,2010
6229,8392,151539664,CN102447881A,26,2010
6230,8393,151539814,CN102447882A,26,2010
6231,8395,146210434,KR101144755B1,2,2010
6232,8396,141747762,CN101941206B,4,2010
6233,8397,143364530,CN102039598B,4,2010
6234,8399,151462873,CN102431604A,-1,2011
6235,8400,151457899,CN102434543A,-1,2011
6236,8401,151348055,TW201217920A,43,2010
6237,8402,151347010,TW201217921A,43,2010
6238,8403,151283198,TW201218091A,26,2010
6239,8404,118749339,US8170287B2,-1,2008
6240,8405,143613836,ES2359212B2,14,2008
6241,8406,118776850,CN101364082B,-1,2008
6242,8407,151345244,CN102419926A,-1,2011
6243,8409,151201616,TW201216711A,26,2010
6244,8412,229127568,TWM424985U,11,2011
6245,8413,151009735,CN102385716A,-1,2010
6246,8414,241908102,US8139068B2,68,2006
6247,8415,150618291,CN102371586A,22,2011
6248,8416,150903197,CN102374646A,-1,2010
6249,8417,150898592,CN102375416A,-1,2010
6250,8423,150766102,CN102363302A,4,2011
6251,8426,150688105,CN102357889A,4,2011
6252,8427,150688832,CN102358287A,7,2011
6253,8428,150692459,CN102360190A,44,2011
6254,8429,139035717,CN101733758B,4,2010
6255,8431,149078294,US20120035762A1,45,2011
6256,8434,147220974,TW201205449A,26,2010
6257,8436,148051514,CN102335902A,-1,2010
6258,8437,148051518,CN102335905A,-1,2010
6259,8439,147229834,WO2012011182A1,3,2010
6260,8441,147168540,CN102323817A,-1,2011
6261,8444,147047529,TW201201972A,-1,2010
6262,8445,147047586,TW201201978A,-1,2010
6263,8446,152652793,TWM420787U,50,2011
6264,8448,146978697,DE102010045701B3,-1,2010
6265,8450,139079807,CN101763119B,-1,2009
6266,8451,141211009,CN101915975B,2,2010
6267,8452,147003054,CN102303317A,4,2011
6268,8454,143597671,KR101103862B1,4,2009
6269,8456,147505165,KR1020110136930A,-1,2010
6270,8457,129620060,CN101439733B,7,2007
6271,8458,142412736,CN101982809B,40,2010
6272,8460,146627199,CN102289946A,31,2011
6273,8461,146437505,CN202075069U,-1,2011
6274,8462,114484770,JP4833121B2,-1,2007
6275,8465,145756933,CN102233583A,4,2011
6276,8468,153301388,TW201135681A,75,2010
6277,8469,145314927,CN201996802U,24,2011
6278,8470,162261564,JP4788976B2,-1,2008
6279,8472,111917314,TWI349870B,-1,2006
6280,8474,162151620,JP4780147B2,-1,2008
6281,8475,139674191,CN101823517B,37,2010
6282,8477,145111518,CN201984350U,-1,2010
6283,8479,130064240,KR101066999B1,2,2008
6284,8480,145037276,CN201970314U,4,2010
6285,8481,145020987,CN102183956A,3,2011
6286,8482,139943668,KR101064638B1,-1,2009
6287,8484,144625518,CN102152315A,20,2011
6288,8485,144535182,JP2011155267A,0,2011
6289,8487,144385204,CN201906310U,59,2010
6290,8488,144257509,KR1020110084630A,1,2010
6291,8489,132412440,CN101598118B,-1,2007
6292,8490,136351367,CN101673116B,1,2009
6293,8492,144325980,CN102126220A,63,2010
6294,8493,141305036,FR2947236B1,-1,2009
6295,8494,144186850,US20110172822A1,-1,2010
6296,8497,143741217,BRPI0904540A2,2,2009
6297,8498,144095176,CN201881383U,24,2010
6298,8499,143935921,USRE042469E,64,2008
6299,8501,143781911,JP2011105307A,0,2011
6300,8510,143003285,CN201784730U,0,2010
6301,8511,156368314,JP2011065652A,-1,2010
6302,8512,142903541,CN101995877A,44,2009
6303,8515,142579341,CN201763795U,18,2010
6304,8516,114841594,JP4647687B2,-1,2006
6305,8523,142964945,KR1020110015314A,-1,2009
6306,8526,120626486,CN101403619B,47,2008
6307,8527,138879150,KR101012739B1,-1,2008
6308,8528,138122860,KR101012918B1,4,2008
6309,8531,132406268,CN101592951B,44,2009
6310,8535,141359061,KR1020110003146A,-1,2009
6311,8539,141424994,CN201692632U,11,2010
6312,8540,130600290,CN101508115B,4,2009
6313,8542,141223699,CN201670291U,37,2010
6314,8544,141165959,CN201664922U,4,2010
6315,8548,140902371,WO2010132132A1,47,2010
6316,8549,109029945,CN101045300B,4,2006
6317,8550,142317233,US20100280662A1,-1,2010
6318,8552,159654997,TWM391143U,75,2010
6319,8555,161847072,JP4542067B2,-1,2006
6320,8558,139400112,CN101804637A,4,2010
6321,8559,139444430,CN201548827U,21,2009
6322,8560,129620136,CN101439738B,1,2008
6323,8561,139391773,CN101797752A,49,2010
6324,8562,138632621,KR1020100086262A,2,2009
6325,8563,114446827,CN101234489B,4,2008
6326,8564,138635985,US20100183205A1,-1,2008
6327,8568,138625072,WO2010080370A1,-1,2009
6328,8569,138625071,WO2010080448A1,-1,2009
6329,8571,138513864,JP2010137289A,1,2008
6330,8575,299463161,WO2010071773A1,-1,2009
6331,8576,119455124,CN101380740B,0,2008
6332,8578,139033712,CN101734301A,0,2010
6333,8579,139043081,CN101738937A,-1,2009
6334,8582,115670993,CN101290519B,10,2008
6335,8583,115849019,CN101305939B,4,2008
6336,8584,159673634,TWM381842U,31,2009
6337,8587,120837640,JP4466715B2,-1,2007
6338,8588,138850859,CN201477408U,-1,2009
6339,8589,112722658,JPWO2008090686A1,11,2007
6340,8592,137911729,CN201445795U,2,2009
6341,8593,118752664,US7706920B2,-1,2007
6342,8595,137841448,CN101695838A,-1,2009
6343,8597,136751314,CN201432303Y,12,2009
6344,8599,135282277,KR1020100030879A,19,2008
6345,8600,136361695,CN201423097Y,59,2009
6346,8601,120623685,CN100594459C,1,2008
6347,8602,129620978,CN100594460C,1,2008
6348,8604,136206697,CN101664930A,4,2009
6349,8607,162073776,JP4418905B2,8,2007
6350,8608,116049525,CN100590554C,-1,2008
6351,8609,54193889,US7664571B2,-1,2006
6352,8610,133026155,CN201399236Y,11,2009
6353,8611,133004363,CN101639665A,1,2009
6354,8612,136229080,KR1020100003097A,65,2008
6355,8613,132515057,TW201001303A,41,2008
6356,8614,132526352,JP2009285816A,-1,2008
6357,8616,103792841,DE502006005176D1,47,2006
6358,8620,132236819,CN201346067Y,20,2009
6359,8621,114448189,CN100558322C,19,2008
6360,8622,114448229,CN100558323C,19,2008
6361,8623,131249700,CN201337198Y,4,2008
6362,8625,131341971,CN101564840A,-1,2009
6363,8626,131342981,CN101565064A,0,2008
6364,8629,130979154,FR2929874A1,-1,2008
6365,8631,108824286,JP2009536731A,-1,2007
6366,8632,112532029,CN100548242C,-1,2007
6367,8633,131063596,CN101554894A,37,2009
6368,8634,131016599,CN201322867Y,-1,2008
6369,8635,130906965,JP2009214255A,-1,2008
6370,8636,130749164,CN101518903A,4,2009
6371,8637,130558380,JP2009190122A,-1,2008
6372,8638,130546612,JP2009184034A,-1,2008
6373,8641,145794940,TW200930523A,-1,2008
6374,8642,129613629,KR1020090065004A,1,2007
6375,8643,129499810,WO2009075096A1,11,2008
6376,8644,129649082,CN201249032Y,11,2007
6377,8645,130504612,KR1020090056699A,22,2007
6378,8646,122827774,WO2009067458A1,-1,2008
6379,8652,4615500,HK1082451B,11,2006
6380,8653,125758173,JP2009101497A,-1,2007
6381,8655,125748767,JP2009096335A,0,2007
6382,8658,121457787,CN201231484Y,4,2008
6383,8659,73441068,CN100484788C,1,2006
6384,8663,121451510,CN201223724Y,2,2007
6385,8664,121435244,CN101412218A,63,2008
6386,8667,129744903,KR1020090036093A,9,2009
6387,8670,120373054,CN101398687A,38,2008
6388,8671,58360353,JPWO2007029568A1,-1,2006
6389,8675,115770363,AT505338B1,-1,2007
6390,8677,119455114,CN101380739A,0,2008
6391,8679,IDW0020080387020081128,IDW00200803870A,-1,2008
6392,8681,119045704,JP2009042145A,15,2007
6393,8682,119045813,JP2009042146A,15,2007
6394,8683,119454902,CN101373380A,10,2008
6395,8684,118780757,CN101367209A,4,2007
6396,8686,108933395,CN100450857C,-1,2007
6397,8687,116166205,CN101340337A,2,2008
6398,8688,113795993,TW200900984A,-1,2008
6399,8689,113796010,TW200901074A,-1,2008
6400,8690,116170319,CN201169180Y,-1,2007
6401,8691,116189716,GB0821070D0,68,2008
6402,8696,59485597,GB2449836A,29,2007
6403,8699,114047891,TW200846053A,14,2008
6404,8700,72832200,CN100435050C,-1,2006
6405,8702,113795961,TW200842640A,-1,2008
6406,8706,114773420,CN101273945A,48,2007
6407,8708,114759955,CN101261007A,-1,2008
6408,8709,114476987,CN201109115Y,4,2007
6409,8710,114453284,CN101254347A,11,2008
6410,8711,147293508,KR200441761Y1,2,2008
6411,8712,114744652,CN101244563A,4,2008
6412,8713,122487033,KR1020080075268A,2,2007
6413,8714,122487041,KR1020080075269A,67,2007
6414,8718,112351351,WO2008084480A2,0,2008
6415,8720,112220180,JP2008126330A,-1,2006
6416,8722,111792467,US20080129829A1,-1,2007
6417,8723,111940947,CN101164648A,67,2006
6418,8724,112334025,JP2008049458A,-1,2006
6419,8725,110532083,FR2904944A1,-1,2006
6420,8726,110859572,JP2008036761A,-1,2006
6421,8727,157092614,KR100807449B1,-1,2007
6422,8728,111749782,KR100806126B1,2,2006
6423,8729,110554279,CN201020717Y,0,2007
6424,8730,110536261,CN101116970A,-1,2007
6425,8731,109207381,DE102007022973A1,76,2007
6426,8734,147300288,KR100798086B1,-1,2006
6427,8735,109169768,JP2008000884A,-1,2007
6428,8736,240413835,US7313463B2,-1,2006
6429,8737,155498275,JP2007300470A,-1,2006
6430,8738,109370024,CN101071455A,8,2006
6431,8739,109762060,CN200967506Y,37,2006
6432,8741,109123587,CN200957174Y,24,2006
6433,8743,117849587,CN101038223A,0,2007
6434,8744,240472491,US20070198128A1,-1,2006
6435,8745,240375874,US7259541B2,64,2006
6436,8746,239560050,US20070192910A1,-1,2006
6437,8749,109067865,TW200726436A,8,2006
6438,8750,60119698,JP2007175860A,5,2006
6439,8751,125043704,IN291CHENP2006A,-1,2006
6440,8752,120215775,WO2007063633A1,5,2006
6441,8753,HK07103446.720070330,HK1096190A,-1,2007
6442,8755,168086510,JP3131012U,61,2007
6443,8756,76138275,CN1947960A,10,2006
6444,8758,240240818,JP2007088487A,18,2006
6445,8759,132821080,KR200435980Y1,29,2006
6446,8760,58358148,WO2007032120A1,-1,2006
6447,8765,242940612,CA2553546A1,68,2006
6448,8766,143307840,TWM305002U,24,2006
6449,8773,242935023,WO2006105094A2,50,2006
6450,8776,US6092119220070330,US60921192P0,8,2007
6451,8777,US6093104820070519,US60931048P0,-1,2007
6452,8778,US6097544720070926,US60975447P0,-1,2007
6453,8779,US6098230020071024,US60982300P0,8,2007
6454,8780,US6098463920071101,US60984639P0,-1,2007
6455,8781,US6098970620071121,US60989706P0,-1,2007
6456,8782,US6108091020080715,US61080910P0,17,2008
6457,8783,US6111546820081117,US61115468P0,25,2008
6458,8784,US6113944220081219,US61139442P0,-1,2008
6459,8785,US6117431620090430,US61174316P0,-1,2009
6460,8786,US6121637720090515,US61216377P0,47,2009
6461,8787,US6124272620090915,US61242726P0,-1,2009
6462,8788,US6130820320100225,US61308203P0,-1,2010
6463,8789,US6135139720100604,US61351397P0,73,2010
6464,8790,US6138334220100916,US61383342P0,-1,2010
6465,8791,US6141952920101203,US61419529P0,1,2010
6466,8792,US6145493320110321,US61454933P0,-1,2011
6467,8793,US6145493720110321,US61454937P0,-1,2011
6468,8794,US6150079720110624,US61500797P0,48,2011
6469,8795,US6150492120110706,US61504921P0,-1,2011
6470,8796,US6153167320110907,US61531673P0,11,2011
6471,8797,US6167834020120801,US61678340P0,-1,2012
6472,8798,US6178412620130314,US61784126P0,-1,2013
6473,8799,US6180353320130320,US61803533P0,-1,2013
6474,8800,US6181202820130415,US61812028P0,17,2013
6475,8801,US6183470120130613,US61834701P0,11,2013
6476,8802,US6203277620140804,US62032776P0,2,2014
6477,8803,US6204127520140825,US62041275P0,-1,2014
6478,8804,US6204143120140825,US62041431P0,75,2014
6479,8805,US6204615820140904,US62046158P0,-1,2014
6480,8806,US6216793320150529,US62167933P0,28,2015
6481,8807,US6219679220150724,US62196792P0,-1,2015
6482,8808,US6223580620151001,US62235806P0,-1,2015
6483,8809,US6225832020151120,US62258320P0,-1,2015
6484,8810,US6230690820160311,US62306908P0,31,2016
6485,8811,US6231254320160324,US62312543P0,25,2016
6486,8812,US6241281420161025,US62412814P0,42,2016
6487,8813,US6251449820170602,US62514498P0,-1,2017
6488,8814,US6251787020170610,US62517870P0,-1,2017
6489,8815,US6256214920170922,US62562149P0,-1,2017
6490,8816,US6258579120171114,US62585791P0,-1,2017
6491,8817,US6264644620180322,US62646446P0,11,2018
6492,8818,US6267276720180517,US62672767P0,56,2018
6493,8819,US6269846120180716,US62698461P0,14,2018
6494,8820,US6281560520190308,US62815605P0,-1,2019
6495,8821,US6285734720190605,US62857347P0,-1,2019
6496,8822,US6286949220190701,US62869492P0,21,2019
6497,8823,US6289089720190823,US62890897P0,-1,2019
6498,8824,US6290413920190923,US62904139P0,-1,2019
6499,8825,US6295309420191223,US62953094P0,0,2019
6500,8826,US6296682020200128,US62966820P0,28,2020
6501,8827,US6296787320200130,US62967873P0,11,2020
6502,8828,US6296821520200131,US62968215P0,8,2020
6503,8829,US6298597120200306,US62985971P0,-1,2020
6504,8830,US6298597820200306,US62985978P0,-1,2020
6505,8831,US6298667520200307,US62986675P0,53,2020
6506,8832,US6301250020200420,US63012500P0,-1,2020
6507,8833,US6302895320200522,US63028953P0,-1,2020
6508,8834,US6305156020200714,US63051560P0,2,2020
6509,8835,US6307412620200903,US63074126P0,8,2020
6510,8836,US6316930320210401,US63169303P0,-1,2021
6511,8837,US6319884520201116,US63198845P0,7,2020
6512,8838,US6320228320210604,US63202283P0,-1,2021
6513,8839,US6326600420211225,US63266004P0,22,2021
6514,8840,US6326672720220112,US63266727P0,22,2022
6515,8841,US6329820720220110,US63298207P0,24,2022
6516,8842,US6331249120220222,US63312491P0,-1,2022
6517,8843,US6332175320220320,US63321753P0,-1,2022
6518,8844,US6332254820220322,US63322548P0,-1,2022
6519,8845,US6333098920220414,US63330989P0,16,2022
6520,8846,US6333385020220422,US63333850P0,-1,2022
6521,8847,US6334343520220518,US63343435P0,-1,2022
6522,8848,US6335476320220623,US63354763P0,-1,2022
6523,8849,US6339013620220718,US63390136P0,21,2022
6524,8850,US6339542020220805,US63395420P0,-1,2022
6525,8851,US6339631920220809,US63396319P0,-1,2022
6526,8852,US6339634320220809,US63396343P0,-1,2022
6527,8853,US6340006120220823,US63400061P0,8,2022
6528,8854,US6341052020220927,US63410520P0,-1,2022
6529,8855,US6341149520220929,US63411495P0,-1,2022
6530,8856,US6343530220221226,US63435302P0,-1,2022
6531,8857,US6345384720230322,US63453847P0,70,2023
6532,8858,US6346052320230419,US63460523P0,69,2023
6533,8859,US6348451720230212,US63484517P0,62,2023
6534,8860,US6349200820230324,US63492008P0,-1,2023
6535,8861,US6263857820180305,US62638578P0,69,2018
6536,8862,US6325712020211019,US63257120P0,53,2021
6537,8863,US6349466620230406,US63494666P0,75,2023
6538,8864,US6351477720230720,US63514777P0,-1,2023
6539,8865,US6353835320230914,US63538353P0,22,2023
6540,8866,US6358640220230928,US63586402P0,-1,2023
6541,8867,US6359237420231023,US63592374P0,22,2023
6542,8868,US6361093720231215,US63610937P0,38,2023
6543,8869,US6361776220240104,US63617762P0,-1,2024
6544,8870,US6362063320240112,US63620633P0,-1,2024
6545,8871,US6363469720240416,US63634697P0,36,2024
6546,8872,US6365983220240614,US63659832P0,-1,2024
6547,8873,US6370676820241014,US63706768P0,-1,2024
6548,8874,US6355610220240221,US63556102P0,10,2024
6549,8875,US6355837320240227,US63558373P0,10,2024
6550,8876,US6363311320240412,US63633113P0,10,2024
6551,8877,US6363340520240412,US63633405P0,-1,2024
6552,8878,US6363392020240415,US63633920P0,10,2024
6553,8879,US6357455120240404,US63574551P0,-1,2024
6554,8880,US6357588720240408,US63575887P0,-1,2024
6555,8881,US6363263020240411,US63632630P0,36,2024
6556,8882,US6373900620241226,US63739006P0,2,2024
6557,8883,US6363839120240424,US63638391P0,21,2024
6558,8884,US6364693020240513,US63646930P0,17,2024
6559,8885,US6369033420240904,US63690334P0,5,2024
6560,8886,US6369274720240910,US63692747P0,5,2024
6561,8887,US6369779320240923,US63697793P0,-1,2024
6562,8888,US6375966520250218,US63759665P0,-1,2025
6563,8889,US6376061720250219,US63760617P0,-1,2025
6564,8890,US6365356120240530,US63653561P0,22,2024
6565,8891,US6366391720240625,US63663917P0,-1,2024
6566,8892,US6367472320240723,US63674723P0,38,2024
6567,8893,US6367999820240806,US63679998P0,38,2024
6568,8894,US6370571520241010,US63705715P0,36,2024
6569,8895,US6371877120241111,US63718771P0,-1,2024
6570,8896,US6377062020250312,US63770620P0,-1,2025
6571,8897,US6375744020250212,US63757440P0,-1,2025
6572,8898,US6369159920240906,US63691599P0,34,2024
6573,8899,US6371498920241101,US63714989P0,44,2024
6574,8900,US6371511720241101,US63715117P0,5,2024
6575,8901,US6377642920250324,US63776429P0,5,2025
6576,8902,US6381953320250606,US63819533P0,-1,2025
6577,8903,US6383968820250707,US63839688P0,44,2025
6578,8904,US6384582120250717,US63845821P0,-1,2025
6579,8905,US6386058020250808,US63860580P0,-1,2025
6580,8906,US6388364720250917,US63883647P0,-1,2025
6581,8907,US6369428220240913,US63694282P0,70,2024
6582,8908,US6369866820240925,US63698668P0,2,2024
6583,8909,US6371440320241031,US63714403P0,-1,2024
6584,8910,US6380487120250513,US63804871P0,-1,2025
6585,8911,US6381691020250603,US63816910P0,-1,2025
6586,8912,US6381841920250605,US63818419P0,-1,2025
6587,8913,US6384149620250710,US63841496P0,-1,2025
6588,8914,US6371794520241108,US63717945P0,34,2024
6589,8915,US6371941820241112,US63719418P0,-1,2024
6590,8916,US6379294820250423,US63792948P0,-1,2025
6591,8917,US6379807020250501,US63798070P0,-1,2025
6592,8918,US6379808820250501,US63798088P0,-1,2025
6593,8919,US6379825520250501,US63798255P0,-1,2025
6594,8920,US6380490020250513,US63804900P0,-1,2025
6595,8921,US6381697520250603,US63816975P0,-1,2025
6596,8922,US6382599920250618,US63825999P0,-1,2025
6597,8923,US6383651720250701,US63836517P0,21,2025
6598,8924,US6384091220250709,US63840912P0,-1,2025
6599,8925,US6386040320250808,US63860403P0,-1,2025
6600,8926,US6390566620251026,US63905666P0,-1,2025
6601,8927,US6390571120251026,US63905711P0,-1,2025
