简单同族ID,source_row_first,topic_first,app_year_first,source_row_earliest,topic_earliest,app_year_earliest
411918764,0,68,2025,3008,68,2025
CN202610759692.020260529,1,-1,2026,1,-1,2026
CN202610816025.120260608,2,9,2026,2,9,2026
CN202610821095.620260609,3,12,2026,3,12,2026
CN202610460778.320260409,4,32,2026,4,32,2026
CN202610555860.420260424,5,1,2026,5,1,2026
CN202610818543.720260608,6,-1,2026,6,-1,2026
CN202510063771.320250115,7,-1,2025,7,-1,2025
CN202610639550.020260511,8,-1,2026,8,-1,2026
CN202610596679.820260430,9,9,2026,9,9,2026
CN202610419661.020260401,10,7,2026,10,7,2026
CN202610807252.820260605,11,5,2026,11,5,2026
CN202610393094.620260327,12,1,2026,12,1,2026
CN202610647064.320260512,13,17,2026,13,17,2026
CN202610672260.620260515,14,27,2026,14,27,2026
CN202610437642.020260403,15,3,2026,15,3,2026
CN202610829251.320260610,16,2,2026,16,2,2026
CN202521234480.820250616,17,9,2025,17,9,2025
CN202521280011.X20250620,18,-1,2025,18,-1,2025
CN202521280021.320250620,19,-1,2025,19,-1,2025
CN202521277179.520250620,20,0,2025,20,0,2025
420230457,21,65,2026,21,65,2026
400737580,22,18,2025,22,18,2025
411858816,23,6,2025,23,6,2025
411719671,24,-1,2025,24,-1,2025
413529534,25,-1,2025,25,-1,2025
417843274,26,17,2026,26,17,2026
418428328,27,1,2026,27,1,2026
418607657,28,-1,2026,28,-1,2026
420019807,29,52,2026,29,52,2026
420024381,30,36,2026,30,36,2026
420026665,31,-1,2026,31,-1,2026
420024615,32,57,2026,32,57,2026
420024806,33,-1,2026,33,-1,2026
420025619,34,-1,2025,34,-1,2025
420025654,35,-1,2025,35,-1,2025
420068189,36,52,2026,36,52,2026
420071464,37,33,2026,37,33,2026
420067780,38,-1,2026,38,-1,2026
420015611,39,-1,2025,39,-1,2025
420027270,40,-1,2025,40,-1,2025
382073692,41,30,2023,41,30,2023
411747073,42,73,2025,42,73,2025
412899210,43,12,2025,43,12,2025
415901888,44,16,2025,44,16,2025
415913776,45,52,2026,45,52,2026
417266909,46,-1,2026,46,-1,2026
419865031,47,13,2026,47,13,2026
419868148,48,-1,2026,48,-1,2026
419866901,49,-1,2026,49,-1,2026
419867419,50,5,2026,50,5,2026
419871309,51,12,2026,51,12,2026
419887793,52,0,2026,52,0,2026
419888070,53,-1,2026,53,-1,2026
419852315,54,30,2026,54,30,2026
419925128,55,3,2026,55,3,2026
419927625,56,10,2026,56,10,2026
419930829,57,3,2026,57,3,2026
419853556,58,-1,2026,58,-1,2026
419911807,59,17,2026,59,17,2026
419863032,60,-1,2025,60,-1,2025
419903668,61,12,2025,61,12,2025
419904672,62,12,2025,62,12,2025
419939533,63,0,2025,63,0,2025
419940152,64,9,2025,64,9,2025
419981574,65,21,2026,65,21,2026
419816289,66,2,2025,66,2,2025
387484395,67,-1,2022,67,-1,2022
419805569,68,56,2026,68,56,2026
396983257,69,5,2024,69,5,2024
408408986,70,47,2025,70,47,2025
410910415,71,2,2025,71,2,2025
411172959,72,32,2025,72,32,2025
411172140,73,3,2025,73,3,2025
412888542,74,10,2025,74,10,2025
414200265,75,17,2025,75,17,2025
415102393,76,16,2025,76,16,2025
416911649,77,3,2026,77,3,2026
417265975,78,-1,2026,78,-1,2026
417508701,79,6,2026,79,6,2026
419680571,80,3,2026,80,3,2026
419678351,81,38,2026,81,38,2026
419679095,82,-1,2026,82,-1,2026
419679472,83,10,2026,83,10,2026
419679845,84,10,2026,84,10,2026
419680192,85,5,2026,85,5,2026
419681074,86,5,2026,86,5,2026
419682449,87,10,2026,87,10,2026
419679684,88,-1,2026,88,-1,2026
419680040,89,16,2026,89,16,2026
419652537,90,-1,2026,90,-1,2026
419757798,91,6,2026,91,6,2026
419763170,92,15,2026,92,15,2026
419758098,93,6,2026,93,6,2026
419766739,94,32,2026,94,32,2026
419651631,95,21,2026,95,21,2026
419702787,96,30,2026,96,30,2026
419714063,97,17,2026,97,17,2026
419727345,98,33,2026,98,33,2026
419778255,99,-1,2026,99,-1,2026
419726428,100,9,2025,100,9,2025
419753192,101,0,2025,101,0,2025
419640227,102,9,2025,102,9,2025
419640643,103,0,2025,103,0,2025
419746961,104,12,2025,104,12,2025
420000425,105,22,2026,105,22,2026
405431423,106,6,2025,106,6,2025
408038642,107,28,2025,107,28,2025
411484486,108,0,2025,108,0,2025
412286057,109,27,2025,109,27,2025
412287490,110,3,2025,110,3,2025
412893200,111,27,2025,111,27,2025
415205712,112,32,2026,112,32,2026
416801861,113,6,2026,113,6,2026
417081209,114,1,2026,114,1,2026
419510682,115,36,2025,115,36,2025
419512117,116,-1,2025,116,-1,2025
419519056,117,19,2026,117,19,2026
419519925,118,1,2026,118,1,2026
419520044,119,1,2026,119,1,2026
419519107,120,10,2026,120,10,2026
419520037,121,29,2026,121,29,2026
419521224,122,1,2026,122,1,2026
419521271,123,9,2026,123,9,2026
419518628,124,-1,2026,124,-1,2026
419540831,125,9,2026,125,9,2026
419557411,126,33,2026,126,33,2026
419469429,127,30,2026,127,30,2026
419473178,128,15,2026,128,15,2026
419484791,129,65,2026,129,65,2026
419485543,130,3,2026,130,3,2026
419487745,131,-1,2026,131,-1,2026
419484954,132,3,2026,132,3,2026
419480024,133,26,2026,133,26,2026
419485039,134,2,2026,134,2,2026
419464625,135,-1,2025,135,-1,2025
419465220,136,12,2025,136,12,2025
419499182,137,0,2025,137,0,2025
401070639,138,5,2025,2730,5,2024
419425761,139,-1,2026,139,-1,2026
398399237,140,-1,2024,657,3,2024
399595977,141,5,2025,2106,5,2024
419455303,142,42,2025,142,42,2025
400705928,143,-1,2024,143,-1,2024
419410934,144,14,2024,144,14,2024
385269637,145,-1,2022,145,-1,2022
360092887,146,50,2022,146,50,2022
415602245,147,68,2026,147,68,2026
419382633,148,39,2026,148,39,2026
419319255,149,15,2026,149,15,2026
419319989,150,1,2026,150,1,2026
419320211,151,5,2026,151,5,2026
419320532,152,5,2026,152,5,2026
419320711,153,19,2026,153,19,2026
419337228,154,13,2026,154,13,2026
419343405,155,-1,2026,155,-1,2026
419343612,156,33,2026,156,33,2026
419343277,157,20,2026,157,20,2026
419345621,158,1,2024,158,1,2024
419372698,159,29,2026,159,29,2026
419375121,160,-1,2026,160,-1,2026
419379712,161,57,2026,161,57,2026
419377005,162,3,2026,162,3,2026
419381023,163,5,2026,163,5,2026
419379032,164,1,2026,164,1,2026
419379262,165,-1,2026,165,-1,2026
419383864,166,49,2026,166,49,2026
419384043,167,17,2026,167,17,2026
419385248,168,1,2026,168,1,2026
419373751,169,10,2026,169,10,2026
419319333,170,13,2026,170,13,2026
419374006,171,13,2025,171,13,2025
419374106,172,-1,2025,172,-1,2025
419296111,173,0,2025,173,0,2025
419305048,174,0,2025,174,0,2025
419344115,175,2,2025,175,2,2025
393984593,176,-1,2024,3240,-1,2023
384089569,177,-1,2022,177,-1,2022
TR202600843120260526,178,2,2026,178,2,2026
382270562,179,15,2023,179,15,2023
402914896,180,61,2025,180,61,2025
413516400,181,36,2025,181,36,2025
417216589,182,27,2026,182,27,2026
417891403,183,10,2026,183,10,2026
419148158,184,14,2026,184,14,2026
419178598,185,9,2026,185,9,2026
419175067,186,19,2026,186,19,2026
419175138,187,-1,2026,187,-1,2026
419176045,188,57,2026,188,57,2026
419176506,189,-1,2026,189,-1,2026
419176567,190,1,2026,190,1,2026
419178138,191,1,2026,191,1,2026
419178682,192,65,2026,192,65,2026
419179841,193,6,2026,193,6,2026
419175310,194,-1,2026,194,-1,2026
419175427,195,12,2026,195,12,2026
419175499,196,9,2026,196,9,2026
419175619,197,-1,2026,197,-1,2026
419177369,198,-1,2026,198,-1,2026
419193268,199,-1,2026,199,-1,2026
419193329,200,0,2026,200,0,2026
419193435,201,0,2026,201,0,2026
419221794,202,3,2026,202,3,2026
419224143,203,5,2026,203,5,2026
419224272,204,-1,2026,204,-1,2026
419230437,205,3,2026,205,3,2026
419230821,206,-1,2026,206,-1,2026
419226994,207,6,2026,207,6,2026
419150338,208,35,2026,208,35,2026
419222889,209,6,2026,209,6,2026
419229557,210,2,2026,210,2,2026
419147636,211,11,2025,211,11,2025
419139964,212,9,2025,212,9,2025
419213708,213,0,2025,213,0,2025
419260792,214,2,2026,214,2,2026
419261529,215,69,2026,215,69,2026
419259060,216,2,2026,216,2,2026
418781215,217,20,2026,217,20,2026
419086242,218,48,2023,218,48,2023
419086643,219,10,2025,219,10,2025
404528783,220,0,2025,220,0,2025
411318527,221,2,2025,221,2,2025
413876477,222,0,2026,222,0,2026
418988156,223,8,2026,223,8,2026
418988458,224,-1,2026,224,-1,2026
418988665,225,-1,2026,225,-1,2026
418990146,226,57,2026,226,57,2026
418990292,227,5,2026,227,5,2026
418990356,228,57,2026,228,57,2026
418991914,229,32,2026,229,32,2026
418989599,230,-1,2024,230,-1,2024
418989725,231,36,2026,231,36,2026
418991988,232,1,2026,232,1,2026
418992280,233,16,2026,233,16,2026
418982766,234,5,2026,234,5,2026
418983157,235,5,2026,235,5,2026
418986873,236,-1,2026,236,-1,2026
418990053,237,6,2026,237,6,2026
418991259,238,-1,2026,238,-1,2026
419032669,239,-1,2026,239,-1,2026
419060750,240,30,2026,240,30,2026
418988022,241,-1,2026,241,-1,2026
369354275,242,22,2023,4449,22,2022
386442833,243,2,2022,243,2,2022
415955343,244,19,2024,244,19,2024
418018713,245,12,2026,245,12,2026
418946554,246,11,2025,246,11,2025
377599405,247,-1,2023,247,-1,2023
380837120,248,3,2023,248,3,2023
415915315,249,33,2026,249,33,2026
418848693,250,9,2025,250,9,2025
418849219,251,19,2026,251,19,2026
418851642,252,72,2026,252,72,2026
418852655,253,57,2026,253,57,2026
418851024,254,-1,2026,254,-1,2026
418851134,255,6,2026,255,6,2026
418851428,256,5,2026,256,5,2026
418853332,257,1,2026,257,1,2026
418854318,258,-1,2026,258,-1,2026
418865631,259,1,2026,259,1,2026
418918392,260,66,2026,260,66,2026
418830923,261,36,2026,261,36,2026
418908609,262,-1,2026,262,-1,2026
418911173,263,16,2026,263,16,2026
418840120,264,33,2026,264,33,2026
418840756,265,3,2026,265,3,2026
418840826,266,3,2026,266,3,2026
418841328,267,6,2026,267,6,2026
418858482,268,-1,2026,268,-1,2026
418864934,269,2,2026,269,2,2026
418881044,270,56,2025,270,56,2025
418908603,271,6,2026,271,6,2026
418828173,272,-1,2026,272,-1,2026
418837751,273,-1,2026,273,-1,2026
418850861,274,-1,2026,274,-1,2026
418872637,275,8,2026,275,8,2026
418862288,276,0,2025,276,0,2025
418940433,277,44,2025,277,44,2025
418940540,278,20,2025,278,20,2025
418939221,279,2,2026,279,2,2026
418948265,280,26,2025,280,26,2025
418960849,281,30,2026,281,30,2026
383806792,282,0,2023,282,0,2023
386493895,283,-1,2024,283,-1,2024
413071256,284,28,2025,284,28,2025
417216492,285,3,2026,285,3,2026
418762496,286,-1,2025,286,-1,2025
418700050,287,-1,2026,287,-1,2026
418697939,288,72,2026,288,72,2026
418701411,289,32,2026,289,32,2026
418701870,290,6,2026,290,6,2026
418701938,291,5,2026,291,5,2026
418697853,292,2,2026,292,2,2026
418698231,293,1,2026,293,1,2026
418699058,294,-1,2026,294,-1,2026
418702376,295,-1,2026,295,-1,2026
418725109,296,20,2026,296,20,2026
418745386,297,2,2026,297,2,2026
418664651,298,33,2026,298,33,2026
418665416,299,6,2026,299,6,2026
418706880,300,1,2026,300,1,2026
402715245,301,-1,2024,2582,-1,2023
418751255,302,12,2025,302,12,2025
418689688,303,0,2025,303,0,2025
418689981,304,0,2025,304,0,2025
418662186,305,-1,2025,305,-1,2025
415058864,306,67,2026,306,67,2026
415560768,307,16,2026,307,16,2026
417081740,308,6,2026,308,6,2026
418543261,309,-1,2026,309,-1,2026
418548043,310,5,2026,310,5,2026
418548607,311,1,2026,311,1,2026
418549644,312,5,2026,312,5,2026
418550175,313,1,2026,313,1,2026
418549609,314,1,2026,314,1,2026
418550776,315,4,2026,315,4,2026
418551543,316,19,2026,316,19,2026
418572433,317,0,2026,317,0,2026
418543075,318,6,2026,318,6,2026
418548747,319,-1,2026,319,-1,2026
418582148,320,-1,2026,320,-1,2026
418573091,322,-1,2026,322,-1,2026
418560423,323,-1,2026,323,-1,2026
418611000,324,11,2025,324,11,2025
418567250,325,9,2025,325,9,2025
418567533,326,-1,2025,326,-1,2025
418637727,327,2,2026,327,2,2026
418637381,328,2,2026,328,2,2026
418505966,329,15,2026,329,15,2026
401444771,330,1,2024,330,1,2024
402033482,331,4,2025,331,4,2025
409463747,332,5,2025,332,5,2025
412705631,333,17,2025,333,17,2025
414756626,334,-1,2026,334,-1,2026
414941831,335,2,2026,335,2,2026
416911680,336,7,2026,336,7,2026
418425783,337,-1,2026,337,-1,2026
418430193,339,-1,2026,339,-1,2026
418428060,340,3,2026,340,3,2026
418442475,341,1,2026,341,1,2026
418470010,342,68,2026,342,68,2026
406460811,343,42,2024,343,42,2024
418646955,344,23,2026,344,23,2026
418649622,345,21,2026,345,21,2026
VN120260231820260323,346,2,2026,346,2,2026
373103360,347,15,2023,347,15,2023
413536342,348,-1,2026,348,-1,2026
414917351,349,1,2026,349,1,2026
415100117,350,15,2026,350,15,2026
418274953,351,-1,2026,351,-1,2026
418278171,352,5,2026,352,5,2026
418278674,353,-1,2026,353,-1,2026
418275535,354,-1,2026,354,-1,2026
418278047,355,1,2026,355,1,2026
418295858,356,7,2026,356,7,2026
418296550,357,7,2026,357,7,2026
418300304,358,-1,2026,358,-1,2026
418319518,359,6,2026,359,6,2026
418252394,360,6,2026,360,6,2026
418257461,361,3,2026,361,3,2026
418257175,362,4,2025,362,4,2025
418287709,363,9,2025,363,9,2025
418372784,364,46,2026,364,46,2026
418372418,365,28,2026,365,28,2026
396142887,366,73,2025,366,73,2025
397608665,367,-1,2024,367,-1,2024
355716961,368,-1,2022,368,-1,2022
381712968,369,2,2023,369,2,2023
402872262,370,1,2025,370,1,2025
412315706,371,65,2025,371,65,2025
414369437,372,4,2026,372,4,2026
415353033,373,6,2026,373,6,2026
416377179,374,36,2026,374,36,2026
418130472,375,-1,2025,375,-1,2025
418131509,376,-1,2026,376,-1,2026
418132060,377,32,2026,377,32,2026
418132955,378,-1,2026,378,-1,2026
418134974,379,3,2026,379,3,2026
418131064,380,4,2026,380,4,2026
418146067,381,-1,2026,381,-1,2026
418105216,382,15,2026,382,15,2026
418149641,383,-1,2025,383,-1,2025
418149948,384,5,2026,384,5,2026
418149849,385,6,2026,385,6,2026
418151944,386,27,2026,386,27,2026
418046168,387,-1,2026,387,-1,2026
418063585,388,5,2026,388,5,2026
418087990,389,33,2026,389,33,2026
418045633,390,49,2026,390,49,2026
418129245,391,0,2025,391,0,2025
418098361,392,13,2025,392,13,2025
418099921,393,-1,2025,393,-1,2025
418133187,394,-1,2025,394,-1,2025
418147290,395,13,2025,395,13,2025
377689086,396,21,2024,396,21,2024
417326843,397,-1,2025,397,-1,2025
373589507,398,-1,2024,398,-1,2024
418381941,399,8,2025,399,8,2025
TH250100402420250618,400,18,2025,400,18,2025
384824683,402,49,2023,402,49,2023
417969428,403,28,2025,403,28,2025
406659494,404,13,2025,2103,13,2024
395943913,405,64,2026,2878,64,2024
TR202400672420240529,407,54,2024,407,54,2024
405189140,408,-1,2026,2358,-1,2025
362040286,409,40,2021,409,40,2021
379903537,410,20,2023,410,20,2023
415351567,411,33,2026,411,33,2026
417853970,412,48,2025,412,48,2025
417889046,413,1,2026,413,1,2026
417890849,414,28,2026,414,28,2026
417891790,416,-1,2026,416,-1,2026
417887664,417,5,2026,417,5,2026
417904488,418,-1,2026,418,-1,2026
417901636,419,0,2026,419,0,2026
417905754,420,12,2025,420,12,2025
417909327,421,5,2026,421,5,2026
417909615,422,-1,2026,422,-1,2026
417909640,423,1,2026,423,1,2026
417897721,425,9,2025,425,9,2025
417894805,426,-1,2025,426,-1,2025
349504867,427,26,2020,427,26,2020
363857984,428,50,2022,428,50,2022
417684184,429,13,2026,429,13,2026
417684242,430,13,2026,430,13,2026
417684311,431,13,2026,431,13,2026
417687041,432,5,2026,432,5,2026
417689913,433,-1,2026,433,-1,2026
417694535,434,67,2026,434,67,2026
417699361,435,2,2025,435,2,2025
417710450,436,-1,2026,436,-1,2026
417706313,437,0,2026,437,0,2026
417706367,438,19,2026,438,19,2026
417766247,439,66,2026,439,66,2026
417657046,440,67,2026,440,67,2026
417658264,441,-1,2026,441,-1,2026
417663957,442,44,2026,442,44,2026
417788937,443,35,2026,443,35,2026
417723997,444,-1,2026,444,-1,2026
417694690,445,0,2025,445,0,2025
417694780,446,0,2025,446,0,2025
417676772,447,-1,2025,447,-1,2025
417739062,448,49,2025,448,49,2025
417806520,449,2,2026,449,2,2026
417654121,450,71,2024,450,71,2024
395723416,451,9,2025,2803,9,2024
326466090,452,-1,2019,452,-1,2019
417635336,453,71,2024,453,71,2024
417635354,454,71,2024,454,71,2024
417638173,455,34,2025,455,34,2025
417642633,456,70,2025,456,70,2025
417644303,457,-1,2025,457,-1,2025
400255013,458,9,2025,458,9,2025
407907417,459,65,2025,459,65,2025
411473826,460,-1,2025,460,-1,2025
412702417,461,5,2025,461,5,2025
414040465,462,15,2026,462,15,2026
417527895,463,-1,2026,463,-1,2026
417528108,464,-1,2026,464,-1,2026
417528945,465,5,2026,465,5,2026
417529720,466,5,2026,466,5,2026
417530630,467,32,2026,467,32,2026
417530710,468,-1,2026,468,-1,2026
417528607,469,1,2026,469,1,2026
417530646,470,-1,2026,470,-1,2026
417554103,471,-1,2026,471,-1,2026
417495757,472,20,2026,472,20,2026
417533427,473,-1,2026,473,-1,2026
417516328,475,-1,2026,475,-1,2026
417553119,476,2,2026,476,2,2026
417576469,477,5,2025,477,5,2025
417501136,478,29,2025,478,29,2025
417527269,479,0,2025,479,0,2025
417527417,480,-1,2025,480,-1,2025
417483339,481,71,2024,481,71,2024
417483310,482,71,2024,482,71,2024
417828838,483,0,2024,483,0,2024
382041341,484,45,2024,3911,-1,2023
380079506,485,-1,2023,485,-1,2023
403525609,486,15,2025,486,15,2025
411837558,487,65,2025,487,65,2025
414926731,488,15,2025,488,15,2025
417363495,489,6,2026,489,6,2026
417387464,490,65,2025,490,65,2025
417387827,491,1,2026,491,1,2026
417387139,492,19,2026,492,19,2026
417387252,493,19,2026,493,19,2026
417387689,494,-1,2026,494,-1,2026
417387217,495,-1,2026,495,-1,2026
417401443,496,-1,2026,496,-1,2026
417396682,497,12,2026,497,12,2026
417399162,498,1,2025,498,1,2025
417424530,499,27,2026,499,27,2026
417424531,500,-1,2026,500,-1,2026
417440830,501,13,2025,501,13,2025
417463970,502,2,2026,502,2,2026
417324786,503,5,2025,503,5,2025
417324885,504,-1,2025,504,-1,2025
396050502,505,-1,2025,505,-1,2025
417326554,506,-1,2025,506,-1,2025
417326808,507,-1,2025,507,-1,2025
417345591,509,-1,2025,509,-1,2025
417475521,510,33,2026,510,33,2026
417475712,511,-1,2026,511,-1,2026
375013684,512,0,2023,512,0,2023
382257361,513,19,2023,513,19,2023
412433884,514,1,2025,514,1,2025
415730364,515,19,2026,515,19,2026
417257919,516,1,2026,516,1,2026
417256521,517,5,2026,517,5,2026
417258408,518,5,2026,518,5,2026
417258744,519,1,2026,519,1,2026
417259519,520,28,2026,520,28,2026
417260423,521,13,2026,521,13,2026
417261875,522,16,2026,522,16,2026
417271894,523,3,2026,523,3,2026
417269104,524,15,2026,524,15,2026
417266377,526,33,2026,526,33,2026
417216614,528,27,2024,528,27,2024
417216036,529,1,2026,529,1,2026
417278262,532,-1,2025,532,-1,2025
417282304,533,41,2025,533,41,2025
417284609,534,51,2026,534,51,2026
417243777,535,46,2026,535,46,2026
417280389,536,12,2025,536,12,2025
341957638,537,0,2022,537,0,2022
417471324,538,0,2024,538,0,2024
380871661,539,0,2023,539,0,2023
413399012,540,-1,2025,540,-1,2025
413700335,541,5,2026,541,5,2026
417139509,542,-1,2025,542,-1,2025
417080227,543,12,2026,543,12,2026
417080728,544,5,2025,544,5,2025
417081249,545,1,2025,545,1,2025
417084546,546,1,2026,546,1,2026
417079922,547,1,2026,547,1,2026
417102770,550,40,2026,550,40,2026
417119300,551,33,2026,551,33,2026
417058088,552,6,2025,552,6,2025
417062642,553,44,2025,553,44,2025
417073199,554,6,2026,554,6,2026
417080249,555,17,2025,555,17,2025
417099611,556,17,2025,556,17,2025
417142762,557,32,2025,557,32,2025
417142827,558,32,2026,558,32,2026
417142915,559,32,2026,559,32,2026
417143008,560,63,2026,560,63,2026
417073296,561,17,2025,561,17,2025
417074689,562,17,2025,562,17,2025
417063669,563,35,2025,563,35,2025
417142588,564,24,2025,564,24,2025
417147523,565,11,2025,565,11,2025
417092277,566,12,2026,566,12,2026
417094117,567,13,2025,567,13,2025
417094805,568,13,2025,568,13,2025
417095011,569,-1,2025,569,-1,2025
417195667,570,8,2026,570,8,2026
417197957,571,2,2026,571,2,2026
392526731,572,-1,2025,572,-1,2025
417029778,573,-1,2025,573,-1,2025
417018025,574,2,2025,610,2,2024
417041176,575,71,2025,575,71,2025
382551126,576,0,2022,576,0,2022
410669984,577,68,2025,577,68,2025
415127591,578,27,2026,578,27,2026
415265746,579,20,2026,579,20,2026
416970788,580,2,2026,580,2,2026
416968099,581,-1,2026,581,-1,2026
416969309,582,2,2026,582,2,2026
416970256,583,-1,2024,583,-1,2024
416983439,584,7,2025,584,7,2025
416971231,585,27,2026,585,27,2026
416910836,588,48,2026,588,48,2026
416982501,589,19,2025,589,19,2025
416953007,590,-1,2025,590,-1,2025
414863306,591,34,2025,591,34,2025
416858933,592,10,2026,592,10,2026
416859879,593,5,2026,593,5,2026
416857009,594,13,2026,594,13,2026
416857368,595,5,2026,595,5,2026
416857430,596,-1,2026,596,-1,2026
416834988,597,12,2026,597,12,2026
416846630,598,-1,2026,598,-1,2026
416847510,599,1,2025,599,1,2025
416855515,600,-1,2026,600,-1,2026
416797357,601,1,2025,601,1,2025
416798196,602,5,2025,602,5,2025
416798990,603,1,2026,603,1,2026
416841323,605,26,2026,605,26,2026
416840406,606,-1,2026,606,-1,2026
416831414,607,0,2025,607,0,2025
416878070,608,-1,2024,608,-1,2024
416874820,609,8,2026,609,8,2026
417202034,611,10,2025,611,10,2025
411467986,612,1,2025,612,1,2025
412289867,613,-1,2025,613,-1,2025
414339343,614,47,2026,614,47,2026
414774116,615,9,2026,615,9,2026
416726573,616,-1,2026,616,-1,2026
416726937,617,39,2026,617,39,2026
416723910,618,1,2026,618,1,2026
416726499,619,19,2026,619,19,2026
416727146,620,17,2026,620,17,2026
416630486,621,0,2026,621,0,2026
416663065,622,66,2025,622,66,2025
416716965,623,15,2026,623,15,2026
416718593,624,-1,2026,624,-1,2026
416650093,625,15,2025,625,15,2025
416677617,626,17,2025,626,17,2025
416670904,627,-1,2025,627,-1,2025
416629406,628,-1,2025,628,-1,2025
416654043,629,0,2025,629,0,2025
416621081,630,-1,2024,630,-1,2024
368180033,631,41,2022,631,41,2022
370821898,632,0,2023,632,0,2023
373554635,633,33,2023,633,33,2023
401685695,634,20,2025,634,20,2025
411324885,635,1,2025,635,1,2025
413699857,636,5,2026,636,5,2026
414651458,637,33,2026,637,33,2026
416542386,638,1,2026,638,1,2026
416542643,639,-1,2026,639,-1,2026
416481451,640,46,2023,640,46,2023
416484449,641,-1,2025,641,-1,2025
416486606,642,10,2025,642,10,2025
416489212,643,6,2026,643,6,2026
416499777,644,65,2026,644,65,2026
416541089,645,7,2026,645,7,2026
416547394,646,5,2025,646,5,2025
416481526,647,-1,2025,647,-1,2025
416484883,648,53,2025,648,53,2025
416467752,649,36,2025,649,36,2025
416465228,650,0,2024,650,0,2024
416464051,651,8,2025,651,8,2025
416462665,652,5,2026,652,5,2026
416461515,653,8,2026,653,8,2026
416449520,654,36,2025,654,36,2025
416447201,655,-1,2025,655,-1,2025
410486500,656,-1,2024,656,-1,2024
403111581,658,-1,2025,658,-1,2025
405433006,659,27,2025,659,27,2025
413700197,660,-1,2026,660,-1,2026
414018483,661,0,2026,661,0,2026
414664113,662,-1,2026,662,-1,2026
414916993,663,6,2026,663,6,2026
416336665,664,2,2026,664,2,2026
416347176,665,24,2026,665,24,2026
416385287,667,9,2026,667,9,2026
416386514,668,1,2024,668,1,2024
416386800,669,-1,2025,669,-1,2025
416387658,670,5,2026,670,5,2026
416387946,671,1,2026,671,1,2026
416388156,672,-1,2026,672,-1,2026
416386997,673,1,2026,673,1,2026
416403590,674,19,2025,674,19,2025
416314918,675,27,2025,675,27,2025
416345608,676,5,2025,676,5,2025
416345698,677,1,2026,677,1,2026
416350123,678,44,2025,678,44,2025
416346403,679,3,2025,679,3,2025
416350817,680,1,2025,680,1,2025
416352840,681,-1,2026,681,-1,2026
416356725,682,3,2025,682,3,2025
416355601,683,20,2026,683,20,2026
416391663,684,-1,2025,684,-1,2025
416310391,685,-1,2026,685,-1,2026
416376020,686,0,2026,686,0,2026
416373776,687,24,2025,687,24,2025
416364546,688,0,2025,688,0,2025
416299040,689,-1,2025,689,-1,2025
409462851,690,75,2025,690,75,2025
373389730,691,0,2023,691,0,2023
378531806,692,-1,2023,692,-1,2023
378451281,693,40,2022,693,40,2022
407604610,694,7,2025,694,7,2025
414910013,695,5,2026,695,5,2026
416185411,696,-1,2025,696,-1,2025
416185614,697,-1,2026,697,-1,2026
416185862,698,8,2026,698,8,2026
416189043,699,-1,2026,699,-1,2026
416206517,700,0,2025,700,0,2025
416206621,701,6,2026,701,6,2026
416206966,702,9,2026,702,9,2026
416207573,703,-1,2025,703,-1,2025
416189052,704,-1,2025,704,-1,2025
416189514,705,6,2026,705,6,2026
416138323,706,57,2025,706,57,2025
416167792,707,30,2025,707,30,2025
416190823,708,15,2025,708,15,2025
416152566,709,21,2026,709,21,2026
416183674,710,0,2025,710,0,2025
416205166,711,0,2025,711,0,2025
416280105,712,15,2026,712,15,2026
416280654,713,-1,2026,713,-1,2026
416281207,714,-1,2026,714,-1,2026
416281851,715,2,2026,715,2,2026
416106918,716,-1,2024,716,-1,2024
350322328,718,7,2021,718,7,2021
412902619,719,1,2025,719,1,2025
416027469,720,5,2025,720,5,2025
416024138,721,-1,2025,721,-1,2025
416025431,722,21,2026,722,21,2026
416026502,723,-1,2026,723,-1,2026
416028106,724,10,2026,724,10,2026
416029448,725,17,2025,725,17,2025
416044307,726,7,2025,726,7,2025
415981508,727,66,2025,727,66,2025
416058875,728,66,2026,728,66,2026
415985902,729,5,2025,729,5,2025
415988520,730,-1,2026,730,-1,2026
415988630,731,6,2026,731,6,2026
415988680,732,-1,2026,732,-1,2026
415988229,733,38,2025,733,38,2025
415990766,734,-1,2025,734,-1,2025
416049249,735,17,2025,735,17,2025
415986545,736,-1,2025,736,-1,2025
416057662,737,-1,2025,737,-1,2025
416291991,738,6,2024,738,6,2024
344976132,739,26,2018,739,26,2018
414205327,740,32,2026,740,32,2026
415927629,741,36,2025,741,36,2025
415821972,742,-1,2026,742,-1,2026
415821313,743,5,2026,743,5,2026
415823094,744,48,2025,744,48,2025
415844430,748,-1,2026,748,-1,2026
415888285,749,42,2025,749,42,2025
415892395,750,51,2025,750,51,2025
415863494,751,52,2025,751,52,2025
415870963,752,-1,2025,752,-1,2025
415889401,753,0,2025,753,0,2025
415829053,754,18,2025,754,18,2025
415904766,755,12,2025,755,12,2025
415947808,756,8,2025,756,8,2025
415948413,757,-1,2026,757,-1,2026
415948488,758,8,2026,758,8,2026
415804364,759,15,2024,759,15,2024
394170381,760,37,2025,1691,37,2024
346254836,761,-1,2019,761,-1,2019
415957094,763,-1,2025,763,-1,2025
401285955,764,1,2025,764,1,2025
410868658,765,32,2025,765,32,2025
411321406,766,1,2025,766,1,2025
411474829,767,6,2025,767,6,2025
411863574,768,5,2025,768,5,2025
412196921,769,-1,2025,769,-1,2025
413341681,770,57,2026,770,57,2026
413699049,771,57,2026,771,57,2026
415710650,772,40,2026,772,40,2026
415712846,773,1,2025,773,1,2025
415713396,774,1,2025,774,1,2025
415714391,775,-1,2026,775,-1,2026
415714640,776,-1,2026,776,-1,2026
415761377,778,-1,2025,778,-1,2025
415762383,779,-1,2025,779,-1,2025
415670770,780,15,2025,780,15,2025
415672518,781,15,2025,781,15,2025
415760162,782,56,2025,782,56,2025
415758805,783,41,2025,783,41,2025
415667473,784,-1,2025,784,-1,2025
415687803,785,0,2025,785,0,2025
402578983,786,-1,2025,2591,-1,2025
364972293,787,50,2021,787,50,2021
375589891,788,-1,2023,788,-1,2023
378244331,789,65,2023,789,65,2023
405928126,790,-1,2025,790,-1,2025
407771921,791,17,2025,791,17,2025
409201541,792,-1,2025,792,-1,2025
411187115,793,17,2025,793,17,2025
411357813,794,6,2025,794,6,2025
413428911,795,26,2026,795,26,2026
413699812,796,47,2026,796,47,2026
414018799,797,1,2026,797,1,2026
414517649,798,44,2026,798,44,2026
415544323,799,36,2025,799,36,2025
415559808,800,-1,2026,800,-1,2026
415557338,801,6,2025,801,6,2025
415558928,802,3,2025,802,3,2025
415558988,803,1,2025,803,1,2025
415559419,804,3,2026,804,3,2026
415560848,806,17,2026,806,17,2026
415557815,807,13,2026,807,13,2026
415576767,808,37,2026,808,37,2026
415506857,809,66,2025,809,66,2025
415588208,810,-1,2025,810,-1,2025
415588507,811,-1,2026,811,-1,2026
415504108,812,3,2025,812,3,2025
415570912,813,5,2025,813,5,2025
415604374,815,-1,2025,815,-1,2025
415609901,816,56,2025,816,56,2025
415574544,817,52,2026,817,52,2026
415501753,818,4,2025,818,4,2025
415503114,819,-1,2025,819,-1,2025
415503566,820,0,2025,820,0,2025
415636197,821,8,2026,821,8,2026
415640308,822,-1,2026,822,-1,2026
386088001,823,36,2024,823,36,2024
412197363,824,5,2025,824,5,2025
412197372,825,57,2025,825,57,2025
413502486,826,57,2026,826,57,2026
413827724,827,6,2026,827,6,2026
415426631,828,0,2026,828,0,2026
415427663,829,10,2025,829,10,2025
415429731,830,-1,2026,830,-1,2026
415430187,831,19,2026,831,19,2026
415425796,832,5,2026,832,5,2026
415427541,833,49,2025,833,49,2025
415428050,834,-1,2026,834,-1,2026
415428128,835,47,2026,835,47,2026
415346681,836,30,2026,836,30,2026
415350288,838,3,2025,838,3,2025
415398381,839,35,2025,839,35,2025
415349749,840,-1,2025,840,-1,2025
415352816,841,11,2025,841,11,2025
410751455,842,30,2025,842,30,2025
411836919,843,47,2025,843,47,2025
411960037,844,17,2025,844,17,2025
412895712,845,1,2025,845,1,2025
413019269,846,1,2025,846,1,2025
413019302,847,10,2025,847,10,2025
415248056,848,5,2025,848,5,2025
415250645,849,1,2026,849,1,2026
415246758,850,2,2025,850,2,2025
415248757,851,10,2025,851,10,2025
415258187,852,0,2025,852,0,2025
415263899,853,0,2025,853,0,2025
415244887,854,-1,2026,854,-1,2026
415193129,856,17,2025,856,17,2025
415199341,857,74,2024,857,74,2024
415199722,858,33,2025,858,33,2025
415247992,860,2,2026,860,2,2026
415274188,861,33,2025,861,33,2025
415223801,862,-1,2025,862,-1,2025
415311909,863,48,2026,863,48,2026
415314125,864,21,2026,864,21,2026
415153631,865,-1,2024,865,-1,2024
415153650,866,-1,2025,866,-1,2025
415153934,867,38,2025,867,38,2025
415158971,868,21,2025,868,21,2025
392964767,869,-1,2024,3317,-1,2023
415183134,870,70,2025,870,70,2025
415330307,871,17,2025,871,17,2025
415330300,872,-1,2025,872,-1,2025
415330308,873,17,2025,873,17,2025
415330324,874,-1,2025,874,-1,2025
360649947,875,43,2022,875,43,2022
406618533,876,6,2025,876,6,2025
408504428,877,1,2025,877,1,2025
409899327,878,10,2025,878,10,2025
412749852,879,1,2025,879,1,2025
412933699,880,49,2025,880,49,2025
413433441,881,2,2025,881,2,2025
413856185,882,1,2026,882,1,2026
415085426,883,66,2025,883,66,2025
415102133,884,4,2026,884,4,2026
415097598,885,32,2026,885,32,2026
415099140,886,1,2025,886,1,2025
415102321,887,16,2025,887,16,2025
415121302,889,37,2025,889,37,2025
415121936,890,-1,2025,890,-1,2025
415010567,892,-1,2025,892,-1,2025
415012972,893,1,2026,893,1,2026
415048011,894,-1,2025,894,-1,2025
415051510,895,32,2025,895,32,2025
415052519,896,5,2025,896,5,2025
415059079,897,-1,2025,897,-1,2025
415056243,898,-1,2025,898,-1,2025
415064347,901,54,2025,901,54,2025
415065983,902,-1,2025,902,-1,2025
415067696,903,26,2026,903,26,2026
415123436,904,49,2025,904,49,2025
415029639,905,-1,2025,905,-1,2025
415072443,906,9,2026,906,9,2026
373757891,907,4,2022,907,4,2022
415327940,908,-1,2026,908,-1,2026
377052155,909,15,2023,909,15,2023
409269655,910,47,2025,910,47,2025
414911340,911,12,2025,911,12,2025
414915561,912,1,2026,912,1,2026
414924364,915,-1,2026,915,-1,2026
414969384,916,27,2025,916,27,2025
414921668,917,-1,2025,917,-1,2025
414925648,918,5,2025,918,5,2025
414930354,919,-1,2025,919,-1,2025
414930430,920,3,2025,920,3,2025
414930709,921,10,2025,921,10,2025
414947179,925,29,2024,925,29,2024
414960894,926,-1,2026,926,-1,2026
414954714,927,0,2025,927,0,2025
414979121,928,29,2024,928,29,2024
414977667,929,21,2026,929,21,2026
414977843,930,-1,2026,930,-1,2026
414580788,931,40,2024,931,40,2024
414852184,932,20,2024,932,20,2024
414867716,934,30,2024,934,30,2024
402355123,935,9,2025,935,9,2025
413072704,936,57,2025,936,57,2025
413262194,937,5,2025,937,5,2025
414756120,938,32,2025,938,32,2025
414757418,939,28,2025,939,28,2025
414755586,940,1,2025,940,1,2025
414756068,941,1,2025,941,1,2025
414756581,942,10,2026,942,10,2026
414757793,944,2,2025,944,2,2025
414759763,945,-1,2025,945,-1,2025
414768365,946,-1,2026,946,-1,2026
414774077,947,0,2026,947,0,2026
414774163,949,37,2026,949,37,2026
414763824,950,27,2025,950,27,2025
414805662,951,1,2025,951,1,2025
414808785,952,5,2025,952,5,2025
414810493,953,33,2025,953,33,2025
414810562,954,5,2025,954,5,2025
414813443,955,-1,2025,955,-1,2025
414813718,956,1,2025,956,1,2025
414776829,957,30,2025,957,30,2025
414786224,958,41,2025,958,41,2025
414738732,959,-1,2025,959,-1,2025
413342610,960,-1,2026,960,-1,2026
414622782,961,12,2026,961,12,2026
414620889,962,1,2025,962,1,2025
414626633,963,-1,2025,963,-1,2025
414626682,964,37,2026,964,37,2026
414680964,967,17,2025,967,17,2025
414611070,968,70,2026,968,70,2026
414588110,969,44,2025,969,44,2025
414588372,970,-1,2025,970,-1,2025
408375011,971,-1,2025,1877,-1,2024
374096977,973,-1,2023,973,-1,2023
395722745,974,5,2024,974,5,2024
414516047,975,35,2025,975,35,2025
414533102,977,0,2025,977,0,2025
414473095,978,-1,2025,978,-1,2025
414463979,979,56,2025,979,56,2025
414472005,980,-1,2024,980,-1,2024
414478792,981,-1,2025,981,-1,2025
378512455,982,2,2023,982,2,2023
378531716,983,3,2023,983,3,2023
408200617,984,17,2025,984,17,2025
408648437,985,20,2025,985,20,2025
409894896,986,38,2025,986,38,2025
410679756,987,5,2025,987,5,2025
411722901,988,7,2025,988,7,2025
414368226,989,32,2025,989,32,2025
414367683,990,-1,2026,990,-1,2026
414367878,991,1,2026,991,1,2026
414370405,993,-1,2025,993,-1,2025
414383667,994,0,2026,994,0,2026
414432409,995,5,2026,995,5,2026
414355625,997,-1,2025,997,-1,2025
414393551,998,13,2025,998,13,2025
414393606,999,-1,2025,999,-1,2025
414332611,1000,0,2025,1000,0,2025
414332693,1001,13,2025,1001,13,2025
414294504,1002,-1,2025,1002,-1,2025
414294729,1003,-1,2025,1003,-1,2025
406169790,1004,-1,2024,1584,-1,2024
393403734,1005,2,2024,1005,2,2024
376588647,1006,0,2023,1006,0,2023
406926944,1007,28,2025,1007,28,2025
410682039,1008,6,2025,1008,6,2025
414201552,1009,1,2025,1009,1,2025
414200883,1011,3,2026,1011,3,2026
414205122,1012,-1,2025,1012,-1,2025
414205267,1013,32,2025,1013,32,2025
414218845,1015,2,2025,1015,2,2025
414218502,1016,38,2025,1016,38,2025
414202313,1017,5,2025,1017,5,2025
414222685,1018,44,2025,1018,44,2025
414162294,1019,-1,2025,1019,-1,2025
414186470,1020,37,2025,1020,37,2025
414147828,1021,11,2024,1021,11,2024
388166941,1022,-1,2023,1022,-1,2023
414137398,1023,22,2026,1023,22,2026
414137898,1024,21,2026,1024,21,2026
KZ20240953120241108,1025,71,2024,1025,71,2024
414093652,1026,-1,2025,1026,-1,2025
393042140,1027,-1,2024,1027,-1,2024
414088841,1028,-1,2022,1028,-1,2022
367163459,1029,27,2022,1029,27,2022
376589949,1030,0,2023,1030,0,2023
411030479,1031,1,2025,1031,1,2025
412917545,1032,0,2025,1032,0,2025
414020453,1034,1,2025,1034,1,2025
414021101,1035,1,2025,1035,1,2025
414018735,1036,-1,2025,1036,-1,2025
414036442,1037,6,2025,1037,6,2025
414015261,1039,-1,2025,1039,-1,2025
413981710,1040,44,2026,1040,44,2026
371151170,1041,22,2022,1041,22,2022
414081738,1042,38,2024,1042,38,2024
311984756,1043,11,2020,5890,0,2019
408655033,1044,68,2025,1044,68,2025
410056399,1045,1,2025,1045,1,2025
410056751,1046,27,2025,1046,27,2025
410743853,1047,5,2025,1047,5,2025
411030844,1048,32,2025,1048,32,2025
411356755,1049,27,2025,1049,27,2025
412136641,1050,1,2025,1050,1,2025
413834055,1051,-1,2025,1051,-1,2025
413851687,1052,-1,2025,1052,-1,2025
413851954,1053,-1,2025,1053,-1,2025
413853338,1054,1,2025,1054,1,2025
413855052,1055,1,2025,1055,1,2025
413855413,1056,6,2025,1056,6,2025
413852714,1058,-1,2026,1058,-1,2026
413876629,1059,9,2025,1059,9,2025
413885993,1060,52,2025,1060,52,2025
413889149,1061,-1,2025,1061,-1,2025
413918175,1062,2,2025,1062,2,2025
413826851,1063,-1,2025,1063,-1,2025
413832731,1065,3,2025,1065,3,2025
413920257,1066,6,2025,1066,6,2025
413917927,1067,26,2025,1067,26,2025
413918004,1068,26,2025,1068,26,2025
413844086,1069,-1,2025,1069,-1,2025
413832442,1070,-1,2025,1070,-1,2025
413895491,1071,49,2025,1071,49,2025
413817969,1072,21,2025,1072,21,2025
413804563,1073,38,2025,1073,38,2025
392636222,1074,74,2023,1074,74,2023
392643385,1075,25,2024,1075,25,2024
378760349,1076,0,2023,1076,0,2023
410743964,1077,-1,2025,1077,-1,2025
411719886,1078,-1,2025,1078,-1,2025
413695234,1079,12,2025,1079,12,2025
413696359,1080,10,2025,1080,10,2025
413696962,1081,38,2025,1081,38,2025
413699464,1082,10,2026,1082,10,2026
413699510,1083,1,2026,1083,1,2026
413700396,1086,0,2025,1086,0,2025
413700445,1087,0,2026,1087,0,2026
413698678,1088,-1,2025,1088,-1,2025
413698740,1089,-1,2025,1089,-1,2025
413651888,1092,20,2024,1092,20,2024
413670185,1093,33,2026,1093,33,2026
413671746,1094,15,2025,1094,15,2025
413710426,1095,35,2024,1095,35,2024
413654126,1096,5,2025,1096,5,2025
403081238,1097,5,2025,1097,5,2025
409204148,1098,-1,2025,1098,-1,2025
411177286,1099,28,2025,1099,28,2025
413541154,1100,39,2025,1100,39,2025
413501768,1101,-1,2025,1101,-1,2025
413500376,1102,-1,2025,1102,-1,2025
413500432,1103,2,2025,1103,2,2025
413500517,1104,27,2025,1104,27,2025
413500544,1105,5,2025,1105,5,2025
413501663,1106,71,2025,1106,71,2025
413502072,1107,-1,2025,1107,-1,2025
413501054,1109,10,2026,1109,10,2026
413501351,1110,-1,2025,1110,-1,2025
413501480,1111,4,2025,1111,4,2025
413501811,1112,4,2025,1112,4,2025
413502377,1113,13,2025,1113,13,2025
413503260,1114,-1,2025,1114,-1,2025
413507890,1115,0,2025,1115,0,2025
413515277,1116,0,2025,1116,0,2025
413496372,1117,10,2025,1117,10,2025
413530088,1118,2,2026,1118,2,2026
413529270,1119,3,2025,1119,3,2025
413529583,1121,5,2025,1121,5,2025
413553928,1122,15,2025,1122,15,2025
413569609,1123,-1,2025,1123,-1,2025
413597354,1126,-1,2024,1126,-1,2024
413610321,1127,-1,2025,1127,-1,2025
413627894,1128,1,2026,1128,1,2026
413386599,1129,-1,2025,1129,-1,2025
413484463,1130,8,2024,1130,8,2024
391085249,1131,9,2025,3315,9,2024
392640109,1132,-1,2023,1132,-1,2023
365821883,1133,-1,2021,1133,-1,2021
368714088,1134,-1,2022,1134,-1,2022
399940653,1135,44,2024,1135,44,2024
400062868,1136,35,2024,1136,35,2024
404659190,1137,1,2025,1137,1,2025
409201560,1138,5,2025,1138,5,2025
410086445,1139,6,2025,1139,6,2025
411842144,1140,57,2025,1140,57,2025
413342056,1141,9,2025,1141,9,2025
413342088,1142,-1,2025,1142,-1,2025
413342257,1143,4,2025,1143,4,2025
413342442,1144,15,2025,1144,15,2025
413342520,1145,-1,2025,1145,-1,2025
413343152,1146,57,2025,1146,57,2025
413342109,1148,-1,2025,1148,-1,2025
413349860,1150,9,2025,1150,9,2025
413397383,1151,3,2025,1151,3,2025
413399563,1153,-1,2025,1153,-1,2025
413399579,1154,-1,2025,1154,-1,2025
413399615,1155,-1,2025,1155,-1,2025
413399786,1156,38,2025,1156,38,2025
413433380,1158,2,2025,1158,2,2025
413437137,1160,-1,2025,1160,-1,2025
413374654,1161,9,2025,1161,9,2025
398907952,1162,4,2025,1162,4,2025
412742750,1163,-1,2024,1163,-1,2024
398138781,1164,-1,2023,1164,-1,2023
376928198,1165,45,2022,1165,45,2022
405510638,1166,3,2025,1166,3,2025
409640717,1167,27,2025,1167,27,2025
409896632,1168,-1,2025,1168,-1,2025
410090204,1169,5,2025,1169,5,2025
411009837,1170,5,2025,1170,5,2025
413259427,1171,35,2025,1171,35,2025
413259550,1172,-1,2025,1172,-1,2025
413259658,1173,-1,2025,1173,-1,2025
413260926,1174,-1,2025,1174,-1,2025
413264761,1176,19,2025,1176,19,2025
413259610,1177,12,2025,1177,12,2025
413272540,1178,3,2025,1178,3,2025
413302270,1179,1,2025,1179,1,2025
413205956,1180,-1,2025,1180,-1,2025
413209732,1181,-1,2025,1181,-1,2025
413209886,1182,33,2025,1182,33,2025
413219887,1183,2,2025,1183,2,2025
413267290,1184,42,2025,1184,42,2025
413267689,1185,5,2025,1185,5,2025
413212259,1186,2,2025,1186,2,2025
413273680,1187,-1,2025,1187,-1,2025
413198036,1188,0,2025,1188,0,2025
413324512,1189,-1,2025,1189,-1,2025
413325951,1190,8,2025,1190,8,2025
413326112,1191,-1,2026,1191,-1,2026
413327606,1192,19,2026,1192,19,2026
413170182,1193,9,2025,1193,9,2025
390770394,1194,14,2025,3447,14,2024
413184157,1195,9,2025,1195,9,2025
413185085,1196,38,2025,1196,38,2025
334121355,1197,-1,2020,1197,-1,2020
394204818,1198,28,2024,1198,28,2024
403114305,1200,15,2025,1200,15,2025
409502447,1201,33,2025,1201,33,2025
410689834,1202,65,2025,1202,65,2025
413073213,1203,5,2025,1203,5,2025
413074685,1204,-1,2025,1204,-1,2025
413075014,1205,1,2025,1205,1,2025
413073929,1208,0,2025,1208,0,2025
413079953,1209,16,2025,1209,16,2025
413018438,1210,15,2025,1210,15,2025
413021237,1213,10,2025,1213,10,2025
413021424,1214,27,2025,1214,27,2025
413019459,1215,1,2025,1215,1,2025
413067717,1216,-1,2025,1216,-1,2025
413085922,1217,26,2025,1217,26,2025
413044681,1218,-1,2025,1218,-1,2025
413112744,1219,13,2025,1219,13,2025
413090260,1220,18,2025,1220,18,2025
409042719,1221,4,2025,1221,4,2025
412894966,1222,-1,2025,1222,-1,2025
412895587,1223,10,2025,1223,10,2025
412895927,1224,5,2025,1224,5,2025
412896970,1225,-1,2025,1225,-1,2025
412894862,1226,65,2025,1226,65,2025
412895300,1227,28,2025,1227,28,2025
412897352,1229,20,2025,1229,20,2025
412892028,1231,12,2025,1231,12,2025
412917419,1232,9,2025,1232,9,2025
412917492,1233,9,2025,1233,9,2025
412895737,1235,38,2025,1235,38,2025
412944699,1237,-1,2025,1237,-1,2025
412944805,1238,3,2025,1238,3,2025
412857250,1239,5,2025,1239,5,2025
412890274,1241,35,2025,1241,35,2025
412878927,1244,2,2025,1244,2,2025
412883290,1245,-1,2025,1245,-1,2025
412978479,1246,-1,2025,1246,-1,2025
412703574,1247,57,2024,1247,57,2024
414120939,1248,-1,2025,1248,-1,2025
414124654,1249,-1,2025,1249,-1,2025
TR202401384320241013,1250,14,2024,1250,14,2024
373435618,1251,0,2023,1251,0,2023
409042762,1252,4,2025,1252,4,2025
412750910,1253,-1,2025,1253,-1,2025
412751436,1254,-1,2025,1254,-1,2025
412750021,1256,4,2025,1256,4,2025
412754365,1257,30,2025,1257,30,2025
309544188,1258,-1,2019,1258,-1,2019
413013775,1259,-1,2025,1259,-1,2025
399872098,1260,16,2024,1260,16,2024
412698224,1261,13,2025,1261,13,2025
412703444,1262,-1,2025,1262,-1,2025
412706214,1264,10,2025,1264,10,2025
412702614,1266,-1,2025,1266,-1,2025
412703845,1267,19,2025,1267,19,2025
412628335,1268,7,2025,1268,7,2025
412630251,1269,9,2025,1269,9,2025
412709259,1270,10,2025,1270,10,2025
412711975,1271,5,2025,1271,5,2025
412619782,1272,32,2025,1272,32,2025
412622191,1273,50,2024,1273,50,2024
412647759,1274,36,2025,1274,36,2025
412641800,1275,-1,2025,1275,-1,2025
412639033,1276,13,2025,1276,13,2025
412731414,1277,39,2024,1277,39,2024
393437895,1278,56,2024,3258,56,2024
387874976,1279,56,2024,3474,56,2024
412599827,1280,32,2024,1280,32,2024
406624909,1281,-1,2025,1281,-1,2025
412542644,1282,36,2025,1282,36,2025
412546110,1283,0,2025,1283,0,2025
412540528,1284,-1,2025,1284,-1,2025
412540848,1285,9,2025,1285,9,2025
412540906,1286,9,2025,1286,9,2025
412544944,1287,6,2025,1287,6,2025
412541717,1288,12,2025,1288,12,2025
412482558,1289,15,2025,1289,15,2025
412492824,1290,16,2024,1290,16,2024
412431944,1291,44,2025,1291,44,2025
412432104,1292,15,2025,1292,15,2025
412471992,1294,27,2025,1294,27,2025
412465965,1295,-1,2025,1295,-1,2025
412474262,1296,0,2025,1296,0,2025
397178732,1298,1,2024,1298,1,2024
410248722,1299,-1,2025,1299,-1,2025
412314572,1300,5,2025,1300,5,2025
412320313,1302,9,2025,1302,9,2025
412316502,1303,-1,2025,1303,-1,2025
412343258,1304,9,2024,1304,9,2024
412266315,1305,66,2025,1305,66,2025
412280851,1306,40,2025,1306,40,2025
412286513,1307,-1,2025,1307,-1,2025
412297788,1311,32,2025,1311,32,2025
412316017,1312,2,2025,1312,2,2025
412329536,1313,64,2025,1313,64,2025
412334025,1314,-1,2025,1314,-1,2025
412255250,1315,26,2025,1315,26,2025
412282373,1316,7,2024,1316,7,2024
412309894,1317,0,2025,1317,0,2025
412389896,1318,-1,2025,1318,-1,2025
394909243,1319,40,2025,2380,40,2023
412238671,1320,-1,2025,1320,-1,2025
412237048,1321,21,2025,1321,21,2025
412246430,1322,7,2025,1322,7,2025
412245935,1323,17,2025,1323,17,2025
392644211,1324,61,2024,1324,61,2024
395346802,1325,3,2024,1325,3,2024
403242971,1326,12,2025,1326,12,2025
407537009,1327,-1,2025,1327,-1,2025
408034870,1328,1,2025,1328,1,2025
408385974,1329,12,2025,1329,12,2025
409334183,1330,27,2025,1330,27,2025
409632885,1331,-1,2025,1331,-1,2025
412160207,1332,24,2025,1332,24,2025
412192972,1333,36,2025,1333,36,2025
412196901,1335,13,2025,1335,13,2025
412099719,1337,0,2025,1337,0,2025
412099750,1338,0,2025,1338,0,2025
412106880,1339,7,2025,1339,7,2025
412108222,1340,-1,2025,1340,-1,2025
412136722,1341,27,2025,1341,27,2025
412137827,1343,27,2024,1343,27,2024
412103816,1344,-1,2025,1344,-1,2025
348193542,1345,-1,2021,1345,-1,2021
398739111,1346,22,2023,1346,22,2023
376730473,1347,48,2023,1347,48,2023
404943008,1348,-1,2025,1348,-1,2025
407907140,1349,17,2025,1349,17,2025
409027998,1350,60,2025,1350,60,2025
409623384,1351,59,2025,1351,59,2025
411959830,1352,10,2025,1352,10,2025
411959901,1353,-1,2025,1353,-1,2025
411959930,1354,32,2025,1354,32,2025
411960001,1355,4,2025,1355,4,2025
411960138,1357,12,2025,1357,12,2025
411960162,1358,-1,2025,1358,-1,2025
412009723,1359,47,2025,1359,47,2025
412023228,1360,15,2025,1360,15,2025
412025067,1361,41,2025,1361,41,2025
412026736,1362,2,2025,1362,2,2025
412040649,1363,10,2025,1363,10,2025
411936521,1364,2,2025,1364,2,2025
411937678,1365,2,2025,1365,2,2025
411940726,1366,8,2025,1366,8,2025
411939252,1367,2,2025,1367,2,2025
411942319,1368,42,2025,1368,42,2025
411943061,1369,19,2025,1369,19,2025
411943070,1370,12,2025,1370,12,2025
411943343,1371,2,2025,1371,2,2025
411943841,1372,-1,2025,1372,-1,2025
412073249,1373,61,2024,1373,61,2024
412074839,1374,-1,2025,1374,-1,2025
404595018,1375,-1,2024,1375,-1,2024
384745963,1376,0,2023,1376,0,2023
375363009,1377,51,2023,1377,51,2023
411719731,1379,5,2025,1379,5,2025
411719756,1380,1,2025,1380,1,2025
411721003,1381,-1,2025,1381,-1,2025
411719778,1382,47,2025,1382,47,2025
411723151,1385,3,2025,1385,3,2025
411747078,1386,10,2025,1386,10,2025
411750525,1388,17,2025,1388,17,2025
411752747,1389,17,2025,1389,17,2025
411755717,1390,42,2025,1390,42,2025
375676375,1391,-1,2023,1391,-1,2023
411709285,1392,21,2025,1392,21,2025
395608773,1393,14,2024,1393,14,2024
397775367,1394,2,2024,1394,2,2024
405699688,1395,2,2025,1395,2,2025
407660995,1396,-1,2025,1396,-1,2025
409464243,1397,49,2025,1397,49,2025
409462781,1398,67,2025,1398,67,2025
411838085,1400,-1,2025,1400,-1,2025
411847523,1402,1,2025,1402,1,2025
411847556,1404,0,2025,1404,0,2025
411843681,1405,20,2025,1405,20,2025
411855416,1406,0,2025,1406,0,2025
411860278,1407,-1,2025,1407,-1,2025
411873817,1409,38,2025,1409,38,2025
411876601,1411,10,2025,1411,10,2025
411882276,1412,-1,2024,1412,-1,2024
411880501,1413,2,2025,1413,2,2025
411905159,1414,18,2025,1414,18,2025
411905332,1415,18,2025,1415,18,2025
411905444,1416,18,2025,1416,18,2025
298742547,1417,69,2024,5583,69,2019
411645265,1418,13,2024,1418,13,2024
VN120250811520251027,1419,-1,2025,1419,-1,2025
VN120250815420251028,1420,49,2025,1420,49,2025
368533389,1421,-1,2023,1421,-1,2023
405838400,1422,-1,2025,1422,-1,2025
408385923,1423,4,2025,1423,4,2025
411473983,1424,-1,2025,1424,-1,2025
411474544,1425,10,2025,1425,10,2025
411473630,1427,1,2025,1427,1,2025
411473792,1428,17,2025,1428,17,2025
411484458,1430,-1,2025,1430,-1,2025
411484570,1432,0,2025,1432,0,2025
411484677,1433,0,2025,1433,0,2025
411556449,1434,27,2025,1434,27,2025
411473561,1436,7,2025,1436,7,2025
411462530,1437,-1,2025,1437,-1,2025
411474375,1438,-1,2024,1438,-1,2024
411499440,1439,0,2025,1439,0,2025
411499579,1440,0,2025,1440,0,2025
330898570,1441,-1,2023,1441,-1,2023
TR202501903320251203,1442,-1,2025,1442,-1,2025
360423647,1443,-1,2022,1443,-1,2022
411322275,1445,12,2025,1445,12,2025
411325169,1447,-1,2025,1447,-1,2025
411349458,1448,30,2024,1448,30,2024
411354594,1449,27,2025,1449,27,2025
411432772,1453,52,2024,1453,52,2024
411433473,1454,8,2024,1454,8,2024
411428820,1455,20,2025,1455,20,2025
411428929,1456,-1,2025,1456,-1,2025
411431656,1457,70,2025,1457,70,2025
411432138,1458,28,2025,1458,28,2025
411273903,1460,-1,2025,1460,-1,2025
411273989,1461,22,2025,1461,22,2025
411274324,1462,-1,2025,1462,-1,2025
411274339,1463,-1,2025,1463,-1,2025
411292424,1464,-1,2025,1464,-1,2025
390179040,1465,19,2024,3476,-1,2024
411179127,1466,-1,2024,1479,0,2024
349507378,1467,-1,2022,1467,-1,2022
405603547,1468,66,2025,1468,66,2025
382006413,1469,-1,2023,1469,-1,2023
402054804,1470,-1,2025,1470,-1,2025
411172882,1471,32,2025,1471,32,2025
411173623,1473,10,2025,1473,10,2025
411175186,1474,5,2025,1474,5,2025
411175615,1475,6,2025,1475,6,2025
411176874,1476,-1,2025,1476,-1,2025
411178989,1478,19,2025,1478,19,2025
411197882,1480,7,2025,1480,7,2025
411201508,1481,3,2025,1481,3,2025
411201732,1482,0,2025,1482,0,2025
411201807,1483,9,2025,1483,9,2025
411181530,1485,6,2025,1485,6,2025
411224517,1487,-1,2025,1487,-1,2025
411158423,1488,7,2025,1488,7,2025
411162087,1489,2,2025,1489,2,2025
411193531,1490,43,2025,1490,43,2025
411216723,1491,2,2024,1491,2,2024
385042489,1492,-1,2023,1492,-1,2023
374660456,1493,12,2023,1493,12,2023
394722920,1494,9,2024,1494,9,2024
408037571,1495,72,2025,1495,72,2025
409502678,1496,-1,2025,1496,-1,2025
410963791,1497,48,2025,1497,48,2025
411029117,1498,-1,2025,1498,-1,2025
411029356,1499,32,2025,1499,32,2025
411029113,1502,-1,2025,1502,-1,2025
411081667,1503,-1,2025,1503,-1,2025
411033811,1505,2,2025,1505,2,2025
411000443,1506,15,2025,1506,15,2025
411077348,1507,-1,2025,1507,-1,2025
411108381,1508,29,2024,1508,29,2024
411104091,1509,38,2025,1509,38,2025
411107916,1510,-1,2025,1510,-1,2025
400666780,1511,-1,2024,2056,-1,2023
410933974,1512,25,2025,1512,25,2025
410935057,1513,-1,2025,1513,-1,2025
394340462,1515,2,2024,1515,2,2024
395383743,1516,9,2024,1516,9,2024
398057195,1517,-1,2024,1517,-1,2024
400268235,1518,-1,2024,1518,-1,2024
404814238,1519,13,2025,1519,13,2025
407537284,1520,-1,2025,1520,-1,2025
410867687,1521,1,2025,1521,1,2025
410867344,1523,12,2025,1523,12,2025
410882557,1524,-1,2025,1524,-1,2025
410875260,1526,-1,2024,1526,-1,2024
368859771,1527,6,2022,1527,6,2022
405404209,1528,-1,2025,1528,-1,2025
409606161,1529,-1,2025,1529,-1,2025
410743738,1530,-1,2025,1530,-1,2025
410744227,1531,-1,2025,1531,-1,2025
410742961,1532,1,2025,1532,1,2025
410744079,1535,27,2025,1535,27,2025
410650941,1537,-1,2025,1537,-1,2025
410651056,1538,27,2025,1538,27,2025
410683814,1541,6,2025,1541,6,2025
410684281,1542,7,2025,1542,7,2025
410688201,1545,0,2025,1545,0,2025
366090514,1547,-1,2023,1547,-1,2023
410628026,1548,-1,2025,1548,-1,2025
410647130,1549,22,2025,1549,22,2025
390489161,1550,0,2024,1550,0,2024
408853400,1551,5,2025,1551,5,2025
409334066,1552,6,2025,1552,6,2025
410584315,1553,72,2025,1553,72,2025
410585055,1554,-1,2025,1554,-1,2025
410506605,1555,52,2025,1555,52,2025
410533345,1556,5,2025,1556,5,2025
410514895,1557,-1,2025,1557,-1,2025
410515035,1558,-1,2025,1558,-1,2025
410515082,1559,-1,2025,1559,-1,2025
410515579,1560,2,2024,1560,2,2024
362543316,1563,7,2022,1563,7,2022
376448867,1564,-1,2022,1564,-1,2022
399872935,1565,46,2024,1565,46,2024
403634658,1566,0,2025,1566,0,2025
408810286,1567,7,2025,1567,7,2025
409203401,1568,5,2025,1568,5,2025
409202581,1569,32,2025,1569,32,2025
410350214,1570,0,2025,1570,0,2025
410431648,1571,6,2025,1571,6,2025
410432646,1572,1,2025,1572,1,2025
410434064,1573,5,2025,1573,5,2025
410402148,1574,-1,2025,1574,-1,2025
410373841,1575,-1,2025,1575,-1,2025
410360893,1576,12,2025,1576,12,2025
410471937,1577,29,2025,1577,29,2025
410471821,1578,28,2025,1578,28,2025
410476235,1579,28,2025,1579,28,2025
410480253,1580,21,2025,1580,21,2025
397418343,1581,40,2023,3010,40,2023
400714704,1583,21,2025,1583,21,2025
410322661,1585,21,2024,1585,21,2024
376573729,1587,-1,2025,4138,-1,2023
410314525,1588,29,2025,1588,29,2025
335685408,1590,-1,2021,1590,-1,2021
394023648,1591,-1,2024,1591,-1,2024
394033390,1592,-1,2024,1592,-1,2024
399040913,1593,10,2024,1593,10,2024
400504498,1594,47,2024,1594,47,2024
408232717,1595,-1,2025,1595,-1,2025
408715132,1596,-1,2025,1596,-1,2025
408715206,1597,33,2025,1597,33,2025
410238427,1598,-1,2025,1598,-1,2025
410248811,1600,-1,2025,1600,-1,2025
410226881,1601,6,2025,1601,6,2025
347682946,1602,22,2021,1602,22,2021
366861211,1603,7,2022,1603,7,2022
367977670,1604,0,2023,1604,0,2023
394857942,1605,-1,2024,1605,-1,2024
395919639,1606,0,2024,1606,0,2024
398405651,1607,-1,2024,1607,-1,2024
398574527,1608,12,2024,1608,12,2024
399508330,1609,3,2024,1609,3,2024
400972766,1610,-1,2024,1610,-1,2024
400968612,1611,11,2024,1611,11,2024
402803290,1612,9,2025,1612,9,2025
408034654,1613,13,2025,1613,13,2025
408923300,1614,-1,2025,1614,-1,2025
409041890,1615,30,2025,1615,30,2025
410053855,1616,2,2025,1616,2,2025
410054574,1617,6,2025,1617,6,2025
410055422,1618,1,2025,1618,1,2025
410054725,1620,-1,2025,1620,-1,2025
410055276,1621,-1,2025,1621,-1,2025
410067380,1622,0,2025,1622,0,2025
410109188,1626,5,2025,1626,5,2025
410083244,1627,49,2025,1627,49,2025
410081249,1628,72,2024,1628,72,2024
410083631,1629,9,2024,1629,9,2024
410112975,1630,16,2024,1630,16,2024
410487746,1632,-1,2025,1632,-1,2025
363503201,1635,-1,2022,1635,-1,2022
371880982,1636,7,2023,1636,7,2023
394032129,1637,0,2024,1637,0,2024
394032145,1638,0,2024,1638,0,2024
398615268,1639,10,2024,1639,10,2024
403812751,1640,10,2025,1640,10,2025
408232240,1641,33,2025,1641,33,2025
408823013,1642,2,2025,1642,2,2025
409895804,1643,-1,2025,1643,-1,2025
409899695,1646,-1,2025,1646,-1,2025
409906411,1647,-1,2025,1647,-1,2025
409917954,1648,9,2025,1648,9,2025
409966342,1649,6,2025,1649,6,2025
409967208,1650,3,2025,1650,3,2025
409966819,1651,52,2025,1651,52,2025
409972961,1652,7,2025,1652,7,2025
409897195,1653,5,2025,1653,5,2025
409908626,1654,3,2025,1654,3,2025
409939373,1655,21,2025,1655,21,2025
409946774,1656,50,2025,1656,50,2025
401616882,1658,-1,2025,1658,-1,2025
408034820,1659,17,2025,1659,17,2025
408055166,1660,6,2025,1660,6,2025
409748847,1661,10,2025,1661,10,2025
409771789,1662,0,2025,1662,0,2025
409771881,1663,0,2025,1663,0,2025
409771290,1664,3,2025,1664,3,2025
409791698,1665,16,2025,1665,16,2025
409754291,1666,-1,2025,1666,-1,2025
409444710,1668,2,2025,1668,2,2025
409714000,1669,17,2024,1669,17,2024
388497625,1670,23,2023,3570,23,2023
397042006,1672,67,2023,1672,67,2023
346447166,1673,-1,2021,1673,-1,2021
396981045,1674,1,2024,1674,1,2024
401286107,1675,52,2024,1675,52,2024
402054749,1676,-1,2025,1676,-1,2025
408034844,1677,1,2025,1677,1,2025
409603400,1678,-1,2022,1678,-1,2022
409606771,1679,-1,2025,1679,-1,2025
409604437,1680,-1,2025,1680,-1,2025
409647820,1685,6,2025,1685,6,2025
409624697,1686,-1,2024,1686,-1,2024
409660679,1687,-1,2025,1687,-1,2025
409593088,1688,0,2022,1688,0,2022
361642122,1689,-1,2022,1689,-1,2022
390992964,1690,-1,2024,1690,-1,2024
395365101,1692,10,2024,1692,10,2024
399388057,1693,-1,2024,1693,-1,2024
400254730,1694,0,2024,1694,0,2024
402212231,1695,40,2025,1695,40,2025
407336062,1696,37,2025,1696,37,2025
407910284,1697,37,2025,1697,37,2025
407910295,1698,37,2025,1698,37,2025
408034786,1699,1,2025,1699,1,2025
408037319,1700,0,2025,1700,0,2025
409533046,1701,24,2025,1701,24,2025
409464052,1702,-1,2022,1702,-1,2022
409464088,1703,-1,2022,1703,-1,2022
409463598,1707,5,2025,1707,5,2025
409465103,1709,-1,2025,1709,-1,2025
409478345,1710,-1,2025,1710,-1,2025
409500986,1711,6,2025,1711,6,2025
409503427,1714,2,2025,1714,2,2025
409543045,1715,28,2025,1715,28,2025
409463717,1716,10,2025,1716,10,2025
409475148,1717,7,2025,1717,7,2025
409494321,1718,2,2025,1718,2,2025
409477596,1719,2,2024,1719,2,2024
409500309,1720,0,2024,1720,0,2024
387872389,1721,-1,2024,1721,-1,2024
409151514,1722,0,2025,1765,0,2025
365685348,1723,-1,2021,1723,-1,2021
398908485,1724,6,2024,1724,6,2024
400746813,1725,-1,2024,1725,-1,2024
409409782,1726,8,2025,1726,8,2025
409333410,1727,3,2025,1727,3,2025
409334343,1730,2,2025,1730,2,2025
409339787,1731,-1,2025,1731,-1,2025
409359642,1732,33,2025,1732,33,2025
409383304,1733,50,2025,1733,50,2025
409341359,1735,13,2024,1735,13,2024
409346492,1736,52,2024,1736,52,2024
378161460,1737,-1,2023,1737,-1,2023
351514169,1738,-1,2023,1738,-1,2023
349505514,1739,50,2021,1739,50,2021
356972180,1740,74,2022,1740,74,2022
357403600,1741,20,2022,1741,20,2022
391425240,1742,23,2024,1742,23,2024
397557050,1743,35,2024,1743,35,2024
399944776,1744,3,2024,1744,3,2024
401781995,1745,-1,2025,1745,-1,2025
408055148,1746,6,2025,1746,6,2025
409196545,1747,66,2025,1747,66,2025
409203155,1748,-1,2025,1748,-1,2025
409201327,1750,-1,2025,1750,-1,2025
409202838,1754,30,2025,1754,30,2025
409204633,1756,72,2025,1756,72,2025
409210172,1757,9,2025,1757,9,2025
409256515,1758,3,2025,1758,3,2025
409259454,1759,3,2025,1759,3,2025
409268168,1761,-1,2025,1761,-1,2025
409183151,1762,-1,2025,1762,-1,2025
409254709,1763,-1,2024,1763,-1,2024
409583837,1764,-1,2024,1764,-1,2024
409155157,1766,21,2025,1766,21,2025
409176800,1767,21,2025,1767,21,2025
408885722,1768,6,2024,1768,6,2024
337672626,1769,0,2020,1769,0,2020
357685257,1770,40,2022,1770,40,2022
366517795,1771,53,2022,1771,53,2022
381840784,1772,-1,2023,1772,-1,2023
400812421,1773,6,2024,1773,6,2024
405718961,1774,7,2025,1774,7,2025
407508590,1775,-1,2025,1775,-1,2025
409023099,1776,-1,2025,1776,-1,2025
409044424,1778,-1,2025,1778,-1,2025
409042648,1779,4,2025,1779,4,2025
409051811,1782,0,2025,1782,0,2025
409066657,1783,-1,2025,1783,-1,2025
409074057,1784,18,2025,1784,18,2025
409005559,1785,2,2025,1785,2,2025
409043268,1787,0,2024,1787,0,2024
357020290,1788,0,2022,1788,0,2022
402209672,1789,3,2025,1789,3,2025
403222447,1790,1,2025,1790,1,2025
408957431,1791,0,2024,1791,0,2024
408964090,1792,12,2025,1792,12,2025
408938903,1794,9,2024,1794,9,2024
408938909,1795,9,2024,1795,9,2024
408982503,1796,70,2025,1796,70,2025
394694601,1798,28,2025,1798,28,2025
403542363,1799,69,2025,1799,69,2025
391083609,1800,6,2024,1800,6,2024
396425052,1801,1,2024,1801,1,2024
397681866,1802,6,2024,1802,6,2024
401275156,1803,-1,2025,1803,-1,2025
404528392,1804,0,2025,1804,0,2025
408853310,1805,5,2025,1805,5,2025
408853447,1807,-1,2025,1807,-1,2025
408853456,1808,8,2025,1808,8,2025
408855785,1809,45,2025,1809,45,2025
408856190,1810,0,2024,1810,0,2024
408809565,1812,6,2025,1812,6,2025
408829694,1814,26,2024,1814,26,2024
408843314,1815,39,2024,1815,39,2024
408849339,1816,0,2024,1816,0,2024
379795995,1817,-1,2023,1817,-1,2023
369794662,1818,3,2023,1818,3,2023
371584511,1819,20,2023,1819,20,2023
377100799,1820,74,2022,1820,74,2022
397751819,1821,1,2024,1821,1,2024
399938137,1822,6,2024,1822,6,2024
401110831,1823,-1,2025,1823,-1,2025
403671230,1824,-1,2025,1824,-1,2025
405922865,1825,59,2025,1825,59,2025
407325639,1826,65,2025,1826,65,2025
408714380,1827,36,2025,1827,36,2025
408714756,1828,-1,2025,1828,-1,2025
408715428,1829,10,2025,1829,10,2025
408715839,1830,1,2025,1830,1,2025
408715357,1833,5,2025,1833,5,2025
408720932,1834,9,2025,1834,9,2025
408637615,1835,16,2025,1835,16,2025
408640351,1836,6,2025,1836,6,2025
408640377,1837,3,2025,1837,3,2025
408623016,1840,21,2025,1840,21,2025
408623628,1841,2,2025,1841,2,2025
408623696,1842,-1,2025,1842,-1,2025
408597362,1843,42,2024,1843,42,2024
408598211,1844,2,2025,1844,2,2025
408598574,1845,42,2024,1845,42,2024
408614889,1846,-1,2025,1846,-1,2025
387487707,1848,-1,2023,1848,-1,2023
402044753,1849,3,2025,1849,3,2025
406519369,1850,5,2025,1850,5,2025
408499793,1851,60,2025,1851,60,2025
408504518,1853,10,2025,1853,10,2025
408504941,1854,0,2025,1854,0,2025
408506337,1855,-1,2025,1855,-1,2025
408519369,1856,-1,2025,1856,-1,2025
408553619,1857,52,2024,1857,52,2024
408566591,1858,-1,2024,1858,-1,2024
395722478,1859,55,2023,1859,55,2023
346498841,1860,57,2021,1860,57,2021
373379021,1861,50,2023,1861,50,2023
392526169,1862,39,2024,1862,39,2024
397086479,1863,73,2024,1863,73,2024
399167144,1864,-1,2024,1864,-1,2024
400769930,1865,1,2025,1865,1,2025
401668416,1866,5,2024,1866,5,2024
404684720,1867,-1,2025,1867,-1,2025
405433540,1868,17,2025,1868,17,2025
408386241,1869,2,2025,1869,2,2025
408392155,1872,66,2025,1872,66,2025
408395435,1873,66,2025,1873,66,2025
408405158,1874,-1,2025,1874,-1,2025
408411676,1876,21,2025,1876,21,2025
408374104,1878,-1,2025,1878,-1,2025
392721354,1879,25,2025,3328,25,2023
408337586,1880,29,2024,1880,29,2024
408340206,1881,-1,2025,1881,-1,2025
408340743,1882,-1,2025,1882,-1,2025
408365356,1883,-1,2025,1883,-1,2025
402339461,1884,17,2025,1884,17,2025
402580170,1885,-1,2025,1885,-1,2025
402759874,1886,47,2025,1886,47,2025
403057001,1887,57,2025,1887,57,2025
406365832,1888,6,2025,1888,6,2025
408200542,1889,-1,2025,1889,-1,2025
408200620,1891,13,2025,1891,13,2025
408209440,1892,24,2025,1892,24,2025
408219858,1893,-1,2025,1893,-1,2025
408231859,1894,-1,2025,1894,-1,2025
408264866,1897,4,2024,1897,4,2024
408286739,1898,18,2024,1898,18,2024
HK42024088022.920240229,1899,45,2024,1899,45,2024
368829309,1900,-1,2023,1900,-1,2023
408137478,1901,-1,2025,1901,-1,2025
376950739,1903,74,2023,1903,74,2023
408310133,1904,67,2025,1904,67,2025
347825374,1905,50,2021,1905,50,2021
371878040,1906,3,2023,1906,3,2023
386671006,1907,36,2024,1907,36,2024
393433879,1908,8,2024,1908,8,2024
394376576,1909,-1,2024,1909,-1,2024
399189461,1910,-1,2024,1910,-1,2024
408049700,1918,20,2025,1918,20,2025
408065095,1921,35,2025,1921,35,2025
408090356,1922,4,2024,1922,4,2024
374358983,1923,44,2023,3505,44,2023
366060300,1924,21,2021,1924,21,2021
325635112,1925,69,2024,3696,69,2019
373570074,1926,9,2023,1926,9,2023
388874250,1927,5,2024,1927,5,2024
399702094,1928,-1,2024,1928,-1,2024
402354865,1929,9,2025,1929,9,2025
405839205,1930,1,2025,1930,1,2025
406268790,1931,2,2025,1931,2,2025
406758727,1932,-1,2025,1932,-1,2025
407907252,1935,-1,2025,1935,-1,2025
407907387,1936,12,2025,1936,12,2025
407907513,1937,13,2025,1937,13,2025
407910311,1940,0,2025,1940,0,2025
407920833,1941,12,2025,1941,12,2025
407928855,1942,3,2025,1942,3,2025
407970378,1943,18,2024,1943,18,2024
407894148,1944,2,2025,1944,2,2025
407893500,1945,69,2025,1945,69,2025
407737845,1946,-1,2025,1946,-1,2025
404023923,1947,8,2025,2696,8,2024
396050004,1949,-1,2024,1949,-1,2024
397173837,1950,1,2024,1950,1,2024
398228278,1951,1,2024,1951,1,2024
398229797,1952,1,2024,1952,1,2024
406268242,1953,12,2025,1953,12,2025
406617211,1954,1,2025,1954,1,2025
407750846,1955,-1,2024,1955,-1,2024
407768814,1956,5,2025,1956,5,2025
407769151,1957,-1,2025,1957,-1,2025
407802820,1959,13,2024,1959,13,2024
407802579,1960,-1,2024,1960,-1,2024
407807834,1961,-1,2024,1961,-1,2024
320320920,1963,-1,2021,4011,27,2020
375602438,1964,0,2023,1964,0,2023
399700854,1965,17,2024,1965,17,2024
400779911,1966,-1,2025,1966,-1,2025
405428182,1967,-1,2025,1967,-1,2025
407610847,1968,5,2025,1968,5,2025
407610914,1969,12,2025,1969,12,2025
407611276,1970,-1,2025,1970,-1,2025
407623500,1971,-1,2025,1971,-1,2025
407623370,1972,-1,2025,1972,-1,2025
407609868,1975,44,2024,1975,44,2024
407610920,1976,-1,2024,1976,-1,2024
407720104,1977,-1,2025,1977,-1,2025
407720959,1978,-1,2025,1978,-1,2025
407721401,1979,2,2025,1979,2,2025
407572180,1980,-1,2024,1980,-1,2024
407576130,1981,-1,2023,1981,-1,2023
407575761,1982,42,2024,1982,42,2024
406368178,1984,19,2025,1984,19,2025
407536975,1985,15,2025,1985,15,2025
407543696,1988,12,2025,1988,12,2025
407473386,1989,12,2025,1989,12,2025
407463448,1991,-1,2024,1991,-1,2024
407471984,1992,0,2024,1992,0,2024
382006306,1993,-1,2023,1993,-1,2023
402221788,1995,-1,2025,1995,-1,2025
407310506,1996,0,2025,1996,0,2025
407325281,1998,-1,2025,1998,-1,2025
407325309,1999,12,2025,1999,12,2025
407325335,2000,-1,2025,2000,-1,2025
407335908,2001,-1,2025,2001,-1,2025
407335950,2002,0,2025,2002,0,2025
407372739,2004,33,2025,2004,33,2025
407287579,2005,3,2025,2005,3,2025
407296493,2006,6,2025,2006,6,2025
407297750,2007,10,2025,2007,10,2025
407304765,2008,15,2025,2008,15,2025
407343149,2009,-1,2025,2009,-1,2025
407284933,2010,-1,2024,2010,-1,2024
407285990,2011,-1,2024,2011,-1,2024
407284328,2012,3,2025,2012,3,2025
385901368,2013,48,2023,2013,48,2023
405261117,2014,48,2025,2014,48,2025
405689514,2015,-1,2025,2015,-1,2025
405647295,2016,-1,2025,2016,-1,2025
405803073,2017,5,2025,2017,5,2025
407224310,2018,2,2025,2018,2,2025
407167296,2019,16,2025,2019,16,2025
371714042,2020,22,2023,2020,22,2023
407158433,2021,-1,2024,2021,-1,2024
331183654,2022,-1,2021,2022,-1,2021
362873235,2023,6,2022,2023,6,2022
399880843,2024,1,2024,2024,1,2024
405839147,2025,17,2025,2025,17,2025
405943523,2026,27,2025,2026,27,2025
407074892,2027,-1,2025,2027,-1,2025
407075064,2028,32,2025,2028,32,2025
407075074,2029,-1,2025,2029,-1,2025
407074303,2030,5,2025,2030,5,2025
407074716,2031,13,2025,2031,13,2025
407074857,2032,36,2025,2032,36,2025
407074882,2033,0,2025,2033,0,2025
407078884,2034,30,2025,2034,30,2025
407097423,2035,12,2025,2035,12,2025
407099977,2036,-1,2025,2036,-1,2025
407027104,2037,-1,2025,2037,-1,2025
407027714,2038,1,2025,2038,1,2025
407076994,2039,0,2024,2039,0,2024
407116134,2040,18,2024,2040,18,2024
407120163,2041,16,2024,2041,16,2024
407122615,2042,-1,2024,2042,-1,2024
407136707,2043,2,2025,2043,2,2025
407137175,2044,-1,2025,2044,-1,2025
386539808,2045,-1,2024,2045,-1,2024
353638304,2046,5,2022,2046,5,2022
370850546,2047,54,2023,2047,54,2023
400913521,2048,4,2025,2048,4,2025
406925521,2049,24,2025,2049,24,2025
406891061,2050,65,2025,2050,65,2025
406894687,2051,52,2025,2051,52,2025
406914965,2052,12,2025,2052,12,2025
406913790,2054,9,2024,2054,9,2024
374861155,2055,-1,2022,2055,-1,2022
405585172,2057,-1,2025,2057,-1,2025
407141482,2058,43,2025,2058,43,2025
407142815,2059,43,2025,2059,43,2025
407146468,2060,28,2025,2060,28,2025
386412803,2061,8,2022,2061,8,2022
356020062,2062,26,2022,2062,26,2022
370834184,2063,5,2023,2063,5,2023
402940066,2064,-1,2024,2064,-1,2024
404140848,2065,-1,2025,2065,-1,2025
404350964,2066,-1,2025,2066,-1,2025
404504913,2067,44,2025,2067,44,2025
405697689,2068,4,2025,2068,4,2025
405647160,2069,1,2025,2069,1,2025
406802566,2070,0,2025,2070,0,2025
406827286,2071,36,2025,2071,36,2025
406828686,2072,9,2025,2072,9,2025
406831403,2073,-1,2025,2073,-1,2025
406832144,2074,17,2025,2074,17,2025
406834927,2075,13,2025,2075,13,2025
406838404,2076,7,2025,2076,7,2025
406815769,2078,39,2024,2078,39,2024
406835041,2079,16,2024,2079,16,2024
332254083,2080,0,2019,2080,0,2019
SG10202400267Q20240130,2081,-1,2024,2081,-1,2024
SG10202501938V20131112,2082,75,2013,2082,75,2013
383789845,2085,28,2024,2085,28,2024
385069436,2086,-1,2023,2086,-1,2023
374588285,2087,0,2023,2087,0,2023
378840034,2088,3,2023,2088,3,2023
398430195,2089,7,2024,2089,7,2024
403222070,2090,17,2025,2090,17,2025
403443965,2091,60,2025,2091,60,2025
404660176,2092,70,2025,2092,70,2025
406617577,2094,-1,2025,2094,-1,2025
406615061,2095,47,2025,2095,47,2025
406625335,2096,72,2025,2096,72,2025
406626319,2097,-1,2025,2097,-1,2025
406640853,2099,6,2025,2099,6,2025
406670913,2100,17,2025,2100,17,2025
406617053,2101,28,2025,2101,28,2025
406659451,2102,0,2024,2102,0,2024
368208352,2104,0,2022,2104,0,2022
370893930,2105,-1,2023,2105,-1,2023
402339246,2107,6,2025,2107,6,2025
406534862,2108,48,2025,2108,48,2025
406565937,2109,2,2025,2109,2,2025
406567216,2110,-1,2025,2110,-1,2025
406567603,2111,2,2025,2111,2,2025
406567772,2112,-1,2025,2112,-1,2025
406527189,2114,5,2025,2114,5,2025
406533947,2115,7,2025,2115,7,2025
406535087,2116,-1,2024,2116,-1,2024
406522610,2117,20,2025,2117,20,2025
406575987,2118,-1,2024,2118,-1,2024
406580941,2119,0,2024,2119,0,2024
406596457,2120,-1,2025,2120,-1,2025
406598095,2121,8,2025,2121,8,2025
406598859,2122,67,2025,2122,67,2025
388195914,2123,18,2023,2123,18,2023
406472981,2124,8,2025,2124,8,2025
406873399,2125,75,2025,2125,75,2025
365262824,2127,30,2022,2127,30,2022
369378431,2128,6,2021,2128,6,2021
372834006,2129,0,2023,2129,0,2023
403078599,2130,1,2025,2130,1,2025
404083922,2131,3,2025,2131,3,2025
406366226,2133,57,2025,2133,57,2025
406366788,2134,32,2025,2134,32,2025
406366883,2135,1,2025,2135,1,2025
406386004,2137,66,2025,2137,66,2025
406407896,2138,12,2025,2138,12,2025
406407947,2139,12,2025,2139,12,2025
406408022,2140,12,2025,2140,12,2025
406349640,2141,35,2025,2141,35,2025
406367179,2142,5,2025,2142,5,2025
406432337,2143,13,2024,2143,13,2024
383357856,2144,2,2023,2144,2,2023
392016229,2146,5,2024,2146,5,2024
393213864,2147,5,2024,2147,5,2024
406267055,2148,-1,2025,2148,-1,2025
406266740,2149,4,2025,2149,4,2025
406268684,2151,72,2025,2151,72,2025
406250551,2152,3,2025,2152,3,2025
406256784,2154,15,2024,2154,15,2024
406329057,2155,68,2025,2155,68,2025
310384912,2157,-1,2019,2157,-1,2019
305400118,2160,-1,2019,2160,-1,2019
384867555,2163,1,2024,2163,1,2024
406093585,2164,72,2025,2164,72,2025
406058904,2165,-1,2025,2165,-1,2025
406060537,2166,9,2025,2166,9,2025
406060701,2167,37,2025,2167,37,2025
406060982,2168,12,2025,2168,12,2025
406070719,2169,0,2025,2169,0,2025
406078388,2170,-1,2025,2170,-1,2025
406102060,2171,5,2025,2171,5,2025
406081205,2172,2,2025,2172,2,2025
406089548,2173,-1,2025,2173,-1,2025
406118696,2174,-1,2025,2174,-1,2025
406068406,2175,38,2025,2175,38,2025
406086967,2176,-1,2024,2176,-1,2024
406122887,2177,16,2024,2177,16,2024
376853893,2178,-1,2023,2178,-1,2023
MTPT483820250723,2179,-1,2025,2179,-1,2025
348958895,2180,41,2021,2180,41,2021
350946356,2181,2,2022,2181,2,2022
372882884,2182,1,2023,2182,1,2023
405961040,2184,1,2025,2184,1,2025
405961929,2185,-1,2025,2185,-1,2025
405962129,2186,6,2025,2186,6,2025
405957908,2187,1,2025,2187,1,2025
405960411,2188,19,2025,2188,19,2025
405973148,2189,9,2025,2189,9,2025
405990883,2190,33,2025,2190,33,2025
405991463,2191,16,2025,2191,16,2025
405942137,2192,3,2025,2192,3,2025
405836897,2196,2,2025,2196,2,2025
405838340,2197,6,2025,2197,6,2025
405838463,2199,-1,2025,2199,-1,2025
405840463,2202,-1,2025,2202,-1,2025
405786216,2203,0,2025,2203,0,2025
405790855,2204,61,2025,2204,61,2025
405784777,2206,-1,2025,2206,-1,2025
405803523,2207,9,2024,2207,9,2024
356092341,2209,26,2022,2209,26,2022
396231643,2210,32,2024,2210,32,2024
402071160,2211,10,2025,2211,10,2025
404660384,2212,17,2025,2212,17,2025
405695106,2213,10,2025,2213,10,2025
405696497,2214,-1,2025,2214,-1,2025
405697099,2215,1,2025,2215,1,2025
405699752,2217,49,2025,2217,49,2025
405696631,2218,5,2025,2218,5,2025
405700644,2220,-1,2025,2220,-1,2025
405693889,2223,9,2025,2223,9,2025
405649029,2224,6,2025,2224,6,2025
405650623,2227,61,2025,2227,61,2025
405688923,2229,5,2025,2229,5,2025
405698560,2230,12,2025,2230,12,2025
405638932,2231,65,2025,2231,65,2025
388506421,2232,0,2023,3552,9,2022
405758301,2234,28,2025,2234,28,2025
405759772,2235,-1,2025,2235,-1,2025
405759693,2236,-1,2025,2236,-1,2025
405605246,2237,0,2024,2237,0,2024
405605272,2238,2,2024,2238,2,2024
367684762,2240,62,2022,4513,62,2021
405586309,2242,-1,2024,2242,-1,2024
395295852,2243,-1,2023,2243,-1,2023
364506422,2244,18,2022,2244,18,2022
339891453,2245,-1,2021,2245,-1,2021
383821008,2246,35,2023,2246,35,2023
404206768,2247,-1,2025,2247,-1,2025
405555823,2248,-1,2025,2248,-1,2025
405501487,2249,5,2025,2249,5,2025
405504580,2250,7,2025,2250,7,2025
405539003,2251,15,2025,2251,15,2025
405509537,2252,6,2025,2252,6,2025
405550210,2254,0,2024,2254,0,2024
405496069,2255,7,2025,2255,7,2025
339355703,2256,26,2021,2256,26,2021
351256098,2257,-1,2022,2257,-1,2022
374852734,2258,1,2023,2258,1,2023
376928344,2259,40,2022,2259,40,2022
376928583,2260,40,2022,2260,40,2022
396732186,2261,17,2024,2261,17,2024
394024324,2262,10,2025,3227,10,2024
403312435,2263,4,2025,2263,4,2025
405432128,2265,1,2025,2265,1,2025
405429602,2268,13,2025,2268,13,2025
405356209,2269,-1,2025,2269,-1,2025
405372648,2271,-1,2025,2271,-1,2025
405372859,2272,3,2025,2272,3,2025
405375996,2273,1,2025,2273,1,2025
405375326,2274,6,2025,2274,6,2025
405375368,2275,52,2025,2275,52,2025
405400878,2276,48,2025,2276,48,2025
405391943,2278,49,2025,2278,49,2025
405417475,2279,-1,2024,2279,-1,2024
405478898,2280,-1,2025,2280,-1,2025
405479185,2281,2,2025,2281,2,2025
405481037,2282,17,2025,2282,17,2025
404722518,2283,60,2024,2283,60,2024
405032949,2284,-1,2025,2284,-1,2025
403570280,2285,-1,2023,2285,-1,2023
360250627,2286,10,2022,2286,10,2022
401274129,2287,17,2025,2287,17,2025
402223798,2288,10,2025,2288,10,2025
402578435,2289,12,2025,2289,12,2025
402880164,2290,7,2025,2290,7,2025
405260473,2291,1,2025,2291,1,2025
405261238,2292,1,2025,2292,1,2025
405262132,2293,17,2025,2293,17,2025
405270471,2295,0,2025,2295,0,2025
405270666,2296,52,2025,2296,52,2025
405249701,2297,16,2025,2297,16,2025
405265125,2298,1,2024,2298,1,2024
405222303,2299,1,2025,2299,1,2025
405290488,2300,0,2024,2300,0,2024
405273370,2301,36,2024,2301,36,2024
364049391,2302,9,2022,2302,9,2022
372883150,2303,1,2023,2303,1,2023
394559394,2304,-1,2024,2304,-1,2024
397468794,2305,52,2024,2305,52,2024
397699624,2306,41,2024,2306,41,2024
399701735,2307,-1,2024,2307,-1,2024
403062623,2308,6,2025,2308,6,2025
405099206,2309,-1,2025,2309,-1,2025
405097368,2310,-1,2025,2310,-1,2025
405102050,2311,3,2025,2311,3,2025
388835686,2313,-1,2023,2313,-1,2023
405114899,2314,0,2024,2314,0,2024
387810822,2315,-1,2025,3611,-1,2023
405186307,2316,8,2025,2316,8,2025
385126491,2317,-1,2024,2317,-1,2024
372633759,2318,15,2023,2318,15,2023
402608177,2319,35,2025,2319,35,2025
403210103,2320,35,2025,2320,35,2025
404899431,2321,-1,2025,2321,-1,2025
404941661,2322,-1,2024,2322,-1,2024
404943185,2324,1,2025,2324,1,2025
404942062,2325,-1,2025,2325,-1,2025
404942402,2326,5,2025,2326,5,2025
404943223,2327,20,2023,2327,20,2023
404943694,2328,-1,2025,2328,-1,2025
404957431,2329,64,2025,2329,64,2025
404957449,2330,37,2025,2330,37,2025
404957514,2331,9,2025,2331,9,2025
404950289,2332,-1,2025,2332,-1,2025
404934783,2333,1,2025,2333,1,2025
404943709,2334,38,2025,2334,38,2025
297547598,2335,48,2019,2335,48,2019
356518503,2336,-1,2022,2336,-1,2022
362038697,2337,-1,2021,2337,-1,2021
396732835,2338,5,2024,2338,5,2024
397297727,2339,33,2024,2339,33,2024
401682860,2340,7,2025,2340,7,2025
403065211,2341,3,2025,2341,3,2025
404811866,2342,5,2025,2342,5,2025
404814887,2344,4,2025,2344,4,2025
404817037,2345,48,2025,2345,48,2025
404817392,2346,-1,2025,2346,-1,2025
404830884,2347,-1,2024,2347,-1,2024
404820969,2348,15,2025,2348,15,2025
404769721,2349,8,2025,2349,8,2025
404772707,2350,6,2025,2350,6,2025
404778978,2351,3,2023,2351,3,2023
404799281,2352,-1,2025,2352,-1,2025
404809001,2353,30,2025,2353,30,2025
404766290,2354,27,2025,2354,27,2025
404755096,2356,2,2023,2356,2,2023
404753115,2357,-1,2025,2357,-1,2025
370415252,2361,52,2022,2361,52,2022
399186963,2362,-1,2025,2362,-1,2025
402599686,2363,9,2025,2363,9,2025
404618065,2364,-1,2025,2364,-1,2025
404658134,2365,-1,2025,2365,-1,2025
404658967,2366,32,2025,2366,32,2025
404660030,2367,5,2025,2367,5,2025
404662260,2370,13,2025,2370,13,2025
404436767,2371,7,2023,2371,7,2023
404635226,2373,-1,2025,2373,-1,2025
404665144,2375,-1,2025,2375,-1,2025
381624483,2376,-1,2023,2376,-1,2023
404880966,2377,-1,2023,2377,-1,2023
348011242,2378,-1,2021,2378,-1,2021
351135591,2379,-1,2022,2379,-1,2022
403084930,2381,17,2025,2381,17,2025
404504317,2382,5,2025,2382,5,2025
404503728,2384,0,2025,2384,0,2025
404509304,2385,-1,2025,2385,-1,2025
404528602,2387,0,2025,2387,0,2025
404515579,2389,12,2025,2389,12,2025
404527630,2390,-1,2025,2390,-1,2025
404530255,2391,20,2025,2391,20,2025
404482597,2392,-1,2025,2392,-1,2025
404483741,2393,27,2025,2393,27,2025
404482118,2394,3,2025,2394,3,2025
404512338,2395,20,2025,2395,20,2025
404512520,2396,13,2025,2396,13,2025
404539081,2397,0,2024,2397,0,2024
404486039,2398,12,2024,2398,12,2024
404451399,2399,2,2025,2399,2,2025
404451725,2400,0,2025,2400,0,2025
404451452,2401,2,2025,2401,2,2025
372078515,2402,8,2025,4333,8,2021
393386917,2403,62,2025,2403,62,2025
404448135,2404,-1,2025,2404,-1,2025
404604225,2405,2,2023,2405,2,2023
373636564,2406,-1,2023,2406,-1,2023
372276282,2407,-1,2022,2407,-1,2022
399700532,2408,32,2024,2408,32,2024
404351488,2410,-1,2025,2410,-1,2025
404354951,2411,2,2025,2411,2,2025
404381518,2412,2,2024,2412,2,2024
403869282,2413,-1,2024,2413,-1,2024
RU202412321820240813,2415,56,2024,2415,56,2024
388594954,2416,16,2024,2416,16,2024
389987699,2417,50,2024,2417,50,2024
400747247,2418,32,2024,2418,32,2024
402222967,2419,32,2025,2419,32,2025
402263878,2420,21,2025,2420,21,2025
404200567,2421,36,2025,2421,36,2025
404284839,2423,-1,2025,2423,-1,2025
404284842,2424,12,2025,2424,12,2025
404284845,2425,0,2025,2425,0,2025
404199904,2426,33,2025,2426,33,2025
404076677,2427,6,2025,2427,6,2025
404078894,2428,32,2025,2428,32,2025
404085120,2430,3,2025,2430,3,2025
404151941,2431,16,2024,2431,16,2024
367008164,2433,7,2022,2433,7,2022
371559475,2434,0,2023,2434,0,2023
396643124,2435,51,2024,2435,51,2024
398593764,2436,9,2025,2436,9,2025
399595289,2437,10,2024,2437,10,2024
401430048,2438,35,2025,2438,35,2025
404114093,2439,12,2025,2439,12,2025
404191003,2440,5,2025,2440,5,2025
404122556,2441,-1,2025,2441,-1,2025
404174414,2442,11,2024,2442,11,2024
393019498,2443,-1,2024,2443,-1,2024
411620779,2444,2,2025,2444,2,2025
381548516,2445,12,2023,2445,12,2023
393701810,2446,10,2024,2446,10,2024
402579142,2447,4,2025,2447,4,2025
403939814,2448,13,2025,2448,13,2025
403937857,2449,12,2025,2449,12,2025
403937777,2450,13,2025,2450,13,2025
403940689,2451,0,2025,2451,0,2025
403968182,2452,6,2025,2452,6,2025
403963768,2453,-1,2025,2453,-1,2025
403977833,2454,-1,2025,2454,-1,2025
403880939,2455,21,2025,2455,21,2025
383949110,2456,11,2024,2456,11,2024
403851046,2457,38,2024,2457,38,2024
403877121,2458,38,2024,2458,38,2024
373030598,2460,7,2023,2460,7,2023
398593975,2461,9,2025,2461,9,2025
400481458,2462,-1,2025,2462,-1,2025
403737874,2463,11,2025,2463,11,2025
403771557,2464,0,2025,2464,0,2025
403789623,2465,-1,2023,2465,-1,2023
403779857,2467,43,2025,2467,43,2025
403798952,2468,46,2025,2468,46,2025
316524613,2469,-1,2020,2469,-1,2020
360980857,2470,0,2022,2470,0,2022
391557737,2471,35,2024,2471,35,2024
401722879,2472,6,2025,2472,6,2025
403668791,2473,48,2025,2473,48,2025
403630060,2474,7,2025,2474,7,2025
403629247,2476,9,2025,2476,9,2025
307318366,2478,-1,2019,2478,-1,2019
403688347,2479,-1,2025,2479,-1,2025
403697517,2480,-1,2025,2480,-1,2025
403592743,2481,-1,2025,2481,-1,2025
381657122,2482,-1,2025,3936,-1,2023
403582361,2483,7,2025,2483,7,2025
403583801,2484,28,2025,2484,28,2025
403546028,2485,-1,2023,2485,-1,2023
403547541,2486,75,2023,2486,75,2023
374532431,2487,-1,2022,2487,-1,2022
396328115,2489,-1,2024,3082,-1,2023
348392377,2490,-1,2022,2490,-1,2022
364957625,2491,-1,2021,2491,-1,2021
398046083,2492,-1,2024,2492,-1,2024
399186985,2493,-1,2025,2493,-1,2025
403467370,2494,24,2025,2494,24,2025
403443718,2495,17,2025,2495,17,2025
403495637,2498,13,2024,2498,13,2024
403452011,2499,9,2024,2499,9,2024
403452073,2500,9,2024,2500,9,2024
403459715,2501,0,2024,2501,0,2024
368664174,2502,-1,2023,2502,-1,2023
397646206,2503,20,2024,2503,20,2024
398568276,2504,33,2025,2504,33,2025
403312498,2505,4,2025,2505,4,2025
403313476,2507,-1,2025,2507,-1,2025
403313951,2508,16,2025,2508,16,2025
403327159,2509,-1,2025,2509,-1,2025
403302298,2510,-1,2025,2510,-1,2025
403305770,2511,-1,2025,2511,-1,2025
403306037,2512,27,2025,2512,27,2025
403405445,2513,46,2025,2513,46,2025
403405633,2514,-1,2025,2514,-1,2025
403348569,2515,44,2025,2515,44,2025
403324786,2516,13,2024,2516,13,2024
376928516,2517,45,2022,2517,45,2022
400158932,2518,12,2025,2518,12,2025
400115484,2519,16,2025,2519,16,2025
401273083,2520,10,2025,2520,10,2025
403167718,2521,3,2025,2521,3,2025
403243100,2525,67,2025,2525,67,2025
403214115,2527,16,2024,2527,16,2024
391653992,2528,-1,2024,2528,-1,2024
349241201,2529,45,2022,4335,74,2020
394023301,2530,27,2024,2530,27,2024
398572948,2531,17,2025,2531,17,2025
403077522,2532,71,2025,2532,71,2025
403080730,2533,-1,2025,2533,-1,2025
403057832,2536,-1,2025,2536,-1,2025
403015977,2542,49,2025,2542,49,2025
403017808,2544,2,2025,2544,2,2025
403020052,2545,-1,2025,2545,-1,2025
403020787,2546,41,2025,2546,41,2025
403021527,2547,21,2025,2547,21,2025
310801331,2549,0,2020,2549,0,2020
366906870,2550,6,2022,2550,6,2022
366997878,2551,37,2022,2551,37,2022
398405688,2552,9,2025,2552,9,2025
398593809,2553,9,2025,2553,9,2025
398593915,2554,-1,2025,2554,-1,2025
400745958,2555,36,2025,2555,36,2025
402871452,2557,10,2024,2557,10,2024
402873711,2559,-1,2025,2559,-1,2025
402882381,2561,0,2024,2561,0,2024
402934522,2562,-1,2025,2562,-1,2025
402957586,2563,3,2025,2563,3,2025
402939376,2564,-1,2025,2564,-1,2025
402942826,2566,2,2025,2566,2,2025
402957010,2568,11,2024,2568,11,2024
402885506,2569,-1,2024,2569,-1,2024
385869128,2570,-1,2024,2570,-1,2024
395892248,2571,2,2024,2571,2,2024
396979674,2572,5,2024,2572,5,2024
398726209,2573,8,2025,2573,8,2025
402789817,2574,-1,2025,2574,-1,2025
402805883,2576,54,2024,2576,54,2024
402783691,2577,12,2025,2577,12,2025
402752596,2579,21,2023,2579,21,2023
402754088,2580,42,2025,2580,42,2025
403152329,2581,8,2023,2581,8,2023
381733946,2583,15,2023,3932,15,2023
402741637,2585,20,2024,2585,20,2024
336992385,2587,-1,2021,2587,-1,2021
356903235,2588,33,2022,2588,33,2022
398699277,2589,56,2024,2589,56,2024
400775195,2590,-1,2025,2590,-1,2025
402581877,2593,5,2025,2593,5,2025
402581945,2594,1,2025,2594,1,2025
402599446,2597,19,2025,2597,19,2025
402626404,2600,-1,2024,2600,-1,2024
402632932,2601,48,2025,2601,48,2025
402639775,2602,2,2025,2602,2,2025
402539679,2604,28,2025,2604,28,2025
HK62025105347.120250328,2605,-1,2025,2605,-1,2025
402501257,2606,-1,2024,2606,-1,2024
352286052,2607,41,2022,2607,41,2022
356334960,2608,-1,2022,2608,-1,2022
365679464,2609,3,2022,2609,3,2022
402338345,2610,-1,2025,2610,-1,2025
402340680,2612,12,2025,2612,12,2025
402341233,2613,12,2025,2613,12,2025
402354821,2614,13,2025,2614,13,2025
402354946,2616,0,2025,2616,0,2025
402356418,2618,2,2025,2618,2,2025
402447699,2619,-1,2024,2619,-1,2024
402454833,2620,38,2025,2620,38,2025
402452821,2621,-1,2025,2621,-1,2025
402475870,2622,26,2025,2622,26,2025
402343401,2623,36,2024,2623,36,2024
402368315,2624,9,2024,2624,9,2024
311588983,2625,4,2020,2625,4,2020
394694170,2626,35,2024,2626,35,2024
396423379,2627,30,2024,2627,30,2024
402224205,2628,-1,2023,2628,-1,2023
402221988,2630,-1,2025,2630,-1,2025
402231519,2633,10,2025,2633,10,2025
402235563,2637,2,2025,2637,2,2025
402257572,2638,-1,2025,2638,-1,2025
402161152,2639,42,2023,2639,42,2023
402033168,2641,71,2025,2641,71,2025
402061884,2645,54,2024,2645,54,2024
402051343,2647,18,2025,2647,18,2025
342032006,2648,0,2022,2648,0,2022
357677698,2649,8,2022,2649,8,2022
398788534,2650,2,2025,2650,2,2025
399884564,2651,-1,2025,2651,-1,2025
401943685,2652,-1,2025,2652,-1,2025
401953268,2653,0,2025,2653,0,2025
401969185,2654,-1,2025,2654,-1,2025
401987663,2655,30,2025,2655,30,2025
401931046,2656,21,2024,2656,21,2024
401956872,2657,42,2025,2657,42,2025
381282195,2658,-1,2023,2658,-1,2023
401938895,2659,14,2024,2659,14,2024
401908084,2660,30,2025,2660,30,2025
401908113,2661,28,2025,2661,28,2025
401908153,2662,44,2025,2662,44,2025
401874445,2663,73,2024,2663,73,2024
379821404,2664,-1,2023,2664,-1,2023
317613239,2665,0,2019,2665,0,2019
399883842,2666,16,2025,2666,16,2025
401823698,2668,3,2025,2668,3,2025
401835223,2669,3,2025,2669,3,2025
319442765,2670,-1,2023,2670,-1,2023
343230817,2671,8,2021,2671,8,2021
344031405,2672,41,2021,2672,41,2021
360807175,2673,3,2022,2673,3,2022
392061127,2674,3,2024,2674,3,2024
401615869,2675,13,2025,2675,13,2025
401617294,2676,74,2024,2676,74,2024
401615241,2677,-1,2025,2677,-1,2025
401616043,2678,10,2025,2678,10,2025
401635876,2680,-1,2025,2680,-1,2025
401724271,2683,44,2025,2683,44,2025
401727876,2686,18,2025,2686,18,2025
401702022,2687,13,2024,2687,13,2024
401626582,2688,-1,2024,2688,-1,2024
401609488,2689,2,2025,2689,2,2025
401612011,2690,28,2025,2690,28,2025
401589467,2691,22,2024,2691,22,2024
174974717,2692,-1,2015,2692,-1,2015
313691149,2693,59,2020,2693,59,2020
235921460,2694,-1,2017,6525,-1,2016
381726227,2695,7,2023,2695,7,2023
375352207,2697,-1,2023,2697,-1,2023
399238383,2698,-1,2025,2698,-1,2025
401410957,2700,4,2025,2700,4,2025
401411996,2701,40,2024,2701,40,2024
401428173,2702,0,2025,2702,0,2025
401420654,2703,27,2025,2703,27,2025
401403749,2705,6,2024,2705,6,2024
401437620,2707,41,2024,2707,41,2024
401447583,2708,66,2025,2708,66,2025
401438075,2709,-1,2024,2709,-1,2024
401456342,2710,52,2024,2710,52,2024
401457676,2711,11,2024,2711,11,2024
401370678,2712,29,2025,2712,29,2025
401771537,2713,65,2023,2713,65,2023
401350221,2714,4,2024,2714,4,2024
401360237,2715,57,2023,2715,57,2023
392673071,2716,-1,2023,2716,-1,2023
396397585,2717,35,2024,2717,35,2024
401289659,2722,7,2025,2722,7,2025
401293005,2723,9,2024,2723,9,2024
401293228,2724,0,2025,2724,0,2025
401274030,2726,9,2024,2726,9,2024
401294272,2727,-1,2024,2727,-1,2024
401147975,2729,32,2024,2729,32,2024
401070893,2731,67,2024,2731,67,2024
401071776,2732,5,2025,2732,5,2025
401071716,2733,0,2025,2733,0,2025
401095974,2734,0,2025,2734,0,2025
401156874,2735,-1,2025,2735,-1,2025
401143902,2736,0,2024,2736,0,2024
401145137,2737,0,2024,2737,0,2024
401052050,2738,8,2025,2738,8,2025
392463223,2740,10,2024,2740,10,2024
397705930,2741,7,2024,2741,7,2024
400967316,2742,24,2025,2742,24,2025
400909367,2744,28,2024,2744,28,2024
400913792,2746,-1,2025,2746,-1,2025
400928551,2747,30,2024,2747,30,2024
400928588,2748,30,2024,2748,30,2024
400934727,2750,16,2024,2750,16,2024
400857696,2751,2,2023,2751,2,2023
301647729,2752,-1,2019,2752,-1,2019
350806484,2753,50,2022,2753,50,2022
394431188,2754,-1,2024,2754,-1,2024
400822234,2755,-1,2024,2755,-1,2024
400775132,2759,0,2025,2759,0,2025
400779637,2763,50,2024,2763,50,2024
400790544,2765,13,2024,2765,13,2024
400181445,2770,25,2023,2770,25,2023
300780097,2771,8,2019,2771,8,2019
400571791,2772,-1,2024,2772,-1,2024
400572057,2773,1,2024,2773,1,2024
400572539,2774,-1,2024,2774,-1,2024
400583490,2775,37,2025,2775,37,2025
400618344,2776,13,2024,2776,13,2024
400559609,2778,-1,2024,2778,-1,2024
361992109,2779,0,2021,2779,0,2021
393699036,2780,-1,2024,2780,-1,2024
398907033,2781,-1,2025,2781,-1,2025
400483035,2782,19,2025,2782,19,2025
400500041,2784,0,2025,2784,0,2025
400510871,2785,-1,2024,2785,-1,2024
400375773,2788,8,2025,2788,8,2025
400347845,2789,53,2022,2789,53,2022
334686999,2790,-1,2021,2790,-1,2021
359900908,2791,7,2022,2791,7,2022
364160316,2792,6,2022,2792,6,2022
368635921,2793,-1,2023,2793,-1,2023
398701787,2794,61,2025,2794,61,2025
400268466,2798,3,2024,2798,3,2024
356132811,2800,0,2021,3171,0,2021
349778239,2801,-1,2022,2801,-1,2022
372035423,2802,3,2023,2802,3,2023
400039591,2805,-1,2024,2805,-1,2024
400039897,2806,9,2024,2806,9,2024
400039966,2807,9,2024,2807,9,2024
400133048,2809,33,2024,2809,33,2024
400083090,2811,66,2024,2811,66,2024
400094309,2812,-1,2024,2812,-1,2024
400039519,2813,18,2024,2813,18,2024
400024990,2814,8,2024,2814,8,2024
400025888,2815,8,2025,2815,8,2025
400026827,2816,21,2025,2816,21,2025
400021784,2817,22,2024,2817,22,2024
364307864,2818,0,2022,2818,0,2022
390029229,2819,3,2024,2819,3,2024
399883590,2822,0,2025,2822,0,2025
399907367,2824,0,2024,2824,0,2024
399907414,2825,0,2024,2825,0,2024
399907608,2826,-1,2024,2826,-1,2024
399915045,2832,1,2024,2832,1,2024
399857568,2833,31,2024,2833,31,2024
399827519,2834,1,2023,2834,1,2023
306747918,2835,-1,2018,2835,-1,2018
363636934,2836,0,2022,2836,0,2022
396469494,2837,1,2024,2837,1,2024
396979796,2838,1,2024,2838,1,2024
398082171,2839,41,2025,2839,41,2025
399748633,2840,39,2025,2840,39,2025
399702970,2845,-1,2025,2845,-1,2025
399704384,2846,9,2024,2846,9,2024
399704883,2847,-1,2025,2847,-1,2025
399732573,2848,0,2025,2848,0,2025
399676325,2849,-1,2024,2849,-1,2024
399739301,2850,-1,2024,2850,-1,2024
399666068,2851,-1,2025,2851,-1,2025
357254873,2852,1,2022,2852,1,2022
389941772,2853,39,2024,2853,39,2024
399596695,2854,36,2024,2854,36,2024
399588105,2858,51,2024,2858,51,2024
399491494,2859,2,2025,2859,2,2025
399538385,2860,0,2024,2860,0,2024
399836790,2861,-1,2025,2861,-1,2025
324297927,2862,0,2020,2862,0,2020
352491769,2863,-1,2022,2863,-1,2022
365846502,2864,64,2022,2864,64,2022
399405336,2865,10,2024,2865,10,2024
399414544,2866,-1,2024,2866,-1,2024
399341727,2867,1,2024,2867,1,2024
399408236,2869,73,2024,2869,73,2024
399425600,2870,0,2024,2870,0,2024
376872992,2872,45,2022,2872,45,2022
339532393,2873,73,2021,2873,73,2021
352528975,2874,74,2021,2874,74,2021
393132449,2875,73,2024,2875,73,2024
394558555,2876,35,2024,2876,35,2024
395219296,2877,7,2024,2877,7,2024
396604911,2879,16,2024,2879,16,2024
396798036,2880,16,2024,2880,16,2024
397469403,2881,3,2024,2881,3,2024
399188360,2882,13,2024,2882,13,2024
399197203,2885,-1,2024,2885,-1,2024
399194238,2888,-1,2024,2888,-1,2024
399244304,2889,9,2024,2889,9,2024
399245577,2890,-1,2024,2890,-1,2024
295677937,2891,-1,2020,2891,-1,2020
389942258,2892,-1,2024,2892,-1,2024
394345331,2893,7,2024,2893,7,2024
399036031,2894,-1,2024,2894,-1,2024
399124487,2896,14,2024,2896,14,2024
399013129,2897,0,2025,2897,0,2025
399007913,2898,4,2024,2898,4,2024
399007934,2899,30,2024,2899,30,2024
399008005,2900,-1,2024,2900,-1,2024
398907587,2903,-1,2024,2903,-1,2024
398920263,2904,0,2024,2904,0,2024
398883436,2905,6,2024,2905,6,2024
398944946,2906,48,2024,2906,48,2024
398804895,2908,31,2024,2908,31,2024
398770185,2909,-1,2025,2909,-1,2025
378000186,2910,16,2023,2910,16,2023
371495064,2911,-1,2022,2911,-1,2022
398736532,2912,-1,2024,2912,-1,2024
349241136,2914,74,2021,3678,74,2020
394693939,2916,5,2024,2916,5,2024
394753060,2917,5,2024,2917,5,2024
395050594,2918,-1,2024,2918,-1,2024
395050649,2919,10,2024,2919,10,2024
398574732,2921,1,2024,2921,1,2024
398574894,2922,-1,2024,2922,-1,2024
398593349,2924,1,2024,2924,1,2024
398593475,2925,37,2024,2925,37,2024
398619732,2932,30,2024,2932,30,2024
398619748,2933,30,2025,2933,30,2025
398658624,2934,-1,2024,2934,-1,2024
398707363,2936,43,2024,2936,43,2024
398609074,2938,-1,2024,2938,-1,2024
398610420,2939,2,2024,2939,2,2024
398656330,2940,9,2024,2940,9,2024
362214329,2941,-1,2022,2941,-1,2022
363632140,2942,1,2022,2942,1,2022
398386565,2943,-1,2024,2943,-1,2024
398405806,2944,-1,2024,2944,-1,2024
398395491,2947,1,2024,2947,1,2024
398401002,2949,3,2024,2949,3,2024
398417867,2950,7,2024,2950,7,2024
398468925,2952,59,2024,2952,59,2024
398355391,2953,-1,2024,2953,-1,2024
398335117,2954,25,2023,2954,25,2023
355280115,2955,27,2022,2955,27,2022
398173834,2958,-1,2024,2958,-1,2024
398174225,2959,2,2024,2959,2,2024
398227281,2960,0,2023,2960,0,2023
398153999,2961,0,2024,2961,0,2024
398508463,2962,64,2024,2962,64,2024
308624528,2963,6,2020,2963,6,2020
345183085,2964,0,2021,2964,0,2021
398052693,2965,-1,2024,2965,-1,2024
398052889,2966,13,2024,2966,13,2024
398053075,2967,4,2024,2967,4,2024
398057633,2969,13,2024,2969,13,2024
398014892,2970,6,2024,2970,6,2024
398006337,2973,28,2024,2973,28,2024
VN120220557120220831,2974,68,2022,2974,68,2022
397956647,2975,-1,2024,2975,-1,2024
397953875,2976,2,2025,2976,2,2025
375170559,2978,-1,2023,2978,-1,2023
395180197,2979,1,2024,2979,1,2024
397777647,2980,4,2024,2980,4,2024
397777661,2981,-1,2024,2981,-1,2024
397774600,2983,51,2024,2983,51,2024
397800632,2985,13,2024,2985,13,2024
397906316,2986,18,2024,2986,18,2024
397693162,2988,0,2024,2988,0,2024
397641721,2989,6,2024,2989,6,2024
397662507,2991,5,2024,2991,5,2024
397666980,2992,-1,2023,2992,-1,2023
392459353,2998,-1,2024,2998,-1,2024
392825604,2999,-1,2024,2999,-1,2024
393630506,3000,1,2024,3000,1,2024
397566585,3003,33,2024,3003,33,2024
397543044,3004,10,2024,3004,10,2024
397531604,3006,50,2024,3006,50,2024
411908623,3007,60,2024,3007,60,2024
397405093,3009,36,2024,3009,36,2024
397380530,3011,57,2024,3011,57,2024
397380478,3012,2,2024,3012,2,2024
396699019,3014,-1,2023,3014,-1,2023
352226826,3015,6,2020,3015,6,2020
397319476,3016,9,2024,3016,9,2024
397272304,3018,41,2023,3018,41,2023
397299344,3019,64,2024,3019,64,2024
380951130,3020,-1,2022,3020,-1,2022
386615683,3021,-1,2022,3021,-1,2022
351828824,3022,15,2022,3022,15,2022
392195641,3023,2,2024,3023,2,2024
393766309,3024,12,2024,3024,12,2024
395177148,3025,3,2024,3025,3,2024
397175762,3028,13,2024,3028,13,2024
397175951,3029,72,2024,3029,72,2024
397177535,3030,-1,2024,3030,-1,2024
397082561,3031,2,2024,3031,2,2024
397082635,3032,19,2024,3032,19,2024
397074696,3033,-1,2024,3033,-1,2024
397128403,3035,-1,2024,3035,-1,2024
397067298,3036,-1,2024,3036,-1,2024
397069816,3037,21,2024,3037,21,2024
352342922,3039,-1,2022,3039,-1,2022
355902243,3040,3,2022,3040,3,2022
395428116,3041,-1,2024,3041,-1,2024
396892558,3046,-1,2024,3046,-1,2024
396971694,3047,4,2024,3047,4,2024
395060146,3048,-1,2024,3048,-1,2024
396731062,3050,2,2024,3050,2,2024
396731152,3051,1,2024,3051,1,2024
396731859,3052,13,2024,3052,13,2024
396805048,3055,-1,2024,3055,-1,2024
396730072,3056,15,2024,3056,15,2024
396727060,3057,52,2024,3057,52,2024
396718005,3058,-1,2024,3058,-1,2024
365746589,3059,21,2021,3059,21,2021
396707475,3060,22,2023,3060,22,2023
373946290,3061,-1,2023,3061,-1,2023
396880641,3062,-1,2024,3062,-1,2024
396579973,3063,-1,2024,3063,-1,2024
396617850,3065,6,2024,3065,6,2024
396617583,3067,13,2024,3067,13,2024
335606406,3068,-1,2021,3068,-1,2021
387347498,3069,17,2024,3069,17,2024
393906614,3070,3,2024,3070,3,2024
396468667,3071,2,2024,3071,2,2024
396526015,3073,-1,2024,3073,-1,2024
396395934,3074,36,2024,3074,36,2024
396424741,3078,6,2024,3078,6,2024
396491683,3079,23,2024,3079,23,2024
396493605,3080,23,2024,3080,23,2024
301086507,3083,0,2019,3083,0,2019
392315468,3084,9,2024,3084,9,2024
359960226,3085,54,2022,3085,54,2022
359915283,3086,7,2022,3086,7,2022
396049925,3087,-1,2024,3087,-1,2024
396050214,3089,-1,2024,3089,-1,2024
396055752,3090,0,2023,3090,0,2023
396128992,3091,46,2024,3091,46,2024
396129218,3092,66,2024,3092,66,2024
396190716,3093,-1,2024,3093,-1,2024
396034149,3094,8,2024,3094,8,2024
396034449,3095,28,2024,3095,28,2024
302268058,3098,-1,2019,3098,-1,2019
318990076,3099,-1,2020,3099,-1,2020
373049141,3100,8,2023,3100,8,2023
391727895,3101,-1,2024,3101,-1,2024
391727969,3102,10,2024,3102,10,2024
391728072,3103,10,2024,3103,10,2024
392196650,3104,9,2024,3104,9,2024
392197150,3105,4,2024,3105,4,2024
392197498,3106,4,2024,3106,4,2024
392315521,3107,-1,2024,3107,-1,2024
392315577,3108,-1,2024,3108,-1,2024
392315642,3109,9,2024,3109,9,2024
392315828,3110,-1,2024,3110,-1,2024
392315909,3111,13,2024,3111,13,2024
392317436,3112,9,2024,3112,9,2024
392459432,3113,-1,2024,3113,-1,2024
393701984,3114,60,2024,3114,60,2024
395915652,3117,53,2024,3117,53,2024
395888265,3119,0,2024,3119,0,2024
395722901,3121,1,2024,3121,1,2024
395723378,3122,-1,2024,3122,-1,2024
395722353,3124,33,2024,3124,33,2024
395786310,3125,51,2024,3125,51,2024
395846883,3126,0,2024,3126,0,2024
395628265,3127,1,2023,3127,1,2023
384870514,3128,10,2024,3128,10,2024
391135020,3129,6,2024,3129,6,2024
395523637,3131,40,2024,3131,40,2024
395523687,3132,-1,2024,3132,-1,2024
395537080,3133,0,2024,3133,0,2024
395597566,3134,3,2024,3134,3,2024
395606499,3135,1,2024,3135,1,2024
390956690,3137,28,2024,3137,28,2024
391731078,3138,-1,2024,3138,-1,2024
395421432,3139,24,2024,3139,24,2024
395383627,3141,1,2024,3141,1,2024
395347301,3145,27,2024,3145,27,2024
395339258,3146,65,2024,3146,65,2024
368093700,3150,56,2022,4491,56,2021
373856005,3151,17,2024,3151,17,2024
304070106,3152,0,2019,3152,0,2019
391269568,3154,6,2024,3154,6,2024
393215087,3155,5,2024,3155,5,2024
395176594,3156,6,2024,3156,6,2024
395262505,3159,-1,2024,3159,-1,2024
395263024,3160,-1,2024,3160,-1,2024
395265041,3161,13,2024,3161,13,2024
TH240100436520240628,3162,0,2024,3162,0,2024
395050940,3165,7,2024,3165,7,2024
395060496,3167,9,2024,3167,9,2024
395082486,3168,-1,2024,3168,-1,2024
395082933,3169,-1,2024,3169,-1,2024
289755250,3170,8,2018,3170,8,2018
392912818,3172,8,2024,3172,8,2024
394860564,3175,30,2024,3175,30,2024
370163729,3177,42,2023,3177,42,2023
377999949,3179,3,2022,3179,3,2022
358958708,3180,1,2022,3180,1,2022
358957927,3181,1,2022,3181,1,2022
378478577,3182,24,2023,3182,24,2023
382041452,3183,3,2023,3183,3,2023
387019785,3184,1,2024,3184,1,2024
394696429,3187,12,2024,3187,12,2024
394696871,3188,13,2024,3188,13,2024
394755397,3191,-1,2024,3191,-1,2024
394689651,3192,15,2024,3192,15,2024
394649622,3193,21,2024,3193,21,2024
374858930,3194,8,2023,3194,8,2023
370058770,3195,0,2023,3195,0,2023
391690645,3196,60,2024,3196,60,2024
392315420,3197,9,2024,3197,9,2024
394552212,3198,41,2024,3198,41,2024
394541998,3201,2,2024,3201,2,2024
323593063,3202,0,2019,3202,0,2019
394340778,3205,4,2024,3205,4,2024
394408657,3207,33,2024,3207,33,2024
394413278,3208,30,2024,3208,30,2024
394458282,3209,6,2024,3209,6,2024
394417574,3210,68,2024,3210,68,2024
394330607,3213,2,2024,3213,2,2024
348938436,3214,7,2022,5095,7,2022
366188587,3215,10,2022,3215,10,2022
394283073,3216,29,2023,3216,29,2023
394280834,3217,47,2024,3217,47,2024
394170312,3218,0,2024,3218,0,2024
394170596,3220,0,2024,3220,0,2024
394242900,3221,46,2024,3221,46,2024
337640306,3222,45,2022,4624,-1,2021
349609304,3223,-1,2022,3223,-1,2022
336757544,3224,20,2022,3224,20,2022
318361864,3225,-1,2020,3225,-1,2020
354325732,3226,64,2021,3226,64,2021
394031608,3229,15,2024,3229,15,2024
394033411,3231,9,2024,3231,9,2024
394032106,3232,-1,2024,3232,-1,2024
394022920,3236,6,2024,3236,6,2024
394023002,3237,6,2024,3237,6,2024
394054856,3238,8,2024,3238,8,2024
394136085,3239,0,2024,3239,0,2024
393437795,3241,56,2024,3259,56,2024
367860889,3245,71,2022,3245,71,2022
393919941,3247,26,2024,3247,26,2024
393958192,3248,9,2024,3248,9,2024
393958211,3249,-1,2024,3249,-1,2024
393958235,3250,13,2024,3250,13,2024
334675487,3251,1,2022,4747,1,2021
393766231,3252,-1,2024,3252,-1,2024
393767054,3253,19,2024,3253,19,2024
393861598,3255,-1,2024,3255,-1,2024
393782782,3256,14,2024,3256,14,2024
393758629,3257,-1,2024,3257,-1,2024
SG10202400501W20240223,3260,70,2024,3260,70,2024
350597954,3261,6,2022,3261,6,2022
352485354,3262,-1,2022,3262,-1,2022
393585311,3263,-1,2024,3263,-1,2024
393697402,3264,0,2024,3264,0,2024
393696978,3267,-1,2024,3267,-1,2024
393698392,3268,13,2024,3268,13,2024
393712461,3269,20,2024,3269,20,2024
393539591,3270,50,2024,3270,50,2024
393644064,3272,52,2024,3272,52,2024
393656648,3273,0,2023,3273,0,2023
393520555,3274,1,2023,3274,1,2023
319981714,3275,74,2022,4021,74,2020
IT10202200002435120221125,3276,8,2022,3276,8,2022
389215908,3277,-1,2024,3277,-1,2024
391141431,3278,3,2024,3278,3,2024
393442184,3282,-1,2024,3282,-1,2024
393470351,3283,7,2023,3283,7,2023
393468416,3284,6,2024,3284,6,2024
393461970,3285,24,2024,3285,24,2024
393410628,3286,-1,2024,3286,-1,2024
393410747,3287,0,2024,3287,0,2024
393411393,3288,69,2024,3288,69,2024
370727367,3291,21,2022,4384,21,2021
388693994,3292,40,2024,3292,40,2024
393214870,3294,71,2024,3294,71,2024
393231609,3296,0,2024,3296,0,2024
393280031,3297,3,2024,3297,3,2024
412587812,3298,14,2024,3298,14,2024
393512805,3299,23,2024,3299,23,2024
333003745,3300,16,2021,3300,16,2021
353935383,3301,6,2022,3301,6,2022
370058885,3302,0,2022,3302,0,2022
393118554,3303,-1,2024,3303,-1,2024
393099815,3304,15,2024,3304,15,2024
393127226,3305,3,2021,3305,3,2021
393091764,3306,51,2024,3306,51,2024
371502740,3313,8,2022,3313,8,2022
368375801,3314,59,2023,3314,59,2023
368408874,3318,0,2023,3318,0,2023
392808129,3319,-1,2023,3319,-1,2023
392781341,3320,1,2024,3320,1,2024
392786057,3321,6,2024,3321,6,2024
392866523,3322,-1,2023,3322,-1,2023
392764000,3323,19,2024,3323,19,2024
393197864,3324,44,2023,3324,44,2023
393198026,3325,44,2023,3325,44,2023
392731458,3326,19,2023,3326,19,2023
392748131,3327,7,2024,3327,7,2024
390645172,3329,38,2024,3329,38,2024
392682366,3330,-1,2024,3330,-1,2024
392884057,3331,2,2023,3331,2,2023
331316579,3332,-1,2020,4087,-1,2019
392115964,3333,70,2024,3333,70,2024
336797570,3337,3,2021,3337,3,2021
368875373,3338,7,2022,3338,7,2022
392459956,3343,4,2024,3343,4,2024
392493782,3344,37,2024,3344,37,2024
392583094,3345,-1,2024,3345,-1,2024
392664318,3346,23,2023,3346,23,2023
PH1202305005420230203,3348,69,2023,3348,69,2023
SG11202405130X20230221,3357,-1,2023,3357,-1,2023
392242296,3358,-1,2023,3358,-1,2023
392247117,3359,70,2024,3359,70,2024
209252393,3360,-1,2017,3360,-1,2017
392194450,3361,44,2024,3361,44,2024
392198085,3366,-1,2024,3366,-1,2024
335460144,3367,-1,2021,3367,-1,2021
336992382,3368,2,2021,3368,2,2021
392019315,3371,-1,2024,3371,-1,2024
392040791,3372,-1,2024,3372,-1,2024
392075495,3373,9,2024,3373,9,2024
392075608,3374,9,2024,3374,9,2024
391969247,3375,-1,2024,3375,-1,2024
391931301,3376,5,2023,3376,5,2023
389414808,3377,53,2024,3377,53,2024
390646182,3378,24,2024,3378,24,2024
391879977,3379,38,2024,3379,38,2024
391882033,3380,61,2024,3380,61,2024
391831339,3381,11,2024,3381,11,2024
312734261,3382,0,2020,3382,0,2020
382048630,3383,49,2023,3383,49,2023
390647041,3388,4,2024,3388,4,2024
391730488,3389,12,2024,3389,12,2024
391730995,3390,2,2024,3390,2,2024
391747793,3392,-1,2024,3392,-1,2024
391750677,3393,-1,2024,3393,-1,2024
391739960,3394,43,2024,3394,43,2024
391678493,3395,28,2024,3395,28,2024
352089517,3397,0,2020,3397,0,2020
374669047,3398,38,2022,3398,38,2022
349103506,3399,7,2022,3399,7,2022
356324966,3400,-1,2022,3400,-1,2022
357189905,3401,-1,2022,3401,-1,2022
371116309,3402,3,2023,3402,3,2023
391603015,3403,6,2024,3403,6,2024
391608601,3405,16,2023,3405,16,2023
TH090100432420090924,3406,-1,2009,3406,-1,2009
366906466,3407,38,2022,3407,38,2022
371116254,3408,3,2023,3408,3,2023
391431517,3409,-1,2024,3409,-1,2024
391457631,3411,15,2024,3411,15,2024
391369595,3412,8,2024,3412,8,2024
383985171,3413,0,2024,3413,0,2024
391221541,3414,9,2024,3414,9,2024
391238754,3415,1,2024,3415,1,2024
391236276,3416,-1,2024,3416,-1,2024
391232468,3417,15,2024,3417,15,2024
391271124,3419,5,2024,3419,5,2024
349827116,3420,-1,2022,3420,-1,2022
356245847,3421,-1,2022,3421,-1,2022
383819429,3422,-1,2023,3422,-1,2023
391083831,3424,38,2024,3424,38,2024
391100812,3426,7,2023,3426,7,2023
391100514,3427,1,2024,3427,1,2024
391100709,3428,0,2023,3428,0,2023
391100886,3429,0,2024,3429,0,2024
391066285,3432,2,2024,3432,2,2024
381977785,3433,-1,2024,3705,-1,2023
355574477,3434,-1,2022,3434,-1,2022
359960066,3435,6,2022,3435,6,2022
368408857,3436,-1,2023,3436,-1,2023
390956128,3438,-1,2024,3438,-1,2024
390992363,3439,6,2024,3439,6,2024
390994180,3441,-1,2024,3441,-1,2024
375605133,3442,0,2023,3442,0,2023
390810525,3443,1,2024,3443,1,2024
390827902,3444,9,2024,3444,9,2024
390785980,3445,23,2024,3445,23,2024
390843421,3446,0,2023,3446,0,2023
338068816,3448,-1,2021,3448,-1,2021
338333731,3449,-1,2021,3449,-1,2021
390639516,3450,0,2024,3450,0,2024
390657534,3454,0,2024,3454,0,2024
390621134,3455,53,2023,3455,53,2023
334163095,3456,29,2021,3456,29,2021
350826988,3457,19,2022,3457,19,2022
390473659,3458,0,2024,3458,0,2024
390497287,3460,30,2023,3460,30,2023
390552122,3461,6,2024,3461,6,2024
390449484,3462,-1,2024,3462,-1,2024
390448370,3463,30,2024,3463,30,2024
390413644,3464,62,2024,3464,62,2024
390442186,3465,62,2024,3465,62,2024
327253285,3466,-1,2021,3466,-1,2021
335049804,3467,39,2021,3467,39,2021
361906278,3468,19,2022,3468,19,2022
385928244,3469,2,2024,3469,2,2024
388946211,3470,1,2024,3470,1,2024
390337486,3471,-1,2024,3471,-1,2024
335460164,3472,3,2021,3472,3,2021
345932222,3473,-1,2021,3473,-1,2021
388691862,3475,32,2024,3475,32,2024
390203193,3477,7,2024,3477,7,2024
390209305,3478,-1,2024,3478,-1,2024
390192255,3479,-1,2023,3479,-1,2023
390116392,3480,-1,2024,3480,-1,2024
353107894,3481,0,2022,3481,0,2022
387183912,3482,3,2024,3482,3,2024
390010373,3483,37,2024,3483,37,2024
390000615,3484,20,2024,3484,20,2024
390028793,3486,-1,2024,3486,-1,2024
390072208,3488,0,2024,3488,0,2024
335606403,3489,15,2021,3489,15,2021
352485346,3490,3,2022,3490,3,2022
374532379,3491,40,2022,3491,40,2022
389877052,3494,16,2024,3494,16,2024
389814910,3495,36,2023,3495,36,2023
389811179,3496,4,2024,3496,4,2024
387372179,3497,30,2024,3497,30,2024
389690227,3498,-1,2024,3498,-1,2024
389705920,3499,37,2024,3499,37,2024
345885641,3500,8,2021,3500,8,2021
335606409,3501,-1,2021,3501,-1,2021
288240335,3502,4,2018,3502,4,2018
324887332,3503,1,2020,3503,1,2020
344043582,3504,49,2021,3504,49,2021
376259774,3506,-1,2023,3506,-1,2023
387424074,3507,-1,2024,3507,-1,2024
387562544,3508,-1,2024,3508,-1,2024
389523763,3509,3,2024,3509,3,2024
389645164,3510,48,2024,3510,48,2024
389645603,3511,21,2024,3511,21,2024
389646637,3512,1,2024,3512,1,2024
389645402,3513,20,2024,3513,20,2024
363181970,3514,54,2022,3514,54,2022
377862068,3515,30,2023,3515,30,2023
380997765,3516,3,2023,3516,3,2023
386474055,3517,6,2024,3517,6,2024
389372942,3518,0,2024,3518,0,2024
389404071,3520,4,2024,3520,4,2024
389385460,3521,52,2023,3521,52,2023
356148099,3522,-1,2020,3522,-1,2020
330425207,3523,-1,2020,4868,-1,2019
330419600,3524,-1,2020,4797,-1,2019
412582957,3525,54,2024,3525,54,2024
340759792,3526,30,2021,3526,30,2021
389227452,3527,-1,2024,3527,-1,2024
389261247,3529,15,2023,3529,15,2023
389276156,3530,-1,2024,3530,-1,2024
389168880,3531,68,2024,3531,68,2024
321483078,3534,52,2020,3534,52,2020
346889869,3535,42,2021,3535,42,2021
350348125,3536,7,2022,3536,7,2022
375283281,3537,2,2023,3537,2,2023
386088071,3538,36,2024,3538,36,2024
389109819,3539,26,2023,3539,26,2023
388899188,3541,7,2024,3541,7,2024
388898049,3542,-1,2024,3542,-1,2024
388903430,3543,0,2024,3543,0,2024
388859620,3545,-1,2024,3545,-1,2024
388903749,3546,-1,2023,3546,-1,2023
388879692,3547,-1,2023,3547,-1,2023
388841820,3548,21,2024,3548,21,2024
335238681,3551,-1,2021,5458,-1,2020
339375698,3553,-1,2021,3553,-1,2021
385327841,3554,-1,2024,3554,-1,2024
388725386,3557,6,2024,3557,6,2024
388734356,3558,1,2024,3558,1,2024
295579950,3559,7,2017,3559,7,2017
387183865,3560,1,2024,3560,1,2024
388597674,3562,0,2024,3562,0,2024
388626681,3563,3,2024,3563,3,2024
388626817,3564,54,2024,3564,54,2024
388634270,3565,15,2024,3565,15,2024
388553676,3566,7,2023,3566,7,2023
388574739,3567,-1,2023,3567,-1,2023
388580302,3568,23,2023,3568,23,2023
388513386,3569,-1,2024,3569,-1,2024
325454967,3574,29,2020,3574,29,2020
337224780,3575,15,2020,3575,15,2020
305416302,3576,11,2019,6097,11,2018
379484913,3577,3,2023,3577,3,2023
385634521,3578,15,2024,3578,15,2024
388416156,3579,-1,2023,3579,-1,2023
388415705,3580,1,2024,3580,1,2024
388359772,3581,7,2024,3581,7,2024
388450377,3582,0,2023,3582,0,2023
388368868,3583,14,2023,3583,14,2023
388369082,3584,14,2023,3584,14,2023
388651684,3585,10,2022,3585,10,2022
372419429,3586,8,2023,3586,8,2023
380561803,3587,-1,2022,3587,-1,2022
388663427,3588,11,2024,3588,11,2024
322520364,3589,2,2020,3589,2,2020
362224011,3590,-1,2022,3590,-1,2022
388244203,3591,0,2022,3591,0,2022
388243280,3592,7,2024,3592,7,2024
323595895,3594,0,2019,3594,0,2019
347158929,3595,7,2022,3595,7,2022
384370116,3596,12,2024,3596,12,2024
385127791,3597,-1,2024,3597,-1,2024
388059360,3598,0,2024,3598,0,2024
388088444,3599,1,2023,3599,1,2023
388123115,3600,37,2023,3600,37,2023
348055259,3601,0,2021,3601,0,2021
387887099,3602,0,2024,3602,0,2024
387942025,3603,19,2024,3603,19,2024
387941279,3604,-1,2024,3604,-1,2024
387969271,3605,0,2024,3605,0,2024
387873745,3606,18,2024,3606,18,2024
387944367,3608,-1,2023,3608,-1,2023
387930675,3609,24,2023,3609,24,2023
387840775,3610,12,2023,3610,12,2023
355991715,3613,1,2022,3613,1,2022
386541081,3614,3,2024,3614,3,2024
387774655,3615,41,2023,3615,41,2023
387765294,3616,13,2023,3616,13,2023
348085665,3617,1,2021,3617,1,2021
348756840,3618,27,2021,3618,27,2021
368479116,3619,6,2023,3619,6,2023
370364199,3620,0,2023,3620,0,2023
387536624,3621,10,2024,3621,10,2024
387561606,3622,0,2024,3622,0,2024
387627108,3624,6,2024,3624,6,2024
387637007,3625,33,2024,3625,33,2024
387636288,3626,6,2024,3626,6,2024
387579077,3627,5,2024,3627,5,2024
387585530,3628,-1,2023,3628,-1,2023
387553855,3629,7,2023,3629,7,2023
387498122,3630,55,2020,3630,55,2020
387465618,3631,60,2024,3631,60,2024
387133475,3634,0,2022,3634,0,2022
303753000,3635,-1,2019,6050,-1,2018
385314920,3636,1,2024,3636,1,2024
386112211,3637,52,2024,3637,52,2024
387358917,3638,3,2024,3638,3,2024
387409887,3640,27,2024,3640,27,2024
387424792,3642,-1,2022,3642,-1,2022
387454379,3643,6,2024,3643,6,2024
387346402,3644,23,2024,3644,23,2024
387342062,3645,-1,2024,3645,-1,2024
387400593,3647,0,2023,3647,0,2023
387660704,3648,-1,2023,3648,-1,2023
360101952,3649,2,2022,3649,2,2022
387277125,3653,21,2024,3653,21,2024
387278179,3654,52,2023,3654,52,2023
387283054,3655,18,2023,3655,18,2023
387164563,3656,5,2024,3656,5,2024
330558008,3657,0,2024,4225,0,2021
387133615,3659,-1,2022,3659,-1,2022
229409954,3660,-1,2017,3660,-1,2017
303793352,3661,0,2019,3661,0,2019
385188004,3662,6,2024,3662,6,2024
387076994,3664,6,2024,3664,6,2024
387087331,3665,-1,2022,3665,-1,2022
387064254,3666,14,2023,3666,14,2023
386999944,3667,-1,2023,3667,-1,2023
387303292,3668,23,2024,3668,23,2024
382042557,3669,6,2024,3669,6,2024
365394825,3670,16,2022,3670,16,2022
386882754,3671,0,2023,3671,0,2023
386863590,3672,21,2024,3672,21,2024
386864096,3673,-1,2024,3673,-1,2024
SA52142128920210221,3674,-1,2021,3674,-1,2021
386832319,3675,8,2023,3675,8,2023
298487808,3676,-1,2019,3676,-1,2019
302647789,3677,0,2019,3677,0,2019
356328850,3679,37,2022,3679,37,2022
345660991,3680,11,2021,3680,11,2021
386658447,3682,35,2024,3682,35,2024
386749681,3683,31,2023,3683,31,2023
394000203,3684,8,2022,3684,8,2022
304834936,3685,51,2019,3685,51,2019
354617292,3686,-1,2022,3686,-1,2022
363000862,3687,15,2021,3687,15,2021
381387006,3688,15,2023,3688,15,2023
386567269,3692,0,2023,3692,0,2023
386441671,3693,21,2023,3693,21,2023
386422461,3695,40,2022,3695,40,2022
299001477,3697,19,2019,3697,19,2019
386302545,3698,39,2024,3698,39,2024
386341086,3699,-1,2024,3699,-1,2024
386350131,3700,-1,2024,3700,-1,2024
386312986,3701,2,2023,3701,2,2023
386344960,3702,46,2023,3702,46,2023
386390963,3703,-1,2023,3703,-1,2023
386291682,3704,-1,2022,3704,-1,2022
386256107,3707,28,2024,3707,28,2024
386253251,3708,75,2024,3708,75,2024
385042868,3709,-1,2023,3709,-1,2023
386248385,3710,33,2023,3710,33,2023
353516553,3711,19,2022,3711,19,2022
386069226,3712,13,2024,3712,13,2024
386112466,3715,-1,2024,3715,-1,2024
386117947,3716,1,2022,3716,1,2022
386118085,3717,9,2024,3717,9,2024
386118138,3718,37,2024,3718,37,2024
386173313,3720,1,2022,3720,1,2022
386163838,3721,16,2023,3721,16,2023
386217323,3722,0,2023,3722,0,2023
315411712,3724,-1,2019,3724,-1,2019
374008034,3725,20,2023,3725,20,2023
385918949,3726,14,2024,3726,14,2024
385943342,3727,9,2024,3727,9,2024
385958715,3728,-1,2024,3728,-1,2024
386002537,3730,19,2023,3730,19,2023
367076272,3732,-1,2023,4528,-1,2022
385863492,3734,-1,2022,3734,-1,2022
386052311,3736,65,2022,3736,65,2022
332134451,3737,50,2020,3737,50,2020
385809444,3738,31,2023,3738,31,2023
320520668,3740,41,2020,3740,41,2020
332363561,3741,50,2020,3741,50,2020
383957125,3742,50,2024,3742,50,2024
385617924,3743,5,2024,3743,5,2024
385645584,3744,28,2024,3744,28,2024
385680887,3745,3,2023,3745,3,2023
385622930,3746,41,2024,3746,41,2024
385638601,3748,35,2023,3748,35,2023
385572295,3749,0,2023,3749,0,2023
385612422,3750,16,2023,3750,16,2023
385650122,3751,31,2023,3751,31,2023
HK42024087928.820240229,3752,-1,2024,3752,-1,2024
385558942,3753,-1,2023,3753,-1,2023
385560806,3754,10,2024,3754,10,2024
385062969,3755,25,2023,3784,25,2022
211369171,3756,2,2016,3756,2,2016
322162145,3759,19,2020,3759,19,2020
385314507,3760,5,2024,3760,5,2024
385315482,3762,36,2024,3762,36,2024
385327414,3764,27,2023,3764,27,2023
385293057,3765,-1,2022,3765,-1,2022
347966020,3767,20,2021,3767,20,2021
348250109,3768,4,2022,3768,4,2022
385128174,3770,19,2023,3770,19,2023
385145387,3771,0,2024,3771,0,2024
385143536,3772,33,2024,3772,33,2024
385145560,3773,30,2024,3773,30,2024
385116437,3775,15,2024,3775,15,2024
385124489,3776,-1,2023,3776,-1,2023
385126422,3777,51,2023,3777,51,2023
385210831,3778,43,2024,3778,43,2024
385228967,3779,0,2023,3779,0,2023
385229017,3780,0,2023,3780,0,2023
385097487,3781,0,2023,3781,0,2023
385185190,3782,2,2023,3782,2,2023
385078962,3783,11,2023,3783,11,2023
385039273,3785,49,2022,3785,49,2022
326422892,3788,-1,2020,4811,-1,2019
323748237,3789,11,2020,3789,11,2020
381716677,3790,19,2024,3790,19,2024
359791142,3791,-1,2024,3791,-1,2024
349268733,3792,-1,2021,3792,-1,2021
384866170,3794,4,2024,3794,4,2024
384940921,3795,40,2023,3795,40,2023
384297217,3797,-1,2022,3797,-1,2022
301364839,3798,14,2019,3798,14,2019
340532669,3799,-1,2021,3799,-1,2021
384728169,3800,71,2024,3800,71,2024
384742473,3801,0,2024,3801,0,2024
384721783,3802,15,2024,3802,15,2024
384752386,3803,-1,2023,3803,-1,2023
384744147,3804,43,2024,3804,43,2024
384735394,3805,-1,2023,3805,-1,2023
384989050,3806,-1,2022,3806,-1,2022
371718692,3807,24,2022,3807,24,2022
344795783,3808,26,2021,3808,26,2021
346212528,3809,27,2021,3809,27,2021
384563729,3810,-1,2023,3810,-1,2023
384563616,3811,-1,2024,3811,-1,2024
384582042,3812,0,2024,3812,0,2024
384507071,3813,6,2024,3813,6,2024
384596049,3814,-1,2023,3814,-1,2023
384502090,3815,-1,2023,3815,-1,2023
361655999,3817,-1,2022,3817,-1,2022
303793328,3818,19,2019,3818,19,2019
313914813,3819,7,2019,3819,7,2019
384297666,3820,27,2024,3820,27,2024
384305018,3821,9,2023,3821,9,2023
384361506,3822,16,2023,3822,16,2023
384291444,3823,28,2021,3823,28,2021
325842820,3824,0,2020,3824,0,2020
384144092,3825,-1,2023,3825,-1,2023
384144191,3826,-1,2023,3826,-1,2023
384144265,3827,13,2023,3827,13,2023
374669065,3828,38,2022,3828,38,2022
384097246,3829,-1,2023,3829,-1,2023
347230508,3831,-1,2021,3831,-1,2021
377554811,3832,68,2023,3832,68,2023
383957461,3833,26,2023,3833,26,2023
380424562,3837,25,2023,3837,25,2023
373465236,3838,43,2022,3838,43,2022
287421948,3839,49,2018,3839,49,2018
338329330,3840,60,2021,3840,60,2021
339484416,3841,0,2021,3841,0,2021
369472309,3842,7,2023,3842,7,2023
383797388,3843,3,2023,3843,3,2023
383797277,3844,-1,2023,3844,-1,2023
383870094,3846,3,2023,3846,3,2023
383781433,3849,9,2022,3849,9,2022
383779429,3850,21,2024,3850,21,2024
383778881,3851,-1,2024,3851,-1,2024
383778919,3852,-1,2024,3852,-1,2024
356760120,3853,-1,2022,3853,-1,2022
301784653,3854,-1,2019,3854,-1,2019
339464648,3855,-1,2021,3855,-1,2021
356972332,3856,3,2022,3856,3,2022
378266263,3857,43,2023,3857,43,2023
382073574,3858,0,2024,3858,0,2024
383638467,3859,0,2023,3859,0,2023
383691013,3860,-1,2023,3860,-1,2023
331823641,3862,1,2022,4869,1,2021
383592199,3863,11,2024,3863,11,2024
318159908,3864,1,2020,3864,1,2020
383539239,3865,0,2024,3865,0,2024
383442830,3866,-1,2023,3866,-1,2023
383417830,3867,8,2024,3867,8,2024
383417974,3868,8,2024,3868,8,2024
367623028,3869,3,2023,3869,3,2023
383383888,3870,0,2024,3870,0,2024
383328722,3871,-1,2023,3871,-1,2023
383386246,3872,-1,2023,3872,-1,2023
383309942,3873,0,2023,3873,0,2023
360568688,3874,69,2020,3874,69,2020
383130866,3875,0,2023,3875,0,2023
293541192,3876,-1,2019,6311,-1,2016
356678554,3877,53,2023,3877,53,2023
331398874,3878,1,2021,3878,1,2021
356593963,3879,0,2022,3879,0,2022
382928892,3880,3,2023,3880,3,2023
382809662,3881,5,2023,3881,5,2023
382809012,3882,19,2023,3882,19,2023
382798787,3883,1,2023,3883,1,2023
382877541,3884,2,2023,3884,2,2023
350719011,3885,-1,2021,3979,-1,2020
362717119,3886,-1,2022,3886,-1,2022
321808379,3887,41,2020,3887,41,2020
382579758,3889,15,2023,3889,15,2023
382567679,3890,6,2024,3890,6,2024
382495499,3891,-1,2022,3891,-1,2022
377020642,3892,35,2022,3892,35,2022
356929599,3893,-1,2022,3893,-1,2022
345422749,3894,75,2021,3894,75,2021
324408516,3895,28,2020,3895,28,2020
360573769,3896,-1,2022,3896,-1,2022
347233012,3897,35,2021,3897,35,2021
382277106,3900,15,2023,3900,15,2023
382211031,3901,33,2023,3901,33,2023
382200388,3902,17,2024,3902,17,2024
381624511,3904,74,2022,3917,74,2022
316447943,3905,62,2023,4996,62,2019
323451692,3906,-1,2020,3906,-1,2020
337491329,3907,6,2021,3907,6,2021
375594853,3908,-1,2023,3908,-1,2023
352068973,3914,1,2021,4981,1,2020
382034974,3915,2,2020,3915,2,2020
381979661,3918,-1,2023,3918,-1,2023
381983240,3919,-1,2023,3919,-1,2023
308801368,3922,27,2019,3922,27,2019
348043818,3923,0,2022,3923,0,2022
381912800,3925,54,2023,3925,54,2023
381892702,3926,2,2023,3926,2,2023
RU202212542620220928,3927,-1,2022,3927,-1,2022
338657599,3928,48,2021,3928,48,2021
381727211,3931,7,2023,3931,7,2023
381711477,3933,36,2023,3933,36,2023
381659609,3934,28,2024,3934,28,2024
356491995,3937,2,2022,4085,2,2021
333824706,3938,2,2020,3938,2,2020
374654087,3939,-1,2023,3939,-1,2023
381548680,3941,9,2023,3941,9,2023
381548733,3942,-1,2023,3942,-1,2023
381573419,3943,6,2023,3943,6,2023
381578762,3944,33,2023,3944,33,2023
367144537,3945,-1,2022,4523,-1,2021
342085202,3946,0,2021,3946,0,2021
214392547,3948,12,2016,3948,12,2016
315969612,3949,-1,2020,3949,-1,2020
337687117,3950,50,2021,3950,50,2021
342406745,3951,15,2021,3951,15,2021
375318900,3953,-1,2023,3953,-1,2023
381333727,3955,53,2023,3955,53,2023
381291913,3956,28,2023,3956,28,2023
381793517,3957,-1,2023,3957,-1,2023
381264206,3958,69,2023,3958,69,2023
292417970,3961,36,2018,3961,36,2018
381119816,3962,52,2023,3962,52,2023
381123888,3963,3,2023,3963,3,2023
381200257,3964,31,2023,3964,31,2023
381126495,3965,14,2023,3965,14,2023
381193558,3966,9,2023,3966,9,2023
360940751,3968,-1,2022,3968,-1,2022
335631624,3969,-1,2020,3969,-1,2020
378711706,3970,41,2023,3970,41,2023
379194523,3971,35,2023,3971,35,2023
380999646,3972,3,2023,3972,3,2023
380999412,3974,-1,2023,3974,-1,2023
381068094,3975,-1,2023,3975,-1,2023
380972250,3976,-1,2023,3976,-1,2023
374542235,3977,25,2022,3977,25,2022
370428969,3980,6,2022,3980,6,2022
380895830,3981,26,2023,3981,26,2023
150663352,3983,-1,2011,8369,-1,2010
294951398,3985,55,2018,3985,55,2018
306421634,3986,73,2019,3986,73,2019
324887158,3987,-1,2020,3987,-1,2020
332365195,3988,6,2021,3988,6,2021
380586224,3989,-1,2023,3989,-1,2023
345406645,3990,8,2021,3990,8,2021
380574720,3991,42,2020,3991,42,2020
380443786,3992,36,2023,3992,36,2023
380455509,3993,0,2023,3993,0,2023
380455598,3994,30,2023,3994,30,2023
362062256,3997,-1,2021,3997,-1,2021
378772991,3998,7,2023,3998,7,2023
380361902,3999,1,2023,3999,1,2023
380346977,4000,-1,2023,4000,-1,2023
380351763,4001,31,2023,4001,31,2023
373424574,4002,10,2023,4002,10,2023
377861976,4003,3,2023,4003,3,2023
380138126,4004,-1,2022,4004,-1,2022
380137225,4005,2,2023,4005,2,2023
325622960,4006,-1,2020,5034,-1,2019
380081184,4009,49,2023,4009,49,2023
379995046,4010,-1,2023,4010,-1,2023
379868813,4012,18,2023,4012,18,2023
379837223,4013,5,2023,4013,5,2023
379881720,4014,-1,2023,4014,-1,2023
379917530,4016,-1,2023,4016,-1,2023
379919599,4017,6,2023,4017,6,2023
379848620,4018,14,2023,4018,14,2023
375805087,4022,3,2023,4022,3,2023
379735107,4023,7,2023,4023,7,2023
368449044,4024,-1,2022,4024,-1,2022
379509635,4026,9,2023,4026,9,2023
379574237,4027,38,2023,4027,38,2023
379581197,4028,-1,2023,4028,-1,2023
379592358,4029,0,2023,4029,0,2023
TR202100199920210211,4030,60,2021,4030,60,2021
309729979,4031,38,2019,4031,38,2019
348042993,4032,73,2021,4032,73,2021
379355711,4033,-1,2023,4033,-1,2023
379364847,4034,27,2023,4034,27,2023
377996855,4035,23,2022,4035,23,2022
371623726,4036,-1,2022,4036,-1,2022
318348715,4037,0,2020,4037,0,2020
372883024,4038,1,2023,4038,1,2023
379218201,4039,16,2023,4039,16,2023
379173928,4041,-1,2023,4041,-1,2023
HK42020021464.120201202,4042,8,2020,4042,8,2020
379157852,4043,44,2023,4043,44,2023
379075812,4045,15,2023,4045,15,2023
310580256,4046,47,2020,4046,47,2020
378839220,4047,36,2023,4047,36,2023
378948477,4049,3,2023,4049,3,2023
378844357,4050,15,2023,4050,15,2023
378844400,4051,-1,2023,4051,-1,2023
378830696,4052,28,2023,4052,28,2023
378734547,4053,45,2023,4053,45,2023
331772720,4054,-1,2019,4054,-1,2019
393741395,4056,69,2017,4056,69,2017
222398892,4057,0,2017,4057,0,2017
239889748,4058,-1,2018,4058,-1,2018
343215570,4059,2,2020,4059,2,2020
378511178,4060,-1,2023,4060,-1,2023
378510513,4061,1,2023,4061,1,2023
378467087,4065,8,2023,4065,8,2023
373759208,4066,-1,2022,4066,-1,2022
378602524,4067,47,2023,4067,47,2023
378602532,4068,47,2023,4068,47,2023
378602830,4069,30,2023,4069,30,2023
236525477,4070,0,2017,4070,0,2017
317625254,4071,-1,2020,4071,-1,2020
378756343,4072,23,2023,4072,23,2023
378374104,4073,-1,2022,4073,-1,2022
378261793,4076,0,2023,4076,0,2023
378270170,4078,-1,2022,4078,-1,2022
378223860,4079,-1,2023,4079,-1,2023
378203318,4080,8,2023,4080,8,2023
373415666,4082,16,2023,4082,16,2023
374669043,4086,38,2022,4086,38,2022
318497482,4088,3,2020,4088,3,2020
364963608,4089,45,2021,4089,45,2021
374913810,4090,16,2023,4090,16,2023
377689911,4091,4,2023,4091,4,2023
377705661,4092,45,2023,4092,45,2023
377710852,4093,6,2023,4093,6,2023
377771569,4094,31,2023,4094,31,2023
362516929,4095,16,2021,4095,16,2021
368602043,4096,48,2021,4096,48,2021
346965739,4098,1,2021,4098,1,2021
377510509,4099,-1,2023,4099,-1,2023
377512070,4100,6,2023,4100,6,2023
377579873,4103,-1,2023,4103,-1,2023
298058086,4104,14,2018,4104,14,2018
312508710,4105,10,2020,4105,10,2020
305817655,4108,75,2018,4108,75,2018
377057444,4109,6,2023,4109,6,2023
377098728,4111,-1,2022,4111,-1,2022
316754865,4113,43,2020,4113,43,2020
354860222,4114,-1,2022,4114,-1,2022
376925060,4119,33,2023,4119,33,2023
376952671,4120,41,2023,4120,41,2023
376970652,4121,-1,2023,4121,-1,2023
376874208,4125,4,2022,4125,4,2022
376523240,4127,26,2022,4127,26,2022
377021618,4128,35,2022,4128,35,2022
344915691,4129,-1,2020,4129,-1,2020
374914492,4130,-1,2023,4130,-1,2023
376745398,4132,28,2023,4132,28,2023
376753257,4133,50,2023,4133,50,2023
332124810,4134,3,2022,4134,3,2022
355847109,4135,14,2022,4135,14,2022
374787800,4136,-1,2023,4136,-1,2023
376572760,4137,45,2023,4137,45,2023
376573793,4139,45,2023,4139,45,2023
376663574,4141,45,2022,4141,45,2022
376585081,4142,52,2023,4142,52,2023
376541721,4144,-1,2023,4144,-1,2023
376378581,4145,33,2023,4145,33,2023
376384086,4146,26,2022,4146,26,2022
376407299,4148,-1,2023,4148,-1,2023
310397633,4149,29,2019,4149,29,2019
228315611,4150,0,2017,4150,0,2017
376225624,4152,52,2023,4152,52,2023
376244583,4153,37,2023,4153,37,2023
376195648,4155,0,2023,4155,0,2023
352824482,4156,1,2022,4156,1,2022
375921869,4157,45,2023,4157,45,2023
375895600,4158,15,2023,4158,15,2023
375795788,4160,11,2022,4160,11,2022
375780465,4161,9,2023,4161,9,2023
375692787,4162,1,2022,4162,1,2022
331398014,4165,-1,2019,4165,-1,2019
372415323,4166,38,2023,4166,38,2023
375627737,4167,19,2023,4167,19,2023
375651676,4169,-1,2023,4169,-1,2023
375605287,4171,3,2023,4171,3,2023
375605623,4172,6,2023,4172,6,2023
375546977,4174,29,2023,4174,29,2023
375547181,4175,21,2023,4175,21,2023
345681359,4176,4,2021,4176,4,2021
375365179,4178,-1,2023,4178,-1,2023
375424173,4179,30,2023,4179,30,2023
375433661,4181,-1,2023,4181,-1,2023
375558066,4182,-1,2022,4182,-1,2022
375555905,4183,31,2023,4183,31,2023
373440136,4184,-1,2023,4184,-1,2023
375290742,4185,-1,2023,4185,-1,2023
375322892,4187,41,2023,4187,41,2023
HK42022059802.320220908,4188,74,2022,4188,74,2022
375188489,4189,-1,2023,4189,-1,2023
295345908,4191,14,2019,4191,14,2019
357588951,4192,-1,2021,4192,-1,2021
360940910,4193,11,2021,4193,11,2021
339145341,4194,-1,2021,4194,-1,2021
355678959,4195,-1,2022,4195,-1,2022
374913721,4196,19,2023,4196,19,2023
374914551,4198,30,2023,4198,30,2023
374962942,4201,6,2022,4201,6,2022
374907380,4202,8,2023,4202,8,2023
288532449,4205,0,2018,4205,0,2018
337328823,4206,-1,2021,4206,-1,2021
374787754,4207,37,2022,4207,37,2022
374719604,4210,53,2022,4210,53,2022
374710708,4211,43,2023,4211,43,2023
284214420,4212,0,2018,4212,0,2018
343091124,4213,27,2021,4213,27,2021
354146579,4214,4,2022,4214,4,2022
374660633,4217,10,2023,4217,10,2023
374588186,4218,0,2023,4218,0,2023
374588325,4219,0,2023,4219,0,2023
374611181,4221,9,2023,4221,9,2023
374611281,4222,13,2023,4222,13,2023
374247229,4224,-1,2022,4224,-1,2022
351372483,4227,3,2022,4227,3,2022
374426550,4228,6,2023,4228,6,2023
339878792,4229,-1,2021,4229,-1,2021
345854671,4233,30,2021,4233,30,2021
353551391,4234,0,2022,4234,0,2022
374358792,4235,-1,2023,4235,-1,2023
367250444,4237,12,2023,4237,12,2023
374524947,4238,3,2023,4238,3,2023
374099155,4241,0,2023,4241,0,2023
374110551,4242,0,2023,4242,0,2023
374153991,4243,26,2022,4243,26,2022
344951257,4244,37,2021,4244,37,2021
363626456,4245,0,2022,4245,0,2022
365947085,4246,30,2022,4246,30,2022
374050821,4248,45,2022,4248,45,2022
374003267,4249,53,2023,4249,53,2023
373957882,4250,-1,2023,4250,-1,2023
348392136,4253,5,2021,4253,5,2021
369477462,4254,15,2023,4254,15,2023
373825760,4255,10,2023,4255,10,2023
373844384,4256,0,2023,4256,0,2023
373799593,4257,2,2023,4257,2,2023
373867897,4258,28,2023,4258,28,2023
373698018,4259,7,2023,4259,7,2023
373724215,4260,19,2023,4260,19,2023
373669309,4261,27,2023,4261,27,2023
348268806,4264,0,2022,4264,0,2022
373582991,4266,-1,2023,4266,-1,2023
202653670,4268,19,2017,4268,19,2017
313445504,4269,-1,2020,4269,-1,2020
346996002,4270,1,2021,4270,1,2021
368179081,4271,-1,2022,4271,-1,2022
373391154,4272,8,2023,4272,8,2023
373380002,4277,68,2023,4277,68,2023
373346120,4278,8,2023,4278,8,2023
295851394,4279,-1,2018,5984,-1,2017
373472763,4281,42,2022,4281,42,2022
235475139,4282,20,2017,4282,20,2017
373190043,4283,40,2023,4283,40,2023
373282802,4284,3,2023,4284,3,2023
373194700,4285,-1,2023,4285,-1,2023
320650238,4286,26,2020,4286,26,2020
316911301,4287,3,2020,4287,3,2020
370019941,4288,21,2023,4288,21,2023
373105890,4289,-1,2023,4289,-1,2023
373061826,4290,3,2023,4290,3,2023
373122093,4292,-1,2022,4292,-1,2022
335678022,4296,53,2021,4296,53,2021
372884164,4300,-1,2023,4300,-1,2023
372881332,4301,7,2023,4301,7,2023
372937681,4302,38,2022,4302,38,2022
372925538,4303,0,2023,4303,0,2023
372954156,4304,-1,2022,4304,-1,2022
313535564,4305,0,2021,4305,0,2021
294652459,4306,41,2019,4306,41,2019
373031999,4309,15,2023,4309,15,2023
375163500,4310,-1,2021,4310,-1,2021
372735197,4311,-1,2022,4311,-1,2022
372620463,4312,0,2023,4312,0,2023
372641646,4314,1,2023,4314,1,2023
351720074,4315,25,2021,4315,25,2021
372601122,4316,-1,2023,4316,-1,2023
372599902,4317,-1,2023,4317,-1,2023
324155896,4318,-1,2020,4318,-1,2020
326032236,4319,17,2020,4319,17,2020
372502518,4320,29,2023,4320,29,2023
372438283,4321,-1,2022,4321,-1,2022
188890705,4322,-1,2016,7477,-1,2015
199853738,4323,64,2017,4323,64,2017
325253155,4324,0,2020,4324,0,2020
372265656,4325,39,2023,4325,39,2023
316367687,4327,-1,2020,5936,-1,2019
325252615,4328,0,2020,4328,0,2020
325252970,4329,0,2020,4329,0,2020
347916618,4330,0,2021,4330,0,2021
372183839,4331,0,2023,4331,0,2023
316152412,4332,55,2019,4332,55,2019
285487080,4334,4,2018,4334,4,2018
372015330,4337,-1,2022,4337,-1,2022
372038239,4339,7,2023,4339,7,2023
372068379,4340,26,2023,4340,26,2023
348940169,4342,0,2022,4342,0,2022
371880910,4343,23,2023,4343,23,2023
371881045,4345,0,2023,4345,0,2023
366391240,4347,-1,2023,4577,-1,2022
371877938,4348,31,2022,4348,31,2022
357455341,4351,-1,2022,4351,-1,2022
340980341,4352,23,2021,4352,23,2021
341668066,4353,6,2021,4353,6,2021
324254944,4356,8,2019,4356,8,2019
371437131,4359,-1,2023,4359,-1,2023
371338566,4360,1,2023,4360,1,2023
371442303,4361,-1,2022,4361,-1,2022
347088244,4362,-1,2022,4362,-1,2022
371330549,4363,53,2021,4363,53,2021
340437904,4365,-1,2020,4365,-1,2020
331597097,4366,-1,2021,4366,-1,2021
371209215,4367,46,2023,4367,46,2023
371190313,4368,14,2022,4368,14,2022
371176408,4371,22,2022,4371,22,2022
292527354,4372,4,2019,4372,4,2019
371117764,4373,33,2023,4373,33,2023
230779330,4375,4,2017,4375,4,2017
335816376,4376,0,2021,4376,0,2021
370821812,4377,30,2023,4377,30,2023
370822576,4379,0,2023,4379,0,2023
370822639,4380,0,2023,4380,0,2023
370797035,4383,43,2023,4383,43,2023
224855785,4388,24,2017,4388,24,2017
330476509,4389,2,2021,4389,2,2021
349779302,4390,27,2022,4390,27,2022
353109973,4391,-1,2022,4391,-1,2022
209117157,4392,4,2017,4392,4,2017
357461262,4393,23,2022,4393,23,2022
387458963,4394,61,2023,4394,61,2023
370353593,4396,-1,2023,4396,-1,2023
370379935,4399,3,2023,4399,3,2023
370345773,4400,50,2021,4400,50,2021
370370547,4401,-1,2023,4401,-1,2023
338536255,4402,11,2021,4402,11,2021
342324226,4403,1,2021,4403,1,2021
345657409,4404,37,2021,4404,37,2021
370252713,4405,-1,2022,4405,-1,2022
345515078,4408,-1,2021,4408,-1,2021
370110312,4410,20,2023,4410,20,2023
370023144,4412,-1,2023,4412,-1,2023
361672713,4415,0,2022,4415,0,2022
367573678,4416,71,2023,4416,71,2023
369952010,4417,4,2023,4417,4,2023
369959357,4418,-1,2023,4418,-1,2023
369881765,4419,6,2022,4419,6,2022
369855037,4420,22,2021,4420,22,2021
316688131,4421,-1,2019,4421,-1,2019
322080754,4423,-1,2020,4423,-1,2020
351468861,4424,24,2022,4424,24,2022
369740269,4425,0,2023,4425,0,2023
369740550,4426,3,2022,4426,3,2022
369765254,4427,53,2023,4427,53,2023
369767460,4428,26,2022,4428,26,2022
369700123,4429,29,2021,4429,29,2021
345992318,4430,4,2021,4430,4,2021
369607294,4431,38,2022,4431,38,2022
370175136,4432,7,2023,4432,7,2023
340413946,4434,2,2021,4434,2,2021
292740366,4435,48,2019,4435,48,2019
296722813,4436,5,2019,4436,5,2019
309729616,4437,51,2018,4437,51,2018
369453769,4438,-1,2023,4438,-1,2023
369470552,4439,-1,2023,4439,-1,2023
369475349,4441,0,2023,4441,0,2023
369475433,4442,3,2023,4442,3,2023
369450932,4443,35,2023,4443,35,2023
369455452,4444,54,2022,4444,54,2022
330420889,4445,-1,2021,4445,-1,2021
369378470,4447,-1,2021,4447,-1,2021
368858765,4448,21,2022,4448,21,2022
352032443,4450,7,2022,4450,7,2022
369030023,4451,-1,2021,4451,-1,2021
369030032,4452,3,2022,4452,3,2022
368969153,4453,-1,2023,4453,-1,2023
368979194,4454,8,2022,4454,8,2022
369042929,4455,14,2022,4455,14,2022
369028323,4456,-1,2022,4456,-1,2022
310795706,4457,1,2020,4457,1,2020
332145747,4458,23,2020,4458,23,2020
340091488,4459,0,2021,4459,0,2021
362462090,4460,4,2022,4460,4,2022
368858284,4461,-1,2023,4461,-1,2023
368824703,4463,7,2023,4463,7,2023
368823720,4464,-1,2022,4464,-1,2022
368876092,4465,-1,2022,4465,-1,2022
368770405,4466,-1,2023,4466,-1,2023
224103705,4467,0,2017,7161,0,2016
368635476,4468,-1,2022,4468,-1,2022
368637745,4470,25,2022,4470,25,2022
368629530,4471,-1,2022,4471,-1,2022
318140649,4472,1,2020,4472,1,2020
368614877,4473,21,2022,4473,21,2022
366495992,4474,3,2023,4474,3,2023
368475524,4476,5,2023,4476,5,2023
342887587,4479,-1,2022,4479,-1,2022
286863503,4480,0,2018,4480,0,2018
341758204,4481,28,2021,4481,28,2021
344056716,4482,1,2021,4482,1,2021
368298078,4483,6,2023,4483,6,2023
368371798,4484,-1,2022,4484,-1,2022
368312869,4486,0,2023,4486,0,2023
348300363,4488,39,2022,4488,39,2022
320649981,4494,-1,2021,4494,-1,2021
284144273,4495,0,2018,4495,0,2018
366391471,4496,7,2023,4496,7,2023
IT10202100000907120210412,4497,61,2021,4497,61,2021
210086911,4499,18,2017,4499,18,2017
296144861,4500,45,2019,4500,45,2019
353863951,4501,-1,2022,4501,-1,2022
367761464,4502,6,2022,4502,6,2022
325710604,4503,8,2022,4503,8,2022
306282569,4504,-1,2020,4504,-1,2020
367870213,4505,68,2021,4505,68,2021
289388547,4506,-1,2018,4506,-1,2018
308624402,4507,73,2019,4507,73,2019
367583023,4509,53,2022,4509,53,2022
367562246,4510,8,2023,4510,8,2023
367562218,4511,8,2023,4511,8,2023
344536447,4514,-1,2021,4514,-1,2021
367451601,4515,24,2022,4515,24,2022
301312095,4516,-1,2019,4516,-1,2019
310209583,4517,3,2020,4517,3,2020
310225719,4518,15,2020,4518,15,2020
311584622,4519,5,2020,4519,5,2020
333399366,4520,7,2021,4520,7,2021
335057839,4521,2,2021,4521,2,2021
367157759,4522,-1,2022,4522,-1,2022
367006356,4524,36,2022,4524,36,2022
367055450,4527,30,2022,4527,30,2022
367058073,4529,64,2022,4529,64,2022
297273016,4530,-1,2019,4530,-1,2019
344182890,4531,0,2021,4531,0,2021
354483355,4532,-1,2022,4532,-1,2022
362482611,4533,-1,2022,4533,-1,2022
366954860,4534,4,2022,4534,4,2022
366957241,4536,-1,2021,4536,-1,2021
366930863,4539,61,2022,4539,61,2022
366860719,4542,0,2021,4542,0,2021
326547528,4547,-1,2021,4547,-1,2021
339041002,4548,0,2021,4548,0,2021
342542749,4549,0,2021,4549,0,2021
366755975,4550,2,2022,4550,2,2022
292516620,4551,3,2018,4551,3,2018
330078029,4552,-1,2021,4552,-1,2021
330529469,4553,26,2021,4553,26,2021
361153628,4554,26,2022,4554,26,2022
366577343,4557,16,2022,4557,16,2022
307729261,4560,55,2019,5785,55,2018
353102669,4561,16,2022,4561,16,2022
366175812,4563,53,2021,4563,53,2021
308942403,4564,-1,2018,4564,-1,2018
366143908,4565,-1,2022,4565,-1,2022
366093280,4567,8,2023,4567,8,2023
366057454,4569,42,2021,4569,42,2021
308624391,4572,73,2019,4572,73,2019
342965137,4573,19,2021,4573,19,2021
365882158,4574,45,2022,4574,45,2022
365934429,4575,2,2022,4575,2,2022
365945213,4576,74,2022,4576,74,2022
365928847,4579,46,2022,4579,46,2022
365897186,4581,13,2022,4581,13,2022
365891127,4582,-1,2022,4582,-1,2022
365825706,4585,4,2022,4585,4,2022
365693388,4586,-1,2022,4590,-1,2021
365756287,4587,45,2022,4587,45,2022
338330589,4591,3,2021,4591,3,2021
365659280,4592,0,2022,4592,0,2022
317404617,4594,2,2020,4594,2,2020
335595881,4595,8,2021,4864,8,2021
306964280,4596,6,2019,4596,6,2019
329582471,4599,1,2021,4599,1,2021
335430541,4600,-1,2021,4600,-1,2021
339540332,4601,3,2021,4601,3,2021
365142498,4602,-1,2022,4602,-1,2022
316694999,4603,23,2019,4603,23,2019
152154473,4604,30,2011,4604,30,2011
329615328,4605,33,2021,4605,33,2021
365202079,4606,-1,2021,4606,-1,2021
MYPI202400449220230221,4607,-1,2023,4607,-1,2023
365005303,4608,-1,2022,4608,-1,2022
365005312,4609,-1,2022,4609,-1,2022
344782534,4612,0,2021,4612,0,2021
335057875,4615,4,2021,4615,4,2021
364469580,4616,10,2022,4616,10,2022
364430445,4618,26,2022,4618,26,2022
364421171,4619,0,2022,4619,0,2022
364486379,4620,9,2022,4620,9,2022
364375821,4621,2,2023,4621,2,2023
170960119,4622,4,2015,4622,4,2015
317383076,4625,63,2022,6211,-1,2015
204282981,4626,11,2018,7302,11,2017
364596949,4627,23,2022,4627,23,2022
304679793,4628,2,2019,4628,2,2019
364307808,4629,2,2022,4629,2,2022
364237137,4632,-1,2022,4632,-1,2022
364237982,4633,50,2021,4633,50,2021
364194003,4634,11,2022,4634,11,2022
330073082,4635,-1,2021,4635,-1,2021
363977049,4637,0,2022,4637,0,2022
353445565,4638,16,2022,4638,16,2022
313514564,4639,4,2020,4639,4,2020
363874399,4640,0,2022,4640,0,2022
363845855,4641,72,2022,4641,72,2022
324303700,4646,30,2020,4646,30,2020
339910412,4647,0,2021,4647,0,2021
363637061,4650,0,2021,4650,0,2021
363623624,4651,59,2020,4651,59,2020
363915582,4652,0,2021,4652,0,2021
363478949,4654,-1,2022,4654,-1,2022
363545187,4655,26,2021,4655,26,2021
335685458,4656,15,2021,4656,15,2021
335685450,4657,-1,2021,4657,-1,2021
302670359,4660,-1,2019,4660,-1,2019
363265362,4661,-1,2022,4661,-1,2022
363278908,4662,41,2022,4662,41,2022
363212068,4665,-1,2022,4665,-1,2022
363108561,4666,61,2022,4666,61,2022
363108898,4667,31,2023,4667,31,2023
315755822,4668,-1,2019,4668,-1,2019
320128001,4672,-1,2020,4672,-1,2020
341283516,4673,3,2021,4673,3,2021
362791870,4674,10,2022,4674,10,2022
349284710,4678,0,2022,4678,0,2022
362563659,4679,30,2022,4679,30,2022
294084168,4680,55,2018,4680,55,2018
362460914,4681,10,2022,4681,10,2022
362482404,4683,0,2021,4683,0,2021
362390398,4685,-1,2022,4685,-1,2022
332364616,4686,-1,2022,4686,-1,2022
362518803,4688,23,2022,4688,23,2022
362518881,4689,-1,2022,4689,-1,2022
307751901,4692,-1,2018,4692,-1,2018
325208005,4693,-1,2020,4693,-1,2020
362041042,4697,4,2022,4697,4,2022
315143238,4698,1,2020,4698,1,2020
361973440,4699,11,2022,4699,11,2022
361669529,4700,-1,2022,4700,-1,2022
361669704,4701,10,2022,4701,10,2022
361763203,4703,15,2022,4703,15,2022
345811012,4707,-1,2021,4707,-1,2021
361573701,4709,0,2022,4709,0,2022
322360392,4711,50,2020,4711,50,2020
333793825,4712,0,2021,4712,0,2021
349782817,4713,-1,2022,4713,-1,2022
361344982,4714,7,2022,4714,7,2022
361447075,4715,18,2022,4715,18,2022
343221027,4719,10,2021,4719,10,2021
361218744,4720,10,2022,4720,10,2022
361130667,4721,1,2021,4721,1,2021
361143711,4722,-1,2022,4722,-1,2022
315755270,4725,-1,2019,4725,-1,2019
307781210,4726,1,2020,4726,1,2020
320996760,4727,3,2020,4727,3,2020
325268295,4728,21,2020,4728,21,2020
325270342,4729,21,2020,4729,21,2020
360976804,4730,16,2022,4730,16,2022
361030916,4731,46,2022,4731,46,2022
286643870,4735,-1,2018,4735,-1,2018
344081542,4736,-1,2021,4736,-1,2021
357254477,4737,3,2022,4737,3,2022
360806451,4738,18,2022,4738,18,2022
360765847,4741,23,2022,4741,23,2022
329807535,4742,1,2021,4742,1,2021
360620532,4743,-1,2022,4743,-1,2022
360599151,4744,8,2022,4744,8,2022
360249654,4749,-1,2022,4749,-1,2022
360365847,4751,8,2022,4751,8,2022
170788471,4752,25,2013,4752,25,2013
286994376,4753,-1,2018,6766,-1,2017
360188397,4755,-1,2022,4755,-1,2022
339394765,4756,4,2020,4756,4,2020
295846903,4757,57,2017,4757,57,2017
359918885,4758,39,2022,4758,39,2022
359897943,4759,1,2022,4759,1,2022
360013224,4763,2,2022,4763,2,2022
295968235,4765,-1,2019,4765,-1,2019
358935388,4766,20,2022,4766,20,2022
358938074,4767,14,2022,4767,14,2022
358970089,4770,7,2022,4770,7,2022
358925162,4771,5,2022,4771,5,2022
323179652,4772,5,2020,4772,5,2020
310804014,4775,4,2020,4775,4,2020
331831125,4776,40,2021,4776,40,2021
357652522,4777,16,2022,4777,16,2022
332050050,4779,8,2021,4779,8,2021
355224755,4780,2,2022,4780,2,2022
356804371,4781,23,2021,4781,23,2021
357454021,4782,-1,2022,4782,-1,2022
357419315,4786,-1,2022,4786,-1,2022
357517556,4787,18,2022,4787,18,2022
357338036,4788,61,2022,4806,61,2021
357189010,4790,39,2022,4790,39,2022
357191270,4792,7,2022,4792,7,2022
357259403,4793,29,2022,4793,29,2022
357236030,4796,43,2022,4796,43,2022
357177878,4798,11,2022,4798,11,2022
325262248,4800,24,2020,4800,24,2020
357123998,4801,18,2022,4801,18,2022
339893626,4802,14,2020,4802,14,2020
357013891,4803,21,2022,4803,21,2022
323401959,4804,23,2020,4804,23,2020
318362091,4807,-1,2020,4807,-1,2020
356826042,4808,-1,2022,4808,-1,2022
356905085,4809,3,2022,4809,3,2022
356908018,4810,-1,2022,4810,-1,2022
356774297,4815,-1,2022,4815,-1,2022
334920645,4817,-1,2021,4817,-1,2021
356666021,4818,33,2022,4818,33,2022
356726890,4819,2,2022,4819,2,2022
356627250,4820,18,2022,4820,18,2022
313842498,4821,-1,2020,4821,-1,2020
307510624,4822,1,2020,4822,1,2020
327818736,4823,41,2021,4823,41,2021
332369949,4824,-1,2021,4824,-1,2021
337236366,4825,32,2021,4825,32,2021
356542208,4827,2,2022,4827,2,2022
356543614,4828,29,2022,4828,29,2022
356597246,4830,21,2022,4830,21,2022
331370723,4832,1,2021,5567,1,2021
332038269,4833,-1,2021,4833,-1,2021
332013532,4835,8,2022,5550,53,2021
334900007,4836,-1,2021,4836,-1,2021
356420338,4839,29,2022,4839,29,2022
349270439,4844,7,2022,4844,7,2022
356084441,4846,2,2021,4846,2,2021
356048634,4849,-1,2022,4849,-1,2022
313097999,4850,42,2019,4850,42,2019
340438222,4851,-1,2020,4851,-1,2020
340438227,4852,-1,2020,4852,-1,2020
340438465,4853,-1,2020,4853,-1,2020
340437582,4854,-1,2020,4854,-1,2020
340435944,4855,-1,2020,4855,-1,2020
340438288,4856,-1,2020,4856,-1,2020
340435890,4857,-1,2020,4857,-1,2020
340437666,4858,-1,2020,4858,-1,2020
307938898,4859,3,2019,4859,3,2019
309145659,4860,1,2020,4860,1,2020
355865151,4862,44,2022,4862,44,2022
355865478,4863,4,2022,4863,4,2022
314789746,4865,1,2020,4865,1,2020
355682166,4867,-1,2021,4867,-1,2021
342470710,4870,18,2021,4870,18,2021
350046687,4871,-1,2022,4871,-1,2022
355569013,4872,0,2022,4872,0,2022
355569031,4873,53,2022,4873,53,2022
355605081,4875,-1,2022,4875,-1,2022
355576499,4876,14,2022,4876,14,2022
355547914,4877,29,2022,4877,29,2022
330900965,4878,40,2021,4936,40,2021
350474381,4881,4,2022,4881,4,2022
355446494,4882,8,2022,4882,8,2022
355483572,4883,19,2022,4883,19,2022
355391496,4884,-1,2022,4884,-1,2022
355380068,4885,14,2022,4885,14,2022
355483985,4886,20,2022,4886,20,2022
355347864,4887,-1,2019,4887,-1,2019
355228259,4890,50,2022,4890,50,2022
355186101,4891,4,2022,4891,4,2022
354811007,4892,-1,2021,4892,-1,2021
338032698,4893,11,2021,4893,11,2021
304054489,4895,62,2019,6051,62,2018
355068067,4896,71,2022,4896,71,2022
354955732,4897,2,2022,4897,2,2022
355032889,4898,46,2022,4898,46,2022
355060608,4899,39,2021,4899,39,2021
328961874,4900,-1,2021,4900,-1,2021
345682873,4901,0,2021,4901,0,2021
332124093,4904,27,2021,4904,27,2021
354684252,4905,0,2022,4905,0,2022
TR20202170720201225,4907,-1,2020,4907,-1,2020
361311801,4908,60,2021,4908,60,2021
322715503,4909,-1,2020,4909,-1,2020
354491526,4911,-1,2022,4911,-1,2022
326438485,4912,69,2020,4912,69,2020
335304973,4913,26,2021,4913,26,2021
354362057,4914,-1,2022,4914,-1,2022
354307774,4915,-1,2021,4915,-1,2021
291535315,4916,-1,2018,4916,-1,2018
286059741,4917,25,2018,6804,25,2017
296724581,4918,4,2019,4918,4,2019
336992297,4919,10,2021,4919,10,2021
344718195,4920,7,2021,4920,7,2021
350474525,4921,4,2022,4921,4,2022
354164949,4923,26,2022,4923,26,2022
330476207,4924,22,2021,4924,22,2021
188911843,4925,63,2022,5508,-1,2015
315850802,4926,7,2020,4926,7,2020
330072823,4927,-1,2021,4927,-1,2021
330475812,4928,-1,2021,4928,-1,2021
353938424,4929,3,2022,4929,3,2022
353939956,4930,14,2021,4930,14,2021
320122266,4931,-1,2020,4931,-1,2020
324622989,4932,4,2020,4932,4,2020
339174569,4933,8,2021,4933,8,2021
353685340,4935,29,2022,4935,29,2022
353551462,4939,0,2022,4939,0,2022
353558169,4940,-1,2022,4940,-1,2022
353459471,4941,-1,2022,4941,-1,2022
329625723,4943,1,2021,5317,1,2021
332103806,4944,3,2021,4944,3,2021
335299496,4945,54,2021,4945,54,2021
342880709,4946,0,2021,4946,0,2021
353313495,4947,0,2022,4947,0,2022
322282663,4948,-1,2020,4948,-1,2020
323708953,4949,-1,2020,4949,-1,2020
353102414,4950,19,2022,4950,19,2022
361311684,4954,-1,2020,4954,-1,2020
346707279,4955,50,2021,4955,50,2021
352825407,4960,15,2022,4960,15,2022
352833037,4961,0,2022,4961,0,2022
352835837,4962,61,2021,4962,61,2021
306252303,4963,48,2019,4963,48,2019
313447691,4964,22,2019,4964,22,2019
324447528,4965,28,2020,4965,28,2020
200010993,4966,63,2016,4966,63,2016
297003364,4967,1,2019,4967,1,2019
348249765,4968,67,2022,4968,67,2022
349810385,4969,7,2022,4969,7,2022
349810444,4970,7,2022,4970,7,2022
352737429,4971,39,2022,4971,39,2022
309955960,4972,11,2020,5776,11,2019
338638700,4973,41,2021,4973,41,2021
352529032,4975,15,2022,4975,15,2022
352500328,4976,0,2021,4976,0,2021
352500353,4977,0,2021,4977,0,2021
352541836,4978,0,2021,4978,0,2021
352541858,4979,0,2022,4979,0,2022
352482250,4980,14,2022,4980,14,2022
318654490,4983,2,2020,4983,2,2020
351910968,4990,41,2022,4990,41,2022
351988917,4991,29,2021,4991,29,2021
322319075,4994,8,2020,4994,8,2020
348263225,4995,67,2022,4995,67,2022
327378479,4997,-1,2021,4997,-1,2021
351627816,4998,-1,2021,4998,-1,2021
285768741,4999,1,2018,4999,1,2018
351481773,5001,19,2022,5001,19,2022
351530635,5002,13,2021,5002,13,2021
351469871,5003,18,2021,5003,18,2021
351498130,5004,14,2022,5004,14,2022
351457260,5005,8,2020,5005,8,2020
351295311,5007,-1,2022,5007,-1,2022
351278093,5010,-1,2021,5010,-1,2021
351345634,5011,-1,2022,5011,-1,2022
351351374,5012,31,2022,5012,31,2022
351569648,5013,5,2020,5013,5,2020
318507228,5014,24,2020,5014,24,2020
346658183,5015,1,2022,5015,1,2022
351223404,5016,7,2022,5016,7,2022
351065859,5017,64,2021,5017,64,2021
351066082,5018,0,2021,5018,0,2021
313516042,5021,-1,2020,5021,-1,2020
319042770,5022,-1,2020,5022,-1,2020
350948599,5023,-1,2022,5023,-1,2022
350968294,5025,24,2022,5025,24,2022
350961177,5026,-1,2022,5026,-1,2022
351058682,5027,21,2020,5027,21,2020
306110025,5028,38,2019,5028,38,2019
315832290,5029,4,2020,5029,4,2020
350771874,5031,21,2020,5031,21,2020
350877434,5033,2,2021,5033,2,2021
350903797,5035,8,2022,5035,8,2022
350904399,5036,8,2022,5036,8,2022
350738658,5038,8,2021,5038,8,2021
310797767,5043,-1,2020,5043,-1,2020
350601280,5044,0,2021,5044,0,2021
350648414,5045,43,2021,5045,43,2021
299229584,5046,11,2019,5046,11,2019
351092025,5047,33,2021,5047,33,2021
284232111,5048,26,2017,5048,26,2017
326014022,5049,12,2019,5049,12,2019
330476261,5050,28,2021,5050,28,2021
350347129,5052,53,2022,5052,53,2022
350348530,5053,7,2022,5053,7,2022
350363792,5054,-1,2021,5054,-1,2021
350520768,5055,3,2020,5055,3,2020
327365110,5057,6,2020,5057,6,2020
350243145,5058,23,2021,5058,23,2021
327625518,5060,-1,2020,5060,-1,2020
350137874,5061,14,2021,5061,14,2021
307389098,5062,73,2020,5062,73,2020
350542915,5063,7,2021,5063,7,2021
311986116,5064,5,2020,5064,5,2020
332363750,5065,7,2021,5065,7,2021
350008116,5067,18,2021,5067,18,2021
297020796,5068,7,2019,5068,7,2019
349779549,5070,1,2022,5070,1,2022
349861390,5074,50,2021,5074,50,2021
349728758,5075,14,2021,5075,14,2021
349683812,5076,8,2021,5076,8,2021
349450885,5080,48,2020,5080,48,2020
289797515,5083,38,2018,5083,38,2018
326013943,5084,12,2019,5084,12,2019
349267973,5086,54,2022,5086,54,2022
349335253,5087,-1,2022,5087,-1,2022
326011313,5088,8,2020,5088,8,2020
349376604,5089,-1,2022,5089,-1,2022
332363643,5092,7,2021,5092,7,2021
349003208,5093,48,2021,5093,48,2021
348935769,5094,29,2022,5094,29,2022
349037917,5096,2,2022,5096,2,2022
314527738,5098,2,2019,5098,2,2019
333784664,5100,14,2022,5507,14,2021
348799113,5103,0,2021,5103,0,2021
345320560,5104,15,2022,5104,15,2022
348653311,5105,0,2022,5105,0,2022
348686649,5106,41,2021,5106,41,2021
348713050,5107,8,2022,5107,8,2022
303922964,5108,66,2020,5833,18,2019
290308039,5109,42,2017,5109,42,2017
327813914,5110,1,2020,5110,1,2020
340536908,5111,1,2021,5111,1,2021
348325156,5113,24,2022,5113,24,2022
348228410,5116,-1,2022,5116,-1,2022
348277158,5117,-1,2022,5117,-1,2022
348278142,5119,-1,2021,5119,-1,2021
348282363,5120,-1,2021,5120,-1,2021
348182148,5122,-1,2021,5122,-1,2021
204276399,5125,24,2017,5125,24,2017
326107486,5126,17,2020,5126,17,2020
345569305,5127,21,2022,5127,21,2022
347916626,5128,0,2021,5128,0,2021
347970556,5133,14,2021,5133,14,2021
348060134,5134,-1,2021,5134,-1,2021
304766512,5135,-1,2019,5135,-1,2019
291485193,5136,1,2018,5136,1,2018
332626007,5137,1,2021,5137,1,2021
333013175,5138,6,2021,5138,6,2021
333033093,5139,51,2021,5139,51,2021
347872058,5141,-1,2021,5141,-1,2021
347756725,5142,50,2021,5142,50,2021
347434525,5144,14,2021,5144,14,2021
347628989,5145,24,2021,5145,24,2021
347488058,5146,19,2021,5146,19,2021
309369966,5147,51,2019,6074,51,2018
347366749,5148,8,2020,5148,8,2020
347264926,5150,2,2021,5150,2,2021
318687539,5151,7,2020,5151,7,2020
319984560,5152,1,2020,5152,1,2020
346974124,5154,14,2021,5154,14,2021
347002376,5156,-1,2021,5156,-1,2021
285614892,5157,-1,2018,5157,-1,2018
301679673,5158,53,2018,5158,53,2018
326259781,5159,0,2021,5159,0,2021
347227033,5160,14,2021,5160,14,2021
347191303,5161,15,2021,5161,15,2021
347154840,5162,30,2021,5162,30,2021
347110320,5164,67,2021,5164,67,2021
347196161,5165,16,2021,5165,16,2021
347171020,5166,18,2021,5166,18,2021
VN120210353620210615,5167,31,2021,5167,31,2021
293886592,5168,-1,2019,5168,-1,2019
346871679,5169,-1,2021,5169,-1,2021
346657706,5172,23,2021,5172,23,2021
346726974,5173,23,2022,5173,23,2022
312707880,5176,-1,2019,5176,-1,2019
346327530,5179,0,2022,5179,0,2022
346421590,5180,0,2021,5180,0,2021
346408668,5182,17,2021,5182,17,2021
346494425,5183,24,2021,5183,24,2021
346493300,5184,0,2021,5184,0,2021
346492642,5185,18,2021,5185,18,2021
346475274,5186,-1,2021,5186,-1,2021
342513772,5188,-1,2021,5188,-1,2021
346247915,5190,10,2020,5190,10,2020
346445761,5191,0,2020,5191,0,2020
346219521,5192,7,2022,5192,7,2022
338768123,5196,-1,2021,5196,-1,2021
339645738,5197,-1,2021,5197,-1,2021
346040372,5199,2,2021,5199,2,2021
345991739,5200,-1,2021,5200,-1,2021
285524107,5201,-1,2018,5201,-1,2018
345803909,5203,-1,2021,5203,-1,2021
345840909,5204,43,2021,5204,43,2021
323768520,5209,4,2020,5209,4,2020
345616321,5214,-1,2021,5214,-1,2021
345629463,5215,13,2021,5215,13,2021
342071030,5216,-1,2020,5216,-1,2020
324409618,5217,-1,2020,5217,-1,2020
291022269,5218,-1,2018,5218,-1,2018
327608663,5220,1,2020,5220,1,2020
345503757,5221,24,2021,5221,24,2021
345507427,5223,7,2021,5223,7,2021
294755498,5225,40,2019,5967,40,2019
SG10201910615U20150819,5226,63,2015,5226,63,2015
302335774,5231,26,2020,5231,26,2020
301215101,5232,-1,2019,5232,-1,2019
345115814,5233,23,2021,5233,23,2021
345089711,5234,59,2021,5234,59,2021
345217468,5235,13,2021,5235,13,2021
345251108,5236,8,2020,5236,8,2020
344953637,5239,-1,2021,5239,-1,2021
344969732,5240,35,2021,5240,35,2021
344993239,5242,46,2021,5242,46,2021
344962988,5243,14,2021,5243,14,2021
293096292,5244,3,2019,5244,3,2019
316908920,5245,-1,2019,5245,-1,2019
325452653,5246,64,2021,5246,64,2021
344739968,5248,7,2021,5248,7,2021
344763805,5249,-1,2021,5249,-1,2021
344904511,5250,14,2021,5250,14,2021
137510579,5252,25,2009,5252,25,2009
341026109,5255,7,2021,5255,7,2021
344578040,5257,0,2021,5257,0,2021
344497526,5258,53,2021,5258,53,2021
344457622,5259,19,2021,5259,19,2021
320492070,5261,70,2021,5261,70,2021
344113956,5268,24,2021,5268,24,2021
344693335,5269,-1,2020,5269,-1,2020
344143812,5270,-1,2019,5270,-1,2019
344013355,5271,11,2020,5271,11,2020
335040194,5272,-1,2018,5272,-1,2018
289317847,5273,-1,2018,5273,-1,2018
343897819,5274,-1,2021,5274,-1,2021
343657333,5275,0,2021,5275,0,2021
332074380,5276,-1,2021,5535,-1,2021
343830664,5277,-1,2021,5277,-1,2021
343665009,5278,-1,2022,5278,-1,2022
343446937,5279,13,2021,5279,13,2021
343275548,5281,-1,2021,5281,-1,2021
343270807,5282,13,2021,5282,13,2021
314070577,5284,-1,2021,5284,-1,2021
343156333,5288,7,2021,5288,7,2021
343032513,5290,0,2021,5290,0,2021
343206885,5291,14,2021,5291,14,2021
300624614,5292,-1,2020,5523,-1,2019
342923390,5293,11,2021,5293,11,2021
342890270,5296,0,2021,5296,0,2021
315105766,5297,-1,2020,5297,-1,2020
342686758,5298,24,2020,5298,24,2020
342770144,5299,33,2021,5299,33,2021
337865886,5300,26,2021,5300,26,2021
338603183,5301,-1,2021,5301,-1,2021
342343210,5302,29,2021,5302,29,2021
342229270,5305,-1,2021,5305,-1,2021
342413662,5306,26,2021,5306,26,2021
342547060,5308,19,2021,5308,19,2021
342492603,5309,3,2021,5309,3,2021
342310718,5311,73,2021,5311,73,2021
342473226,5312,2,2021,5312,2,2021
342474346,5313,-1,2021,5313,-1,2021
342436719,5314,0,2021,5314,0,2021
342085086,5315,31,2021,5315,31,2021
316308612,5316,10,2020,5316,10,2020
342017012,5318,-1,2021,5318,-1,2021
341639866,5319,10,2021,5319,10,2021
341632577,5320,29,2020,5320,29,2020
341937419,5321,60,2021,5321,60,2021
289809298,5322,-1,2018,5322,-1,2018
289809617,5323,3,2018,5323,3,2018
318678144,5324,4,2020,5324,4,2020
325280227,5325,3,2020,5325,3,2020
341826159,5326,14,2021,5326,14,2021
341538699,5328,7,2020,5328,7,2020
291937232,5329,-1,2019,5329,-1,2019
341429945,5330,0,2021,5330,0,2021
341446749,5331,43,2021,5331,43,2021
341346935,5332,-1,2020,5332,-1,2020
324416126,5333,-1,2020,5333,-1,2020
341201750,5335,23,2021,5335,23,2021
341057613,5336,2,2021,5336,2,2021
341140986,5337,24,2021,5337,24,2021
341201413,5338,24,2021,5338,24,2021
341166648,5339,24,2021,5339,24,2021
341031660,5340,2,2021,5340,2,2021
341028025,5341,63,2021,5341,63,2021
200653855,5342,-1,2015,5342,-1,2015
320496632,5345,0,2020,5345,0,2020
340905022,5346,41,2021,5346,41,2021
340856333,5347,-1,2021,5347,-1,2021
340907439,5348,-1,2021,5348,-1,2021
340962663,5349,24,2021,5349,24,2021
302674028,5350,51,2019,5350,51,2019
320304592,5351,36,2020,5351,36,2020
340669065,5353,-1,2021,5353,-1,2021
340615700,5354,-1,2021,5354,-1,2021
340660600,5355,-1,2021,5355,-1,2021
340684904,5357,31,2021,5357,31,2021
340595291,5358,13,2021,5358,13,2021
340422358,5359,15,2020,5359,15,2020
302940513,5360,12,2019,5360,12,2019
340355322,5361,3,2021,5361,3,2021
340400917,5362,65,2021,5362,65,2021
340069381,5363,43,2021,5363,43,2021
340087781,5364,2,2021,5364,2,2021
319809190,5369,-1,2020,5369,-1,2020
339696062,5370,42,2021,5370,42,2021
339726573,5371,25,2020,5371,25,2020
292517857,5372,1,2019,5404,1,2018
TR20181825520181129,5373,54,2018,5373,54,2018
339425432,5375,29,2021,5375,29,2021
339218081,5379,-1,2021,5379,-1,2021
324857185,5389,0,2020,5389,0,2020
339089710,5391,0,2021,5391,0,2021
339118903,5392,19,2021,5392,19,2021
339036364,5393,29,2020,5393,29,2020
339083015,5394,59,2021,5394,59,2021
325438992,5396,39,2020,5396,39,2020
338775767,5397,-1,2021,5397,-1,2021
338930269,5398,-1,2021,5398,-1,2021
338849101,5399,2,2021,5399,2,2021
297806060,5405,66,2019,5405,66,2019
321638296,5406,17,2020,5406,17,2020
338331677,5408,64,2021,5408,64,2021
338468234,5409,39,2021,5409,39,2021
338079744,5410,7,2021,5410,7,2021
338145281,5411,-1,2021,5411,-1,2021
338098574,5412,0,2021,5412,0,2021
338000576,5414,-1,2020,5414,-1,2020
190468657,5415,58,2016,7409,58,2015
296852833,5416,-1,2019,5416,-1,2019
337962619,5417,13,2021,5417,13,2021
337927174,5418,7,2020,5418,7,2020
284398045,5419,73,2018,5419,73,2018
320627826,5420,-1,2020,5420,-1,2020
337836624,5421,-1,2021,5421,-1,2021
337261573,5424,54,2020,5424,54,2020
338229722,5425,-1,2021,5425,-1,2021
337496662,5426,0,2021,5426,0,2021
289317839,5428,-1,2018,6045,-1,2017
337363026,5429,13,2021,5429,13,2021
337364312,5430,-1,2021,5430,-1,2021
337301388,5431,-1,2021,5431,-1,2021
337324083,5432,46,2021,5432,46,2021
337246668,5437,41,2020,5437,41,2020
336934633,5440,-1,2020,5440,-1,2020
336773657,5441,17,2021,5441,17,2021
294260086,5442,-1,2019,5442,-1,2019
336610749,5443,13,2021,5443,13,2021
336665510,5444,0,2021,5444,0,2021
246503157,5445,9,2018,5445,9,2018
319806185,5446,10,2020,5446,10,2020
336379281,5447,40,2021,5447,40,2021
310035918,5448,0,2021,5448,0,2021
309146388,5449,7,2020,5449,7,2020
336179192,5450,7,2020,5450,7,2020
308284163,5452,-1,2019,5452,-1,2019
308284676,5453,13,2019,5453,13,2019
336068876,5454,0,2021,5454,0,2021
336097051,5455,64,2021,5455,64,2021
330484580,5456,0,2021,5456,0,2021
335918824,5457,31,2021,5457,31,2021
326505533,5459,-1,2020,5459,-1,2020
335647592,5460,19,2021,5460,19,2021
335715346,5461,-1,2020,5461,-1,2020
248219315,5470,1,2018,5470,1,2018
301981107,5471,20,2019,5471,20,2019
335298682,5472,1,2021,5472,1,2021
335299606,5474,54,2021,5474,54,2021
335299643,5475,1,2021,5475,1,2021
SG11201806770T20170215,5478,-1,2017,5478,-1,2017
199979661,5480,26,2016,7342,26,2015
301102609,5481,16,2019,5481,16,2019
335119278,5485,13,2020,5485,13,2020
335119283,5486,-1,2020,5486,-1,2020
335119430,5487,-1,2020,5487,-1,2020
334902302,5489,0,2021,5489,0,2021
241362512,5491,19,2018,5491,19,2018
334695804,5494,21,2021,5494,21,2021
334740931,5495,2,2020,5495,2,2020
289742507,5496,8,2018,5496,8,2018
334529641,5497,9,2021,5497,9,2021
317267308,5499,34,2014,5499,34,2014
288732459,5500,-1,2018,5500,-1,2018
334397989,5501,52,2021,5501,52,2021
334165711,5502,0,2021,5502,0,2021
316983250,5503,-1,2021,5503,-1,2021
314794521,5504,59,2020,5504,59,2020
333988706,5505,43,2021,5505,43,2021
334042720,5506,31,2020,5506,31,2020
288273794,5509,-1,2018,5509,-1,2018
333750144,5510,11,2021,5510,11,2021
333748085,5511,8,2021,5511,8,2021
333579653,5512,20,2021,5512,20,2021
333595321,5513,0,2021,5513,0,2021
333941619,5514,-1,2020,5514,-1,2020
333393514,5515,39,2021,5515,39,2021
333399767,5516,72,2021,5516,72,2021
333405965,5518,0,2021,5518,0,2021
333416379,5519,28,2021,5519,28,2021
333511204,5520,29,2020,5520,29,2020
333512915,5521,31,2020,5521,31,2020
310442203,5522,8,2020,5522,8,2020
333264272,5524,0,2020,5524,0,2020
333318366,5525,53,2020,5525,53,2020
285809544,5526,51,2017,5526,51,2017
330077415,5527,51,2021,5527,51,2021
333011155,5528,-1,2021,5528,-1,2021
333065576,5530,4,2020,5530,4,2020
332962545,5531,45,2020,5531,45,2020
332851453,5532,-1,2020,5532,-1,2020
332627114,5533,3,2021,5533,3,2021
236871757,5540,5,2016,5540,5,2016
286689124,5541,2,2018,5541,2,2018
318347946,5545,9,2020,5545,9,2020
332107384,5546,0,2021,5546,0,2021
332245531,5548,29,2021,5548,29,2021
298577910,5551,-1,2019,5551,-1,2019
331939563,5554,16,2020,5554,16,2020
300933641,5556,40,2019,5556,40,2019
332016654,5557,39,2021,5557,39,2021
194071468,5558,-1,2021,6033,-1,2016
331758725,5560,7,2019,5560,7,2019
310802494,5563,10,2020,5563,10,2020
331582130,5564,1,2021,5564,1,2021
331612676,5565,24,2020,5565,24,2020
319957042,5566,72,2020,5566,72,2020
331378508,5568,4,2021,5568,4,2021
331371606,5569,0,2021,5569,0,2021
331400156,5570,6,2021,5570,6,2021
331408892,5573,53,2021,5573,53,2021
314800846,5577,15,2020,5577,15,2020
331120808,5578,23,2021,5578,23,2021
331241602,5579,43,2020,5579,43,2020
330938881,5581,8,2021,5581,8,2021
330975587,5582,-1,2020,5582,-1,2020
321598518,5584,16,2019,5584,16,2019
302082387,5587,4,2019,5587,4,2019
330475785,5590,2,2021,5590,2,2021
330481168,5592,54,2019,5592,54,2019
330508853,5593,54,2019,5593,54,2019
330547277,5594,24,2020,5594,24,2020
330621508,5595,8,2019,5595,8,2019
311604394,5601,2,2019,5601,2,2019
330236949,5602,0,2021,5602,0,2021
308625073,5603,12,2019,5603,12,2019
330039176,5604,-1,2021,5604,-1,2021
330035060,5605,-1,2021,5605,-1,2021
330068312,5606,6,2021,5606,6,2021
329970664,5610,73,2019,5610,73,2019
329784461,5611,0,2019,5611,0,2019
329832160,5615,-1,2020,5615,-1,2020
329866737,5616,0,2020,5616,0,2020
329915656,5617,52,2020,5617,52,2020
329579262,5618,-1,2020,5618,-1,2020
329583371,5620,-1,2021,5620,-1,2021
329593106,5621,0,2021,5621,0,2021
329619442,5622,3,2020,5622,3,2020
329703925,5625,-1,2020,5625,-1,2020
314926945,5628,-1,2020,5628,-1,2020
329332115,5629,-1,2021,5629,-1,2021
237368026,5630,14,2018,5630,14,2018
303752239,5631,62,2019,5848,62,2018
247221731,5633,2,2017,5633,2,2017
292178940,5634,4,2019,5634,4,2019
329005618,5635,0,2020,5635,0,2020
329015355,5636,0,2020,5636,0,2020
328045808,5637,51,2020,5637,51,2020
328051961,5638,-1,2021,5638,-1,2021
293878059,5639,-1,2019,5824,-1,2018
292734649,5641,4,2019,5641,4,2019
298229827,5642,7,2019,5642,7,2019
327801840,5643,9,2021,5643,9,2021
327876710,5646,65,2020,5646,65,2020
327915238,5647,20,2020,5647,20,2020
327928109,5648,0,2020,5648,0,2020
327928280,5649,0,2020,5649,0,2020
327608941,5651,39,2021,5651,39,2021
327633443,5653,7,2020,5653,7,2020
327683760,5654,0,2020,5654,0,2020
327709168,5655,72,2020,5655,72,2020
284098324,5656,10,2018,5656,10,2018
327377530,5657,0,2020,5657,0,2020
327409293,5659,18,2020,5659,18,2020
327428684,5660,0,2020,5660,0,2020
284108867,5661,1,2018,5661,1,2018
327203468,5662,4,2021,5662,4,2021
327243793,5663,56,2020,5663,56,2020
327316892,5664,31,2020,5664,31,2020
223979526,5666,0,2017,5666,0,2017
297969605,5667,-1,2019,5667,-1,2019
286524236,5668,3,2018,5668,3,2018
313303237,5669,42,2020,5669,42,2020
314072407,5670,6,2020,5670,6,2020
326929898,5671,20,2020,5671,20,2020
326930357,5672,-1,2020,5672,-1,2020
326971913,5673,2,2021,5673,2,2021
324161778,5675,53,2019,5675,53,2019
293621803,5676,13,2018,5676,13,2018
294787571,5677,1,2017,5677,1,2017
322874030,5678,7,2021,5678,7,2021
326666832,5679,61,2020,5679,61,2020
326712952,5680,4,2020,5680,4,2020
287599330,5681,-1,2018,5681,-1,2018
307145110,5682,0,2019,5682,0,2019
324312492,5683,51,2021,5683,51,2021
324466435,5684,-1,2021,5684,-1,2021
326475429,5685,71,2021,5685,71,2021
326505599,5687,68,2021,5687,68,2021
233962297,5691,3,2017,5691,3,2017
236511737,5692,4,2016,5692,4,2016
299941882,5693,39,2019,5693,39,2019
304664526,5694,0,2019,5694,0,2019
326321078,5696,0,2020,5696,0,2020
285054792,5697,-1,2018,5697,-1,2018
294809318,5698,15,2019,5698,15,2019
310417566,5699,-1,2020,5699,-1,2020
326079056,5700,0,2021,5700,0,2021
326102492,5701,6,2020,5701,6,2020
326102699,5702,46,2020,5702,46,2020
326012322,5704,-1,2019,5704,-1,2019
286681355,5707,-1,2018,5707,-1,2018
299807479,5708,37,2019,5708,37,2019
314053906,5709,14,2018,5709,14,2018
325950361,5710,14,2020,5710,14,2020
289386022,5711,0,2018,5711,0,2018
325741609,5712,29,2020,5712,29,2020
230688419,5716,3,2017,5716,3,2017
297131751,5717,-1,2019,5717,-1,2019
300116909,5718,2,2019,5718,2,2019
309151425,5719,1,2020,5719,1,2020
311195198,5720,-1,2020,5720,-1,2020
325446704,5723,51,2020,5723,51,2020
325477156,5724,18,2020,5724,18,2020
289679854,5725,1,2018,5725,1,2018
325249694,5726,-1,2020,5726,-1,2020
TH060100199220060502,5731,-1,2006,5731,-1,2006
284957814,5732,-1,2018,5732,-1,2018
325036710,5733,-1,2020,5733,-1,2020
316120089,5734,-1,2019,5734,-1,2019
289730920,5735,8,2018,5735,8,2018
309356586,5736,51,2018,5736,51,2018
324856465,5737,39,2020,5737,39,2020
324880117,5739,0,2020,5739,0,2020
324940229,5742,29,2020,5742,29,2020
206507808,5743,5,2017,5743,5,2017
234256805,5744,-1,2017,5744,-1,2017
324644096,5746,-1,2020,5746,-1,2020
324698307,5747,72,2020,5747,72,2020
301920045,5748,21,2018,5748,21,2018
305376734,5749,-1,2018,5749,-1,2018
287607075,5750,20,2018,5750,20,2018
305062040,5751,29,2019,5751,29,2019
324408672,5755,7,2020,5755,7,2020
324323772,5760,51,2020,5760,51,2020
200699434,5761,0,2018,5761,0,2018
296993895,5762,39,2019,5762,39,2019
231781594,5764,12,2018,6563,12,2017
324158515,5765,-1,2020,5765,-1,2020
238350929,5771,-1,2018,5771,-1,2018
324022028,5772,0,2020,5772,0,2020
323766999,5774,47,2020,5774,47,2020
284108665,5780,1,2018,5780,1,2018
323567950,5783,17,2021,5783,17,2021
302563777,5784,-1,2019,5784,-1,2019
300803822,5786,21,2020,6376,21,2019
292639927,5787,-1,2019,6024,-1,2018
323206991,5790,0,2020,5790,0,2020
310583457,5791,3,2020,5791,3,2020
322699253,5793,0,2020,5793,0,2020
322479909,5795,3,2020,5795,3,2020
322488703,5796,16,2020,5796,16,2020
322569020,5798,18,2020,5798,18,2020
322569841,5799,18,2020,5799,18,2020
IR13995014000300506720200905,5800,8,2020,5800,8,2020
322318991,5802,4,2020,5802,4,2020
322349100,5803,30,2020,5803,30,2020
322369067,5804,-1,2020,5804,-1,2020
322286379,5806,7,2019,5806,7,2019
294731926,5807,-1,2018,5807,-1,2018
322169182,5808,18,2020,5808,18,2020
322205086,5809,-1,2020,5809,-1,2020
322077734,5810,-1,2020,5810,-1,2020
321623313,5811,-1,2020,5811,-1,2020
297422201,5812,26,2019,5812,26,2019
299128210,5813,5,2019,5813,5,2019
321924195,5814,48,2020,5814,48,2020
321954763,5815,0,2020,5815,0,2020
316727471,5816,26,2019,5816,26,2019
321786732,5817,0,2020,5817,0,2020
321847843,5819,0,2020,5819,0,2020
299005977,5820,13,2019,6439,13,2019
298072088,5825,27,2019,5825,27,2019
321231019,5826,8,2020,5826,8,2020
198690866,5827,63,2020,7367,63,2017
285263139,5828,-1,2018,5828,-1,2018
310060905,5829,1,2020,5829,1,2020
320990017,5830,16,2020,5830,16,2020
321041059,5831,4,2020,5831,4,2020
290108129,5832,7,2018,5832,7,2018
307517792,5834,0,2019,5834,0,2019
307791443,5835,54,2019,5835,54,2019
295854470,5836,55,2018,5836,55,2018
298462859,5837,-1,2019,5837,-1,2019
300115862,5838,27,2019,5838,27,2019
320626545,5839,10,2020,5839,10,2020
320579495,5840,7,2020,5840,7,2020
321593703,5841,30,2019,5841,30,2019
361301428,5842,2,2015,5842,2,2015
320322516,5845,8,2020,5845,8,2020
320397824,5846,59,2020,5846,59,2020
320207503,5847,2,2020,5847,2,2020
301651303,5852,1,2019,5852,1,2019
303793340,5853,9,2019,5853,9,2019
319806882,5859,0,2020,5859,0,2020
319834007,5860,7,2020,5860,7,2020
319611348,5861,3,2020,5861,3,2020
319611417,5862,17,2020,5862,17,2020
225446773,5863,1,2017,5863,1,2017
236327314,5864,3,2016,5864,3,2016
244390269,5865,-1,2018,5865,-1,2018
298872161,5868,-1,2019,5868,-1,2019
301619562,5869,11,2016,5869,11,2016
319081861,5871,20,2020,5871,20,2020
314736914,5872,22,2019,5872,22,2019
318857800,5874,46,2020,5874,46,2020
302313334,5875,20,2019,5875,20,2019
318694328,5876,8,2020,5876,8,2020
318688882,5879,29,2020,5879,29,2020
318689078,5880,0,2020,5880,0,2020
305593672,5882,0,2018,5882,0,2018
287404838,5883,71,2018,5883,71,2018
318352109,5884,-1,2020,5884,-1,2020
318384176,5887,18,2019,5887,18,2019
318396490,5888,0,2020,5888,0,2020
318433576,5889,24,2020,5889,24,2020
318168069,5893,7,2020,5893,7,2020
292864376,5894,1,2017,5894,1,2017
238520920,5895,1,2018,5895,1,2018
318002260,5896,-1,2020,5896,-1,2020
318050919,5897,31,2020,5897,31,2020
317833209,5898,-1,2019,5898,-1,2019
235746190,5899,19,2019,5899,19,2019
290643373,5901,-1,2018,5901,-1,2018
317774941,5902,-1,2020,5902,-1,2020
317443442,5903,17,2020,5903,17,2020
317326014,5909,12,2019,5909,12,2019
298409300,5910,8,2019,5910,8,2019
293306428,5911,39,2019,5911,39,2019
317070089,5912,59,2020,5912,59,2020
317023013,5913,-1,2019,5913,-1,2019
316888785,5915,24,2020,5915,24,2020
316940264,5917,8,2019,5917,8,2019
223805853,5918,13,2017,5918,13,2017
299279163,5919,1,2019,5919,1,2019
301372512,5920,0,2019,5920,0,2019
316805745,5922,31,2019,5922,31,2019
316524411,5924,5,2020,5924,5,2020
300221222,5928,-1,2019,5928,-1,2019
304519031,5932,40,2019,5932,40,2019
316319618,5934,64,2019,5934,64,2019
316363195,5935,12,2019,5935,12,2019
316360977,5937,13,2019,5937,13,2019
316165192,5939,24,2020,5939,24,2020
316225221,5940,-1,2019,5940,-1,2019
286873216,5943,10,2018,5943,10,2018
316036568,5945,0,2020,5945,0,2020
300601223,5946,1,2019,5946,1,2019
315846498,5949,33,2020,5949,33,2020
315927594,5950,64,2020,5950,64,2020
315602792,5955,29,2020,5955,29,2020
315658016,5957,49,2019,5957,49,2019
315659308,5958,8,2019,5958,8,2019
315685019,5959,18,2019,5959,18,2019
238626595,5960,24,2018,5960,24,2018
315455870,5961,29,2020,5961,29,2020
315341191,5965,9,2020,5965,9,2020
236899414,5966,1,2017,5966,1,2017
315119515,5968,-1,2020,5968,-1,2020
228290644,5972,22,2017,5972,22,2017
300606981,5973,1,2019,5973,1,2019
300607142,5974,1,2019,5974,1,2019
314941870,5975,3,2020,5975,3,2020
314935493,5976,20,2020,5976,20,2020
314972327,5977,24,2019,5977,24,2019
315113564,5978,31,2020,5978,31,2020
315782546,5979,11,2019,5979,11,2019
292404193,5980,7,2018,5980,7,2018
315245463,5985,0,2020,5985,0,2020
237902399,5987,0,2018,5987,0,2018
314539114,5988,39,2020,5988,39,2020
314578051,5989,54,2020,5989,54,2020
286348486,5991,0,2018,5991,0,2018
314438533,5992,24,2019,5992,24,2019
314527267,5994,8,2020,5994,8,2020
314051996,5997,5,2020,5997,5,2020
314073270,5999,46,2020,5999,46,2020
314079581,6000,46,2020,6000,46,2020
314087898,6001,49,2020,6001,49,2020
238604680,6002,15,2018,6002,15,2018
313963496,6003,18,2019,6003,18,2019
190499788,6005,-1,2016,6005,-1,2016
237055943,6007,20,2017,6007,20,2017
313675275,6008,1,2020,6008,1,2020
313785622,6010,46,2020,6010,46,2020
313520607,6013,7,2020,6013,7,2020
313548995,6015,49,2020,6015,49,2020
313345841,6019,0,2019,6019,0,2019
305991918,6020,-1,2018,6020,-1,2018
312902646,6023,-1,2020,6023,-1,2020
290403029,6026,40,2018,6026,40,2018
312731743,6027,-1,2019,6027,-1,2019
312734199,6028,7,2020,6028,7,2020
312786985,6030,0,2019,6030,0,2019
303752127,6031,62,2018,6031,62,2018
327178557,6034,8,2019,6034,8,2019
292435547,6035,39,2019,6035,39,2019
312374457,6036,19,2020,6036,19,2020
312429653,6037,0,2019,6037,0,2019
312438700,6038,4,2019,6038,4,2019
286410857,6041,18,2018,6041,18,2018
312191926,6042,59,2019,6042,59,2019
312228172,6043,2,2019,6043,2,2019
312275503,6044,-1,2019,6044,-1,2019
312037876,6047,14,2019,6047,14,2019
312060069,6048,0,2019,6048,0,2019
312091384,6049,59,2019,6049,59,2019
311821005,6052,0,2019,6052,0,2019
227870963,6053,53,2017,6053,53,2017
311575563,6054,27,2020,6054,27,2020
311544651,6059,1,2019,6059,1,2019
284407837,6061,0,2018,6061,0,2018
288196365,6062,27,2018,6062,27,2018
311368792,6063,-1,2018,6063,-1,2018
311381816,6064,49,2020,6064,49,2020
311212493,6066,39,2020,6066,39,2020
311211364,6067,21,2017,6067,21,2017
290135587,6068,37,2018,6068,37,2018
310986467,6069,71,2020,6069,71,2020
310981014,6070,8,2020,6070,8,2020
310995482,6071,-1,2020,6071,-1,2020
311001768,6072,47,2020,6072,47,2020
331334516,6073,54,2018,6073,54,2018
310799806,6075,11,2018,6075,11,2018
310801534,6080,0,2020,6080,0,2020
310835175,6081,-1,2020,6081,-1,2020
310913331,6082,-1,2019,6082,-1,2019
225452337,6084,9,2017,6084,9,2017
310628588,6087,0,2019,6087,0,2019
310628780,6088,0,2019,6088,0,2019
310639598,6089,0,2019,6089,0,2019
310541558,6091,-1,2012,6091,-1,2012
233267541,6092,1,2017,6092,1,2017
237883014,6093,1,2018,6093,1,2018
310467409,6095,-1,2019,6095,-1,2019
330008774,6096,8,2020,6096,8,2020
287165866,6101,37,2018,6101,37,2018
292738980,6102,14,2019,6102,14,2019
310195618,6103,-1,2018,6103,-1,2018
310190315,6104,13,2020,6104,13,2020
310196186,6105,-1,2020,6105,-1,2020
310257117,6106,0,2019,6106,0,2019
310265173,6107,0,2019,6107,0,2019
310102542,6108,12,2019,6108,12,2019
310102813,6109,12,2019,6109,12,2019
210040352,6112,43,2017,6112,43,2017
309800103,6113,-1,2019,6113,-1,2019
309890389,6114,18,2019,6114,18,2019
309890394,6115,18,2019,6115,18,2019
310179993,6116,57,2018,6116,57,2018
187037727,6117,28,2016,6117,28,2016
309726902,6119,6,2020,6119,6,2020
309729211,6120,43,2018,6120,43,2018
309730546,6122,42,2020,6122,42,2020
235835877,6123,20,2017,6123,20,2017
309601929,6124,2,2019,6124,2,2019
297145007,6125,-1,2019,6125,-1,2019
309396418,6126,-1,2020,6126,-1,2020
309414696,6127,2,2019,6127,2,2019
309432215,6128,11,2019,6128,11,2019
309449138,6129,-1,2019,6129,-1,2019
302082690,6133,0,2018,6133,0,2018
309160951,6135,-1,2019,6135,-1,2019
309166053,6136,-1,2019,6136,-1,2019
309191277,6137,24,2019,6137,24,2019
309195659,6138,14,2019,6138,14,2019
309200941,6139,11,2019,6139,11,2019
309220285,6140,4,2019,6140,4,2019
309099014,6141,11,2013,6141,11,2013
298404759,6142,-1,2019,6142,-1,2019
285862370,6144,11,2018,6144,11,2018
308977035,6145,0,2019,6145,0,2019
309033852,6146,-1,2019,6146,-1,2019
309033854,6147,-1,2019,6147,-1,2019
309033939,6148,13,2019,6148,13,2019
294192248,6150,19,2019,6150,19,2019
308806178,6152,-1,2018,6152,-1,2018
308806181,6153,-1,2018,6153,-1,2018
308806185,6154,-1,2018,6154,-1,2018
308806195,6155,-1,2018,6155,-1,2018
308806206,6156,-1,2018,6156,-1,2018
308624377,6157,-1,2019,6157,-1,2019
308624545,6159,-1,2020,6159,-1,2020
308722870,6161,0,2019,6161,0,2019
228303750,6162,9,2017,6162,9,2017
308438913,6163,23,2019,6163,23,2019
308508917,6164,24,2019,6164,24,2019
308285883,6167,12,2019,6167,12,2019
308554716,6168,-1,2018,6168,-1,2018
246513278,6169,5,2018,6169,5,2018
307977076,6170,35,2019,6170,35,2019
308005873,6171,0,2019,6171,0,2019
208571464,6172,3,2017,6172,3,2017
307847253,6175,-1,2019,6175,-1,2019
307839995,6176,0,2019,6176,0,2019
290555871,6181,22,2017,6181,22,2017
307577880,6183,0,2019,6183,0,2019
307625706,6184,31,2019,6184,31,2019
307626246,6185,31,2019,6185,31,2019
317262470,6186,-1,2015,6186,-1,2015
307416277,6187,4,2019,6187,4,2019
246498135,6189,-1,2018,6189,-1,2018
287606846,6190,35,2018,6190,35,2018
307145300,6191,0,2019,6191,0,2019
307196581,6192,16,2019,6192,16,2019
287435793,6193,35,2018,6193,35,2018
306964411,6195,-1,2019,6195,-1,2019
307002739,6196,5,2019,6196,5,2019
307048784,6197,0,2019,6197,0,2019
237521798,6199,22,2017,6199,22,2017
306748793,6201,-1,2019,6201,-1,2019
306808062,6202,13,2019,6202,13,2019
306818506,6203,0,2019,6203,0,2019
298450357,6204,16,2018,6204,16,2018
306628596,6205,15,2019,6205,15,2019
306697936,6206,31,2019,6206,31,2019
211285539,6207,2,2017,6207,2,2017
293453329,6208,7,2019,6208,7,2019
306507075,6209,24,2019,6209,24,2019
306274289,6212,2,2019,6212,2,2019
306135450,6215,42,2019,6215,42,2019
306132194,6216,43,2019,6216,43,2019
306136019,6217,42,2018,6217,42,2018
306135375,6218,-1,2019,6218,-1,2019
306184175,6219,48,2019,6219,48,2019
306050800,6220,21,2019,6220,21,2019
306062703,6221,61,2019,6221,61,2019
306013956,6223,50,2019,6223,50,2019
306947635,6224,0,2017,6224,0,2017
196955140,6225,51,2017,6225,51,2017
214543678,6226,0,2017,6226,0,2017
305836355,6228,10,2019,6228,10,2019
305824736,6229,2,2018,6229,2,2018
240771660,6230,0,2017,6230,0,2017
305795680,6231,8,2018,6231,8,2018
305755409,6233,11,2019,6233,11,2019
305673520,6234,8,2019,6234,8,2019
305593754,6235,22,2018,6235,22,2018
305621740,6236,-1,2018,6236,-1,2018
305419467,6240,-1,2019,6240,-1,2019
305410582,6241,8,2019,6241,8,2019
305434386,6242,-1,2019,6242,-1,2019
305438143,6243,23,2019,6243,23,2019
305446984,6244,-1,2019,6244,-1,2019
165679616,6249,75,2013,6249,75,2013
305343043,6250,-1,2018,6250,-1,2018
305158542,6251,39,2019,6251,39,2019
305165780,6252,60,2019,6252,60,2019
305170455,6253,-1,2019,6253,-1,2019
305241052,6254,0,2019,6254,0,2019
305295955,6255,2,2018,6255,2,2018
283858930,6256,75,2018,6256,75,2018
304869391,6259,9,2019,6259,9,2019
304869382,6260,12,2019,6260,12,2019
304875206,6261,-1,2019,6261,-1,2019
304519213,6265,5,2019,6265,5,2019
304519746,6266,24,2019,6266,24,2019
284346243,6267,4,2019,6267,4,2019
283875975,6268,-1,2018,6870,-1,2017
288829660,6269,0,2018,6269,0,2018
190815127,6270,11,2016,6270,11,2016
304265654,6271,-1,2019,6271,-1,2019
304309030,6273,0,2019,6273,0,2019
304311493,6275,8,2018,6275,8,2018
304066391,6276,17,2019,6276,17,2019
304070072,6277,0,2019,6277,0,2019
303932461,6283,-1,2019,6283,-1,2019
303957883,6284,9,2019,6284,9,2019
303790376,6285,4,2019,6285,4,2019
303821081,6287,46,2019,6287,46,2019
303844689,6288,4,2017,6288,4,2017
172907213,6292,4,2015,6292,4,2015
200074073,6296,6,2017,6296,6,2017
216993834,6297,1,2017,6297,1,2017
297973727,6298,2,2019,6298,2,2019
303603814,6299,23,2019,6299,23,2019
303627460,6300,2,2019,6300,2,2019
303649344,6301,-1,2019,6301,-1,2019
303718030,6303,18,2018,6303,18,2018
303477699,6304,12,2019,6304,12,2019
286994001,6305,11,2019,6767,11,2018
303440855,6306,21,2018,6306,21,2018
383795337,6307,-1,2019,6307,-1,2019
287080907,6308,0,2018,6308,0,2018
303376845,6310,18,2019,6310,18,2019
303227840,6312,2,2019,6312,2,2019
303230144,6313,43,2019,6313,43,2019
286512538,6314,0,2018,6314,0,2018
303051512,6315,-1,2019,6315,-1,2019
248434380,6318,-1,2019,6318,-1,2019
175095301,6319,-1,2014,6319,-1,2014
302809539,6320,11,2019,6320,11,2019
203785670,6321,46,2017,6321,46,2017
285855978,6322,14,2018,6322,14,2018
302705106,6324,61,2019,6324,61,2019
302762768,6325,22,2019,6325,22,2019
302763029,6326,71,2019,6326,71,2019
302543521,6327,75,2019,6327,75,2019
302467945,6328,48,2019,6328,48,2019
302482593,6329,-1,2019,6329,-1,2019
302485349,6330,-1,2019,6330,-1,2019
187403126,6331,8,2016,6331,8,2016
302347527,6333,26,2019,6333,26,2019
302391375,6334,-1,2019,6334,-1,2019
210045291,6336,7,2017,6336,7,2017
230840339,6337,-1,2017,6337,-1,2017
296017724,6338,37,2019,6338,37,2019
302154520,6341,2,2019,6341,2,2019
174216330,6342,58,2015,7872,58,2014
238597362,6343,0,2018,6343,0,2018
301971632,6344,-1,2019,6344,-1,2019
301995925,6346,26,2019,6346,26,2019
301798625,6350,54,2019,6350,54,2019
284297698,6351,-1,2018,6351,-1,2018
291900763,6353,-1,2017,6353,-1,2017
301767776,6355,70,2019,6355,70,2019
301498205,6356,14,2019,6356,14,2019
301503904,6357,0,2019,6357,0,2019
301516583,6358,3,2019,6358,3,2019
223786065,6359,24,2017,6359,24,2017
301436358,6360,-1,2019,6360,-1,2019
301341200,6361,1,2018,6361,1,2018
301617664,6362,-1,2019,6362,-1,2019
301264903,6364,-1,2018,6364,-1,2018
301260399,6365,18,2018,6365,18,2018
301088347,6366,0,2019,6366,0,2019
295210093,6368,64,2019,6533,64,2018
300768626,6369,20,2018,6369,20,2018
186128757,6370,23,2015,6370,23,2015
292026571,6372,49,2018,6372,49,2018
300738853,6373,22,2019,6382,22,2018
300924058,6374,18,2019,6374,18,2019
300787621,6375,0,2019,6375,0,2019
300803087,6377,53,2019,6377,53,2019
300828140,6378,36,2018,6378,36,2018
300827084,6379,0,2019,6379,0,2019
300842222,6380,-1,2019,6380,-1,2019
300874742,6381,60,2018,6381,60,2018
300663425,6390,-1,2019,6390,-1,2019
300523051,6392,0,2019,6392,0,2019
208915242,6393,-1,2017,6393,-1,2017
300370650,6394,0,2019,6394,0,2019
300403491,6395,-1,2018,6395,-1,2018
300258051,6396,-1,2019,6396,-1,2019
300253916,6397,51,2019,6397,51,2019
300297495,6398,9,2018,6398,9,2018
224831401,6401,-1,2017,6401,-1,2017
291036443,6402,2,2018,6402,2,2018
210705743,6404,-1,2017,6404,-1,2017
196834543,6405,3,2016,6405,3,2016
299946494,6407,36,2019,6407,36,2019
292296319,6409,-1,2017,6409,-1,2017
299735798,6410,0,2018,6410,0,2018
213957126,6411,-1,2017,6411,-1,2017
299564281,6412,29,2019,6412,29,2019
299597899,6413,39,2019,6413,39,2019
299598472,6414,39,2019,6414,39,2019
168441971,6416,-1,2013,6416,-1,2013
299379616,6418,4,2019,6418,4,2019
299402239,6419,1,2019,6419,1,2019
298963660,6420,2,2018,6420,2,2018
GC20132337220130120,6421,-1,2013,6421,-1,2013
GC20142649420140223,6422,-1,2014,6422,-1,2014
GC20152987720150812,6423,-1,2015,6423,-1,2015
292454043,6424,2,2017,6424,2,2017
167072056,6425,-1,2013,6425,-1,2013
BG11160220131022,6426,12,2013,6426,12,2013
183365666,6427,0,2016,6427,0,2016
299273395,6428,39,2019,6428,39,2019
299301127,6430,41,2019,6430,41,2019
299166661,6433,-1,2019,6433,-1,2019
227206646,6434,0,2017,6434,0,2017
298993573,6435,24,2019,6435,24,2019
298996276,6436,24,2019,6436,24,2019
298996841,6437,11,2018,6437,11,2018
299005928,6438,9,2019,6438,9,2019
299114814,6440,15,2018,6440,15,2018
299113240,6441,24,2019,6441,24,2019
317260575,6443,2,2014,6443,2,2014
298851365,6444,0,2019,6444,0,2019
298809480,6445,-1,2019,6445,-1,2019
298587741,6448,-1,2019,6448,-1,2019
298642362,6449,64,2019,6449,64,2019
229001314,6453,3,2017,6453,3,2017
298221830,6454,0,2019,6454,0,2019
298224959,6456,41,2019,6456,41,2019
190003981,6459,1,2016,6459,1,2016
298118957,6461,18,2018,6461,18,2018
298006303,6464,-1,2019,6464,-1,2019
298000743,6465,61,2018,6465,61,2018
297922444,6467,3,2018,6467,3,2018
228550496,6468,-1,2017,6468,-1,2017
297843031,6470,13,2019,6470,13,2019
297843109,6471,9,2019,6471,9,2019
297844465,6472,9,2018,6472,9,2018
161969283,6473,16,2013,8134,16,2012
297546054,6474,8,2019,6474,8,2019
297581349,6475,42,2019,6475,42,2019
297304911,6477,0,2019,6477,0,2019
189371238,6480,3,2016,6480,3,2016
297141840,6481,-1,2019,6481,-1,2019
297167865,6482,0,2018,6482,0,2018
175095291,6483,-1,2015,6483,-1,2015
297050700,6485,64,2018,6485,64,2018
296879923,6490,0,2018,6490,0,2018
296880772,6491,36,2018,6491,36,2018
296911768,6492,-1,2019,6492,-1,2019
190004019,6493,-1,2016,6493,-1,2016
296754860,6495,46,2019,6495,46,2019
296542807,6499,-1,2019,6499,-1,2019
296545009,6500,12,2019,6500,12,2019
296558524,6501,-1,2019,6501,-1,2019
296566642,6502,-1,2019,6502,-1,2019
296613033,6503,-1,2017,6503,-1,2017
296447083,6504,27,2019,6504,27,2019
296447310,6505,-1,2019,6505,-1,2019
296447350,6506,-1,2019,6506,-1,2019
296448879,6507,46,2019,6507,46,2019
296465071,6508,14,2018,6508,14,2018
296474391,6509,-1,2018,6509,-1,2018
294886431,6510,20,2018,6510,20,2018
224443866,6512,60,2017,6512,60,2017
295967226,6513,-1,2019,6513,-1,2019
295928193,6514,0,2017,6514,0,2017
295886687,6515,-1,2019,6515,-1,2019
174215430,6521,34,2014,6521,34,2014
295785010,6523,0,2018,6523,0,2018
289339033,6524,42,2017,6524,42,2017
187809960,6526,9,2016,6526,9,2016
295321897,6531,14,2018,6531,14,2018
288919558,6532,-1,2017,6532,-1,2017
294928776,6534,16,2018,6534,16,2018
168389802,6535,-1,2014,6535,-1,2014
295174004,6536,-1,2019,6536,-1,2019
295160440,6537,-1,2018,6537,-1,2018
294985923,6539,2,2019,6539,2,2019
295074130,6540,-1,2018,6540,-1,2018
294800303,6543,-1,2018,6543,-1,2018
294805363,6544,42,2019,6544,42,2019
294837645,6545,12,2018,6545,12,2018
294712569,6548,31,2018,6548,31,2018
163382758,6550,4,2013,6550,4,2013
174033215,6551,-1,2015,6551,-1,2015
203000873,6552,0,2017,6552,0,2017
192310434,6555,-1,2016,6555,-1,2016
294215390,6557,-1,2018,6557,-1,2018
192321590,6559,-1,2016,6559,-1,2016
293937098,6564,-1,2019,6564,-1,2019
293867638,6566,51,2017,6566,51,2017
187424890,6568,-1,2016,6568,-1,2016
293828409,6569,0,2019,6569,0,2019
293654920,6571,-1,2018,6571,-1,2018
293575740,6573,70,2018,6573,70,2018
293459198,6575,-1,2019,6575,-1,2019
293459058,6576,0,2019,6576,0,2019
293469765,6577,0,2019,6577,0,2019
230342171,6579,8,2018,7059,-1,2017
190723096,6580,28,2017,6580,28,2017
237517691,6582,31,2017,6582,31,2017
200698179,6584,17,2017,6584,17,2017
229709812,6585,-1,2017,6585,-1,2017
292974926,6586,18,2018,6586,18,2018
292973951,6587,-1,2018,6587,-1,2018
292879348,6588,-1,2017,6588,-1,2017
309549963,6590,-1,2019,6590,-1,2019
212134779,6593,0,2017,6593,0,2017
292847264,6594,4,2019,6594,4,2019
196764207,6595,1,2016,6595,1,2016
292665761,6599,-1,2018,6599,-1,2018
292293945,6600,22,2018,6600,22,2018
292482445,6603,42,2018,6603,42,2018
292487866,6604,2,2018,6604,2,2018
292553897,6605,59,2018,6605,59,2018
174976004,6606,25,2015,7841,25,2014
292395432,6608,1,2018,6608,1,2018
292390607,6611,14,2018,6611,14,2018
292384864,6612,49,2018,6612,49,2018
292294233,6614,25,2017,6614,25,2017
292295479,6616,8,2018,6616,8,2018
186494953,6617,-1,2016,6617,-1,2016
292178227,6618,1,2018,6618,1,2018
292135634,6620,0,2018,6620,0,2018
292145056,6621,72,2018,6621,72,2018
188974264,6622,0,2015,6622,0,2015
291961679,6624,59,2018,6624,59,2018
185340593,6627,39,2016,6627,39,2016
291850013,6629,-1,2018,6629,-1,2018
230637712,6630,-1,2016,6630,-1,2016
291677865,6631,18,2018,6631,18,2018
291631827,6632,-1,2018,6632,-1,2018
291515414,6635,10,2018,6635,10,2018
291452300,6636,-1,2018,6636,-1,2018
291382145,6637,0,2019,6637,0,2019
291370538,6638,16,2018,6638,16,2018
186673116,6643,32,2016,6643,32,2016
200067188,6644,-1,2017,6644,-1,2017
209391816,6645,8,2017,6645,8,2017
291001803,6647,-1,2018,6647,-1,2018
240280859,6649,2,2017,6649,2,2017
186839658,6650,2,2016,6650,2,2016
290730442,6651,0,2018,6651,0,2018
183525371,6652,3,2015,6652,3,2015
187306588,6653,9,2016,6653,9,2016
183502664,6655,-1,2014,6655,-1,2014
287337826,6657,25,2018,6657,25,2018
185882324,6658,8,2016,6658,8,2016
155307672,6659,-1,2012,6659,-1,2012
183533003,6660,49,2016,6660,49,2016
290438711,6661,-1,2018,6661,-1,2018
290368154,6663,61,2018,6663,61,2018
290324937,6664,0,2018,6664,0,2018
290324358,6665,3,2017,6665,3,2017
290202709,6667,-1,2018,6667,-1,2018
317260644,6668,34,2015,6668,34,2015
317260963,6669,34,2015,6669,34,2015
VN220130011120130527,6670,1,2013,6670,1,2013
290142261,6671,4,2018,6671,4,2018
290057687,6673,-1,2018,6673,-1,2018
289943994,6675,-1,2018,6675,-1,2018
289999740,6676,61,2018,6676,61,2018
188601375,6677,14,2016,6677,14,2016
190677429,6678,1,2016,6678,1,2016
289868200,6680,-1,2018,6680,-1,2018
289832895,6681,59,2018,6681,59,2018
237402410,6684,35,2016,6684,35,2016
289665708,6686,8,2017,6686,8,2017
289665868,6687,29,2017,6687,29,2017
289658010,6688,13,2018,6688,13,2018
194332299,6690,3,2017,6690,3,2017
214999579,6691,19,2017,6691,19,2017
289503763,6692,66,2018,6692,66,2018
289369412,6695,1,2017,6695,1,2017
289255456,6701,0,2018,6701,0,2018
289258642,6702,-1,2018,6702,-1,2018
289303000,6703,31,2018,6703,31,2018
289301356,6704,31,2018,6704,31,2018
289215894,6705,20,2018,6705,20,2018
289185211,6706,41,2018,6706,41,2018
289104078,6707,10,2017,6707,10,2017
309549964,6709,-1,2018,6709,-1,2018
189245216,6710,-1,2016,6710,-1,2016
288819377,6711,42,2018,6711,42,2018
288821728,6713,26,2018,6713,26,2018
299258927,6714,-1,2018,6714,-1,2018
288648420,6715,8,2018,6715,8,2018
288648429,6716,8,2018,6716,8,2018
288460665,6717,0,2017,6717,0,2017
288554473,6718,7,2018,6718,7,2018
212373987,6719,25,2017,6719,25,2017
188351991,6722,42,2016,6722,42,2016
288300656,6723,2,2018,6723,2,2018
288353578,6724,-1,2018,6724,-1,2018
288415540,6725,0,2018,6725,0,2018
288369279,6726,9,2018,6726,9,2018
288367725,6727,39,2018,6727,39,2018
185364163,6728,22,2016,7646,22,2015
317262537,6729,76,2015,7697,76,2014
170050407,6730,25,2014,8001,25,2013
288225487,6733,2,2018,6733,2,2018
288191365,6734,-1,2018,6734,-1,2018
288185654,6735,0,2018,6735,0,2018
IR13975014000300355220180720,6736,29,2018,6736,29,2018
239823485,6737,-1,2018,6737,-1,2018
288092908,6738,2,2018,6738,2,2018
287888240,6739,18,2018,6739,18,2018
287871553,6740,2,2018,6740,2,2018
183199596,6741,12,2016,6741,12,2016
287681223,6742,69,2018,6742,69,2018
287748323,6743,59,2018,6743,59,2018
287680090,6744,-1,2018,6744,-1,2018
287691689,6745,0,2018,6745,0,2018
287729605,6746,2,2018,6746,2,2018
287763460,6747,20,2018,6747,20,2018
172907235,6748,4,2018,6748,4,2018
287629822,6749,-1,2016,6749,-1,2016
309549962,6751,-1,2018,6751,-1,2018
287621321,6753,0,2018,6753,0,2018
287574987,6756,4,2018,6756,4,2018
287406722,6758,-1,2018,6758,-1,2018
287251683,6760,1,2018,6760,1,2018
287275271,6762,1,2018,6762,1,2018
287227753,6763,26,2017,6763,26,2017
287204722,6764,14,2018,6764,14,2018
287275343,6765,-1,2018,6765,-1,2018
286980244,6768,-1,2018,6768,-1,2018
183123095,6770,11,2014,6770,11,2014
186645601,6771,5,2016,6771,5,2016
286854472,6773,20,2018,6773,20,2018
286839458,6774,-1,2018,6774,-1,2018
286936649,6775,0,2018,6775,0,2018
286950785,6776,-1,2018,6776,-1,2018
286953566,6777,-1,2018,6777,-1,2018
286697706,6779,1,2017,6779,1,2017
286709026,6781,-1,2018,6781,-1,2018
286821630,6782,0,2018,6782,0,2018
286809609,6783,18,2018,6783,18,2018
286798896,6784,2,2018,6784,2,2018
287144248,6785,-1,2017,6785,-1,2017
283919027,6786,4,2017,6786,4,2017
286614354,6787,-1,2017,6787,-1,2017
286649709,6790,-1,2018,6790,-1,2018
286547112,6793,23,2018,6793,23,2018
286828894,6794,75,2017,6794,75,2017
189244170,6796,66,2016,6796,66,2016
286373978,6797,-1,2018,6797,-1,2018
286408932,6798,-1,2018,6798,-1,2018
286342408,6799,16,2018,6799,16,2018
286455117,6800,-1,2018,6800,-1,2018
286446172,6802,0,2018,6802,0,2018
286424830,6803,14,2018,6803,14,2018
286313753,6805,11,2017,6805,11,2017
286313804,6806,11,2017,6806,11,2017
285966700,6807,-1,2018,6807,-1,2018
284197086,6808,57,2017,6808,57,2017
285787239,6811,-1,2018,6811,-1,2018
285841744,6812,-1,2018,6812,-1,2018
306029272,6813,-1,2018,6813,-1,2018
285891681,6814,-1,2018,6814,-1,2018
285733599,6815,25,2017,6815,25,2017
212716848,6816,-1,2017,6816,-1,2017
285634804,6818,2,2018,6818,2,2018
285694650,6819,13,2018,6819,13,2018
285474601,6822,13,2018,6822,13,2018
285511326,6823,0,2018,6823,0,2018
285572314,6824,14,2018,6824,14,2018
285297998,6826,22,2018,6826,22,2018
285349121,6828,2,2018,6828,2,2018
285349222,6829,2,2018,6829,2,2018
285341423,6830,-1,2017,6830,-1,2017
285152740,6833,-1,2017,6833,-1,2017
285008881,6835,-1,2018,6835,-1,2018
284961056,6837,42,2018,6837,42,2018
285028344,6838,-1,2018,6838,-1,2018
284832482,6839,19,2018,6839,19,2018
284840631,6840,7,2018,6840,7,2018
284612885,6841,64,2018,6841,64,2018
181060293,6843,-1,2015,7747,-1,2014
199038418,6844,16,2017,6844,16,2017
284279569,6848,0,2018,6848,0,2018
225654625,6849,23,2017,6849,23,2017
284130150,6850,14,2018,6850,14,2018
284129214,6854,29,2018,6854,29,2018
284120817,6855,4,2018,6855,4,2018
284144257,6857,0,2018,6857,0,2018
284103600,6858,70,2018,6858,70,2018
284071707,6859,33,2018,6859,33,2018
284129350,6860,61,2018,6860,61,2018
284149958,6861,-1,2017,6861,-1,2017
284113270,6862,13,2018,6862,13,2018
284160577,6863,-1,2018,6863,-1,2018
283941519,6865,18,2018,6865,18,2018
283953488,6866,52,2018,6866,52,2018
283963061,6867,31,2018,6867,31,2018
283954796,6868,60,2018,6868,60,2018
317380355,6869,13,2015,6869,13,2015
283812790,6872,36,2018,6872,36,2018
248366316,6874,8,2018,6874,8,2018
248353038,6875,-1,2018,6875,-1,2018
248257113,6877,21,2018,6877,21,2018
185792364,6880,3,2016,6880,3,2016
247114959,6881,70,2017,6881,70,2017
188817903,6882,0,2016,6882,0,2016
188818229,6883,0,2016,6883,0,2016
246982682,6884,0,2017,6884,0,2017
247014373,6885,-1,2018,6885,-1,2018
247030934,6886,42,2018,6886,42,2018
246973857,6887,-1,2017,6887,-1,2017
247007667,6888,8,2018,6888,8,2018
237316284,6891,46,2017,6891,46,2017
185666267,6892,24,2016,6892,24,2016
246057693,6893,-1,2018,6893,-1,2018
246026196,6894,29,2018,6894,29,2018
244756916,6896,-1,2018,6896,-1,2018
SG11201609651Q20150605,6897,-1,2015,6897,-1,2015
244391336,6898,0,2018,6898,0,2018
244372395,6900,-1,2017,6900,-1,2017
244460113,6901,-1,2018,6901,-1,2018
243689244,6902,1,2018,6902,1,2018
200078205,6903,-1,2016,6903,-1,2016
243660329,6904,20,2017,6904,20,2017
243747478,6905,2,2016,6905,2,2016
243105874,6908,0,2017,6908,0,2017
317377333,6910,58,2015,6910,58,2015
240592836,6911,14,2018,6911,14,2018
239961271,6913,-1,2018,6913,-1,2018
MYPI201770051620170216,6914,69,2017,6914,69,2017
192189290,6915,1,2017,6915,1,2017
238650722,6917,0,2017,6917,0,2017
238707402,6918,73,2018,6918,73,2018
187801941,6919,7,2016,6919,7,2016
238380647,6923,11,2017,6923,11,2017
238314197,6924,-1,2016,6924,-1,2016
238081435,6925,-1,2017,6925,-1,2017
238184178,6926,41,2017,6926,41,2017
238146315,6927,14,2017,6927,14,2017
199790311,6929,-1,2017,6929,-1,2017
237965348,6930,18,2018,6930,18,2018
234340878,6931,8,2016,6931,8,2016
237873048,6935,24,2018,6935,24,2018
183934965,6938,0,2016,6938,0,2016
237715280,6939,19,2017,6939,19,2017
173837115,6940,5,2015,6940,5,2015
188633919,6944,18,2016,6944,18,2016
237485220,6946,0,2017,6946,0,2017
237460245,6947,46,2017,6947,46,2017
237371623,6948,0,2017,6948,0,2017
167976752,6949,-1,2014,6949,-1,2014
221122407,6951,19,2017,6951,19,2017
317263114,6952,-1,2015,6952,-1,2015
234262050,6953,40,2016,6953,40,2016
175112162,6956,76,2015,6956,76,2015
237080255,6958,-1,2018,6958,-1,2018
237055219,6959,31,2017,6959,31,2017
237082702,6960,24,2017,6960,24,2017
237105524,6961,18,2017,6961,18,2017
237009700,6962,8,2016,6962,8,2016
175467870,6964,39,2015,6964,39,2015
236883489,6966,16,2017,6966,16,2017
236527743,6968,1,2016,6968,1,2016
236582168,6969,31,2018,6969,31,2018
236656361,6970,0,2017,6970,0,2017
236327333,6973,75,2017,6973,75,2017
236110543,6974,11,2017,6974,11,2017
188188154,6975,61,2016,6975,61,2016
198998836,6976,69,2016,6976,69,2016
235977511,6977,2,2017,6977,2,2017
235961302,6978,2,2018,6978,2,2018
185364237,6979,22,2016,7647,22,2015
184335286,6982,-1,2016,6982,-1,2016
235794889,6984,2,2017,6984,2,2017
235829357,6985,18,2017,6985,18,2017
184581576,6986,0,2016,6986,0,2016
188594969,6987,-1,2016,6987,-1,2016
188592089,6988,0,2016,6988,0,2016
235721133,6989,-1,2017,6989,-1,2017
235738024,6990,2,2017,6990,2,2017
235658106,6991,2,2017,6991,2,2017
235667309,6992,2,2017,6992,2,2017
168389218,6993,-1,2014,6993,-1,2014
235485353,6994,-1,2017,6994,-1,2017
235488239,6995,7,2017,6995,7,2017
235455132,6996,51,2016,6996,51,2016
215344357,6997,21,2016,6997,21,2016
235342698,6998,-1,2017,6998,-1,2017
235383447,6999,2,2017,6999,2,2017
235396257,7000,2,2017,7000,2,2017
235079790,7001,18,2017,7001,18,2017
235123695,7002,-1,2017,7002,-1,2017
234499204,7003,11,2017,7003,11,2017
234525585,7004,-1,2017,7004,-1,2017
233932012,7006,49,2016,7006,49,2016
233235840,7010,24,2016,7010,24,2016
233221746,7011,20,2017,7011,20,2017
184474993,7012,71,2014,7012,71,2014
232511395,7014,18,2017,7014,18,2017
232541184,7015,51,2016,7015,51,2016
233699092,7016,9,2016,7016,9,2016
SG11201608199U20150417,7017,58,2015,7017,58,2015
232397560,7018,0,2016,7018,0,2016
232229216,7022,-1,2017,7022,-1,2017
232237983,7023,0,2017,7023,0,2017
232250798,7024,-1,2017,7024,-1,2017
186358329,7025,26,2015,7025,26,2015
175560927,7026,-1,2015,7026,-1,2015
187837986,7027,8,2016,7027,8,2016
188652003,7028,42,2016,7028,42,2016
232088482,7029,72,2017,7029,72,2017
232065239,7030,-1,2017,7030,-1,2017
144835363,7033,-1,2011,7033,-1,2011
231729458,7034,47,2017,7034,47,2017
231734825,7035,30,2017,7035,30,2017
231744801,7036,1,2017,7036,1,2017
231770194,7037,46,2017,7037,46,2017
170425730,7038,-1,2014,7988,-1,2013
231512650,7039,-1,2017,7039,-1,2017
231494459,7040,24,2017,7040,24,2017
231028193,7041,46,2017,7041,46,2017
176109147,7042,2,2015,7042,2,2015
230954921,7043,0,2017,7043,0,2017
230952497,7044,13,2017,7044,13,2017
230948396,7045,2,2017,7045,2,2017
317267593,7046,13,2015,7046,13,2015
175095663,7048,27,2015,7048,27,2015
230873586,7050,11,2017,7052,11,2016
113929657,7051,-1,2007,7051,-1,2007
399486937,7054,22,2016,7054,22,2016
185928107,7055,-1,2016,7055,-1,2016
230591168,7058,0,2017,7058,0,2017
230324889,7060,24,2017,7060,24,2017
186250526,7061,-1,2016,7061,-1,2016
230198235,7062,-1,2017,7062,-1,2017
230166780,7063,-1,2017,7063,-1,2017
230219605,7064,13,2017,7064,13,2017
173508955,7065,0,2015,7065,0,2015
188842136,7066,0,2016,7066,0,2016
230037089,7067,0,2017,7067,0,2017
230074915,7068,20,2017,7068,20,2017
173617761,7070,1,2015,7070,1,2015
229880708,7071,20,2017,7071,20,2017
229922151,7072,10,2017,7072,10,2017
229916577,7073,-1,2017,7073,-1,2017
229763586,7074,0,2017,7074,0,2017
229762967,7075,39,2017,7075,39,2017
229807417,7076,31,2017,7076,31,2017
229807761,7077,31,2017,7077,31,2017
HK17110585.120171018,7078,-1,2017,7078,-1,2017
229580537,7079,2,2017,7079,2,2017
229655969,7080,29,2017,7080,29,2017
229433694,7081,2,2017,7081,2,2017
229327215,7083,-1,2017,7083,-1,2017
229246018,7084,-1,2017,7084,-1,2017
229217264,7085,-1,2017,7085,-1,2017
184780073,7086,72,2016,7086,72,2016
229020082,7088,2,2017,7088,2,2017
229043996,7089,18,2017,7089,18,2017
229030572,7090,14,2017,7090,14,2017
169103375,7091,2,2014,7091,2,2014
228508225,7092,67,2016,7092,67,2016
228555295,7094,0,2017,7094,0,2017
175142822,7095,3,2015,7095,3,2015
175927649,7096,20,2015,7096,20,2015
229070169,7098,19,2016,7098,19,2016
224584116,7099,22,2017,7152,22,2016
228297740,7102,8,2017,7102,8,2017
228126479,7103,-1,2017,7103,-1,2017
IR13955014000301219320161228,7104,29,2016,7104,29,2016
173368460,7105,2,2014,7105,2,2014
227984007,7106,66,2017,7106,66,2017
186032795,7107,14,2016,7107,14,2016
227901704,7108,-1,2017,7108,-1,2017
227829915,7109,16,2017,7109,16,2017
227920856,7110,0,2017,7110,0,2017
153856501,7112,0,2012,7112,0,2012
154006600,7113,0,2012,7113,0,2012
154006121,7114,0,2012,7114,0,2012
169403561,7115,11,2014,7115,11,2014
180139671,7116,-1,2015,7116,-1,2015
183521957,7117,3,2015,7117,3,2015
208345427,7118,4,2017,7118,4,2017
227604351,7119,0,2017,7119,0,2017
227362251,7121,0,2017,7121,0,2017
227259114,7122,-1,2017,7122,-1,2017
227165380,7123,18,2017,7123,18,2017
227160182,7124,8,2017,7124,8,2017
SG11201609419R20150603,7126,-1,2015,7126,-1,2015
226383006,7127,11,2017,7127,11,2017
185412543,7128,67,2016,7128,67,2016
226091034,7129,75,2017,7129,75,2017
226135302,7130,-1,2017,7130,-1,2017
185875446,7132,0,2016,7132,0,2016
225949917,7133,15,2017,7133,15,2017
225711155,7134,31,2017,7134,31,2017
225691800,7135,-1,2017,7135,-1,2017
225452259,7140,42,2017,7140,42,2017
225440998,7141,-1,2017,7141,-1,2017
225405878,7142,14,2017,7142,14,2017
225186348,7143,18,2017,7143,18,2017
225163906,7144,-1,2017,7144,-1,2017
225181301,7145,0,2017,7145,0,2017
225013599,7146,0,2017,7146,0,2017
224823790,7147,6,2017,7147,6,2017
224827020,7148,6,2017,7148,6,2017
224859586,7150,2,2017,7150,2,2017
224692255,7151,44,2017,7151,44,2017
189297134,7153,17,2016,7153,17,2016
169102907,7156,2,2014,7156,2,2014
224234039,7157,-1,2017,7157,-1,2017
224186396,7158,2,2016,7158,2,2016
175111267,7160,13,2015,7160,13,2015
224015520,7162,64,2017,7162,64,2017
224030685,7163,-1,2017,7163,-1,2017
224038878,7164,6,2017,7164,6,2017
224057627,7165,-1,2017,7165,-1,2017
183187976,7166,0,2015,7166,0,2015
183541850,7167,19,2016,7167,19,2016
223791351,7171,-1,2017,7171,-1,2017
223767618,7172,0,2016,7172,0,2016
SG11201608204Q20150417,7173,34,2015,7173,34,2015
222783362,7175,-1,2017,7175,-1,2017
222395333,7176,0,2017,7176,0,2017
222401809,7177,2,2017,7177,2,2017
221586628,7180,-1,2017,7180,-1,2017
221501733,7181,-1,2017,7181,-1,2017
221497668,7182,8,2016,7182,8,2016
221511364,7183,9,2017,7183,9,2017
221538032,7184,-1,2017,7184,-1,2017
220925604,7185,-1,2017,7185,-1,2017
220128262,7186,2,2016,7186,2,2016
TH160100722520161202,7187,-1,2016,7187,-1,2016
172794303,7189,1,2015,7189,1,2015
180140190,7190,3,2015,7190,3,2015
183194587,7191,0,2016,7191,0,2016
219114983,7192,10,2017,7192,10,2017
219121962,7193,8,2017,7193,8,2017
219100390,7195,-1,2017,7195,-1,2017
202457011,7196,-1,2015,7196,-1,2015
TH160100720420161201,7197,76,2016,7197,76,2016
TH160100720520170215,7198,-1,2017,7198,-1,2017
185364149,7199,63,2016,7642,63,2015
169992524,7201,3,2014,7201,3,2014
170299185,7202,29,2014,7202,29,2014
163249350,7203,-1,2013,7203,-1,2013
171824076,7204,10,2014,7204,10,2014
217600501,7205,0,2017,7205,0,2017
217596287,7206,14,2017,7206,14,2017
217008003,7207,-1,2017,7207,-1,2017
SG11201609420R20150603,7209,76,2015,7209,76,2015
216317094,7210,31,2016,7210,31,2016
189475676,7211,-1,2016,7211,-1,2016
215695755,7212,1,2016,7212,1,2016
215702106,7213,38,2017,7213,38,2017
183936145,7214,3,2017,7321,3,2016
173959207,7215,1,2015,7215,1,2015
184476603,7216,71,2014,7216,71,2014
215024263,7217,59,2016,7217,59,2016
214552528,7218,0,2017,7218,0,2017
214539472,7220,-1,2017,7220,-1,2017
183676449,7222,20,2016,7222,20,2016
213747120,7223,0,2017,7223,0,2017
171861865,7224,-1,2015,7224,-1,2015
214512214,7225,5,2016,7225,5,2016
185701330,7227,31,2016,7227,31,2016
183820446,7232,19,2015,7232,19,2015
212888099,7233,1,2016,7233,1,2016
198561551,7234,23,2015,7234,23,2015
184015346,7237,-1,2015,7237,-1,2015
175465793,7238,0,2015,7238,0,2015
179603831,7239,3,2015,7239,3,2015
182124087,7240,0,2015,7240,0,2015
187930404,7241,4,2016,7241,4,2016
212136119,7242,1,2017,7242,1,2017
183851551,7243,-1,2015,7243,-1,2015
211941169,7244,39,2017,7244,39,2017
211938110,7245,2,2017,7245,2,2017
211916475,7246,-1,2017,7246,-1,2017
211868607,7247,36,2016,7247,36,2016
TH130100090020130222,7248,-1,2013,7248,-1,2013
211258453,7250,59,2016,7250,59,2016
211108075,7251,44,2017,7251,44,2017
211095755,7252,1,2017,7252,1,2017
211084941,7253,59,2017,7253,59,2017
210616468,7256,14,2016,7256,14,2016
152070377,7257,48,2010,7257,48,2010
210326769,7258,70,2017,7258,70,2017
183017054,7259,28,2015,7743,28,2014
210085305,7261,-1,2017,7261,-1,2017
209906514,7264,1,2017,7264,1,2017
209910704,7265,-1,2017,7265,-1,2017
209887617,7266,13,2016,7266,13,2016
204314503,7267,2,2016,7267,2,2016
163596122,7268,-1,2013,7268,-1,2013
209582674,7270,4,2016,7270,4,2016
209602667,7271,2,2016,7271,2,2016
172639638,7272,-1,2015,7272,-1,2015
209426687,7273,9,2017,7273,9,2017
156891497,7274,18,2012,7274,18,2012
209110080,7276,-1,2017,7276,-1,2017
208923545,7283,24,2017,7283,24,2017
208869085,7284,14,2017,7284,14,2017
208869897,7285,-1,2017,7285,-1,2017
208580938,7287,72,2017,7287,72,2017
206719628,7290,30,2016,7290,30,2016
206494739,7291,-1,2017,7291,-1,2017
206487721,7292,7,2017,7292,7,2017
205741316,7293,18,2016,7293,18,2016
204099802,7296,-1,2016,7296,-1,2016
173942413,7298,18,2015,7298,18,2015
203747663,7299,20,2016,7299,20,2016
203602957,7301,2,2016,7301,2,2016
203472803,7303,-1,2017,7303,-1,2017
203458976,7304,43,2017,7304,43,2017
173843545,7305,1,2015,7305,1,2015
202969814,7307,11,2016,7307,11,2016
202795661,7308,22,2016,7308,22,2016
183666848,7309,18,2016,7309,18,2016
171934523,7310,1,2015,7310,1,2015
202651966,7311,-1,2017,7311,-1,2017
173959737,7312,12,2015,7312,12,2015
202406439,7313,-1,2017,7313,-1,2017
202431688,7314,1,2017,7314,1,2017
202396241,7315,14,2017,7315,14,2017
202407924,7316,29,2017,7316,29,2017
202421866,7317,5,2017,7317,5,2017
201597543,7319,-1,2015,7319,-1,2015
201546726,7320,2,2016,7320,2,2016
201225666,7322,-1,2017,7322,-1,2017
201295277,7323,1,2017,7323,1,2017
201254220,7324,2,2016,7324,2,2016
155429526,7326,-1,2012,7326,-1,2012
169658844,7328,26,2014,7328,26,2014
175946626,7329,32,2015,7329,32,2015
200708821,7330,24,2017,7330,24,2017
200709656,7331,24,2017,7331,24,2017
200730259,7333,4,2016,7333,4,2016
200027201,7335,28,2017,7335,28,2017
172972276,7339,-1,2015,7339,-1,2015
200447302,7340,29,2017,7340,29,2017
200430944,7341,2,2015,7341,2,2015
200427249,7343,4,2016,7343,4,2016
200053600,7344,7,2017,7344,7,2017
200130238,7353,46,2017,7353,46,2017
199785718,7354,10,2015,7354,10,2015
199814579,7356,1,2017,7356,1,2017
199843110,7357,18,2016,7357,18,2016
169311813,7358,1,2014,7358,1,2014
174270525,7359,9,2015,7359,9,2015
174605416,7360,2,2015,7360,2,2015
169511077,7362,2,2014,7362,2,2014
174573386,7363,-1,2015,7363,-1,2015
176042547,7364,-1,2015,7364,-1,2015
199024249,7365,13,2016,7365,13,2016
199106699,7366,31,2016,7366,31,2016
171707448,7368,1,2015,7368,1,2015
171821845,7369,1,2014,7369,1,2014
198553740,7370,-1,2017,7370,-1,2017
196584648,7374,19,2017,7374,19,2017
196959779,7376,11,2017,7376,11,2017
196865222,7379,29,2016,7379,29,2016
196778913,7380,43,2016,7380,43,2016
196743987,7381,-1,2016,7381,-1,2016
196900064,7384,64,2016,7384,64,2016
SG11201608202Y20150417,7385,34,2015,7385,34,2015
194485067,7387,-1,2016,7387,-1,2016
172810138,7390,1,2015,7390,1,2015
181732788,7391,22,2015,7391,22,2015
194255184,7393,0,2015,7393,0,2015
192096445,7394,22,2016,7398,22,2015
193293670,7395,24,2016,7395,24,2016
193334025,7396,3,2016,7396,3,2016
185842865,7397,-1,2015,7397,-1,2015
192180886,7401,18,2016,7401,18,2016
192325302,7402,2,2016,7402,2,2016
192238848,7405,-1,2016,7405,-1,2016
192238912,7406,-1,2016,7406,-1,2016
192269691,7407,8,2016,7407,8,2016
191655996,7408,1,2015,7408,1,2015
175451992,7411,66,2015,7411,66,2015
190665016,7412,1,2016,7412,1,2016
190696064,7414,-1,2016,7414,-1,2016
190618161,7415,51,2016,7415,51,2016
190719137,7416,2,2016,7416,2,2016
188537450,7417,-1,2015,7417,-1,2015
169215101,7418,47,2014,7418,47,2014
189995614,7419,-1,2016,7419,-1,2016
190049168,7425,-1,2016,7425,-1,2016
190047558,7426,-1,2016,7426,-1,2016
173952401,7429,20,2015,7429,20,2015
189745890,7430,14,2016,7430,14,2016
189701363,7431,-1,2016,7431,-1,2016
189735091,7432,11,2016,7432,11,2016
189741504,7433,-1,2016,7433,-1,2016
189549917,7435,3,2015,7435,3,2015
171479269,7437,4,2015,7437,4,2015
171928776,7438,4,2015,7438,4,2015
173606695,7439,19,2015,7439,19,2015
175161308,7440,1,2015,7440,1,2015
183741160,7441,22,2015,7441,22,2015
189502721,7442,11,2016,7442,11,2016
189529499,7443,-1,2016,7443,-1,2016
189521229,7444,2,2016,7444,2,2016
189430276,7450,49,2016,7450,49,2016
187037859,7451,22,2015,7451,22,2015
173298982,7453,12,2015,7453,12,2015
175946340,7454,4,2015,7454,4,2015
189247658,7456,15,2016,7456,15,2016
189270412,7457,16,2016,7457,16,2016
189232820,7458,7,2016,7458,7,2016
189307802,7459,72,2016,7459,72,2016
189084594,7460,23,2015,7460,23,2015
170684863,7463,0,2014,7463,0,2014
189093798,7464,11,2016,7464,11,2016
189113463,7465,-1,2016,7465,-1,2016
189142039,7466,61,2016,7466,61,2016
188890888,7470,-1,2016,7478,-1,2015
172142853,7471,3,2015,7471,3,2015
188980045,7473,-1,2015,7473,-1,2015
189002122,7475,2,2016,7475,2,2016
189019839,7476,0,2016,7476,0,2016
146979351,7479,-1,2011,7479,-1,2011
163217904,7480,2,2013,7480,2,2013
188806840,7485,4,2016,7485,4,2016
188837834,7486,-1,2016,7486,-1,2016
188806779,7487,-1,2016,7487,-1,2016
188811195,7490,54,2016,7490,54,2016
187894436,7493,17,2014,7493,17,2014
165493463,7495,1,2014,7495,1,2014
166920383,7496,23,2014,7496,23,2014
169749901,7497,1,2014,7497,1,2014
188644001,7498,-1,2016,7498,-1,2016
188454243,7502,-1,2016,7502,-1,2016
188454096,7503,42,2016,7503,42,2016
188489657,7504,11,2016,7504,11,2016
188514020,7505,0,2016,7505,0,2016
188482896,7506,66,2016,7506,66,2016
188477124,7507,7,2016,7507,7,2016
399486936,7508,22,2016,7508,22,2016
188385770,7509,49,2015,7509,49,2015
170472073,7510,1,2014,7510,1,2014
173044049,7511,0,2015,7511,0,2015
173279809,7512,4,2015,7512,4,2015
188357931,7513,-1,2016,7513,-1,2016
188153408,7515,25,2015,7515,25,2015
188155250,7516,-1,2016,7516,-1,2016
173298051,7517,4,2015,7517,4,2015
188188780,7518,4,2016,7518,4,2016
188166656,7519,23,2016,7519,23,2016
188194747,7520,24,2016,7520,24,2016
188288811,7521,-1,2015,7521,-1,2015
188064040,7522,-1,2016,7522,-1,2016
188104747,7523,29,2016,7523,29,2016
188113328,7524,7,2016,7524,7,2016
150618291,7525,22,2011,8415,22,2011
187892831,7526,25,2015,7526,25,2015
187933716,7528,-1,2016,7528,-1,2016
187984847,7529,-1,2016,7529,-1,2016
187963589,7530,7,2016,7530,7,2016
187793109,7532,2,2016,7532,2,2016
187793129,7534,0,2016,7534,0,2016
187755648,7536,59,2016,7536,59,2016
187746739,7537,23,2016,7537,23,2016
187831097,7538,11,2016,7538,11,2016
187823858,7539,0,2016,7539,0,2016
187628598,7542,-1,2016,7542,-1,2016
187631795,7543,24,2016,7543,24,2016
172216188,7544,25,2015,7544,25,2015
173467384,7545,-1,2015,7703,-1,2014
187688976,7547,-1,2015,7547,-1,2015
187439196,7550,-1,2016,7550,-1,2016
187406220,7551,2,2016,7551,2,2016
187415097,7552,72,2016,7552,72,2016
187400546,7553,11,2016,7553,11,2016
155667095,7554,4,2012,7554,4,2012
187311607,7555,-1,2015,7555,-1,2015
187173239,7556,28,2016,7556,28,2016
187330785,7557,-1,2016,7557,-1,2016
187331209,7558,-1,2016,7558,-1,2016
187200442,7559,0,2016,7559,0,2016
187308842,7561,-1,2016,7561,-1,2016
187226014,7562,0,2016,7562,0,2016
187274225,7563,13,2016,7563,13,2016
187238167,7564,31,2016,7564,31,2016
187135528,7565,17,2016,7565,17,2016
187076553,7569,-1,2016,7569,-1,2016
175765597,7570,-1,2014,7570,-1,2014
186913959,7571,4,2015,7571,4,2015
186929107,7572,-1,2016,7572,-1,2016
186982430,7573,0,2016,7573,0,2016
186970938,7574,18,2016,7574,18,2016
186966914,7575,49,2016,7575,49,2016
186971154,7576,18,2016,7576,18,2016
186857140,7577,-1,2016,7577,-1,2016
186847100,7578,19,2016,7578,19,2016
186780794,7580,-1,2016,7580,-1,2016
186812378,7581,44,2016,7581,44,2016
186876381,7582,58,2016,7582,58,2016
168937351,7586,-1,2014,7586,-1,2014
186672152,7588,70,2015,7588,70,2015
186700154,7589,18,2016,7589,18,2016
186630348,7590,5,2016,7590,5,2016
186512701,7597,2,2016,7597,2,2016
186468960,7598,14,2016,7598,14,2016
167414101,7599,-1,2013,7599,-1,2013
155748042,7602,-1,2011,7602,-1,2011
186376096,7603,72,2016,7603,72,2016
142218564,7606,-1,2009,7606,-1,2009
186222113,7607,-1,2016,7607,-1,2016
186269880,7609,23,2016,7609,23,2016
171994880,7610,25,2014,7610,25,2014
174213968,7611,24,2014,7611,24,2014
170823534,7612,71,2014,7612,71,2014
185474876,7613,29,2015,7613,29,2015
186015011,7615,1,2016,7615,1,2016
186027779,7616,2,2016,7616,2,2016
170780041,7617,25,2014,7978,25,2013
165003302,7619,-1,2012,7619,-1,2012
185882251,7620,-1,2016,7620,-1,2016
185894380,7622,14,2016,7622,14,2016
MYPI201570086020150318,7623,2,2015,7623,2,2015
182223447,7625,-1,2016,7625,-1,2016
185656999,7627,-1,2016,7627,-1,2016
185697623,7628,-1,2016,7628,-1,2016
185719910,7629,18,2016,7629,18,2016
170333948,7630,25,2014,7992,25,2013
132217250,7631,9,2009,7631,9,2009
185749930,7632,-1,2015,7632,-1,2015
173041878,7634,1,2015,7634,1,2015
185505198,7636,0,2016,7636,0,2016
185558473,7637,12,2016,7637,12,2016
185568165,7638,-1,2016,7638,-1,2016
185560243,7639,16,2016,7639,16,2016
185518786,7640,0,2016,7640,0,2016
172414739,7641,14,2014,7641,14,2014
169316272,7649,14,2014,7649,14,2014
171486127,7650,4,2014,7650,4,2014
185443282,7651,2,2014,7651,2,2014
185399816,7653,2,2016,7653,2,2016
185452980,7654,11,2016,7654,11,2016
185443446,7655,31,2016,7655,31,2016
163846068,7656,0,2012,7656,0,2012
154545196,7657,-1,2012,7657,-1,2012
165639234,7659,-1,2014,7659,-1,2014
171307899,7660,18,2015,7660,18,2015
183976202,7661,11,2016,7661,11,2016
185300642,7662,12,2016,7662,12,2016
185305133,7663,0,2016,7663,0,2016
185259704,7664,14,2016,7664,14,2016
185350878,7665,52,2015,7665,52,2015
185074522,7666,25,2015,7666,25,2015
185168677,7668,11,2016,7668,11,2016
171472569,7669,-1,2015,7669,-1,2015
185104506,7670,37,2016,7670,37,2016
185082077,7671,33,2016,7671,33,2016
172442608,7672,-1,2014,7672,-1,2014
185118299,7673,-1,2016,7673,-1,2016
155541363,7675,-1,2012,7675,-1,2012
185004178,7676,-1,2016,7676,-1,2016
184977934,7677,-1,2015,7677,-1,2015
184983136,7678,2,2015,7678,2,2015
172767142,7679,-1,2014,7679,-1,2014
176146191,7680,-1,2013,7680,-1,2013
184756788,7681,-1,2015,7681,-1,2015
165916495,7682,75,2013,7682,75,2013
184544691,7685,-1,2016,7685,-1,2016
184483370,7688,-1,2016,7688,-1,2016
184467681,7689,70,2016,7689,70,2016
TH120300041320120425,7690,-1,2012,7690,-1,2012
184347532,7691,-1,2016,7691,-1,2016
184333927,7692,-1,2016,7692,-1,2016
184378942,7694,18,2016,7694,18,2016
184351136,7695,61,2015,7695,61,2015
184269976,7696,-1,2014,7696,-1,2014
TH140100073220140211,7698,-1,2014,7698,-1,2014
170184560,7699,0,2014,7699,0,2014
184199963,7700,-1,2016,7700,-1,2016
184200105,7701,-1,2016,7701,-1,2016
170280887,7704,4,2014,7704,4,2014
184069171,7706,-1,2016,7706,-1,2016
184069479,7707,32,2016,7707,32,2016
183947018,7708,-1,2016,7708,-1,2016
183757661,7710,-1,2014,7710,-1,2014
183837994,7711,-1,2016,7711,-1,2016
183720242,7715,44,2016,7715,44,2016
183521493,7717,1,2015,7717,1,2015
183536370,7719,14,2016,7719,14,2016
183545668,7720,2,2016,7720,2,2016
183513484,7723,75,2014,7723,75,2014
163722661,7724,11,2013,7724,11,2013
183361214,7726,-1,2016,7726,-1,2016
183377494,7727,-1,2014,7727,-1,2014
183406384,7728,14,2015,7728,14,2015
183393951,7729,7,2015,7729,7,2015
183435178,7730,-1,2015,7730,-1,2015
183435296,7731,-1,2015,7731,-1,2015
162579669,7732,31,2013,7732,31,2013
171526870,7733,-1,2014,7733,-1,2014
183191924,7737,14,2016,7737,14,2016
183202421,7739,31,2016,7739,31,2016
183155345,7741,31,2015,7741,31,2015
183097273,7742,22,2014,7742,22,2014
183019272,7744,10,2015,7744,10,2015
183059477,7745,4,2015,7745,4,2015
183042962,7746,-1,2015,7746,-1,2015
IR13945014000300529620150809,7748,0,2015,7748,0,2015
169056995,7750,-1,2014,7750,-1,2014
182914439,7751,61,2015,7751,61,2015
182903676,7752,18,2015,7752,18,2015
180478797,7754,42,2014,7754,42,2014
182601911,7755,25,2015,7755,25,2015
180849218,7756,-1,2014,7756,-1,2014
171492889,7757,1,2014,7757,1,2014
182688919,7758,8,2015,7758,8,2015
157558970,7759,1,2013,7759,1,2013
182797110,7760,23,2015,7760,23,2015
182151713,7763,14,2015,7763,14,2015
182183605,7764,4,2015,7764,4,2015
182147853,7765,44,2015,7765,44,2015
157979265,7767,-1,2011,7767,-1,2011
162347427,7768,-1,2013,7768,-1,2013
181816619,7770,-1,2015,7770,-1,2015
153501849,7771,-1,2012,7771,-1,2012
182220930,7772,27,2014,7772,27,2014
181457080,7773,61,2015,7773,61,2015
181458422,7774,42,2015,7774,42,2015
181484762,7775,-1,2016,7775,-1,2016
181473880,7776,-1,2015,7776,-1,2015
162709166,7777,46,2012,7777,46,2012
169046303,7778,65,2014,7778,65,2014
181337422,7780,44,2014,7780,44,2014
180981405,7783,-1,2015,7783,-1,2015
180964083,7784,-1,2015,7784,-1,2015
180447999,7785,63,2015,7785,63,2015
172042842,7786,9,2015,7786,9,2015
180769982,7787,-1,2015,7787,-1,2015
180769995,7788,-1,2015,7788,-1,2015
180809225,7789,0,2015,7789,0,2015
158837827,7791,21,2013,7791,21,2013
180146121,7792,44,2015,7792,44,2015
179617081,7793,46,2014,7793,46,2014
176834960,7795,2,2015,7795,2,2015
178896601,7796,0,2015,7796,0,2015
178900008,7797,29,2015,7797,29,2015
178883316,7798,-1,2015,7798,-1,2015
176188881,7800,-1,2015,7800,-1,2015
176167526,7801,-1,2015,7801,-1,2015
176169718,7802,29,2015,7802,29,2015
167627486,7805,31,2014,7805,31,2014
153501446,7808,-1,2012,7808,-1,2012
242427496,7809,-1,2011,7809,-1,2011
158685853,7810,-1,2013,7810,-1,2013
160416749,7811,-1,2013,7811,-1,2013
175900751,7812,39,2015,7812,39,2015
175901399,7813,14,2015,7813,14,2015
175817553,7814,18,2015,7814,18,2015
166992498,7815,-1,2013,7815,-1,2013
163114162,7816,26,2012,7816,26,2012
175587735,7818,2,2015,7818,2,2015
175586114,7819,-1,2015,7819,-1,2015
139817955,7820,-1,2010,7820,-1,2010
175309870,7824,-1,2015,7824,-1,2015
175288448,7825,-1,2015,7825,-1,2015
175321020,7826,2,2015,7826,2,2015
175248483,7827,8,2015,7827,8,2015
175140279,7837,50,2015,7837,50,2015
155220879,7839,-1,2011,7839,-1,2011
166709803,7843,-1,2014,7843,-1,2014
167581483,7845,-1,2015,8064,-1,2014
174881959,7846,54,2015,7846,54,2015
167837511,7847,-1,2013,7847,-1,2013
164940154,7848,0,2013,7848,0,2013
174755886,7849,70,2015,7849,70,2015
174759624,7850,70,2015,7850,70,2015
174797996,7851,24,2015,7851,24,2015
174812769,7852,9,2015,7852,9,2015
157835891,7853,16,2012,7853,16,2012
162936232,7854,3,2013,7854,3,2013
174142979,7855,25,2014,7855,25,2014
174596290,7857,54,2015,7857,54,2015
174510468,7858,11,2015,7858,11,2015
161530351,7859,24,2013,7859,24,2013
174427357,7861,4,2015,7861,4,2015
174303251,7869,4,2015,7869,4,2015
174309290,7870,-1,2015,7870,-1,2015
174299165,7871,10,2015,7871,10,2015
163524872,7876,0,2013,7876,0,2013
170145121,7877,41,2013,7877,41,2013
173801811,7880,42,2015,7880,42,2015
173841873,7881,-1,2015,7881,-1,2015
173886253,7884,22,2014,7884,22,2014
165296562,7885,1,2014,7885,1,2014
173719175,7886,0,2014,7886,0,2014
166353969,7887,-1,2013,7887,-1,2013
163666360,7888,0,2013,7888,0,2013
173561634,7889,8,2014,7889,8,2014
173604973,7890,2,2015,7890,2,2015
173641272,7893,-1,2015,7893,-1,2015
141359061,7894,-1,2009,8535,-1,2009
173500307,7895,64,2015,7895,64,2015
173515562,7896,-1,2015,7896,-1,2015
173439382,7898,-1,2015,7898,-1,2015
173281687,7902,-1,2015,7902,-1,2015
173177543,7904,13,2015,7904,13,2015
173203641,7905,59,2015,7905,59,2015
156435525,7906,-1,2012,7906,-1,2012
173088316,7909,0,2015,7909,0,2015
164143485,7910,14,2013,7910,14,2013
165128652,7912,-1,2013,7912,-1,2013
172852287,7915,-1,2014,7915,-1,2014
165975545,7916,55,2013,7966,55,2012
172624172,7918,0,2014,7918,0,2014
172623750,7919,0,2014,7919,0,2014
172499306,7921,2,2015,7921,2,2015
172517143,7922,4,2014,7922,4,2014
172517179,7923,4,2014,7923,4,2014
172413803,7924,23,2013,7924,23,2013
162188530,7925,-1,2012,7925,-1,2012
155731167,7926,-1,2012,8130,-1,2011
172264739,7927,0,2015,7927,0,2015
172281551,7928,-1,2014,7928,-1,2014
172307831,7929,4,2014,7929,4,2014
172313845,7930,0,2014,7930,0,2014
142317232,7931,-1,2010,7931,-1,2010
162619885,7932,21,2012,7932,21,2012
172047368,7935,14,2015,7935,14,2015
172047314,7936,14,2015,7936,14,2015
171934376,7941,10,2015,7941,10,2015
142607868,7942,-1,2010,7942,-1,2010
171277393,7943,3,2013,7943,3,2013
170147640,7944,25,2014,7995,25,2013
171804200,7946,24,2015,7946,24,2015
170479901,7951,70,2013,7951,70,2013
171485131,7957,-1,2015,7957,-1,2015
171459167,7958,18,2014,7958,18,2014
171459207,7959,18,2014,7959,18,2014
185770374,7961,12,2013,7961,12,2013
171327267,7962,-1,2014,7962,-1,2014
171160494,7963,11,2013,7963,11,2013
171214661,7964,0,2014,7964,0,2014
171213801,7965,0,2014,7965,0,2014
171112149,7967,15,2014,7967,15,2014
150342068,7968,-1,2010,7968,-1,2010
155160696,7969,38,2012,7969,38,2012
170780550,7970,25,2013,7970,25,2013
170780573,7971,25,2013,7971,25,2013
170050650,7972,25,2014,8002,25,2013
170788513,7973,25,2014,7977,25,2013
170850843,7981,36,2014,7981,36,2014
161987453,7982,-1,2012,7982,-1,2012
145230709,7983,23,2010,7983,23,2010
170722294,7985,4,2014,7985,4,2014
170716112,7986,-1,2014,7986,-1,2014
158259032,7987,-1,2011,7987,-1,2011
170598826,7989,24,2014,7989,24,2014
170551050,7990,21,2013,7990,21,2013
170326194,7994,19,2014,7994,19,2014
170147684,7996,25,2013,7996,25,2013
170346604,7997,8,2013,7997,8,2013
170096100,8005,23,2013,8005,23,2013
170097284,8006,0,2014,8006,0,2014
170101040,8007,0,2014,8007,0,2014
146971987,8009,-1,2010,8009,-1,2010
169985816,8010,14,2014,8010,14,2014
169709698,8011,23,2013,8011,23,2013
147417150,8012,43,2010,8012,43,2010
153311011,8013,20,2011,8013,20,2011
153823609,8014,-1,2011,8014,-1,2011
160281954,8015,-1,2012,8015,-1,2012
142615069,8016,-1,2010,8340,-1,2009
169760572,8017,24,2014,8017,24,2014
157666403,8019,0,2013,8019,0,2013
169643342,8020,31,2013,8020,31,2013
169650169,8021,28,2013,8021,28,2013
166985406,8023,43,2013,8023,43,2013
169517953,8024,2,2014,8024,2,2014
169452725,8026,18,2014,8026,18,2014
151198177,8028,26,2010,8028,26,2010
169172006,8029,11,2014,8029,11,2014
145360457,8031,23,2010,8031,23,2010
169148181,8032,-1,2014,8032,-1,2014
169132377,8033,31,2014,8033,31,2014
168953327,8035,0,2014,8035,0,2014
147093656,8036,-1,2010,8036,-1,2010
154857969,8037,23,2011,8037,23,2011
168776791,8038,67,2014,8038,67,2014
168757770,8039,38,2014,8039,38,2014
153465006,8040,1,2012,8040,1,2012
157741806,8041,60,2012,8041,60,2012
158614494,8042,43,2011,8042,43,2011
169047630,8043,57,2013,8043,57,2013
132840943,8045,32,2008,8045,32,2008
153488380,8046,-1,2012,8046,-1,2012
168318523,8047,23,2013,8047,23,2013
168404183,8048,23,2013,8048,23,2013
168460083,8049,23,2013,8049,23,2013
168443653,8050,0,2014,8050,0,2014
168489688,8051,-1,2014,8051,-1,2014
168283778,8052,18,2014,8052,18,2014
154600154,8053,4,2012,8053,4,2012
153968427,8054,-1,2011,8054,-1,2011
168106995,8056,22,2013,8056,22,2013
162429191,8057,23,2012,8057,23,2012
153488370,8058,-1,2012,8058,-1,2012
153097535,8061,1,2012,8061,1,2012
TR20130221920130225,8062,-1,2013,8062,-1,2013
158612017,8063,23,2011,8063,23,2011
139730292,8066,-1,2009,8066,-1,2009
164180118,8067,-1,2013,8067,-1,2013
168093671,8068,8,2013,8068,8,2013
152278222,8070,14,2011,8070,14,2011
167234457,8072,3,2014,8072,3,2014
157851006,8073,23,2011,8073,23,2011
165553189,8074,14,2012,8074,14,2012
167124991,8075,18,2013,8075,18,2013
167138456,8076,0,2014,8076,0,2014
167138772,8077,38,2013,8077,38,2013
166986184,8081,48,2012,8081,48,2012
167008877,8082,67,2014,8082,67,2014
142317238,8084,-1,2010,8084,-1,2010
145163289,8085,23,2010,8085,23,2010
166158030,8086,-1,2012,8086,-1,2012
166252383,8088,-1,2012,8088,-1,2012
166310057,8089,26,2014,8089,26,2014
166278261,8090,11,2013,8090,11,2013
166285835,8091,12,2014,8091,12,2014
166214071,8093,16,2013,8093,16,2013
151455080,8094,13,2011,8094,13,2011
165971621,8096,60,2012,8096,60,2012
158039659,8098,1,2012,8098,1,2012
137610416,8099,-1,2009,8099,-1,2009
157770015,8100,43,2011,8100,43,2011
165906605,8101,10,2013,8101,10,2013
165951008,8102,67,2013,8102,67,2013
165807992,8104,-1,2014,8104,-1,2014
165821212,8106,-1,2012,8106,-1,2012
165847238,8107,19,2013,8107,19,2013
150619824,8108,-1,2010,8108,-1,2010
162819044,8109,23,2012,8109,23,2012
166145756,8110,8,2013,8110,8,2013
165644995,8111,1,2012,8111,1,2012
165599343,8113,11,2013,8113,11,2013
153849324,8114,3,2012,8114,3,2012
156788307,8115,23,2011,8115,23,2011
165494540,8116,-1,2014,8116,-1,2014
165496043,8117,29,2014,8117,29,2014
165493869,8118,8,2014,8118,8,2014
165494421,8119,29,2014,8119,29,2014
165496480,8121,69,2014,8121,69,2014
165493529,8122,29,2014,8122,29,2014
155025513,8123,48,2012,8123,48,2012
157531723,8125,-1,2011,8125,-1,2011
165414037,8126,29,2014,8126,29,2014
165417583,8127,37,2013,8127,37,2013
165431183,8128,46,2013,8128,46,2013
165430869,8129,46,2013,8129,46,2013
165276988,8131,46,2013,8131,46,2013
142424106,8137,22,2009,8137,22,2009
165033792,8138,22,2012,8138,22,2012
165059882,8139,19,2013,8139,19,2013
164990118,8141,0,2012,8141,0,2012
164686268,8142,-1,2012,8142,-1,2012
165007246,8144,8,2012,8144,8,2012
164965679,8145,4,2013,8145,4,2013
157640454,8146,-1,2012,8146,-1,2012
164823521,8147,20,2013,8147,20,2013
164711459,8148,66,2013,8148,66,2013
162828745,8149,12,2012,8149,12,2012
158399002,8150,14,2011,8150,14,2011
165240521,8151,42,2012,8151,42,2012
153795800,8152,26,2011,8152,26,2011
164808848,8153,-1,2013,8153,-1,2013
164183071,8155,5,2012,8155,5,2012
161976001,8159,-1,2013,8159,-1,2013
164315604,8160,46,2013,8160,46,2013
163790523,8162,73,2011,8162,73,2011
164313127,8164,11,2013,8164,11,2013
150591602,8166,-1,2010,8166,-1,2010
164111542,8167,43,2012,8167,43,2012
150988193,8168,-1,2011,8168,-1,2011
140510335,8170,-1,2010,8372,-1,2009
143114875,8172,-1,2010,8172,-1,2010
163264964,8174,3,2012,8174,3,2012
163270113,8175,2,2013,8175,2,2013
146222375,8176,-1,2010,8176,-1,2010
163201246,8177,0,2013,8177,0,2013
163120187,8179,31,2013,8179,31,2013
150947744,8180,-1,2011,8180,-1,2011
163012209,8181,-1,2013,8181,-1,2013
162941043,8184,23,2012,8184,23,2012
162738657,8185,70,2012,8185,70,2012
162763636,8186,23,2012,8186,23,2012
162762441,8187,-1,2012,8187,-1,2012
147165487,8189,1,2011,8189,1,2011
140844469,8191,47,2010,8191,47,2010
TH080100447620080829,8192,-1,2008,8192,-1,2008
162434753,8193,25,2012,8193,25,2012
162301227,8195,-1,2012,8195,-1,2012
147101710,8197,4,2011,8197,4,2011
162225981,8199,-1,2013,8199,-1,2013
161584273,8200,-1,2012,8200,-1,2012
161958099,8203,22,2012,8203,22,2012
151990005,8207,16,2011,8207,16,2011
161779667,8210,0,2013,8210,0,2013
157548834,8211,2,2012,8211,2,2012
161306722,8212,59,2013,8212,59,2013
161042098,8214,20,2013,8214,20,2013
121141938,8215,-1,2008,8215,-1,2008
160683488,8216,0,2013,8216,0,2013
139370861,8217,-1,2010,8217,-1,2010
147000302,8218,67,2011,8218,67,2011
151096606,8219,19,2011,8219,19,2011
160274240,8222,67,2011,8222,67,2011
146319805,8223,51,2009,8223,51,2009
160194177,8224,1,2012,8224,1,2012
143742959,8225,-1,2009,8225,-1,2009
131167777,8227,-1,2008,8227,-1,2008
147175349,8228,35,2011,8228,35,2011
159063931,8229,23,2011,8229,23,2011
160013706,8230,16,2012,8230,16,2012
160007104,8231,54,2013,8231,54,2013
158883422,8232,43,2011,8232,43,2011
160276238,8233,-1,2011,8233,-1,2011
158722115,8236,11,2012,8236,11,2012
158700581,8237,-1,2013,8237,-1,2013
158708843,8238,66,2012,8238,66,2012
145497039,8239,60,2011,8388,60,2010
158690613,8240,31,2012,8240,31,2012
237505645,8243,-1,2011,8243,-1,2011
142608062,8245,-1,2010,8301,-1,2009
158763887,8247,-1,2011,8247,-1,2011
158084485,8248,54,2013,8248,54,2013
154029544,8249,-1,2012,8249,-1,2012
156269220,8251,22,2011,8251,22,2011
141305036,8253,-1,2010,8493,-1,2009
143865431,8255,4,2010,8255,4,2010
157839048,8257,23,2013,8257,23,2013
157681867,8260,2,2012,8260,2,2012
203679545,8261,-1,2009,8261,-1,2009
157609277,8263,4,2012,8263,4,2012
240076268,8264,-1,2006,8264,-1,2006
137582618,8266,12,2008,8266,12,2008
154074275,8269,-1,2011,8269,-1,2011
157021482,8271,46,2012,8271,46,2012
157021338,8272,46,2012,8272,46,2012
145425283,8274,53,2008,8274,53,2008
156465726,8275,-1,2012,8275,-1,2012
156465458,8276,0,2012,8276,0,2012
156280218,8278,31,2012,8278,31,2012
156299155,8279,28,2012,8279,28,2012
131180562,8280,-1,2008,8280,-1,2008
142317234,8281,-1,2010,8281,-1,2010
144318681,8282,39,2011,8282,39,2011
121133083,8283,-1,2008,8283,-1,2008
158644394,8284,-1,2012,8284,-1,2012
156158516,8285,11,2012,8285,11,2012
120842614,8286,-1,2008,8286,-1,2008
156179599,8287,23,2011,8287,23,2011
156046334,8288,23,2011,8288,23,2011
155968249,8289,35,2010,8289,35,2010
115770363,8290,-1,2008,8675,-1,2007
121147962,8294,1,2008,8294,1,2008
155730428,8295,-1,2011,8295,-1,2011
155795936,8298,24,2012,8298,24,2012
155775522,8299,2,2012,8299,2,2012
138382481,8300,-1,2009,8300,-1,2009
155667121,8302,1,2012,8302,1,2012
142317236,8304,-1,2009,8304,-1,2009
159491702,8306,31,2010,8306,31,2010
155388921,8307,9,2012,8307,9,2012
155420287,8308,-1,2012,8308,-1,2012
138637138,8310,-1,2009,8310,-1,2009
155084274,8312,-1,2006,8312,-1,2006
154969984,8314,23,2011,8314,23,2011
154546980,8315,26,2011,8315,26,2011
138386218,8318,-1,2009,8318,-1,2009
142317235,8321,-1,2010,8321,-1,2010
154602853,8322,26,2011,8322,26,2011
151257706,8323,-1,2010,8323,-1,2010
154406694,8324,2,2011,8324,2,2011
317818531,8325,-1,2011,8325,-1,2011
125768385,8327,-1,2007,8327,-1,2007
154193849,8328,-1,2011,8328,-1,2011
146618757,8329,0,2011,8329,0,2011
125768717,8331,45,2007,8331,45,2007
153979731,8332,38,2012,8332,38,2012
154010630,8333,2,2011,8333,2,2011
154000394,8334,31,2012,8334,31,2012
142252421,8337,24,2010,8337,24,2010
153933191,8338,-1,2012,8338,-1,2012
153921052,8339,3,2012,8339,3,2012
153827344,8342,26,2011,8342,26,2011
153721691,8345,-1,2011,8345,-1,2011
153783665,8347,1,2012,8347,1,2012
130546618,8348,-1,2008,8348,-1,2008
153628931,8349,4,2012,8349,4,2012
153731356,8354,1,2011,8354,1,2011
145423895,8355,53,2008,8355,53,2008
153452688,8356,-1,2011,8356,-1,2011
153478674,8358,65,2012,8358,65,2012
154722680,8359,11,2011,8359,11,2011
153347566,8361,14,2011,8361,14,2011
153382446,8362,1,2012,8362,1,2012
319028050,8363,-1,2011,8363,-1,2011
141862469,8364,2,2010,8364,2,2010
153184219,8365,8,2011,8365,8,2011
153193443,8366,-1,2012,8366,-1,2012
142906131,8367,-1,2009,8367,-1,2009
153065875,8370,14,2011,8370,14,2011
153062448,8371,0,2011,8371,0,2011
152960524,8373,54,2012,8373,54,2012
152824743,8374,44,2011,8374,44,2011
152569673,8375,-1,2011,8375,-1,2011
152564061,8376,2,2012,8376,2,2012
152558828,8377,46,2012,8377,46,2012
150711156,8378,-1,2011,8378,-1,2011
152371848,8379,20,2012,8379,20,2012
141747758,8380,4,2010,8380,4,2010
122382524,8384,-1,2008,8384,-1,2008
118745635,8385,-1,2008,8385,-1,2008
151798653,8386,44,2011,8386,44,2011
141747764,8387,4,2010,8387,4,2010
151720135,8389,20,2010,8389,20,2010
151622506,8390,-1,2010,8390,-1,2010
151539664,8392,26,2010,8392,26,2010
151539814,8393,26,2010,8393,26,2010
120837640,8394,-1,2008,8587,-1,2007
146210434,8395,2,2010,8395,2,2010
141747762,8396,4,2010,8396,4,2010
143364530,8397,4,2010,8397,4,2010
151462873,8399,-1,2011,8399,-1,2011
151457899,8400,-1,2011,8400,-1,2011
151348055,8401,43,2010,8401,43,2010
151347010,8402,43,2010,8402,43,2010
151283198,8403,26,2010,8403,26,2010
118749339,8404,-1,2008,8404,-1,2008
143613836,8405,14,2008,8405,14,2008
118776850,8406,-1,2008,8406,-1,2008
151345244,8407,-1,2011,8407,-1,2011
151201616,8409,26,2010,8409,26,2010
229127568,8412,11,2011,8412,11,2011
151009735,8413,-1,2010,8413,-1,2010
241908102,8414,68,2006,8414,68,2006
150903197,8416,-1,2010,8416,-1,2010
150898592,8417,-1,2010,8417,-1,2010
150766102,8423,4,2011,8423,4,2011
150688105,8426,4,2011,8426,4,2011
150688832,8427,7,2011,8427,7,2011
150692459,8428,44,2011,8428,44,2011
139035717,8429,4,2010,8429,4,2010
149078294,8431,45,2011,8431,45,2011
147220974,8434,26,2010,8434,26,2010
148051514,8436,-1,2010,8436,-1,2010
148051518,8437,-1,2010,8437,-1,2010
147229834,8439,3,2010,8439,3,2010
147168540,8441,-1,2011,8441,-1,2011
147047529,8444,-1,2010,8444,-1,2010
147047586,8445,-1,2010,8445,-1,2010
152652793,8446,50,2011,8446,50,2011
146978697,8448,-1,2010,8448,-1,2010
139079807,8450,-1,2009,8450,-1,2009
141211009,8451,2,2010,8451,2,2010
147003054,8452,4,2011,8452,4,2011
143597671,8454,4,2009,8454,4,2009
147505165,8456,-1,2010,8456,-1,2010
129620060,8457,7,2007,8457,7,2007
142412736,8458,40,2010,8458,40,2010
146627199,8460,31,2011,8460,31,2011
146437505,8461,-1,2011,8461,-1,2011
114484770,8462,-1,2007,8462,-1,2007
145756933,8465,4,2011,8465,4,2011
153301388,8468,75,2010,8468,75,2010
145314927,8469,24,2011,8469,24,2011
162261564,8470,-1,2008,8470,-1,2008
111917314,8472,-1,2006,8472,-1,2006
162151620,8474,-1,2008,8474,-1,2008
139674191,8475,37,2010,8475,37,2010
145111518,8477,-1,2010,8477,-1,2010
130064240,8479,2,2008,8479,2,2008
145037276,8480,4,2010,8480,4,2010
145020987,8481,3,2011,8481,3,2011
139943668,8482,-1,2009,8482,-1,2009
144625518,8484,20,2011,8484,20,2011
144535182,8485,0,2011,8485,0,2011
144385204,8487,59,2010,8487,59,2010
144257509,8488,1,2010,8488,1,2010
132412440,8489,-1,2007,8489,-1,2007
136351367,8490,1,2009,8490,1,2009
144325980,8492,63,2010,8492,63,2010
144186850,8494,-1,2010,8494,-1,2010
143741217,8497,2,2009,8497,2,2009
144095176,8498,24,2010,8498,24,2010
143935921,8499,64,2008,8499,64,2008
143781911,8501,0,2011,8501,0,2011
143003285,8510,0,2010,8510,0,2010
156368314,8511,-1,2010,8511,-1,2010
142903541,8512,44,2009,8512,44,2009
142579341,8515,18,2010,8515,18,2010
114841594,8516,-1,2006,8516,-1,2006
142964945,8523,-1,2009,8523,-1,2009
120626486,8526,47,2008,8526,47,2008
138879150,8527,-1,2008,8527,-1,2008
138122860,8528,4,2008,8528,4,2008
132406268,8531,44,2009,8531,44,2009
141424994,8539,11,2010,8539,11,2010
130600290,8540,4,2009,8540,4,2009
141223699,8542,37,2010,8542,37,2010
141165959,8544,4,2010,8544,4,2010
161847072,8545,-1,2006,8555,-1,2006
140902371,8548,47,2010,8548,47,2010
109029945,8549,4,2006,8549,4,2006
142317233,8550,-1,2010,8550,-1,2010
159654997,8552,75,2010,8552,75,2010
139400112,8558,4,2010,8558,4,2010
139444430,8559,21,2009,8559,21,2009
129620136,8560,1,2008,8560,1,2008
139391773,8561,49,2010,8561,49,2010
138632621,8562,2,2009,8562,2,2009
114446827,8563,4,2008,8563,4,2008
138635985,8564,-1,2008,8564,-1,2008
138625072,8568,-1,2009,8568,-1,2009
138625071,8569,-1,2009,8569,-1,2009
138513864,8571,1,2008,8571,1,2008
299463161,8575,-1,2009,8575,-1,2009
119455124,8576,0,2008,8576,0,2008
139033712,8578,0,2010,8578,0,2010
139043081,8579,-1,2009,8579,-1,2009
115670993,8582,10,2008,8582,10,2008
115849019,8583,4,2008,8583,4,2008
159673634,8584,31,2009,8584,31,2009
116189716,8586,68,2009,8691,68,2008
138850859,8588,-1,2009,8588,-1,2009
112722658,8589,11,2007,8589,11,2007
137911729,8592,2,2009,8592,2,2009
118752664,8593,-1,2007,8593,-1,2007
137841448,8595,-1,2009,8595,-1,2009
136751314,8597,12,2009,8597,12,2009
135282277,8598,4,2009,8599,19,2008
136361695,8600,59,2009,8600,59,2009
120623685,8601,1,2008,8601,1,2008
129620978,8602,1,2008,8602,1,2008
136206697,8604,4,2009,8604,4,2009
162073776,8607,8,2007,8607,8,2007
116049525,8608,-1,2008,8608,-1,2008
54193889,8609,-1,2006,8609,-1,2006
133026155,8610,11,2009,8610,11,2009
133004363,8611,1,2009,8611,1,2009
136229080,8612,65,2008,8612,65,2008
132515057,8613,41,2008,8613,41,2008
132526352,8614,-1,2008,8614,-1,2008
103792841,8616,47,2006,8616,47,2006
132236819,8620,20,2009,8620,20,2009
114448189,8621,19,2008,8621,19,2008
114448229,8622,19,2008,8622,19,2008
131249700,8623,4,2008,8623,4,2008
131341971,8625,-1,2009,8625,-1,2009
131342981,8626,0,2008,8626,0,2008
130979154,8629,-1,2008,8629,-1,2008
108824286,8631,-1,2007,8631,-1,2007
112532029,8632,-1,2007,8632,-1,2007
131063596,8633,37,2009,8633,37,2009
131016599,8634,-1,2008,8634,-1,2008
130906965,8635,-1,2008,8635,-1,2008
130749164,8636,4,2009,8636,4,2009
130558380,8637,-1,2008,8637,-1,2008
130546612,8638,-1,2008,8638,-1,2008
145794940,8641,-1,2008,8641,-1,2008
129613629,8642,1,2007,8642,1,2007
129499810,8643,11,2008,8643,11,2008
129649082,8644,11,2007,8644,11,2007
130504612,8645,22,2007,8645,22,2007
122827774,8646,-1,2008,8646,-1,2008
4615500,8652,11,2006,8652,11,2006
125758173,8653,-1,2007,8653,-1,2007
125748767,8655,0,2007,8655,0,2007
121457787,8658,4,2008,8658,4,2008
73441068,8659,1,2006,8659,1,2006
121451510,8663,2,2007,8663,2,2007
121435244,8664,63,2008,8664,63,2008
129744903,8667,9,2009,8667,9,2009
120373054,8670,38,2008,8670,38,2008
58360353,8671,-1,2006,8671,-1,2006
119455114,8677,0,2008,8677,0,2008
IDW0020080387020081128,8679,-1,2008,8679,-1,2008
119045704,8681,15,2007,8681,15,2007
119045813,8682,15,2007,8682,15,2007
119454902,8683,10,2008,8683,10,2008
118780757,8684,4,2007,8684,4,2007
108933395,8686,-1,2007,8686,-1,2007
116166205,8687,2,2008,8687,2,2008
113795993,8688,-1,2008,8688,-1,2008
113796010,8689,-1,2008,8689,-1,2008
116170319,8690,-1,2007,8690,-1,2007
59485597,8696,29,2007,8696,29,2007
114047891,8699,14,2008,8699,14,2008
72832200,8700,-1,2006,8700,-1,2006
113795961,8702,-1,2008,8702,-1,2008
114773420,8706,48,2007,8706,48,2007
114759955,8708,-1,2008,8708,-1,2008
114476987,8709,4,2007,8709,4,2007
114453284,8710,11,2008,8710,11,2008
147293508,8711,2,2008,8711,2,2008
114744652,8712,4,2008,8712,4,2008
122487033,8713,2,2007,8713,2,2007
122487041,8714,67,2007,8714,67,2007
112351351,8718,0,2008,8718,0,2008
112220180,8720,-1,2006,8720,-1,2006
111792467,8722,-1,2007,8722,-1,2007
111940947,8723,67,2006,8723,67,2006
112334025,8724,-1,2006,8724,-1,2006
110532083,8725,-1,2006,8725,-1,2006
110859572,8726,-1,2006,8726,-1,2006
157092614,8727,-1,2007,8727,-1,2007
111749782,8728,2,2006,8728,2,2006
110554279,8729,0,2007,8729,0,2007
110536261,8730,-1,2007,8730,-1,2007
109207381,8731,76,2007,8731,76,2007
240240818,8732,25,2007,8758,18,2006
147300288,8734,-1,2006,8734,-1,2006
109169768,8735,-1,2007,8735,-1,2007
240413835,8736,-1,2006,8736,-1,2006
155498275,8737,-1,2006,8737,-1,2006
109370024,8738,8,2006,8738,8,2006
109762060,8739,37,2006,8739,37,2006
109123587,8741,24,2006,8741,24,2006
117849587,8743,0,2007,8743,0,2007
240472491,8744,-1,2006,8744,-1,2006
240375874,8745,64,2006,8745,64,2006
239560050,8746,-1,2006,8746,-1,2006
109067865,8749,8,2006,8749,8,2006
60119698,8750,5,2006,8750,5,2006
125043704,8751,-1,2006,8751,-1,2006
120215775,8752,5,2006,8752,5,2006
HK07103446.720070330,8753,-1,2007,8753,-1,2007
168086510,8755,61,2007,8755,61,2007
76138275,8756,10,2006,8756,10,2006
132821080,8759,29,2006,8759,29,2006
58358148,8760,-1,2006,8760,-1,2006
242940612,8764,68,2006,8765,68,2006
143307840,8766,24,2006,8766,24,2006
242935023,8773,50,2006,8773,50,2006
US6092119220070330,8776,8,2007,8776,8,2007
US6093104820070519,8777,-1,2007,8777,-1,2007
US6097544720070926,8778,-1,2007,8778,-1,2007
US6098230020071024,8779,8,2007,8779,8,2007
US6098463920071101,8780,-1,2007,8780,-1,2007
US6098970620071121,8781,-1,2007,8781,-1,2007
US6108091020080715,8782,17,2008,8782,17,2008
US6111546820081117,8783,25,2008,8783,25,2008
US6113944220081219,8784,-1,2008,8784,-1,2008
US6117431620090430,8785,-1,2009,8785,-1,2009
US6121637720090515,8786,47,2009,8786,47,2009
US6124272620090915,8787,-1,2009,8787,-1,2009
US6130820320100225,8788,-1,2010,8788,-1,2010
US6135139720100604,8789,73,2010,8789,73,2010
US6138334220100916,8790,-1,2010,8790,-1,2010
US6141952920101203,8791,1,2010,8791,1,2010
US6145493320110321,8792,-1,2011,8792,-1,2011
US6145493720110321,8793,-1,2011,8793,-1,2011
US6150079720110624,8794,48,2011,8794,48,2011
US6150492120110706,8795,-1,2011,8795,-1,2011
US6153167320110907,8796,11,2011,8796,11,2011
US6167834020120801,8797,-1,2012,8797,-1,2012
US6178412620130314,8798,-1,2013,8798,-1,2013
US6180353320130320,8799,-1,2013,8799,-1,2013
US6181202820130415,8800,17,2013,8800,17,2013
US6183470120130613,8801,11,2013,8801,11,2013
US6203277620140804,8802,2,2014,8802,2,2014
US6204127520140825,8803,-1,2014,8803,-1,2014
US6204143120140825,8804,75,2014,8804,75,2014
US6204615820140904,8805,-1,2014,8805,-1,2014
US6216793320150529,8806,28,2015,8806,28,2015
US6219679220150724,8807,-1,2015,8807,-1,2015
US6223580620151001,8808,-1,2015,8808,-1,2015
US6225832020151120,8809,-1,2015,8809,-1,2015
US6230690820160311,8810,31,2016,8810,31,2016
US6231254320160324,8811,25,2016,8811,25,2016
US6241281420161025,8812,42,2016,8812,42,2016
US6251449820170602,8813,-1,2017,8813,-1,2017
US6251787020170610,8814,-1,2017,8814,-1,2017
US6256214920170922,8815,-1,2017,8815,-1,2017
US6258579120171114,8816,-1,2017,8816,-1,2017
US6264644620180322,8817,11,2018,8817,11,2018
US6267276720180517,8818,56,2018,8818,56,2018
US6269846120180716,8819,14,2018,8819,14,2018
US6281560520190308,8820,-1,2019,8820,-1,2019
US6285734720190605,8821,-1,2019,8821,-1,2019
US6286949220190701,8822,21,2019,8822,21,2019
US6289089720190823,8823,-1,2019,8823,-1,2019
US6290413920190923,8824,-1,2019,8824,-1,2019
US6295309420191223,8825,0,2019,8825,0,2019
US6296682020200128,8826,28,2020,8826,28,2020
US6296787320200130,8827,11,2020,8827,11,2020
US6296821520200131,8828,8,2020,8828,8,2020
US6298597120200306,8829,-1,2020,8829,-1,2020
US6298597820200306,8830,-1,2020,8830,-1,2020
US6298667520200307,8831,53,2020,8831,53,2020
US6301250020200420,8832,-1,2020,8832,-1,2020
US6302895320200522,8833,-1,2020,8833,-1,2020
US6305156020200714,8834,2,2020,8834,2,2020
US6307412620200903,8835,8,2020,8835,8,2020
US6316930320210401,8836,-1,2021,8836,-1,2021
US6319884520201116,8837,7,2020,8837,7,2020
US6320228320210604,8838,-1,2021,8838,-1,2021
US6326600420211225,8839,22,2021,8839,22,2021
US6326672720220112,8840,22,2022,8840,22,2022
US6329820720220110,8841,24,2022,8841,24,2022
US6331249120220222,8842,-1,2022,8842,-1,2022
US6332175320220320,8843,-1,2022,8843,-1,2022
US6332254820220322,8844,-1,2022,8844,-1,2022
US6333098920220414,8845,16,2022,8845,16,2022
US6333385020220422,8846,-1,2022,8846,-1,2022
US6334343520220518,8847,-1,2022,8847,-1,2022
US6335476320220623,8848,-1,2022,8848,-1,2022
US6339013620220718,8849,21,2022,8849,21,2022
US6339542020220805,8850,-1,2022,8850,-1,2022
US6339631920220809,8851,-1,2022,8851,-1,2022
US6339634320220809,8852,-1,2022,8852,-1,2022
US6340006120220823,8853,8,2022,8853,8,2022
US6341052020220927,8854,-1,2022,8854,-1,2022
US6341149520220929,8855,-1,2022,8855,-1,2022
US6343530220221226,8856,-1,2022,8856,-1,2022
US6345384720230322,8857,70,2023,8857,70,2023
US6346052320230419,8858,69,2023,8858,69,2023
US6348451720230212,8859,62,2023,8859,62,2023
US6349200820230324,8860,-1,2023,8860,-1,2023
US6263857820180305,8861,69,2018,8861,69,2018
US6325712020211019,8862,53,2021,8862,53,2021
US6349466620230406,8863,75,2023,8863,75,2023
US6351477720230720,8864,-1,2023,8864,-1,2023
US6353835320230914,8865,22,2023,8865,22,2023
US6358640220230928,8866,-1,2023,8866,-1,2023
US6359237420231023,8867,22,2023,8867,22,2023
US6361093720231215,8868,38,2023,8868,38,2023
US6361776220240104,8869,-1,2024,8869,-1,2024
US6362063320240112,8870,-1,2024,8870,-1,2024
US6363469720240416,8871,36,2024,8871,36,2024
US6365983220240614,8872,-1,2024,8872,-1,2024
US6370676820241014,8873,-1,2024,8873,-1,2024
US6355610220240221,8874,10,2024,8874,10,2024
US6355837320240227,8875,10,2024,8875,10,2024
US6363311320240412,8876,10,2024,8876,10,2024
US6363340520240412,8877,-1,2024,8877,-1,2024
US6363392020240415,8878,10,2024,8878,10,2024
US6357455120240404,8879,-1,2024,8879,-1,2024
US6357588720240408,8880,-1,2024,8880,-1,2024
US6363263020240411,8881,36,2024,8881,36,2024
US6373900620241226,8882,2,2024,8882,2,2024
US6363839120240424,8883,21,2024,8883,21,2024
US6364693020240513,8884,17,2024,8884,17,2024
US6369033420240904,8885,5,2024,8885,5,2024
US6369274720240910,8886,5,2024,8886,5,2024
US6369779320240923,8887,-1,2024,8887,-1,2024
US6375966520250218,8888,-1,2025,8888,-1,2025
US6376061720250219,8889,-1,2025,8889,-1,2025
US6365356120240530,8890,22,2024,8890,22,2024
US6366391720240625,8891,-1,2024,8891,-1,2024
US6367472320240723,8892,38,2024,8892,38,2024
US6367999820240806,8893,38,2024,8893,38,2024
US6370571520241010,8894,36,2024,8894,36,2024
US6371877120241111,8895,-1,2024,8895,-1,2024
US6377062020250312,8896,-1,2025,8896,-1,2025
US6375744020250212,8897,-1,2025,8897,-1,2025
US6369159920240906,8898,34,2024,8898,34,2024
US6371498920241101,8899,44,2024,8899,44,2024
US6371511720241101,8900,5,2024,8900,5,2024
US6377642920250324,8901,5,2025,8901,5,2025
US6381953320250606,8902,-1,2025,8902,-1,2025
US6383968820250707,8903,44,2025,8903,44,2025
US6384582120250717,8904,-1,2025,8904,-1,2025
US6386058020250808,8905,-1,2025,8905,-1,2025
US6388364720250917,8906,-1,2025,8906,-1,2025
US6369428220240913,8907,70,2024,8907,70,2024
US6369866820240925,8908,2,2024,8908,2,2024
US6371440320241031,8909,-1,2024,8909,-1,2024
US6380487120250513,8910,-1,2025,8910,-1,2025
US6381691020250603,8911,-1,2025,8911,-1,2025
US6381841920250605,8912,-1,2025,8912,-1,2025
US6384149620250710,8913,-1,2025,8913,-1,2025
US6371794520241108,8914,34,2024,8914,34,2024
US6371941820241112,8915,-1,2024,8915,-1,2024
US6379294820250423,8916,-1,2025,8916,-1,2025
US6379807020250501,8917,-1,2025,8917,-1,2025
US6379808820250501,8918,-1,2025,8918,-1,2025
US6379825520250501,8919,-1,2025,8919,-1,2025
US6380490020250513,8920,-1,2025,8920,-1,2025
US6381697520250603,8921,-1,2025,8921,-1,2025
US6382599920250618,8922,-1,2025,8922,-1,2025
US6383651720250701,8923,21,2025,8923,21,2025
US6384091220250709,8924,-1,2025,8924,-1,2025
US6386040320250808,8925,-1,2025,8925,-1,2025
US6390566620251026,8926,-1,2025,8926,-1,2025
US6390571120251026,8927,-1,2025,8927,-1,2025
