scenario_idx,pooled_k25,safety_barrier_k25,safety_barrier_mass_k25,propagation_node_k25,propagation_node_mass_k25,other_k25,other_mass_k25,pooled_k50,safety_barrier_k50,safety_barrier_mass_k50,propagation_node_k50,propagation_node_mass_k50,other_k50,other_mass_k50,pooled_k100,safety_barrier_k100,safety_barrier_mass_k100,propagation_node_k100,propagation_node_mass_k100,other_k100,other_mass_k100
0,0.04309853219901823,0.041550732609060795,0.8452201,0.0015477995899574296,0.15477996,0.0,0.0,0.0813542891149526,0.06692653010288353,0.880808,0.000810839926245938,0.08108399,0.01361691908582313,0.038107935,0.12464308605856526,0.08393466105058804,0.7955219,0.0012764026912605267,0.12764026,0.03943202231671668,0.076837875
1,0.07747865798440318,0.04914091165833795,0.84428066,0.0011690605332510355,0.116906054,0.0271686857928142,0.038813166,0.08525879664136157,0.07060307032446385,0.8043131,0.000604615166854474,0.060461514,0.014051111150043252,0.13522527,0.11711843197575753,0.10250627970729294,0.8220078,0.0006920717151873072,0.06920717,0.013920080553277286,0.10878514
2,0.042648851636327006,0.041483201443900206,0.88343495,0.0011656501924268052,0.11656502,0.0,0.0,0.09282230569790859,0.07854970130354835,0.90121794,0.0007952848588470661,0.07952848,0.013477319535513168,0.01925369,0.12606142291066982,0.0705320602145884,0.8066195,0.000979327431177705,0.09793275,0.05455003526490375,0.09544784
3,0.17874377871563685,0.17793227363432335,0.9188495,0.0008115050813134924,0.08115051,0.0,0.0,0.2342345733475159,0.22010800089033022,0.8995136,0.0006164550435881534,0.061645504,0.013510117413597523,0.038840882,0.17673767832543452,0.15349292031608053,0.8235261,0.0007905173098491748,0.079051726,0.02245424069950481,0.09742229
4,0.025267817631987596,0.02449239865866684,0.9224581,0.0007754189733207601,0.077541895,0.0,0.0,0.03418757730366003,0.020181349271138183,0.863907,0.0007931850753797952,0.07931851,0.013213042957142056,0.056774464,0.053649407491532144,0.04543979025576558,0.82435805,0.0012659080226196287,0.1265908,0.006943709213146946,0.04905105
5,0.11158449175513262,0.0838558154036234,0.806563,0.0011635659054088923,0.1163566,0.02656511044610031,0.07708039,0.17078459971791654,0.15636458160374098,0.87984896,0.0006051006986534397,0.060510073,0.013814917415522135,0.059640937,0.15008273589956775,0.13554456198107273,0.84193236,0.0005070689288935009,0.05070689,0.014031104989601514,0.10736076
6,0.049852102351278654,0.048717493368645004,0.88653904,0.0011346089826336496,0.11346089,0.0,0.0,0.05587022928343525,0.04193444949227234,0.8840883,0.0005927113844267219,0.059271134,0.013343068406736191,0.056640632,0.07956567546007136,0.06507777678078622,0.8731571,0.0006847363408692809,0.06847363,0.013803162338415864,0.058369253
7,0.009999999771917772,0.009216873282403972,0.9216873,0.000783126489513801,0.07831265,0.0,0.0,0.04680577836392173,0.032522165986332736,0.8624137,0.000602754992328787,0.0602755,0.01368085738526021,0.077310756,0.09787965565357819,0.08309095618191231,0.8424844,0.0008835684496129812,0.088356845,0.013905131022052894,0.0691588
8,0.03635723457898261,0.008464671858556806,0.84646726,0.001153331391363641,0.11533313,0.026739231329062165,0.03819965,0.0693595555563272,0.041253448045445756,0.8627765,0.0007938194888045636,0.07938195,0.02731228802207688,0.05784163,0.09484879543185369,0.07116002999072613,0.8424311,0.0008906779499939738,0.089067794,0.022798087491133587,0.06850107
9,0.02421340443241895,0.02382982528398853,0.9220352,0.00038357914843042235,0.038357913,3.540590254140945e-19,0.039606884,0.05927235782255229,0.05868090194811325,0.78842026,0.0005914558744390324,0.059145585,1.3626581423702498e-18,0.15243402,0.1034621209299318,0.0957258501261698,0.7182834,0.0010664360214502038,0.10664361,0.006669834782311802,0.17507301
10,0.09589540174468042,0.06673365619700246,0.8043614,0.001174614867872359,0.11746149,0.027987130679805603,0.07817707,0.09950638175440975,0.07074096681882912,0.80163616,0.0008061541885481562,0.08061542,0.027959260747032488,0.11774832,0.13809060902025666,0.12286787794842449,0.78214985,0.0006115444500128707,0.061154447,0.014611186621819294,0.15669566
11,0.01738293885592765,0.01621116629123674,0.8828228,0.0011717725646909103,0.117177255,0.0,0.0,0.05883260480780328,0.045012851981627584,0.86224824,0.000607675089532277,0.06076751,0.013212077736643417,0.07698425,0.07833067990616088,0.07080154701570764,0.87072307,0.000601485911944941,0.06014859,0.006927646978508307,0.069128335
12,0.010000000092628929,0.009228788336150241,0.9228788,0.0007712117564786897,0.077121176,0.0,0.0,0.042152555644322874,0.0413644274520996,0.9024336,0.0007881281922232724,0.07881282,1.6764426753325038e-19,0.01875356,0.0981128973639203,0.06851643603998936,0.8255411,0.0010768121116605757,0.10768122,0.028519649212270383,0.066777796
13,0.017474354856838337,0.017474354856838337,1.0,0.0,0.0,0.0,0.0,0.043258200523767776,0.029623006062785246,0.9225279,0.0005883338211287703,0.058833383,0.013046860639853766,0.018638736,0.13224594490089248,0.05194735260506973,0.8179202,0.000590169851917895,0.059016984,0.07970842244390483,0.123062804
14,0.06278616384716817,0.03452322847397204,0.84193325,0.0011939593917945608,0.11939594,0.027068975981401573,0.03867072,0.17088060079995138,0.14285844887828988,0.8801083,0.0006175155489972166,0.061751556,0.027404636372664284,0.058140226,0.1506833003586115,0.12892111856107347,0.8704135,0.0008002302655580995,0.08002303,0.020961951531979946,0.04956348
15,0.04278474301493013,0.04158570464333616,0.88009614,0.0011990383715939604,0.11990384,0.0,0.0,0.06874316740157245,0.05401486145936011,0.86145145,0.0010009737464281077,0.10009737,0.013727332195784241,0.03845111,0.09691200207919233,0.08183154044344716,0.8133923,0.0011871578259107615,0.11871579,0.013893303809834416,0.067891955
16,0.03344580446518139,0.03228939878360517,0.73072565,0.001156405681576218,0.11564057,1.3733830669057073e-18,0.15363379,0.07051975583308466,0.056352364982113656,0.70568883,0.0007937573183069479,0.07937574,0.013373633532664042,0.21493547,0.1231272363738615,0.10850150401936556,0.731823,0.0010810521860645944,0.10810521,0.01354468016843136,0.1600718
17,0.05160263530917175,0.023539723626006266,0.8445972,0.0011698330270382442,0.1169833,0.02689307865612724,0.038419433,0.07313322518179614,0.04540700761586309,0.84275454,0.0006093154880322864,0.06093155,0.027116902077900767,0.09631384,0.07491798527553344,0.05978202336815843,0.82275784,0.0008850876130997175,0.08850876,0.014250874294275287,0.08873338
18,0.01741091353081443,0.016250981184925562,0.8840068,0.0011599323458888718,0.11599324,0.0,0.0,0.033179119347291404,0.03257327084585658,0.9015979,0.0006058485014348245,0.06058485,3.380603558352575e-19,0.03781719,0.10161117261948456,0.0943494710248934,0.8727165,0.0006937267914276689,0.06937268,0.006567974803163486,0.057910826
19,0.010000000304169903,0.008811605304512193,0.88116056,0.0011883949996577075,0.1188395,0.0,0.0,0.10553687676040173,0.07810048796781036,0.861889,0.0006223907290633865,0.062239077,0.026813998063527987,0.07587178,0.14503423118663236,0.12150159685357534,0.84241885,0.0008947541720002893,0.08947542,0.022637880161056726,0.06810574
20,0.032292828111429465,0.03115853065198505,0.8865702,0.0011342974594444135,0.113429755,0.0,0.0,0.046608622179014146,0.04582430906252874,0.88433844,0.0007843131164854093,0.07843131,3.328132490175519e-19,0.037230223,0.07991646567759186,0.07212339656622806,0.80852073,0.0011578174882814916,0.115781754,0.006635251623082319,0.075697534
21,0.04245098640201741,0.04169354257688962,0.92425555,0.0007574438251277837,0.07574438,0.0,0.0,0.14948835662759066,0.10480386559829388,0.8456851,0.0005875684552061793,0.058756847,0.04409692257409058,0.095557965,0.17887806632243983,0.10304326554673898,0.81461954,0.0004967430365922258,0.049674306,0.07533805773910868,0.13570608
22,0.01731431437494749,0.016550875002422687,0.92365605,0.0007634393725248027,0.07634394,0.0,0.0,0.05572561848260765,0.04190260851310385,0.92177695,0.0005932292915782677,0.05932293,0.013229780677925525,0.018900055,0.11230338574829707,0.08269328477612493,0.85566443,0.0008721670082410569,0.087216705,0.028737933963931084,0.057118855
23,0.47031967862422475,0.413591757194306,0.8029333,0.0011770677815769307,0.117706776,0.055550853648341725,0.07935991,0.38877567695645093,0.31412114199204805,0.7815465,0.000995176296944486,0.09951762,0.07365935866745832,0.11893578,0.3299772801176899,0.255714859903608,0.76126933,0.0010966099834608233,0.109661,0.07316581023062102,0.12906961
24,0.06848379940497107,0.040798019032466395,0.84626603,0.0011583694031373124,0.11583694,0.026527410969367372,0.03789704,0.059703227287529956,0.045221201432420255,0.8629363,0.0006059260537464452,0.060592607,0.013876099801363255,0.07647102,0.09924864596578291,0.08467834340714735,0.85201055,0.0006018389684284793,0.060183898,0.013968463590207062,0.08780553
25,0.06201591706936835,0.03414901173928151,0.8470789,0.0011474974655239915,0.114749745,0.026719407864562846,0.03817133,0.11861083787893316,0.10401545796118959,0.91990703,0.0006010054315535403,0.06010054,0.013994374486190016,0.019992353,0.14078702376808164,0.1088790852528005,0.8356532,0.0008820004629261437,0.08820005,0.031025938052354974,0.076146774
26,0.04268189235068126,0.014551837373175102,0.7257585,0.0011891822265883434,0.118918225,0.02694087275091782,0.15532328,0.07371631593121433,0.059164081222842814,0.7807907,0.0006151875240263604,0.061518755,0.013937047184345156,0.15769061,0.06833865869969631,0.05378902429927807,0.81876236,0.00041563508007392305,0.04156351,0.014133999320344324,0.13967422
27,0.024370103796955176,0.02398992174852279,0.9237436,0.0003801820484323862,0.038018204,3.4182325968032175e-19,0.038238127,0.07285490798024373,0.058322667361538225,0.7715806,0.0015123259028706486,0.1512326,0.013019914715834826,0.07718674,0.07580246784291728,0.06771871258670248,0.74686605,0.0011798567307957407,0.11798567,0.00690389852541906,0.13514823
28,0.03505970443677478,0.03387999257511569,0.88202876,0.0011797118616590878,0.11797118,0.0,0.0,0.14311632274314975,0.1290451370006509,0.9190769,0.0006170245823582949,0.061702456,0.013454161160140535,0.019220605,0.13217588585306841,0.1174588090495791,0.83472306,0.0010745162721468432,0.107451625,0.01364256053134249,0.057825234
29,0.024775599198420595,0.023607922202448454,0.88323224,0.0011676769959721358,0.1167677,0.0,0.0,0.09559407187174059,0.08140095306749186,0.9007495,0.0006059356802628556,0.060593568,0.013587183123985868,0.038656965,0.11074520726211241,0.09659855304450383,0.8715423,0.0005060439606787664,0.0506044,0.013640610256929843,0.07785325
30,0.017411238963329047,0.016262696656038366,0.8851458,0.0011485423072906823,0.11485423,0.0,0.0,0.08065685839853824,0.05353858942033913,0.86486447,0.0006019240632837339,0.060192406,0.026516344914915366,0.07494313,0.11660560776692959,0.07009748819092763,0.82577693,0.0007860579650895107,0.07860579,0.0457220616109124,0.0956172
31,0.017427357286243374,0.016270592120236523,0.88432354,0.00115676516600685,0.11567652,0.0,0.0,0.05584562242177816,0.041902801467151425,0.9019709,0.0006012510586364885,0.06012511,0.013341569895990233,0.03790394,0.09732062380888996,0.07618491072511693,0.8539028,0.0006901660248625984,0.069016606,0.020445547058910454,0.07708068
32,0.25906212512394544,0.2582759926090262,0.88187283,0.000786132514919294,0.078613244,3.5322808208724294e-19,0.03951393,0.28231506490808955,0.23716012169739079,0.8619193,0.0004053282711340953,0.040532824,0.04474961493956471,0.09754792,0.23328910800105432,0.17395778422841537,0.8032307,0.0005934483841389452,0.05934484,0.058737875388500005,0.13742448
33,0.44103041427474654,0.3842219078234307,0.8014428,0.0007953199801671328,0.079532,0.05601318647114873,0.119025216,0.42918195080149646,0.3996173969863031,0.878223,0.0006023372222843638,0.060233723,0.028962216592908943,0.06154326,0.36072266870937847,0.3365891278492411,0.91779584,0.00040780110975866603,0.040780112,0.023725739750378616,0.041424025
34,0.30480703869252573,0.24084690739215603,0.8433561,0.0007802969567826015,0.07802969,0.06317983434358714,0.07861414,0.25771746386851524,0.14057754775207662,0.7837796,0.00040234195448463875,0.040234197,0.11673757416195397,0.17598619,0.31200248623944665,0.13376664750761835,0.73489183,0.0003072248204338343,0.030722482,0.1779286139113945,0.2343857
35,0.03225808975444498,0.03110756044816852,0.84583414,0.0011505293062764699,0.11505293,3.4964418109744904e-19,0.03911302,0.03383181671082856,0.03304415579345795,0.8434981,0.0007876609173706114,0.07876609,6.949068508395594e-19,0.07773589,0.06664771251185417,0.0588232278329767,0.8039846,0.0009741746150255751,0.09741746,0.0068503100638519,0.098597996
36,0.03500273752135257,0.034221030463122616,0.92182934,0.0007817070582299487,0.07817071,0.0,0.0,0.07985800382487696,0.06601937209043973,0.92047733,0.0006061879936902583,0.0606188,0.01323244374074697,0.018903859,0.10830971171819803,0.09394819236999559,0.8725015,0.0007963151011988853,0.07963151,0.013565204247003528,0.047867067
37,0.1674313082497976,0.1370028787027043,0.8778565,0.0007981369919383144,0.079813704,0.02963029255515497,0.042329814,0.2273582965216368,0.19773307837109644,0.85895044,0.0008018688870021155,0.08018689,0.028823349263538224,0.06086268,0.18673572295582955,0.16379988575971352,0.8219145,0.00098280001279131,0.098280005,0.02195303718332477,0.079805456
38,0.2567036803972209,0.22849236831555367,0.8424285,0.0008002850842172894,0.08002851,0.02741102699744993,0.077542916,0.26646939716757284,0.25187034856795776,0.8227093,0.00041413886756538334,0.04141389,0.014184909732049727,0.13587691,0.23781945482668643,0.2147636754830483,0.8405754,0.0004091647926534165,0.04091648,0.02264661455098471,0.118508115
39,0.017335663312970484,0.01695565094982251,0.9619988,0.0003800123631479708,0.038001236,0.0,0.0,0.02973540741262468,0.029143978048035795,0.9032419,0.0005914293645888823,0.05914294,3.3625452727283535e-19,0.03761518,0.08401441322220246,0.06324413928560228,0.8545533,0.0007808073411616828,0.07808073,0.019989466595438488,0.06736598
40,0.025108025754683284,0.02394610276445667,0.88380766,0.0011619229902266161,0.1161923,0.0,0.0,0.03388854695383564,0.03290626326453367,0.9017716,0.0009822836893019725,0.098228365,0.0,0.0,0.04879196423887464,0.041312549571705624,0.8813015,0.0008047146459025649,0.08047146,0.006674700021266457,0.038226932
41,0.010000000184680174,0.008837518226086355,0.88375175,0.0011624819585938184,0.11624819,0.0,0.0,0.06831106605753696,0.041645793471507306,0.88332886,0.0006057753696301235,0.060577534,0.026059497216399535,0.05609364,0.09013833983977057,0.07545232646998382,0.8440546,0.0009796625743795134,0.09796626,0.013706350795407258,0.057979263
42,0.36192396512428066,0.3611353353002454,0.921137,0.0007886298240352737,0.07886298,0.0,0.0,0.3324754739079146,0.2521246495180426,0.84258103,0.00040796298406285073,0.0407963,0.07994286140580918,0.1166227,0.3638563598277584,0.2437060260835781,0.7937314,0.0005986092154727131,0.059860922,0.11955172452870755,0.14640777
43,0.03202441233150179,0.030488865833168007,0.7290409,0.0015355464983337844,0.15355465,1.0495174746438329e-18,0.11740448,0.0333082707818992,0.03251475304285962,0.8027173,0.0007935177390395815,0.07935177,1.0542231623156315e-18,0.11793088,0.055278789725328153,0.04078220635987621,0.7442272,0.0010808509174066246,0.108085096,0.013415732448045316,0.14768772
44,0.09216649495277295,0.061348554111220796,0.8385062,0.001191697766543831,0.11916977,0.029626243075008316,0.04232403,0.1929026809745848,0.1497137395238144,0.83943796,0.0008084044242137964,0.080840446,0.04238053702655661,0.07972163,0.20256589627531277,0.14427998065797581,0.7822174,0.0012837207311734789,0.12837206,0.05700219488616349,0.08941047
45,0.061297286089152914,0.06012422507413025,0.88269395,0.0011730610150226678,0.1173061,0.0,0.0,0.1240705669798178,0.07894629325790259,0.80601233,0.0013700693772124323,0.13700694,0.04375420434470276,0.056980707,0.18946402611852872,0.10731827739824516,0.728475,0.0015723732106350788,0.15723732,0.08057337550964845,0.114287674
46,0.035404339592469344,0.03420579154915821,0.88014525,0.0011985480433111223,0.1198548,0.0,0.0,0.1592571417214862,0.14547635176884818,0.8998111,0.0006274160425696646,0.0627416,0.013153373910068338,0.037447263,0.148715101424431,0.13202506308258397,0.7881213,0.0013635417705136225,0.13635418,0.015326496571333451,0.07552449
47,0.03493630629289167,0.03377920541001845,0.88428986,0.0011571008828732208,0.11571009,0.0,0.0,0.05454357514507466,0.05374895717024075,0.88354594,0.0007946179748339032,0.0794618,3.306858859748706e-19,0.036992244,0.09717443811198181,0.08252979026246315,0.84344125,0.00117850106045695,0.117850095,0.013466146789061708,0.038708586
48,0.02531823572076334,0.024156092601361073,0.8837857,0.0011621431194022663,0.116214305,0.0,0.0,0.03344089450484878,0.03264393545189349,0.88122416,0.0007969590529552993,0.0796959,3.4934838352257494e-19,0.039079927,0.05435831997178952,0.05318399502600584,0.8144924,0.001174324945783676,0.1174325,6.085456609052409e-19,0.06807508
49,0.0695636648969141,0.04063032455983737,0.8055819,0.0011617584206694367,0.11617584,0.027771581916407273,0.078242265,0.06019497858741442,0.045219713294840744,0.80352986,0.0006013007953012589,0.06013008,0.014373964497272415,0.13634017,0.11867973493864341,0.09723814724426764,0.81102914,0.0006031364938739314,0.06031365,0.020838451200501814,0.12865718
50,0.017406313728385345,0.017406313728385345,1.0,0.0,0.0,0.0,0.0,0.04644593651067045,0.032787794810795745,0.8851378,0.0005780548410419639,0.057805482,0.013080086858832739,0.057056643,0.09129468818841256,0.07759560210928258,0.8919299,0.00030408485714557504,0.030408485,0.013395001221984375,0.07766156
51,0.017282193531091793,0.01690705686999155,0.9624863,0.0003751366611002406,0.037513666,0.0,0.0,0.05462185413936161,0.04103110416391797,0.8858527,0.0005868108346086878,0.058681082,0.01300393914083495,0.055466145,0.10027961948361425,0.05189788314949214,0.8089409,0.0008694692977513902,0.08694693,0.0475122670363707,0.104112156
52,0.009999999806689832,0.00884441123676444,0.88444114,0.0011555885699253915,0.115558855,0.0,0.0,0.08047259450510426,0.053525739059188567,0.883115,0.0007952482799903482,0.07952483,0.02615160716592536,0.03736017,0.09313715435746438,0.06929698528233567,0.7869971,0.0015541076498906217,0.15541077,0.02228606142523809,0.057592224
53,0.04243192607198859,0.04126433471952701,0.8832409,0.0011675913524615846,0.116759144,0.0,0.0,0.08097672727430859,0.05350214636329031,0.84576887,0.000978678061288717,0.0978678,0.02649590284972956,0.056363218,0.11863840333106301,0.08802007732756327,0.7958445,0.0013629740972696557,0.1362974,0.029255351906230097,0.06785814
54,0.11092475993120426,0.11011567665722177,0.9190917,0.0008090832739824813,0.08090833,0.0,0.0,0.20850802149435851,0.19408192123459939,0.9187654,0.0006150407050889563,0.061504073,0.013811059554670178,0.01973047,0.1719312405312622,0.16391618463138474,0.88119406,0.0007971848412682472,0.079718485,0.007217871058609244,0.03908744
55,0.049715462966205555,0.049715462966205555,1.0,0.0,0.0,0.0,0.0,0.056239371625963465,0.0422267168067774,0.92180103,0.0005902373988490374,0.059023738,0.013422417420337023,0.019175256,0.10272798049276553,0.06469448093348712,0.84542495,0.0006872499140591881,0.06872499,0.03734624964521924,0.08585007
56,0.017505462713357036,0.01631589201362126,0.8810429,0.0011895706997357776,0.11895707,0.0,0.0,0.06767917096074928,0.053448211965842186,0.82595193,0.0013709503434270927,0.13709503,0.012860008651480006,0.03695287,0.09831882715038973,0.0746831923417732,0.78546315,0.0015693099594339878,0.156931,0.022066324849182525,0.05760582
57,0.06317429794529433,0.035219915804334666,0.84319156,0.001185666212807336,0.118566625,0.02676871592815232,0.03824177,0.14730488422183274,0.11896934608673525,0.8803273,0.0008034026744226302,0.080340266,0.027532135460674848,0.03933239,0.18782576318643834,0.12245977663541284,0.7949253,0.001078682193873582,0.10786822,0.06428730435715196,0.09720651
58,0.03618412336382164,0.03500740482837597,0.88232815,0.00117671853544567,0.117671855,0.0,0.0,0.09377825578295484,0.07926272229467037,0.862957,0.0011799176217526363,0.11799176,0.013335615866531864,0.019051252,0.13224514173661941,0.09313330949926422,0.80422854,0.0013824915728022117,0.13824916,0.03772934066455298,0.057522334
59,0.017137559593047996,0.015977982680661407,0.8840423,0.00115957691238659,0.11595769,0.0,0.0,0.12145833315197484,0.10763570426996516,0.8628649,0.0006053807041299414,0.06053807,0.013217248177879715,0.076597095,0.13057891824952325,0.1166970301477349,0.8906411,0.00041177829597901534,0.04117783,0.013470109805809321,0.06818099
60,0.06898340655997802,0.0677813323911386,0.8797926,0.0012020741688394275,0.120207414,0.0,0.0,0.10848291446801518,0.09401636279827687,0.8417987,0.000815398704135028,0.08153987,0.013651152965603285,0.076661296,0.14249567365206303,0.12150276130357482,0.82232237,0.0008060574025657354,0.08060574,0.020186854945922466,0.09707187
61,0.09697115986524972,0.06775053607556242,0.8409807,0.001189744517120376,0.11897445,0.028030879272566905,0.040044893,0.1126274936963573,0.08419099689653757,0.86027795,0.0006186120177142751,0.0618612,0.027817884782105454,0.077861,0.1381781980674629,0.11585845700697178,0.8222781,0.0010869094412172173,0.10869096,0.02123283161927391,0.06903091
62,0.024800034911442302,0.023663601687942893,0.8863567,0.0011364332234994124,0.11364332,0.0,0.0,0.04291308648000377,0.029189384071988914,0.8845791,0.0005917914316637108,0.059179142,0.013131910976351142,0.056241825,0.06677815158297684,0.052587945175119485,0.8828226,0.0005911968062946889,0.05911968,0.013599009601562675,0.0580578
63,0.017342617951615697,0.016573162596359672,0.92305446,0.0007694553552560251,0.076945536,0.0,0.0,0.054992989362543473,0.04138931290759196,0.90323424,0.0005942318845916169,0.059423186,0.013009444570359897,0.03734264,0.09402253841549368,0.07118677422687876,0.86407834,0.0006882797721436964,0.06882797,0.022147484416471245,0.067093596
64,0.0316426478709845,0.030473099472428104,0.8436996,0.0011695483985563991,0.11695485,3.517224639051327e-19,0.039345507,0.08629455870773589,0.07225926604963864,0.8040618,0.0006077312786823198,0.06077313,0.013427561379414919,0.13516513,0.08609262483381049,0.07183838416673545,0.820872,0.0007007403136457945,0.07007404,0.013553500353429226,0.10905409
65,0.04209486366098779,0.04094509383101195,0.885023,0.001149769829975835,0.11497698,0.0,0.0,0.07147107811205637,0.05753131335050134,0.8834755,0.0007900922162914078,0.07900922,0.01314967254526362,0.037515312,0.11668715644475092,0.1019562115418858,0.81624997,0.0011647742150640644,0.116477415,0.013566170687801025,0.0672725
66,0.08334430690771245,0.054855816408234066,0.7230009,0.0012019143544124303,0.12019144,0.027286576145065956,0.15680775,0.10431232992385782,0.08925966865674893,0.7603954,0.001006691259581441,0.10066912,0.014045970007527425,0.13893528,0.13357636761261002,0.09617393116547922,0.6927263,0.0011973317806801146,0.11973318,0.03620510466645069,0.18754037
67,0.031620634560805314,0.030835256621692612,0.8434553,0.0007853779391127001,0.07853779,6.973295836351306e-19,0.078006916,0.04699083031463498,0.03255937088344486,0.8220771,0.0006009301263768442,0.06009301,0.013830529304813263,0.11782992,0.0680442325441475,0.05324414670194706,0.80218273,0.0008842756787788922,0.08842756,0.013915810163421567,0.109389685
68,0.06299374443792002,0.034712337083519264,0.88380337,0.000768922957232134,0.076892294,0.027512484397168625,0.039304316,0.14032595219108446,0.09891136411282161,0.88181466,0.0005987578119686491,0.059875783,0.040815830266294185,0.05830947,0.16901593929553924,0.12116808344725727,0.83428997,0.0007837758407112181,0.07837758,0.04706408000757076,0.08733256
69,0.024748309582572438,0.02359917714725434,0.8850868,0.001149132435318102,0.11491324,0.0,0.0,0.04588437875424585,0.032157516628522266,0.84353215,0.000599568970372249,0.059956897,0.013127293155351338,0.09651096,0.054914996240656114,0.04728845612103748,0.841892,0.0006966113075172724,0.069661126,0.006929928812101361,0.08844678
70,0.017364909975963,0.01620329850450221,0.8838388,0.0011616114714607902,0.11616115,0.0,0.0,0.08089391646334292,0.05386739136707029,0.86377,0.0006039612109380331,0.060396124,0.026422563885334597,0.075833835,0.0950233041589105,0.07195420267976768,0.8529253,0.0006923897452538093,0.069238976,0.022376711733888995,0.07783571
71,0.01728731248475064,0.016541767044641713,0.92544544,0.000745545440108927,0.07455455,0.0,0.0,0.04281390585145675,0.029126306745619945,0.90394175,0.0005852890963072006,0.058528908,0.013102310009529605,0.037529286,0.08724826538099291,0.06473795751988204,0.86515146,0.0006850791458754757,0.06850792,0.02182522871523541,0.06634055
72,0.04266811616339602,0.041465933578915766,0.84085214,0.0012021825844802563,0.120218255,3.480044558018092e-19,0.03892959,0.08722161031384278,0.07273012415049163,0.764466,0.0011936404921869819,0.11936405,0.013297845671164167,0.11616994,0.07447900561717702,0.059585679324557425,0.77194136,0.001288484910855197,0.1288485,0.013604841381764403,0.09921014
73,0.05025822786940214,0.0498629419711839,0.9604714,0.00039528589821824316,0.03952859,0.0,0.0,0.08470001966255125,0.07046827060316695,0.86292046,0.0006010363672760056,0.060103633,0.013630712692108308,0.076976,0.10404594573039952,0.08976664756551757,0.83323234,0.0005969273091930631,0.05969273,0.013682370855688904,0.1070749
74,0.12427385995523885,0.04189818415824774,0.76803225,0.0011594222668719067,0.115942225,0.0812162535301192,0.116025485,0.1084455993944192,0.06521131295366273,0.84184676,0.0009778565894322019,0.09778566,0.042256429851324266,0.060367506,0.1793340226518073,0.08901947741697268,0.7370183,0.0011774195569478185,0.11774195,0.08913712567788683,0.14523984
75,0.04373483096250365,0.01537430693425439,0.8032593,0.0011900110870512062,0.119001105,0.027170512941198047,0.07773957,0.1092475875834457,0.0946012862808244,0.8403168,0.0006145606095659948,0.06145606,0.014031740693055331,0.098227195,0.1054417809677826,0.09038110821223296,0.783074,0.0008859656289280876,0.08859656,0.014174707126621569,0.12832946
76,0.03646890987705053,0.035285048497773176,0.88161385,0.0011838613792773504,0.11838614,0.0,0.0,0.13181909289434354,0.11711988642288504,0.86231965,0.0011837215933532582,0.118372165,0.013515484878105253,0.019308211,0.17518504001206206,0.11893748080308068,0.78459775,0.0014841289590563152,0.1484129,0.054763430249925034,0.066989295
77,0.0960838351272801,0.06684911949017104,0.8034714,0.0011715931318908596,0.11715931,0.028063122505218183,0.07936934,0.09894005968619447,0.07057251952625165,0.8014205,0.0006078407337231142,0.06078407,0.027759699426219715,0.13779546,0.12472053259422645,0.10942139945725182,0.79028755,0.0007954763986367741,0.07954763,0.014503656738337851,0.13016483
78,0.017255156814636984,0.016085334096901875,0.8830177,0.0011698227177351077,0.116982274,0.0,0.0,0.06755938362851571,0.053708097431550354,0.90158165,0.0007977003141301553,0.07977003,0.013053585882835193,0.018648343,0.09612169104233098,0.08158036117191753,0.85357714,0.0009877161211000224,0.09877162,0.013553613749313428,0.047651302
79,0.06162508088223555,0.03378573863029793,0.8441026,0.0011780912652836148,0.117809124,0.026661250986654013,0.038088243,0.08978077984500557,0.07498315339021029,0.8422982,0.0008070829693372388,0.080708295,0.013990543485458052,0.0769935,0.15064619886218636,0.1269372252576637,0.8040897,0.0011773069284235253,0.1177307,0.0225316666760991,0.07817959
80,0.11260650085591571,0.08488970130302392,0.8446737,0.0007755862910326818,0.07755863,0.026941213261859102,0.07776762,0.15962344098574693,0.13145905734516855,0.8615118,0.0005956905188893699,0.059569053,0.02756869312168905,0.078919135,0.15399623131637757,0.12186198030455005,0.83337426,0.0005000101840806186,0.050001018,0.03163424082774691,0.11662478
81,0.024878640998163126,0.024878640998163126,1.0,0.0,0.0,0.0,0.0,0.03327616754488679,0.03269397823180094,0.8843035,0.0005821893130858548,0.05821893,5.138108437410457e-19,0.05747756,0.0783642526131997,0.06451738180574725,0.8726958,0.0004928154512279201,0.04928154,0.013354055356224512,0.07802273
82,0.034996438145778984,0.03382882233380675,0.88323843,0.0011676158119722424,0.11676158,0.0,0.0,0.10079010970250024,0.08694012785711087,0.901457,0.0007989832113753652,0.07989832,0.013050998634014016,0.018644648,0.13270236340646102,0.09261427314881737,0.815398,0.0010867047633609822,0.108670466,0.03900138549428268,0.07593156
83,0.27955742858486243,0.24390507245947632,0.8846345,0.0007699480933338093,0.07699481,0.03488240803205227,0.038370658,0.30033516303546925,0.18052111387514197,0.80507714,0.00039849333905807305,0.03984933,0.11941555582126924,0.15507355,0.3467398786578949,0.1817457702492495,0.7453786,0.0004938573408772189,0.04938573,0.16450025106776825,0.2052357
84,0.2692358763204052,0.21494242025948998,0.9224364,0.0,0.0,0.05429345606091519,0.07756359,0.2944222896409598,0.17778315855865662,0.8232707,0.0003964455092757925,0.039644554,0.1162426855730274,0.1370847,0.32045547407717584,0.12407961770289576,0.6881535,0.0006819805250557497,0.068198055,0.19569387584922432,0.24364851
85,0.010000000431198253,0.008839776972292683,0.88397765,0.001160223458905569,0.11602234,0.0,0.0,0.05910038776987596,0.04475859701896037,0.8815067,0.0006093962187678708,0.060939617,0.013732394532147705,0.057553563,0.09079829012852966,0.07593979098992103,0.84308827,0.0008846798978282701,0.08846799,0.013973819240780356,0.06844371
86,0.017480105702407014,0.01632013811285232,0.8840032,0.0011599675895546922,0.115996756,0.0,0.0,0.08423046401028035,0.07046579617467937,0.8629559,0.0006035493604015007,0.060354933,0.013161118475199476,0.07668905,0.10267018917099308,0.09487685893105434,0.8139037,0.0008793071402360934,0.08793072,0.006914023099702639,0.09816555
87,0.03131898723308905,0.030167156319355563,0.80736613,0.0011518309137334831,0.11518309,6.923574452351319e-19,0.07745071,0.07061865381689983,0.05645192153408201,0.78483254,0.0007933734148665375,0.07933734,0.013373358867951277,0.13583012,0.0670679146740452,0.05260047915240559,0.79315513,0.0007919205432731576,0.07919206,0.013675514978366455,0.127653
88,0.02459902551314245,0.02459902551314245,1.0,0.0,0.0,0.0,0.0,0.020600559558409788,0.01982733917917651,0.8466378,0.0007732203792332776,0.077322036,6.797484485495819e-19,0.07604019,0.05417190255332649,0.04640382784461708,0.80527544,0.0010660759940840986,0.1066076,0.006701998714625308,0.088116996
89,0.009999999880543545,0.009226032328357319,0.92260325,0.0007739675521862252,0.07739676,0.0,0.0,0.05570096738957786,0.04154543046329609,0.9023582,0.0007854128120679529,0.07854128,0.01337012411421381,0.01910055,0.10277540208911017,0.08153134843494153,0.8448596,0.0009764463946530064,0.097644635,0.02026760725951561,0.05749572
90,0.06349417646807684,0.03508742988004659,0.8428661,0.0011824113110186455,0.11824113,0.027224335277011603,0.038892668,0.11731211014390806,0.08893105436568617,0.8801211,0.0008048354404714224,0.08048354,0.02757622033775046,0.039395366,0.1481673771334855,0.10834384481347732,0.8130074,0.0009881094189436476,0.09881094,0.0388354229010645,0.088181645
91,0.0694386911418952,0.04140269473860446,0.84285396,0.0011879081255711165,0.11879081,0.02684808827771963,0.03835516,0.08555072134191974,0.07095070967478134,0.8606538,0.0006186144499145067,0.061861444,0.013981397217223879,0.07748472,0.100309685946433,0.0852840347140854,0.8031223,0.0009905028306524113,0.09905028,0.014035148401695192,0.097827524
92,0.042873083072516666,0.04248543097402001,0.9612348,0.00038765209849665874,0.03876521,0.0,0.0,0.08129358047491932,0.05446209108779954,0.9028057,0.0005971607565464173,0.059716076,0.02623432863057335,0.037478346,0.13196594315364757,0.07595866233359515,0.8063696,0.001072466944938506,0.1072467,0.05493481387511392,0.08638357
93,0.03635187387321009,0.035162894253336366,0.881102,0.0011889796198737233,0.11889797,0.0,0.0,0.0828218675275222,0.05516573773952053,0.8812214,0.0008041790410384748,0.08041791,0.02685195074696319,0.038360678,0.11703545375722595,0.09523585367773356,0.84249216,0.0009923887861416824,0.09923888,0.02080721129335069,0.058269013
94,0.24089681847469752,0.24010931827502582,0.8822201,0.0007875001996717017,0.07875002,3.4890081677688785e-19,0.03902986,0.21565220530859144,0.1875435939495466,0.8422539,0.0007905118503245286,0.07905119,0.02731809950872035,0.078694895,0.2474819938918876,0.19772632115770636,0.8320455,0.0006009974157815376,0.06009974,0.04915467531839969,0.10785469
95,0.03518279198405101,0.03441158145958963,0.922879,0.0007712105244613867,0.07712105,0.0,0.0,0.09295827819901856,0.07844191707491395,0.8644609,0.0011646494761644091,0.11646495,0.013351711647940199,0.019074246,0.10929542461557055,0.07016623348938293,0.7672429,0.0015623098565505321,0.15623099,0.03756688126963708,0.076526135
96,0.1409963291966716,0.1116908260408826,0.84093845,0.0011889428755134848,0.11889429,0.02811656028027551,0.0401673,0.12051467894218083,0.09162269816043872,0.78290355,0.0010012466372193798,0.10012466,0.027890734144522734,0.116971694,0.1327130510478962,0.11037754183001419,0.7908727,0.0009997269920703788,0.099972695,0.02133578222581168,0.10915459
97,0.05028205153663441,0.022359431208369095,0.7658862,0.0011604032155629665,0.11604032,0.026762217112702342,0.11807353,0.07164659073468296,0.05696715440837306,0.7626991,0.0007965258785553248,0.079652585,0.013882910447754575,0.15764824,0.09853358074952978,0.08374098453085432,0.7719144,0.0007010888091394159,0.07010888,0.01409150740953603,0.15797658
98,0.04295637374013416,0.04219180633599622,0.9235433,0.0007645674041379408,0.07645674,0.0,0.0,0.10810880839118128,0.08034863097951528,0.88348186,0.0005868612207274307,0.058686122,0.027173316190938598,0.057832073,0.1702390641733955,0.11460892781640716,0.83508354,0.000588209098514052,0.058820907,0.055041927258474274,0.106095605
99,0.017271469240193075,0.016520763635119434,0.92492944,0.0007507056050736426,0.07507056,0.0,0.0,0.042587130466030396,0.028859340026679357,0.9042174,0.0005849564965372407,0.058495644,0.013142833942813788,0.037286982,0.06634706903835345,0.05208372680855386,0.865502,0.0007738474326963196,0.07738474,0.013489494797103289,0.057113264
100,0.189590001450923,0.18881888588555784,0.92288846,0.0007711155653651354,0.07711156,0.0,0.0,0.21428609499746715,0.15249141868034857,0.84517807,0.0003991298413735498,0.039912984,0.06139554647574499,0.114908956,0.22872275120036342,0.16115895479724157,0.8330475,0.00040138053124100074,0.040138055,0.0671624158718808,0.12681438
101,0.035929081836676806,0.008067379308600969,0.80673796,0.0007791422446613851,0.07791422,0.02708256028341445,0.11534782,0.09736029839385613,0.08239145986820016,0.82336354,0.0007900424780198027,0.07900424,0.01417879604763614,0.09763217,0.1216708361021595,0.0982028498353753,0.8125991,0.0007918699016806059,0.07918699,0.022676116365103586,0.10821383
102,0.06254174022727313,0.034915977353770916,0.84515476,0.0007778855403186071,0.07778855,0.026847877333183605,0.07705674,0.14661940598545078,0.11847884177767848,0.86156297,0.0005968709695700755,0.059687093,0.02754369323820222,0.07874992,0.15553609096746035,0.11506156806874694,0.8614496,0.0004057716293203557,0.040577162,0.04006875126939304,0.097973205
103,0.02477199513973997,0.024382970677754804,0.92309093,0.00038902446198516293,0.038902447,3.3975336596638867e-19,0.038006578,0.03374109134847697,0.019845366928771115,0.82665575,0.0005930002829463332,0.059300024,0.013302724136759515,0.114044145,0.07139413235777599,0.06381431412167583,0.8616606,0.0005928502103797001,0.059285022,0.006986968025720447,0.079054326
104,0.05738574083711107,0.0565944084474516,0.9208668,0.0007913323896594707,0.079133235,0.0,0.0,0.16179753019300136,0.1339810058663199,0.8622553,0.0006041215183227961,0.060412154,0.027212402808358644,0.0773326,0.182828906260975,0.16120094636670299,0.8524999,0.0007869165545427882,0.078691654,0.020841043339729196,0.06880851
105,0.16351484229559599,0.16275482797367027,0.84544843,0.0007600143219257029,0.076001436,7.021857718430396e-19,0.07855015,0.2129222702519828,0.18535688003755957,0.8427594,0.00039351427530152954,0.039351426,0.027171875939121685,0.11788918,0.21281170958684276,0.17248222558940612,0.8222711,0.00030083711107062257,0.030083712,0.040028646886366,0.14764522
106,0.060834169628660895,0.032790441592080256,0.7279625,0.0011899346040243797,0.11899345,0.026853793432556256,0.15304396,0.09759320898404027,0.08300554577771435,0.83947474,0.0006189749529170276,0.06189749,0.013968688253408877,0.098627746,0.09159071443172341,0.08350499653495148,0.8106515,0.0008019694704961408,0.08019695,0.007283748426275781,0.109151535
107,0.03478183154028998,0.033594813342539054,0.88129824,0.0011870181977509276,0.11870182,0.0,0.0,0.09751176597222608,0.06965952241480125,0.8245994,0.0008057249542988398,0.0805725,0.02704651860312599,0.09482814,0.12400093213061883,0.10855506778273775,0.82311326,0.001175239638892995,0.11752397,0.014270624708988091,0.059362784
108,0.035980459337573066,0.008052400227336848,0.80524004,0.0007761569564050173,0.07761569,0.027151902153831196,0.11714428,0.07266903944591717,0.057875489975836,0.8416916,0.0007879870595689755,0.078798704,0.014005562410512202,0.0795097,0.1228919844309015,0.10827459439511605,0.84140563,0.0005979132950558435,0.05979133,0.014019476740729625,0.098803006
109,0.041600925219899464,0.040416449199576265,0.7635215,0.0011844760203232046,0.1184476,1.0551177944342401e-18,0.11803097,0.09790786807757201,0.08348266029941696,0.76230437,0.0008021380069615004,0.0802138,0.013623069771193569,0.15748176,0.10328812072440477,0.09503589866685884,0.74271065,0.0011759108481948684,0.11759109,0.007076311209351089,0.13969807
110,0.01734696949063557,0.016971779163705274,0.96248096,0.0003751903269302952,0.037519034,0.0,0.0,0.042810211366643584,0.029118561052198445,0.9039316,0.0005887810888531201,0.05887811,0.013102869225592033,0.037190296,0.12345301021012119,0.058169166816017415,0.83635837,0.0005926564275887616,0.059265643,0.06469118696651503,0.10437613
111,0.017189554656694056,0.01681507106355999,0.96255165,0.0003744835931340641,0.037448358,0.0,0.0,0.05467909741064741,0.0408538984798862,0.88511366,0.0005870136522971492,0.058701366,0.013238185278464053,0.056184974,0.08687980387233214,0.06407259634501448,0.8455262,0.0008708267251542119,0.08708267,0.021936380802163452,0.06739116
112,0.03524138936556983,0.03407108570940162,0.8829696,0.0011703036561682128,0.11703036,0.0,0.0,0.08044563694253204,0.0662633491790306,0.90098524,0.0007989539593730077,0.07989539,0.013383333804128442,0.019119421,0.11481723745806634,0.08292622739637719,0.83415234,0.000986820915893652,0.09868208,0.0309041891457955,0.06716557
113,0.09541418999395382,0.06649529504876768,0.7641589,0.0011806147081714776,0.118061475,0.027738280237014645,0.11777956,0.08044210641261765,0.06514004470168425,0.7822808,0.0009924837166365307,0.09924837,0.014309577994296855,0.11847073,0.12320996700995439,0.10820040964515633,0.7724476,0.000991891594530317,0.09918916,0.014017665770267728,0.12836334
114,0.01734366380847613,0.016187334416771115,0.88436717,0.0011563293917050156,0.115632944,0.0,0.0,0.03341889378810492,0.03281307183231062,0.9203597,0.000605821955794297,0.0605822,1.7036697169614937e-19,0.019058136,0.09561788829369527,0.08836205632287199,0.8728245,0.0006967445559788452,0.069674455,0.006559087414844456,0.057501175
115,0.04252920442646319,0.041760108630898685,0.9230904,0.0007690957955645105,0.07690958,0.0,0.0,0.08120871807976912,0.06712317873961858,0.92116207,0.000595663240851181,0.059566323,0.013489876099299365,0.019271627,0.1833216191420424,0.1021297074987461,0.8258329,0.0004992779447152661,0.049927793,0.08069263369858104,0.12423932
116,0.024946881049426495,0.023769214069171558,0.88223326,0.0011776669802549373,0.1177667,0.0,0.0,0.07154044148379737,0.05778994649543472,0.881264,0.0006156157698230626,0.061561577,0.01313487921853959,0.057174537,0.06091495575509142,0.05312608971832392,0.84249914,0.000890981820196221,0.08909818,0.00689788421657127,0.068402626
117,0.06884165158023632,0.06768374063292344,0.8842089,0.0011579109473128727,0.11579109,0.0,0.0,0.10753592235617711,0.09317260340020357,0.8812823,0.000599337974645518,0.059933797,0.013763980981327993,0.058783878,0.135967537754512,0.12132043469460674,0.85233814,0.0005951654383605085,0.059516545,0.014051937621544736,0.08814531
118,0.016501404561019024,0.015346670669779992,0.80567634,0.0011547338912390316,0.11547338,7.048686055093147e-19,0.07885027,0.08453490350641323,0.07008242295907992,0.8223772,0.0007881660655502421,0.07881661,0.013664314481783051,0.09880613,0.1343489160607986,0.12013479135355598,0.8212113,0.00041029175362622297,0.041029174,0.013803832953616387,0.13775957
119,0.035717874561712895,0.03417208759772424,0.8454213,0.001545786963988654,0.1545787,0.0,0.0,0.08485858511416364,0.05379295894569791,0.84457046,0.001182300151754423,0.11823001,0.02988332601671129,0.037199587,0.13343422455273016,0.06845507465768204,0.7479039,0.0015700143768887702,0.15700144,0.06340913551815931,0.09509465
120,0.23224951050855056,0.203543693246305,0.8412697,0.0007895135102349551,0.07895135,0.027916303752010596,0.07977903,0.22998278253414312,0.20113781971200478,0.8211511,0.0009906687675991597,0.09906687,0.027854294054539153,0.079782076,0.19697073993285677,0.17481081299218054,0.8205555,0.0008973376901137193,0.08973377,0.021262589250562503,0.08971069
121,0.18103565497266758,0.17985451540669756,0.88188595,0.001181139565970014,0.11811396,0.0,0.0,0.21507160688175153,0.20048610283091764,0.8610235,0.0008033450211260768,0.08033451,0.013782159029707801,0.05864202,0.21881311483249588,0.2110754927401112,0.87012666,0.0006108436723056849,0.061084367,0.007126778420078994,0.06878904
122,0.024398340100859867,0.02365430270138906,0.92559624,0.0007440373994708055,0.07440374,0.0,0.0,0.05790757295120655,0.04448435895112048,0.9040692,0.0005902247248390861,0.059022475,0.012832989275246977,0.03690828,0.07245025436142087,0.05796522840114018,0.8273032,0.00115223572184671,0.115223564,0.013332790238433997,0.057473224
123,0.017295008774799774,0.016920070518428188,0.9625062,0.00037493825637158516,0.037493825,0.0,0.0,0.04246207803184816,0.02888540092495924,0.88483673,0.0005880730038658064,0.0588073,0.012988604103023117,0.056355953,0.09028822552690274,0.05887476877542223,0.817711,0.0009597642493625649,0.09597642,0.03045369250211794,0.086312495
124,0.06974462124416195,0.04161798800373514,0.8428332,0.0011868067036630448,0.11868067,0.02693982653676376,0.038486216,0.07301343048544535,0.05810348156112454,0.8614386,0.0008067858002479058,0.08067858,0.014103163124072893,0.057882804,0.1411436497436926,0.10916837749277439,0.8321106,0.0008036696463305662,0.08036696,0.031171602604587626,0.08752237
125,0.0431084999783344,0.04194698691044209,0.88384867,0.0011615130678923138,0.1161513,0.0,0.0,0.09464376402527808,0.0540443710962617,0.863503,0.0006068189500902402,0.060681894,0.03999257397892613,0.07581515,0.12079591439734085,0.0560229719662648,0.7958499,0.000981820340459562,0.09818202,0.06379112209061648,0.105968095
126,0.061196155035862676,0.06000514621183105,0.8808992,0.0011910088240316204,0.11910088,0.0,0.0,0.12663947614898835,0.098418363967062,0.8423497,0.0010011336572114476,0.10011336,0.02721997852471492,0.057536986,0.12408065616046608,0.10160538587693028,0.7747059,0.0014731887792139436,0.14731888,0.021002081504321857,0.07797515
127,0.06230162626524189,0.06111350967846765,0.8811884,0.0011881165867742446,0.11881165,0.0,0.0,0.15518908301998813,0.11401805504826659,0.8612491,0.0008109244107810466,0.08109244,0.04036010356094049,0.057658415,0.1415068942923305,0.10201132033004698,0.7655584,0.0013765888919072382,0.1376589,0.038118985070376275,0.09678272
128,0.017432387966725683,0.016666877026447695,0.9234489,0.0007655109402779896,0.076551095,0.0,0.0,0.05857504728566109,0.04459800347411704,0.86528236,0.0005973167959574807,0.05973168,0.013379727015586563,0.07498591,0.0959360838013315,0.08157559075600498,0.8633233,0.0006884164166472473,0.06884164,0.01367207662867927,0.06783512
129,0.042085997254737245,0.0409162431520088,0.84481317,0.0011697541027284476,0.11697541,3.4158416630683317e-19,0.038211383,0.07426133845069172,0.0599125519682598,0.8418077,0.000608638684791949,0.06086387,0.013740147797639967,0.09732829,0.07337490676434182,0.06536570483984784,0.82145715,0.0007952841994204588,0.07952841,0.007213917725073508,0.099014394
130,0.036322765986738365,0.035141091328533096,0.88183254,0.0011816746582052617,0.11816747,0.0,0.0,0.11900751562552815,0.09138930327522957,0.8434683,0.0011877312439946446,0.11877313,0.026430481106303912,0.037758566,0.16610788081130434,0.10107829318736906,0.77539384,0.001479631517672669,0.14796315,0.06354995610626264,0.076642945
131,0.04960278770053972,0.04839918542396364,0.84039104,0.001203602276576088,0.120360225,3.5085771294180867e-19,0.03924877,0.09762792680887171,0.0836067702837628,0.82129556,0.0006231726675287832,0.062317267,0.013397983857580127,0.1163872,0.08546355244656281,0.07075589533023738,0.772633,0.0010922894237825238,0.10922894,0.01361536769254292,0.11813813
132,0.024434338520268956,0.02327928130614519,0.8450962,0.001155057214123762,0.115505725,3.5219226505168863e-19,0.03939806,0.032999998516666684,0.032400813309218665,0.86128694,0.0005991852074480192,0.059918523,7.04370963177477e-19,0.078794606,0.060078847808038696,0.05281196354080836,0.85090756,0.0005048495542154999,0.050484955,0.006762034713014837,0.09860743
133,0.36294725597397504,0.30732111594672823,0.8040986,0.0007863667347042631,0.078636676,0.05483977329254253,0.117264606,0.3548264310005004,0.3259273884595312,0.8796371,0.0005984735700409774,0.05984736,0.028300568970928235,0.06051548,0.31750891600913744,0.2937027756839194,0.9184012,0.00031023611012200204,0.03102361,0.02349590421509603,0.050575223
134,0.23915991630673641,0.23837966524304838,0.8832792,0.0007802510636880694,0.07802511,3.459132689485095e-19,0.03869566,0.22676091124297734,0.19926508053168168,0.86311287,0.000785672424451816,0.07856724,0.026710158286843835,0.058319975,0.24526863375480065,0.14368896449660712,0.7566487,0.0005054051889457112,0.050540518,0.10107426406924779,0.19281065
135,0.11509327739885568,0.08690137705448288,0.8796775,0.0008120768486338487,0.081207685,0.027379823495738947,0.039114796,0.1405332525328291,0.12565237884924316,0.89907193,0.0008082394848956296,0.08082395,0.014072634198690325,0.020104155,0.20339286202563053,0.12044058663280353,0.756669,0.0009929561554335626,0.09929562,0.08195931923739347,0.1440352
136,0.010000000126481248,0.00882053138212231,0.8820531,0.0011794687443589364,0.11794688,0.0,0.0,0.042151609103280106,0.04078315914721057,0.8631549,0.0013684499560695348,0.136845,0.0,0.0,0.09973889805080208,0.06774442319683956,0.8049921,0.0013822291074627971,0.13822292,0.030612245746499744,0.056784946
137,0.035804869892443296,0.03465583670279847,0.8850966,0.0011490331896448366,0.11490332,0.0,0.0,0.13249825824001987,0.10515824203744491,0.8633547,0.0005977629254344744,0.059776295,0.026742253277140512,0.07686895,0.183035038360537,0.1344976172675726,0.83469224,0.0005009739109819117,0.050097395,0.0480364471819825,0.11521037
138,0.0951394494121438,0.06640379816745423,0.8016309,0.0012036853346895674,0.12036853,0.027531965910000004,0.07800064,0.10910984622522532,0.09423604586569174,0.8391016,0.0006230370493927661,0.062303703,0.014250763310140791,0.09859467,0.11121020133850118,0.0961072306224106,0.7729116,0.0007990032426299795,0.079900324,0.01430396747346061,0.14718822
139,0.06813455086089999,0.06696111466307272,0.88265634,0.0011734361978272742,0.11734362,0.0,0.0,0.17026095340381717,0.15565879217302409,0.88169855,0.000988530492910234,0.098853044,0.013613630737882847,0.019448424,0.1606105694507661,0.12204625760680074,0.8252864,0.0012697534486615833,0.12697534,0.03729455839530379,0.047738265
140,0.36278590147140777,0.3068334683186266,0.8426141,0.0007857482731269841,0.07857483,0.055166684879654176,0.07881109,0.2677950720673678,0.23881534797298481,0.8421369,0.0005960418761174119,0.05960419,0.028383682218265573,0.098258905,0.22441220543960813,0.1777653852875574,0.7635204,0.0007900923454049995,0.07900923,0.04585672780664574,0.15747014
141,0.05092859993809937,0.023162391387573245,0.8022268,0.0003896401495311793,0.038964015,0.027376568400994943,0.15880917,0.07306783416101781,0.05779234345120015,0.8013221,0.0011684420711919666,0.1168442,0.014107048638625707,0.0818338,0.08316477487482639,0.07512520666848284,0.7429866,0.0007056437295739889,0.070564374,0.007333924476769554,0.1864491
142,0.06274669207526257,0.03440064616068281,0.883195,0.0007741579170833253,0.077415794,0.02757188799749643,0.03938918,0.11540802130719069,0.08682206298321034,0.88140255,0.0005972995885398871,0.05972996,0.027988658735440482,0.058867555,0.14597419629631714,0.11521551365451814,0.84331656,0.0007814067239709774,0.07814067,0.029977275917827995,0.078542754
143,0.023692003630795617,0.022913157306935023,0.84579736,0.0007788463238605979,0.07788463,6.822317386929957e-19,0.076317996,0.0985525805838665,0.09776776530665068,0.86229897,0.0007848152772158312,0.078481525,5.293825405218287e-19,0.059219487,0.13353966368744763,0.12616690567833386,0.8516864,0.0005032283395429463,0.05032283,0.006869529669570856,0.097990766
144,0.09176432927069243,0.09020206489950507,0.6420425,0.0015622643711873784,0.15622644,1.8033406087320837e-18,0.20173106,0.1233660900329714,0.10889058623536542,0.69854355,0.0008038732044846664,0.08038732,0.013671630593121323,0.22106911,0.11154464156354417,0.09629526350833455,0.651122,0.0013846409092550937,0.1384641,0.013864737145954535,0.21041389
145,0.03215824253091814,0.030989255865174082,0.8449796,0.0011689866657440537,0.11689866,3.407830207104051e-19,0.038121764,0.03386350274005325,0.03325298142377638,0.8995679,0.00061052131627687,0.061052132,3.5203138970048896e-19,0.039380062,0.0481948102498693,0.04702989233093723,0.7868467,0.0011649179189320668,0.11649179,8.640895564932347e-19,0.09666155
146,0.036387862636245494,0.03520650718481295,0.8818645,0.0011813554514325474,0.11813554,0.0,0.0,0.10274183990577125,0.08840722568783467,0.8628395,0.0011837309362264213,0.11837309,0.013150883281710159,0.018787343,0.15374034704600814,0.1057960077368421,0.79441005,0.0014779060719739417,0.1477906,0.0464664332371921,0.057799444
147,0.050727301530585876,0.049547732924572076,0.8820431,0.0011795686060138014,0.11795686,0.0,0.0,0.09593471306951555,0.0816877662699181,0.8805866,0.0006147144883505893,0.061471447,0.013632232311246854,0.05794178,0.1287308448608943,0.114292612001033,0.83282274,0.0006054743487947254,0.060547434,0.013832758511066615,0.10662977
148,0.06145708606784863,0.033183282287046985,0.80628073,0.001165702578146264,0.116570264,0.02710810120265539,0.077149004,0.07258296095456404,0.05782533197949117,0.84155273,0.0006084432882444194,0.060844332,0.014149185686828455,0.09760294,0.12401183716405569,0.10905057516419724,0.83055407,0.0007015981494553346,0.070159815,0.014259663850403123,0.09928616
149,0.06637539164959638,0.06517922158257941,0.72435313,0.0011961700670169715,0.11961701,1.394802318810099e-18,0.15602984,0.09827793163481706,0.08391956881383116,0.7807005,0.0010034918205157107,0.10034917,0.013354871000470182,0.11895038,0.0804228655651165,0.07228389815369235,0.76095587,0.0011881583877318676,0.11881583,0.0069508090236922795,0.12022842
150,0.24123354871014732,0.2122199294437252,0.8010027,0.0011969817680524376,0.119698174,0.0278166374983697,0.07929915,0.26289533373546464,0.23401789747052318,0.8583068,0.0008111338681559682,0.08111339,0.028066302396785505,0.060579702,0.1900835440261753,0.15727350497733295,0.81239384,0.000991479648942443,0.099147975,0.0318185593998999,0.08845809
151,0.167426847351476,0.1360903209059004,0.7998686,0.0011805050313510477,0.11805051,0.03015602141422455,0.08208091,0.19377000469332883,0.1636749503790614,0.8384046,0.0008012704620925933,0.08012705,0.029293783852174828,0.08146832,0.19855970680789525,0.15119428433919435,0.7636087,0.0012713663519728453,0.12713663,0.04609405611672801,0.10925475
152,0.035239160934333755,0.03372493491222483,0.84857744,0.001514226022108926,0.1514226,0.0,0.0,0.09304225933413918,0.06615076289809008,0.8826853,0.0008004102171278134,0.08004102,0.026091086218921273,0.03727371,0.16967289611086872,0.06252986212510409,0.73122966,0.0014587020973950333,0.14587021,0.10568433188836962,0.12290019
153,0.0785450246047989,0.07775046489267666,0.92054397,0.0007945597121222429,0.07945597,0.0,0.0,0.2028413719983137,0.18874041915884687,0.9008012,0.0006074916738224122,0.060749166,0.013493461165644403,0.03844968,0.18421100309489918,0.17658764682373929,0.8912922,0.0006007771052916487,0.06007771,0.007022579165868254,0.04863011
154,0.01741271898609426,0.016647889209612767,0.923517,0.000764829776481495,0.076482974,0.0,0.0,0.05497768337494529,0.04129226324506223,0.8836352,0.0006011519562992265,0.060115196,0.013084268173583847,0.05624967,0.08868789501254325,0.05720981500349012,0.81669843,0.0009769268790696176,0.09769268,0.03050115312998351,0.085609004
155,0.017249655271949327,0.016485802535261346,0.9236147,0.000763852736687979,0.076385275,0.0,0.0,0.029442787471152285,0.028850049172501818,0.90325755,0.0005927382986504644,0.05927383,3.349440152162075e-19,0.03746858,0.0658040188114769,0.0516962596092087,0.8548026,0.0008780206060139644,0.08780206,0.013229738596254231,0.05739529
156,0.01717635096647862,0.016800316728680535,0.9623965,0.0003760342377980834,0.037603423,0.0,0.0,0.04255960038135659,0.028975794641875698,0.88493925,0.000590885544588012,0.059088554,0.012992920194892881,0.055972166,0.10168751722473912,0.0703818056827802,0.8270216,0.0009645519837386272,0.0964552,0.030341159558220275,0.07652318
157,0.02474380897056427,0.02437187859353658,0.96280694,0.0003719303770276916,0.037193038,0.0,0.0,0.03309451856248031,0.032510525089420345,0.903996,0.000583993473059962,0.05839935,3.361602261813769e-19,0.037604634,0.07902457962160724,0.0717861942608303,0.88358796,0.0006808235984257098,0.06808236,0.006557561762351221,0.0483297
158,0.017211623193237307,0.01683667267313464,0.96250486,0.0003749505201026668,0.03749505,0.0,0.0,0.054570948905294396,0.04095039643024305,0.8850683,0.0005888879628740423,0.058888793,0.013031664512177311,0.056042843,0.1101738323673416,0.07040064367381965,0.8269922,0.0007761113150210699,0.07761113,0.038997077378500875,0.095396616
159,0.009999999491417727,0.009236665016405993,0.9236665,0.0007633344750117352,0.07633345,0.0,0.0,0.05918037979518608,0.045294439924108726,0.9026258,0.0005968512895852942,0.05968513,0.01328908858149206,0.037689112,0.11805835804187546,0.08806383058463646,0.79717916,0.0012604760125911072,0.1260476,0.028734051444647853,0.07677316
160,0.0952292041425457,0.06651765890819472,0.8034393,0.0011906201802256,0.119062014,0.027520925054125383,0.07749867,0.09927462909839069,0.07095572913747544,0.821072,0.0008130136224163667,0.08130136,0.02750588633849887,0.09762647,0.1383231532121378,0.12311436648303958,0.8206293,0.0008037153353427579,0.08037154,0.014405071393755473,0.09899916
161,0.024180925979767915,0.023801644182168007,0.9239974,0.00037928179759991166,0.03792818,3.4036016096936136e-19,0.03807446,0.03519517188307645,0.03460414293526996,0.8449425,0.000591028947806484,0.059102897,8.57770093309608e-19,0.09595463,0.1075365684040537,0.10023609500313552,0.79504305,0.0005905601300856445,0.05905601,0.006709913270832567,0.14590092
162,0.017270329726026618,0.016116717779215174,0.8846388,0.0011536119468114447,0.1153612,0.0,0.0,0.0676908283510868,0.05403121331679536,0.92101425,0.0006033351741477956,0.06033352,0.013056279860143629,0.018652191,0.09653711562913696,0.07550228210769538,0.8635178,0.0008862000052703487,0.08862001,0.02014863351617123,0.047862183
163,0.1620307879170478,0.1333778922364932,0.8381967,0.0012262158905477572,0.122621596,0.027426679790006833,0.039181735,0.21773042446359275,0.20265791622095788,0.8390966,0.0010182628630190432,0.10182629,0.014054245379615837,0.059077177,0.22323685975463634,0.2083894555353942,0.84959376,0.0009129607050090585,0.09129608,0.013934443514233057,0.059110206
164,0.30930553631465774,0.30851984842050617,0.9214312,0.0007856878941515022,0.078568794,0.0,0.0,0.32031758211506334,0.239561748423585,0.8235418,0.0005948909748469906,0.0594891,0.0801609427166314,0.116969004,0.3110069596234621,0.24235525185783344,0.82140553,0.0006946520879120134,0.069465205,0.06795705567771658,0.10912925
165,0.010000000347942382,0.00882344825054969,0.88234484,0.001176552097392691,0.1176552,0.0,0.0,0.14345031759227592,0.11586088238894442,0.8614151,0.0006157519099128167,0.06157519,0.026973683293418694,0.07700972,0.15270653846333154,0.12050121563864799,0.8237706,0.000982484668354083,0.09824847,0.031222838156329428,0.07798087
166,0.16470841404988168,0.13542591907356935,0.87932795,0.0007998168686593875,0.079981685,0.028482678107652943,0.040690333,0.23547958595871152,0.20673206788578663,0.87983316,0.0006077156150178135,0.060771566,0.02813980245790705,0.05939527,0.1737204020348537,0.13408142067547812,0.80412626,0.0008854445694405441,0.08854446,0.03875353678993503,0.10732921
167,0.02429206888228774,0.02313103076696395,0.8454642,0.001161038115323786,0.116103806,3.4355642935242206e-19,0.03843201,0.05899145752298138,0.044553210676875635,0.8230858,0.0006072929471568202,0.060729295,0.01383095389894892,0.11618488,0.0856226080673783,0.07075159505893408,0.8119268,0.0007902285433236063,0.079022855,0.014080784465120618,0.10905033
168,0.010000000593671838,0.008828711312780995,0.88287115,0.0011712892808908434,0.11712893,0.0,0.0,0.08394794088709434,0.0571717413581372,0.8628549,0.0006141204616567247,0.061412048,0.02616207906730041,0.07573308,0.13497964401794213,0.1203855828400176,0.8522766,0.0007904440223451209,0.0790444,0.013803617155579397,0.06867905
169,0.02459287786275249,0.02459287786275249,1.0,0.0,0.0,0.0,0.0,0.029666818343208907,0.02909059469429622,0.9049156,0.0005762236489126886,0.057622366,3.348854300529617e-19,0.037462026,0.08205380708122079,0.05156215584522498,0.86531997,0.000683795171278264,0.068379514,0.029807856064717555,0.06630054
170,0.025187768806863037,0.024053202853933718,0.88654345,0.0011345659529293194,0.11345661,0.0,0.0,0.05910353236149242,0.04564933123011801,0.88427883,0.000599823709850943,0.059982374,0.012854377421523466,0.055738736,0.0731779604654596,0.06536306163479863,0.7796651,0.0009705027088366559,0.09705027,0.0068443961218243,0.12328452
171,0.01720100323596981,0.01643560915047776,0.9234606,0.0007653940854920467,0.07653941,0.0,0.0,0.06688001078010834,0.05305160627653338,0.8841363,0.0006002436510154264,0.06002437,0.013228160852559536,0.05583938,0.09635753710289449,0.08198483512930489,0.8632867,0.0007901969300960779,0.079019696,0.013582505043493537,0.057693657
172,0.15641791990843504,0.155609384081068,0.91914636,0.0008085358273670415,0.08085358,0.0,0.0,0.2269302599439403,0.21257384063770515,0.89944965,0.0006151330928180869,0.061513312,0.0137412862134171,0.039037094,0.21888276874329798,0.21113970907879737,0.8808575,0.0006065255316802228,0.060652554,0.007136534132820365,0.058489975
173,0.111535048856603,0.08358327178688515,0.84406215,0.0011768716867753253,0.11768717,0.026774905382942495,0.03825061,0.1438389429040814,0.12934360223456748,0.82287097,0.0006103066714350422,0.061030667,0.013885033998078878,0.1160983,0.13725010866731088,0.122276771612184,0.8032234,0.0011709247641824387,0.117092475,0.013802412290944433,0.07968423
174,0.035032546174117,0.033815611834213916,0.87830657,0.0012169343399030914,0.12169344,0.0,0.0,0.039564195420053225,0.024583446781504523,0.78418916,0.001972268680111176,0.19722688,0.01300847995843753,0.018583905,0.06446541102567067,0.0491858141450102,0.80113834,0.0017959885338083032,0.17959887,0.013483608346852183,0.019262673
175,0.04233405376301308,0.014601863505976427,0.7250721,0.0007833807691035707,0.07833808,0.026948809487933083,0.19658987,0.07460141247669923,0.0599074491848123,0.76146895,0.0007939956485595322,0.07939956,0.013899967643327394,0.15913156,0.09334117620254959,0.08504316247760867,0.7226449,0.001084949672700012,0.10849497,0.007213064052240913,0.16886018
176,0.04268515075500731,0.041532728555892934,0.8847578,0.0011524221991143773,0.11524223,0.0,0.0,0.05630188343364613,0.042222993740698336,0.92089057,0.0005985127218890238,0.059851274,0.013480376971058769,0.019258058,0.14709477931622703,0.08276758385534833,0.8254561,0.0006923929560023156,0.069239296,0.06363480250487642,0.10530472
177,0.11401079187850366,0.11283381317436768,0.8823021,0.00117697870413599,0.117697865,0.0,0.0,0.18783677633550294,0.14579276097928104,0.7859334,0.001370307775294648,0.13703078,0.04067370758092725,0.077035956,0.17081267123694235,0.1393643467474619,0.7932756,0.001569633492157756,0.15696335,0.02987869099732267,0.049761195
178,0.04201730341510722,0.04082538808148089,0.84254706,0.0011919153336263288,0.119191535,3.420307930505975e-19,0.038261343,0.09509653497708731,0.0810753008299805,0.8608648,0.0006172225932504351,0.061722264,0.013404011553856326,0.07741283,0.10336780104396795,0.09573902839497961,0.8606003,0.0006055847655760634,0.060558476,0.007023187883412249,0.07884135
179,0.050265170818313124,0.04910493566185151,0.88397646,0.0011602351564616144,0.11602351,0.0,0.0,0.0724947759923491,0.05810652828972591,0.8822813,0.0006056958811643253,0.060569588,0.013782551821458862,0.05714915,0.11074606599698189,0.09610004659829596,0.871815,0.0006965758639444267,0.069657594,0.013949443534741486,0.058527455
180,0.016587720312082305,0.015384994353911129,0.80173075,0.001202725958171175,0.12027259,6.972380914730651e-19,0.07799668,0.07435619051618454,0.05998585392524918,0.80103934,0.0008125740269162664,0.0812574,0.01355776256401911,0.117703326,0.06769722240708255,0.05311648872416431,0.8105305,0.0008988123015189828,0.089881234,0.013681921381399254,0.099588275
181,0.1569091302785525,0.12934753021723666,0.8802588,0.0008153155847017168,0.08153156,0.026746284476614098,0.03820972,0.22046241085515916,0.20602231687380987,0.89927804,0.0006162101406685053,0.061621014,0.013823883840680767,0.039100986,0.23223534781253416,0.22461885800740372,0.91892934,0.0004163308638913859,0.04163309,0.0072001589412390345,0.03943762
182,0.01728285922207736,0.01652947259622646,0.92466134,0.0007533866258509017,0.07533866,0.0,0.0,0.06782624261824284,0.05355433285535906,0.902701,0.0007802491510188748,0.07802492,0.013491660611864905,0.019274177,0.10747449077911854,0.05835804877911927,0.8172191,0.0009702712037554012,0.09702712,0.048146170796243865,0.08575379
183,0.010000000143263105,0.009225579447681383,0.92255795,0.0007744206955817201,0.07744207,0.0,0.0,0.04301903154024698,0.02926338387030972,0.9023527,0.0006011891414346724,0.060118914,0.013154458528502588,0.03752839,0.09582115992992803,0.0814175021992979,0.844681,0.0009761290204640724,0.097612895,0.01342752871016605,0.05770594
184,0.08784086783148264,0.060085786657214986,0.8804215,0.0008108593938534039,0.08108594,0.026944221780414248,0.038492497,0.16718803771183036,0.1524885072000475,0.8990962,0.000619730133513617,0.061973013,0.0140798003782692,0.038930714,0.17572920729174457,0.147709811383076,0.83350307,0.0008003830059540002,0.080038294,0.027219012902714546,0.086458534
185,0.08929626711162582,0.08810487225808715,0.8029787,0.0011913948535386676,0.119139485,6.962104487387907e-19,0.07788172,0.11199048104379422,0.09785315036002447,0.8212111,0.0006164951538120798,0.061649512,0.013520835529957665,0.11713935,0.1361736666710212,0.1283598603596424,0.8208886,0.0007971781432273051,0.07971782,0.007016628168151474,0.09939347
186,0.10059776153289746,0.10021594078877916,0.9231467,0.0003818207441183042,0.038182076,3.45694934310653e-19,0.038671233,0.15736866107976336,0.14316635724696264,0.8821964,0.000587128925903498,0.058712892,0.013615174906897188,0.05909073,0.1521111679338658,0.1292177286992569,0.8131605,0.0004007681838629766,0.04007682,0.022492671050745913,0.1467626
187,0.04402394499043476,0.01498390419334664,0.7651216,0.0011890996938581902,0.11890998,0.02785094110322993,0.115968384,0.07302690418246004,0.04461337345059264,0.80182433,0.0006174694266791046,0.061746944,0.02779606130518829,0.13642883,0.0933347552600439,0.0777916642470802,0.7913299,0.0009915389115062185,0.09915389,0.014551552101457475,0.10951617
188,0.03568671754599326,0.03489955272084858,0.9212836,0.0007871648251446715,0.07871648,0.0,0.0,0.10331186416730379,0.089586191530906,0.90121114,0.0006092986324875727,0.060929865,0.013116374003910239,0.0378589,0.11141911478936863,0.09695679506124842,0.8531126,0.0008861169617429697,0.0886117,0.013576202766377235,0.058275785
189,0.08322137776726171,0.0820230534589685,0.88016754,0.0011983243082931954,0.11983243,0.0,0.0,0.1683602164575146,0.15355354306528338,0.84120995,0.0010029783052780347,0.10029783,0.013803695086953184,0.0584922,0.1873054003892193,0.17941340374232123,0.86940765,0.0007120419095841691,0.07120419,0.00717995473731392,0.05938811
190,0.017223531782612184,0.016466785636118034,0.9243254,0.0007567461464941481,0.075674616,0.0,0.0,0.04295264846460704,0.02930642063535398,0.90249455,0.0007914100304032345,0.079141006,0.012854817798849828,0.018364383,0.13835433641700115,0.04971841191291855,0.7708639,0.0011715962133675391,0.11715961,0.08746432829071504,0.11197649
191,0.017189264157705834,0.016427339156488998,0.9238075,0.0007619250012168364,0.0761925,0.0,0.0,0.0426535799019332,0.02888927083420057,0.88474566,0.0005882452146963762,0.058824524,0.01317606385303626,0.056429803,0.08425297146512759,0.07014708329075126,0.87352383,0.0006834703737343676,0.06834704,0.013422417800641967,0.058129106
192,0.13016117659972343,0.10246968839464463,0.8828082,0.0007875685421249131,0.078756854,0.02690391966295388,0.03843492,0.15827204275919773,0.14351505268918752,0.90081483,0.0007923522282048595,0.07923522,0.013964637841805334,0.019949872,0.15128826815763766,0.13021923621484988,0.87219685,0.000697700947363587,0.06977009,0.020371330995424215,0.058032986
193,0.017263928221776546,0.016497629391389653,0.9233701,0.0007662988303868925,0.07662988,0.0,0.0,0.054226839431218886,0.040580234390483395,0.88411325,0.0006002811233249486,0.060028117,0.01304632391741055,0.05585856,0.07339960937781095,0.059227763969255665,0.8635054,0.0007895271989601298,0.078952715,0.013382318209595156,0.057541892
194,0.06471119055196511,0.03493538564300112,0.8435685,0.0011554446306879789,0.11554446,0.02862036027827603,0.040887028,0.14335116049338634,0.10105153072541811,0.8428519,0.0007899546634009311,0.078995466,0.0415096751045673,0.07815272,0.1727339599570017,0.13291293612075258,0.83268136,0.0007891072960443112,0.07891073,0.03903191654020479,0.08840792
195,0.03142142537692821,0.030639754636720414,0.8429584,0.0007816707402077873,0.07816707,7.050862641706754e-19,0.07887462,0.06067377026014217,0.059881539486797246,0.8020689,0.0007922307733449161,0.07922308,1.0611704204642619e-18,0.118708044,0.05416688459270742,0.04636263305374647,0.77338845,0.000883973304454363,0.088397324,0.00692027823450658,0.13821429
196,0.06865250286943743,0.0674792515824337,0.8441764,0.0011732512870037373,0.11732513,3.441502882085711e-19,0.038498443,0.14292616350404938,0.1284001674922245,0.8221177,0.0009979047425634543,0.099790476,0.013528091269261447,0.07809186,0.16178800691406348,0.14717475487607887,0.8402824,0.0007090651738414172,0.07090652,0.013904186864143193,0.0888111
197,0.08746990015864103,0.06006254469764596,0.8810839,0.0008091797748943947,0.08091798,0.026598175686100678,0.037998136,0.1913343879492365,0.1768339230549554,0.8994144,0.0006182834944222702,0.061828353,0.013882181399858785,0.03875724,0.16292794715695896,0.14171695164805523,0.85287666,0.0007025788486732287,0.07025789,0.020508416660230507,0.07686543
198,0.17190459473636022,0.08661764236913139,0.76214737,0.001176932212656522,0.11769322,0.08411002015457231,0.120159514,0.21903050650511754,0.17495812011833245,0.8580946,0.0008008781339673213,0.08008781,0.043271508252817795,0.061817646,0.22137578043777376,0.13902580406082585,0.72623533,0.0013673330008374428,0.1367333,0.08098264337611043,0.1370314
199,0.031352720697358866,0.031352720697358866,0.88425606,0.0,0.0,1.034673393904589e-18,0.11574395,0.020285578942340055,0.019521093682081676,0.7684474,0.0007644852602583794,0.07644853,1.386525888745338e-18,0.155104,0.05025341926974242,0.04262334759103309,0.659851,0.0009792816591293633,0.097928174,0.006650790019579959,0.24222077
200,0.03159656682990693,0.031211340644578298,0.8851178,0.0003852261853286267,0.03852262,6.826026630740116e-19,0.07635949,0.033113168233483765,0.03252202026940514,0.863484,0.0005911479640786258,0.059114795,6.919151205491239e-19,0.07740122,0.05278014003692174,0.04535333028530114,0.76806134,0.0007808376519477212,0.07808376,0.006645972099672868,0.15385473
201,0.06021176627656367,0.05902875382552367,0.8816987,0.0011830124510400046,0.11830124,0.0,0.0,0.1704044816886414,0.15638595587444482,0.90015405,0.0006172642674603865,0.061726425,0.013401261546736161,0.03811953,0.15586612338330172,0.1476475557487409,0.81539667,0.0011662917612144071,0.11662917,0.0070522758733464405,0.06797408
202,0.024978256072430503,0.024216513331603084,0.92382574,0.0007617427408274222,0.076174274,0.0,0.0,0.04603576630542907,0.045251425686935194,0.8844258,0.0007843406184938804,0.07843406,3.3200726743427067e-19,0.03714006,0.07915360396079632,0.07114255920421021,0.76147145,0.0013503073689966152,0.13503073,0.006660737387589486,0.103497796
203,0.06138388502150401,0.033650750205154484,0.88265145,0.0007885546492140421,0.07885546,0.026944580167135485,0.038493007,0.09118583597249962,0.06314983222706123,0.8810849,0.0006023794254577725,0.060237944,0.027433624319980615,0.058677107,0.10434875920375401,0.08906462535938141,0.8518347,0.0009844183494207982,0.09844183,0.014299715494951789,0.049723472
204,0.01757128882420195,0.01757128882420195,1.0,0.0,0.0,0.0,0.0,0.04295962119951438,0.029373163745712895,0.88436043,0.0005884335832792062,0.05884336,0.012998023870522271,0.05679627,0.0875928203804703,0.06476934940772856,0.8453836,0.0008708931633553479,0.087089315,0.021952577809386385,0.06752696
205,0.0986503013711352,0.06802305140578438,0.8030014,0.0015546543816117335,0.15546544,0.029072595583739088,0.04153309,0.13614455888849156,0.09291028623375959,0.8014436,0.0008051505077282713,0.08051505,0.0424291221470037,0.118041374,0.16821097313891262,0.12096759156162509,0.79165757,0.0008913667855016207,0.08913668,0.0463520147917859,0.119205795
206,0.009999999420957823,0.009227322366979412,0.9227323,0.0007726770539784125,0.07726771,0.0,0.0,0.05923686454769511,0.04500397976071901,0.90201706,0.000598573383755379,0.05985734,0.013634311403220722,0.03812563,0.10602876280189974,0.07593510264527609,0.8157702,0.0010721745493642103,0.10721745,0.029021485607259433,0.07701235
207,0.1600072520337725,0.1592081667208047,0.88136935,0.0007990853129678055,0.079908535,3.46149382572395e-19,0.03872207,0.19888140757327985,0.17075216958677714,0.86054534,0.000804942542768745,0.080494255,0.02732429544373399,0.058960445,0.24036229549171137,0.16598357617914697,0.8121391,0.0006072241633300863,0.060722418,0.07377149514923433,0.12713858
208,0.09590505537759954,0.06681433767502244,0.8031693,0.0011886264073281104,0.118862644,0.02790209129524896,0.07796803,0.08751620684860018,0.05877675723843094,0.8205227,0.0008135939674418842,0.081359394,0.02792585564272736,0.09811787,0.15066235381115978,0.12857999668294412,0.819838,0.0008081292065497079,0.080812916,0.02127422792166595,0.099349044
209,0.08764330201718887,0.0868725641385072,0.88441914,0.0007707378786816791,0.07707379,3.4422745902626243e-19,0.038507074,0.17343371370492222,0.1453658908831397,0.8626146,0.0005915959596655363,0.0591596,0.027476226862116964,0.0782258,0.17244482258008287,0.12269627921376257,0.8336335,0.0007807273131240687,0.078072734,0.04896781605319621,0.08829386
210,0.024739699684426616,0.02359194427653135,0.88522434,0.0011477554078952665,0.11477554,0.0,0.0,0.059661029628711996,0.045308860956492024,0.8635246,0.0006055051451651494,0.060550515,0.013746663527054812,0.07592487,0.07302300554035523,0.05831704886271001,0.7961448,0.0009812589846692938,0.0981259,0.013724697692975933,0.10572925
211,0.03520275921566812,0.03443287757677927,0.9230118,0.0007698816388888522,0.07698817,0.0,0.0,0.06828008367717685,0.05396905133874854,0.9022354,0.0007844041604626726,0.07844042,0.013526628177965646,0.019324131,0.12797065663137,0.08118923667335072,0.81638616,0.0009776648714843752,0.09776649,0.04580375508653492,0.08584735
212,0.1596294420994073,0.13170353985462066,0.8807073,0.0008054842452180476,0.08054843,0.027120417999568578,0.03874421,0.17430628770210613,0.14609971786672415,0.84200627,0.0008026716498386093,0.08026717,0.027403898185543386,0.07772661,0.16624142283471902,0.1356317915150594,0.8409874,0.000896709257528332,0.08967093,0.02971292206213129,0.06934165
213,0.0431508228982499,0.04198107784434288,0.88302547,0.001169745053907027,0.1169745,0.0,0.0,0.10545122436957663,0.0912597549837652,0.89976096,0.0008112408699639277,0.08112408,0.01338022851584748,0.019114984,0.11324170180620523,0.08093295347143334,0.7956686,0.0013723763609900087,0.13723762,0.0309363719737819,0.06709377
214,0.44311380343405415,0.4148729827398443,0.88240427,0.0003846725569103145,0.038467254,0.027856148137299554,0.079128474,0.3881466709938306,0.3596450587167491,0.8998714,0.0003965758591017867,0.039657585,0.028105036417979568,0.06047101,0.3651351310372364,0.2893095740501528,0.8235775,0.0002057014122964053,0.02057014,0.07561985557478723,0.15585232
215,0.04291601273126505,0.04174522744057672,0.8829216,0.0011707852906883314,0.11707853,0.0,0.0,0.09373803576695224,0.06641316113964185,0.88226384,0.0006111781941336345,0.061117817,0.026713696433176753,0.05661843,0.1416632209716048,0.09470740817796455,0.8527942,0.0006043878286034419,0.06043878,0.046351424965036817,0.08676709
216,0.03542111832619805,0.03425022485495019,0.88291067,0.0011708934712478583,0.11708934,0.0,0.0,0.12476812503271752,0.0978521467512386,0.8640082,0.0008016073889800876,0.08016074,0.026114370892498847,0.05583102,0.15297757181156885,0.12113224196196562,0.8143674,0.0010858466654277534,0.108584665,0.030759483184175436,0.077047855
217,0.03556872549477774,0.03440633540205481,0.8837609,0.0011623900927229356,0.116239004,0.0,0.0,0.11502652073518607,0.08751316816221331,0.8451958,0.0011717253130178532,0.11717253,0.02634162725995489,0.03763163,0.1304302278521731,0.09979016976633481,0.78532284,0.0015668461783810207,0.1566846,0.02907321190745728,0.057992436
218,0.02377854332452339,0.022612411753659044,0.76643914,0.0011661315708643468,0.116613165,1.0454346327619324e-18,0.11694776,0.07354423807448002,0.05937110458743516,0.80224067,0.000796753659123036,0.07967536,0.013376379827921822,0.11808397,0.06667942795082317,0.059078218329355,0.80159837,0.0006045177588310824,0.06045178,0.006996691862637081,0.13794982
219,0.0252578041796482,0.024099769574642542,0.8841965,0.0011580346050056583,0.11580346,0.0,0.0,0.034257386404206204,0.020344382980616423,0.8829772,0.0007907365928451418,0.07907366,0.013122266830744637,0.037949186,0.04729832205970162,0.039130472919668445,0.8245795,0.00126510210211527,0.12651022,0.0069027470379179005,0.048910234
220,0.20956319066360526,0.2087775058742414,0.88186675,0.0007856847893638581,0.07856848,3.536812827912446e-19,0.03956463,0.31747671525261956,0.23728654182852044,0.8424461,0.0004047462619321978,0.040474627,0.07978542716216695,0.11707931,0.2550951721021724,0.18026441255844913,0.7838194,0.0004982496267551633,0.04982496,0.07433250991696817,0.1663556
221,0.08676827768880381,0.05910242205120493,0.8461024,0.0011603184212516222,0.11603183,0.02650553721634727,0.03786579,0.15706363289486924,0.1424272095302127,0.86212116,0.000795917257022925,0.07959172,0.013840506107633606,0.058287077,0.17200336567761723,0.1232393967560415,0.8421726,0.0005121658902391791,0.051216587,0.048251803031336554,0.106610805
222,0.060796982655511325,0.05962067520857355,0.84315085,0.0011763074469377651,0.11763074,3.5058632411210954e-19,0.03921841,0.14723766226361076,0.13315478715816084,0.8219257,0.0006128856829826438,0.061288565,0.013469989422467256,0.11678581,0.1367323136654514,0.12889350196011157,0.83017147,0.0007982706680440258,0.07982707,0.007040541037295801,0.09000148
223,0.03189020049391094,0.03070527436247405,0.84145725,0.0011849261314368907,0.11849261,3.580217217567356e-19,0.04005017,0.07357718924309209,0.05958697325374978,0.7823996,0.000613250372027236,0.061325036,0.013376965617315066,0.15627529,0.07336761547445589,0.059061519303776754,0.8006141,0.0007046534987611166,0.07046535,0.013601442671918013,0.12892063
224,0.11454218236360135,0.08512732794083712,0.8411476,0.0011852347760217677,0.118523486,0.02822961964674246,0.040328816,0.2092265635129675,0.18028392603242568,0.87866664,0.0006146144870393765,0.061461452,0.02832802299350246,0.059871953,0.16609612890471162,0.14388394330311646,0.8607759,0.0007947279408731043,0.079472795,0.021417457660722058,0.059751283
225,0.017300051823855675,0.01691831594770649,0.96182644,0.0003817358761491855,0.038173586,0.0,0.0,0.05543880703670358,0.041506552395568046,0.88412243,0.0005957351904336752,0.05957352,0.01333651945070185,0.056304015,0.10949493202295882,0.06994260358429366,0.81781167,0.0006855512654204059,0.068555124,0.038866777173244764,0.11363321
226,0.009999999553456283,0.00884648710707229,0.8846487,0.0011535124463839923,0.115351245,0.0,0.0,0.06839636593677882,0.040832527610266726,0.82573056,0.0009856423366634368,0.09856423,0.026578195989848657,0.07570527,0.08690721153559419,0.07188673866858908,0.8325466,0.0009915977527702646,0.09915977,0.014028875114234843,0.0682937
227,0.024688140402111834,0.023546722393794434,0.8858582,0.0011414180083173973,0.11414179,0.0,0.0,0.05947229874125106,0.045287938846652456,0.86404616,0.0006044947521009573,0.06044947,0.013579865142497642,0.075504325,0.06736359124951778,0.05924449175707341,0.7783033,0.0008874598949353317,0.08874599,0.007231639597509043,0.13295051
228,0.06279558439927922,0.06161341259166512,0.88178277,0.001182171807614108,0.11821718,0.0,0.0,0.17280343604992646,0.15763633824853765,0.8231308,0.001379433122597258,0.13794331,0.013787664678791545,0.038925912,0.1919834404229323,0.14577620565892357,0.7455684,0.0015778822728437386,0.15778822,0.044629352491164974,0.09664324
229,0.01738713475092749,0.016230839354600967,0.88437045,0.0011562953963265234,0.11562953,0.0,0.0,0.04621028638364651,0.03240623810493149,0.84486306,0.0006061159625166824,0.060611594,0.013197932316198337,0.09452534,0.06115879816188026,0.05331669869470809,0.84242237,0.0008899104967662188,0.08899105,0.006952188970405949,0.06858662
230,0.036246569458446495,0.03507590202114224,0.88293326,0.0011706674373042525,0.11706674,0.0,0.0,0.12022634319776361,0.09213180034658885,0.86197543,0.0008010530789841791,0.08010531,0.027293489772190583,0.05791935,0.13760006863073965,0.1159650075373834,0.83293426,0.0007060643352813613,0.07060643,0.02092899675807487,0.0964592
231,0.025163905963900564,0.02400049137945624,0.88365847,0.0011634145844443193,0.11634146,0.0,0.0,0.021336255307973395,0.020166462062653608,0.8646067,0.0011697932453197891,0.11697932,1.6460974190581247e-19,0.018414102,0.05315470377283887,0.04602183155091844,0.8815346,0.000712645231873939,0.07126452,0.006420226990046484,0.047200985
232,0.0172508578528039,0.016112548523001657,0.88616914,0.0011383093298022405,0.11383094,0.0,0.0,0.055313297226157784,0.04150624172793815,0.9028669,0.0007853034977731083,0.07853035,0.013021752000446533,0.018602865,0.1153709096854635,0.05821349121238258,0.8082173,0.0009739583657018858,0.09739584,0.05618346010737901,0.09438677
233,0.017317086759533615,0.016183253076850104,0.8866166,0.0011338336826835099,0.11338337,0.0,0.0,0.0676350002201967,0.05356207710396716,0.8843613,0.000594084168444858,0.059408415,0.013478838947784677,0.05623026,0.10599988759944766,0.06587818863232991,0.8070676,0.000972110129314395,0.09721101,0.039149588837803354,0.09572142
234,0.03543661287093336,0.03465880782338807,0.9222195,0.0007778050475452915,0.07778051,0.0,0.0,0.056380895894801684,0.042173577348075836,0.90192586,0.0007890497172201828,0.07890497,0.013418268829505663,0.019169329,0.10971168747105826,0.08792243144890106,0.81597483,0.001260771740793642,0.12607716,0.020528484281363557,0.05794802
235,0.32913100813092544,0.21525730889270608,0.6800794,0.0007913246739207234,0.07913247,0.11308237456429862,0.24078809,0.27235184405888385,0.21385205134394566,0.7190458,0.00040652345277496064,0.040652346,0.058093269262163176,0.24030179,0.20010496396949143,0.16225466532922161,0.7195933,0.0009806902791695581,0.09806903,0.036869608361100266,0.18233788
236,0.07643850011702658,0.048958762836445735,0.84590644,0.000773131302771532,0.07731313,0.026706605977809307,0.07678045,0.06035122198413931,0.04584410655204203,0.8435613,0.0005997187032822064,0.05997187,0.013907396728815066,0.09646685,0.09193723625828262,0.07730679536886015,0.80348235,0.0007925349095692151,0.07925349,0.013837905979853262,0.117264174
237,0.035179758643044574,0.03401137079574208,0.8831612,0.0011683878473024857,0.11683878,0.0,0.0,0.081158607959021,0.054195965157889506,0.8827192,0.000799034834269593,0.07990348,0.0261636079668619,0.037377313,0.11486403773060899,0.08262577676134239,0.8054191,0.0012732260204948945,0.1273226,0.03096503494877171,0.06725826
238,0.06874379140312427,0.040829585054753065,0.8467459,0.0011501899604381678,0.11501899,0.026764016387933038,0.038235053,0.059455200188876026,0.044930554568661504,0.84324116,0.0005984802635188566,0.059848025,0.013926165356695656,0.09691085,0.08556331521909397,0.07114162283347007,0.8319767,0.0006002630458508531,0.060026303,0.013821429339773057,0.107997075
239,0.10090694016625813,0.09971300186999645,0.84112966,0.0011939382962616882,0.11939383,3.5289375182846223e-19,0.039476532,0.09920353397607737,0.08523671905779538,0.82099265,0.0006195601976273106,0.061956022,0.013347254720654683,0.11705127,0.12964577638945726,0.11511256192491447,0.7923421,0.0009861905040407528,0.09861905,0.013547023960502025,0.10903889
240,0.02379563590265284,0.023394260351990173,0.8416078,0.00040137555066266687,0.040137555,1.057117215482418e-18,0.118254624,0.07277556813297724,0.057955837762421476,0.78295434,0.0011743053069729046,0.11743053,0.013645425063582838,0.09961518,0.08740808479003521,0.07961667158281675,0.7529468,0.0007071838936835602,0.070718385,0.007084229313534908,0.17633481
241,0.01726124186302378,0.016125604100208933,0.8864362,0.0011356377628148476,0.113563776,0.0,0.0,0.05475979672492852,0.04103578764118991,0.8843505,0.0005989030867514422,0.059890307,0.013125105996987178,0.05575915,0.08376130755967655,0.0692781012925444,0.8449602,0.0009744522232939334,0.09744522,0.013508754043838191,0.05759463
242,0.06840866826764806,0.04048719579353269,0.8058806,0.0011722074801073978,0.11722074,0.02674926499400797,0.07689861,0.07442801889557696,0.059964808739857316,0.8409216,0.0006071987480823933,0.06071987,0.013856011407637259,0.09835859,0.07353924497820821,0.06548997175618543,0.8210089,0.0007929807199174654,0.07929807,0.007256292502105315,0.099693015
243,0.031531315050312196,0.031531315050312196,0.96281976,0.0,0.0,3.323668958627758e-19,0.03718029,0.04590933318420884,0.03198079584400136,0.8111032,0.0007635610034188882,0.0763561,0.013164976336788595,0.11254063,0.05980917508031032,0.05164015279545283,0.71376646,0.0011507502108410689,0.115075015,0.0070182720740164075,0.17115872
244,0.031200812080328277,0.031200812080328277,0.9209426,0.0,0.0,7.06720202596408e-19,0.079057395,0.05877614931636395,0.04436831748346717,0.7845003,0.0007841309820829138,0.0784131,0.013623700850813865,0.13708666,0.09154082987711686,0.08394266020949437,0.8016383,0.0005065670629214796,0.05065671,0.007091602604701009,0.147705
245,0.16331899345008516,0.1351177418300659,0.88014585,0.0008071908979739254,0.08071909,0.02739406072204531,0.039135136,0.19945567811838474,0.17100731134993724,0.86029214,0.0008040509085085737,0.08040509,0.02764431585993895,0.059302703,0.20854409180656602,0.19324340456834382,0.8506632,0.0009927151490146185,0.0992715,0.014307972089207645,0.05006528
246,0.025315263709422928,0.024537872110290543,0.9222609,0.0007773915991323834,0.077739164,0.0,0.0,0.031242319281318046,0.01698972243575819,0.9009443,0.0006063615823735485,0.060636155,0.013646235263186302,0.038419534,0.054218082032764646,0.03954073421346656,0.8432281,0.0009859265785564766,0.098592654,0.013691421240741622,0.058179203
247,0.036808278053743565,0.008828421236424461,0.8828421,0.0007830452266773441,0.07830452,0.027196811590641756,0.038853347,0.14745562357206582,0.13252102119383763,0.901141,0.0007864693786167167,0.07864694,0.01414813299961152,0.020212013,0.15006304447216398,0.12865251454844864,0.8811818,0.000601895077019426,0.060189508,0.020808634846695904,0.058628682
248,0.049750880759427074,0.04936870455651436,0.9617824,0.00038217620291271915,0.03821762,0.0,0.0,0.08006790264848508,0.06637077736189699,0.88409,0.0005928091499210489,0.059280917,0.013104316136667038,0.056629013,0.09795562123576332,0.08352262039326443,0.8823754,0.0006839508009142589,0.06839508,0.013749050041584632,0.049229536
249,0.06447248138523676,0.035510251561630415,0.84382296,0.0011646545444471206,0.11646545,0.027797575279159232,0.039711595,0.11965848142977677,0.0911122713442788,0.86124694,0.0005967502596412706,0.059675023,0.02794945982585669,0.07907798,0.1728321845734174,0.13353803241932832,0.81406194,0.0007834193255874,0.07834194,0.03851073282850164,0.10759617
250,0.16340600939478667,0.16301677662648462,0.87973446,0.0003892327683020186,0.03892328,7.27144618633318e-19,0.081342176,0.17970485454102447,0.16566990983865945,0.8017108,0.00020025550632793445,0.020025551,0.013834689196037064,0.1782638,0.16011583607856433,0.12795355084781387,0.7138953,0.0007782411160669822,0.07782411,0.03138404411468344,0.20828047
251,0.017371821759195858,0.016230140409985213,0.8858319,0.0011416813492106446,0.11416814,0.0,0.0,0.055197053006302135,0.029062377467449753,0.86550593,0.0005981139348352868,0.059811395,0.025536561604017096,0.07468267,0.07951852888037077,0.06511822402857011,0.84487075,0.000874994590432791,0.08749946,0.013525310261367872,0.06762969
252,0.043125374219844886,0.04235129541181573,0.9225921,0.0007740788080291592,0.07740788,0.0,0.0,0.0693390560238364,0.054594141939692725,0.8825538,0.0007893094821575717,0.07893095,0.013955604601986115,0.03851533,0.12261084388093939,0.09084226218681092,0.84405905,0.000885859558926362,0.08858596,0.030882722135202118,0.06735508
253,0.05971951787954191,0.05894744995546298,0.9227932,0.0007720679240789303,0.07720679,0.0,0.0,0.129245206972806,0.11505144638668245,0.8449559,0.0005964728646954862,0.059647284,0.01359728772142807,0.09539681,0.1554407276705495,0.13463391891355772,0.8521718,0.0004989918819799911,0.04989919,0.020307816875011823,0.09792905
254,0.017116427361666436,0.015942469297661407,0.8440814,0.0011739580640050282,0.1173958,3.443680091614756e-19,0.0385228,0.059024646626980676,0.044661098666312696,0.80403644,0.000609272964296506,0.060927294,0.013754274996371465,0.13503626,0.08598095284344329,0.07126024486185525,0.82086694,0.0006984230998948083,0.069842316,0.014022284881693235,0.10929085
255,0.017389044571174395,0.0162385970275211,0.8849553,0.0011504475436532962,0.11504475,0.0,0.0,0.05929772707689625,0.045212482762170006,0.8643124,0.000603207550339326,0.060320754,0.013482036764386906,0.07536678,0.11192500310210843,0.09746107514456369,0.8430631,0.0006929997252920005,0.069299966,0.013770928232252743,0.08763694
256,0.042746147837129427,0.04157935545201732,0.88332075,0.0011667923851121135,0.11667924,0.0,0.0,0.16580399794374728,0.1515155005879323,0.90100855,0.000606096353986262,0.060609635,0.013682401001828708,0.038381834,0.14915195535442446,0.12802970994482804,0.8427435,0.0005029299711208231,0.050292995,0.020619315438475578,0.106963545
257,0.035309745793736566,0.033779336305825775,0.8469591,0.0015304094879107942,0.15304095,0.0,0.0,0.06761458480710512,0.05379681796545102,0.8826551,0.0008040070773581655,0.080400705,0.01301375976429594,0.036944255,0.13521284684226031,0.0623221132655565,0.76802236,0.0012724013886172953,0.12724014,0.07161833218808654,0.104737386
258,0.27093411258939926,0.21315703267209313,0.8397828,0.000788027013321792,0.0788027,0.05698905290398428,0.08141452,0.27938096498785203,0.20067667176581813,0.8205058,0.0006024598404755084,0.060245983,0.07810183338155839,0.119248256,0.2615010742465798,0.17125020378157751,0.7619929,0.000889790454513906,0.08897905,0.08936108001048838,0.14902814
259,0.024903184179477462,0.024529883531703763,0.9626699,0.00037330064777369777,0.037330065,0.0,0.0,0.04594838796414775,0.03231155998315833,0.8845523,0.0005837040743607811,0.058370408,0.013053123906628628,0.05707733,0.07283465335614897,0.05836889635583852,0.8264056,0.0008677497548859841,0.08677498,0.01359800724542446,0.08681938
260,0.017387697969183956,0.016243440138097136,0.8855743,0.0011442578310868197,0.11442578,0.0,0.0,0.059584556733581005,0.04518010050063927,0.86443955,0.0006007802524476857,0.06007802,0.013803675980494048,0.075482436,0.09922567081917191,0.0844917332743519,0.8341987,0.0007837312281839812,0.07837312,0.013950206316636021,0.087428175
261,0.0773855849817029,0.0486495210563329,0.84528464,0.0011531030743380999,0.115310304,0.027582960851031908,0.039405,0.08658993339615693,0.05829610186247286,0.8428108,0.000792432332934824,0.079243235,0.02750139920074925,0.07794601,0.11645568951035692,0.0837706258322747,0.77533007,0.00098182792991947,0.098182805,0.031703235748162764,0.12648717
262,0.025138114872998857,0.024750255561207583,0.9612141,0.00038785931179127547,0.03878593,0.0,0.0,0.02110095901357141,0.02030972907704446,0.88292736,0.0007912299365269496,0.07912299,3.392444852526876e-19,0.03794965,0.041290734960830064,0.033436571282563866,0.8523116,0.0009874029424511027,0.098740295,0.006866760735815088,0.048948012
263,0.0687225511232184,0.06795959015600302,0.9237039,0.0007629609672153788,0.07629609,0.0,0.0,0.19300642817912558,0.13103763498949753,0.82643247,0.0005900915084419627,0.05900915,0.06137870168118605,0.11455845,0.1978683418085977,0.12222679087086386,0.8237599,0.0004025383891513593,0.040253837,0.07523901254858245,0.13598627
264,0.04342023332497314,0.042241697574881915,0.8821464,0.0011785357500912375,0.11785357,0.0,0.0,0.13225229565774815,0.1050983455031937,0.9010291,0.0006105097587295971,0.061050974,0.02654344039582485,0.03791994,0.1487828991686805,0.10166807151958414,0.7968828,0.0010734609385923183,0.10734609,0.04604136671050408,0.09577121
265,0.06786507079652593,0.03978342329811631,0.7253114,0.0012099014062580493,0.120990135,0.026871746092151563,0.15369849,0.09821022752249989,0.08367438095428152,0.838797,0.0006262788251663178,0.06262788,0.013909567743052048,0.09857498,0.11004809135363265,0.09544730476132932,0.7916639,0.0006096819861989669,0.060968198,0.013991104606104381,0.14736798
266,0.2432556499712961,0.1585264179908924,0.7205426,0.0011960450421400538,0.119604506,0.0835331869382636,0.15985285,0.17989159293890447,0.1220092848179557,0.7598136,0.0013856266428944734,0.13856266,0.05649668147805429,0.10162374,0.15847712313081094,0.12111202082165269,0.7602913,0.0013907648257957851,0.13907647,0.03597433748336249,0.10063226
267,0.04221362126310958,0.04144650894474391,0.92328876,0.0007671123183656712,0.07671123,0.0,0.0,0.05564841939162584,0.041730154456362564,0.90226823,0.0007897646046360313,0.07897646,0.013128500330627247,0.018755367,0.12781645127684793,0.0633246687800122,0.80682904,0.000883250782226236,0.08832508,0.0636085317146095,0.104845926
268,0.04256567183701128,0.041390974981892634,0.8825303,0.0011746968551186521,0.11746968,0.0,0.0,0.14114553250082248,0.12735569221541782,0.88189596,0.0006105052301458212,0.061050523,0.013179335055258846,0.0570535,0.17160050279425137,0.1572803322912143,0.8428118,0.0007010568340722169,0.07010568,0.013619113668964846,0.08708252
269,0.03506690405504704,0.03389008926103458,0.88231856,0.001176814794012453,0.11768148,0.0,0.0,0.05222962020363052,0.03744245046354571,0.8448577,0.0013595968578703434,0.13595968,0.013427572882214463,0.01918262,0.08366823312145953,0.06863635838580565,0.81458986,0.0014681076073007416,0.14681076,0.013563767128353143,0.03859943
270,0.024701643332541698,0.02355450897507627,0.84660167,0.001147134357465425,0.11471343,3.4581744626439794e-19,0.038684938,0.046251983365613966,0.03232457676984183,0.82506746,0.0007865856561782976,0.078658566,0.013140820939593841,0.09627393,0.055028599074929505,0.04714921038842302,0.82320136,0.0009744075136978882,0.09744076,0.006904981172808596,0.0793579
271,0.017092448080356405,0.01590736731787468,0.8814919,0.0011850807624817284,0.11850807,0.0,0.0,0.07038984142449893,0.05679268656607597,0.8638013,0.0008148833927683873,0.08148834,0.012782271465654565,0.054710362,0.08364741444512616,0.07597615273733227,0.80498344,0.0009036929165446093,0.090369284,0.006767568791249287,0.10464718
272,0.03509215283171287,0.03394894981981271,0.8856798,0.0011432030119001573,0.1143203,0.0,0.0,0.10551425462168261,0.07456680663302068,0.8644057,0.0009838036416897422,0.098380364,0.029963644346972216,0.037213963,0.144861625207909,0.0868086552328418,0.805111,0.0010837294489316402,0.10837295,0.05696924052613558,0.086516134
273,0.025216119352471075,0.024055764103331753,0.8839645,0.0011603552491393219,0.11603553,0.0,0.0,0.0717942780712772,0.05754671419795656,0.8622881,0.0006095979465212292,0.060959794,0.013637965926799401,0.07675212,0.08613745025746226,0.07119934989070396,0.84206825,0.0009816747555784593,0.09816748,0.013956425611179834,0.05976429
274,0.017271464885984217,0.016507618004300544,0.92361534,0.0007638468816836718,0.076384686,0.0,0.0,0.05839539113193257,0.04443268193801248,0.88372976,0.0005965369847750599,0.059653696,0.01336617220914503,0.056616556,0.09119147772898051,0.07689444178905103,0.8724576,0.000692760961189777,0.069276094,0.013604274978739703,0.058266263
275,0.010000000789131129,0.008836138219321025,0.88361377,0.0011638625698101033,0.11638625,0.0,0.0,0.05941399234567675,0.0450128832752611,0.88103634,0.0006074722504558455,0.06074722,0.013793636819959805,0.058216397,0.08459693125855838,0.06967043771804653,0.82396513,0.00088413734150715,0.08841374,0.014042356199004714,0.08762114
276,0.031962309638727225,0.03080452143443194,0.84448284,0.0011577882042952882,0.11577882,3.552338499294513e-19,0.03973831,0.04597269022367406,0.04537262586624643,0.86117685,0.0006000643574276278,0.060006436,7.045692392022387e-19,0.07881678,0.060533990466049035,0.05314625922139452,0.84095395,0.0005068762870123791,0.05068763,0.006880854957642128,0.108358376
277,0.04217944282760188,0.04141136628495233,0.9231924,0.0007680765426495416,0.076807655,0.0,0.0,0.05567309319233828,0.04147079075963261,0.86364836,0.0007965791444359772,0.07965791,0.013405723288269692,0.05669364,0.11199252813216512,0.0718724669729276,0.8151523,0.0009864376130709503,0.09864376,0.039133623546166535,0.08620393
278,0.03646270817749453,0.035282038880995965,0.8819331,0.0011806692964985619,0.11806694,0.0,0.0,0.14906712003701356,0.10398168166637566,0.84257966,0.001000621074101265,0.10006211,0.04408481729653665,0.05735812,0.21599760191749406,0.11814013610546752,0.7189989,0.0014736249782295052,0.1473625,0.09638384083379713,0.13363844
279,0.08445351780095732,0.0836743729391145,0.76482403,0.0007791448618428282,0.07791449,1.4058116851999823e-18,0.15726142,0.1857773104196464,0.17128478724519036,0.82032824,0.0005955119341223307,0.05955119,0.013897011240333712,0.12012066,0.1577108881966946,0.13636121297803117,0.81116503,0.0007805431598963366,0.07805432,0.020569132058767085,0.110780634
280,0.1411011622892984,0.1120212714793429,0.84317523,0.0011695203597064888,0.11695203,0.027910370450249015,0.039872736,0.20106489549443565,0.1724129347533593,0.8608285,0.000600249788472177,0.060024977,0.028051710952604156,0.079146475,0.16730622709149193,0.13479902759825105,0.8515572,0.0006961073590905141,0.06961074,0.03181109213415037,0.07883207
281,0.08936953978986172,0.0594654727366212,0.84077245,0.0011819518428339505,0.11819519,0.02872211521040656,0.041032393,0.15982955577135227,0.11711746372202672,0.8597639,0.000803657944198177,0.0803658,0.04190843410512739,0.059870362,0.1557411849627354,0.09455048710828005,0.76456046,0.0013706415002102484,0.13706416,0.059820056354245164,0.09837541
282,0.024732840802299042,0.024349612962767678,0.9616773,0.00038322783953136043,0.038322784,0.0,0.0,0.06850884244299776,0.05439078365603026,0.90245664,0.0005937990634489768,0.05937991,0.013524259723518518,0.03816349,0.1486996293431094,0.10197437861073205,0.8541853,0.0004979988581406618,0.049799886,0.04622725187423668,0.09601491
283,0.04188196514968505,0.04109299966920271,0.8039659,0.0007889654804823361,0.078896545,1.0471310192541843e-18,0.11713752,0.033290217045172314,0.032496830240859996,0.80274874,0.0007933868043123202,0.07933868,1.0540594707306633e-18,0.11791258,0.07104406339482959,0.06374246808741767,0.82045335,0.0005073886179721519,0.05073886,0.0067942066894397905,0.12880783
284,0.01745198011150349,0.01628162682062905,0.8829646,0.0011703532908744374,0.11703533,0.0,0.0,0.06876556907688773,0.04176309450068955,0.88286793,0.0006098007888738871,0.060980078,0.02639267378732429,0.05615204,0.06719861944145732,0.052228418166685546,0.8341157,0.0010769804642560554,0.10769804,0.013893220810515711,0.05818624
285,0.09753503050878742,0.06775787683238084,0.8388527,0.0012032659403575995,0.12032659,0.028573887736048964,0.040820636,0.0844268831069213,0.055302686411825085,0.81976897,0.0010068784006656117,0.10068784,0.028117318294430614,0.079543136,0.09295700526764528,0.07741539387407169,0.7818051,0.000811828513902054,0.08118285,0.014729782879671539,0.13701212
286,0.03141955207177093,0.030250810040943963,0.7645289,0.0011687420308269755,0.1168742,1.0601773670423737e-18,0.11859695,0.0979852573471575,0.07026238878717188,0.7819337,0.0006067386388678793,0.060673866,0.027116129921117716,0.15739244,0.09687469736464763,0.08218204873822126,0.7713575,0.0005088763740354524,0.050887637,0.014183772252390921,0.17775495
287,0.049360136993129876,0.048989036955098555,0.96289,0.0003711000380313267,0.037110005,0.0,0.0,0.0684894477569504,0.04149957138169651,0.8658794,0.0005798492335578055,0.057984922,0.026410027141696088,0.0761357,0.10424196868221242,0.06571145115809282,0.81590647,0.000871312922881455,0.08713129,0.03765920460123811,0.09696233
288,0.03606492619643939,0.034939699810954634,0.88747734,0.0011252263854847559,0.11252264,0.0,0.0,0.13264393904117938,0.09159714916456158,0.8458929,0.0007778873707507916,0.07778873,0.04026890250586698,0.07631841,0.15857484427862673,0.08463186669910408,0.7765814,0.0007840934854349406,0.078409344,0.07315888409408769,0.14500932
289,0.03569991838011043,0.03451198455821037,0.88120663,0.0011879338219000697,0.11879338,0.0,0.0,0.08752611976852659,0.07285257909126194,0.8624516,0.0011827542566310361,0.11827542,0.013490786420633604,0.019272927,0.14953819121896253,0.11085115438251791,0.7860844,0.001378436763004434,0.13784368,0.03730860007344019,0.076071896
290,0.032083609202924086,0.03095031854878553,0.8866709,0.0011332906541385575,0.11332907,0.0,0.0,0.05832346801160825,0.04445753639609114,0.8441425,0.0007836044856096106,0.078360446,0.01308232712990749,0.07749707,0.05977075710596989,0.05188464025318262,0.79537475,0.0009736117413887308,0.09736117,0.006912505111398545,0.10726404
291,0.06314818760772445,0.035190218576921756,0.8454731,0.0011624685811209355,0.11624686,0.02679550044968175,0.038280033,0.13429817436667127,0.10604157628505848,0.8427772,0.0007908439404712879,0.0790844,0.027465754141141496,0.07813847,0.18545761021605445,0.12089088430657763,0.8047679,0.0006950313167557434,0.069503136,0.06387169459272106,0.12572892
292,0.0699645056348225,0.042177234090655415,0.8424715,0.0011953933024020742,0.11953933,0.02659187824176499,0.03798914,0.0954032431480723,0.06717174983963212,0.85999554,0.0010111757461093729,0.10111757,0.027220317562330815,0.038886927,0.1205545501872145,0.07623354035097857,0.7370843,0.0017667324919716516,0.17667325,0.04255427734426431,0.0862423
293,0.26183437648077085,0.23258723507649334,0.83761674,0.0008279535068147985,0.08279535,0.028419187897462693,0.07958793,0.24021429229054617,0.22498959354016915,0.8780942,0.0006183234203911396,0.061832346,0.014606375329985917,0.060073487,0.2589849199467964,0.22637076439188056,0.85014236,0.0008031236880530078,0.08031237,0.031811031866862884,0.069545306
294,0.19500908616549503,0.16576878031500267,0.80581725,0.0007665214756307156,0.07665215,0.028473784374861692,0.11753066,0.22105357904115014,0.1923373814524161,0.8607486,0.0005926396595966432,0.059263967,0.028123557929137375,0.07998739,0.17355485063296677,0.15139687211818104,0.7938472,0.0005899118447462934,0.058991183,0.021568066670039465,0.14716136
295,0.060790965303052225,0.05960977849068639,0.80458164,0.0011811868123658242,0.11811868,6.910080183359272e-19,0.07729975,0.1443536239884571,0.13002376374167515,0.80273986,0.0008048107300650487,0.080481075,0.013525049516716932,0.11677915,0.13774434510325567,0.12245555817814344,0.76363266,0.0013667300180243843,0.136673,0.013922056907087834,0.09969437
296,0.18111590826221613,0.18111590826221613,0.92047,0.0,0.0,7.109447249182227e-19,0.07952997,0.21299665162269757,0.19894148932525874,0.86124384,0.00039312687285131454,0.039312687,0.013662035424587512,0.099443465,0.18635569679980854,0.16334216984353328,0.7841296,0.00039592404630821006,0.039592408,0.022617602909967,0.17627798
297,0.06188912165286685,0.06111479541468829,0.8836431,0.0007743262381785486,0.077432625,3.47957414441587e-19,0.038924325,0.1409101451273986,0.12669301282702652,0.8622944,0.0005935259836050834,0.0593526,0.013623606316766977,0.078352965,0.18299060294743313,0.151306093073779,0.851909,0.0004018581810222933,0.040185817,0.03128265169263183,0.10790529
298,0.2394140821420694,0.2394140821420694,1.0,0.0,0.0,0.0,0.0,0.2153872236585573,0.1527849731089573,0.84451705,0.0003910749411565795,0.039107494,0.062211175608443456,0.11637549,0.21884496568561626,0.13356649969045262,0.7854912,0.0003951059196129912,0.039510593,0.08488336007555068,0.17499813
299,0.01743531457320269,0.016282498908542546,0.8847185,0.001152815664660145,0.11528157,0.0,0.0,0.06798788254306203,0.05410815026129205,0.902597,0.000786986848206925,0.07869869,0.013092745433563039,0.018704288,0.10267106924319683,0.0713157147650916,0.86320436,0.0007948272981891326,0.079482734,0.030560527179916107,0.0573129
300,0.035445387386886296,0.03427260455948748,0.8827218,0.0011727828273988183,0.117278285,0.0,0.0,0.08534655155304569,0.07044518291358429,0.8259428,0.0013610541176196109,0.1361054,0.013540314521841786,0.0379518,0.14674820981522274,0.10758170551093045,0.77601635,0.0014702421899845026,0.14702421,0.03769626211430779,0.07695943
301,0.15519067627386626,0.12641546093741185,0.8025371,0.0011964829424411683,0.11964829,0.02757873239401324,0.07781454,0.18420501380655593,0.16899725495567788,0.859929,0.0009998270370826362,0.0999827,0.014207931813795437,0.040088274,0.213785075641892,0.17484658571911238,0.86047536,0.0007072366787675401,0.07072367,0.038231253244012046,0.06880102
302,0.14627281874661063,0.08772725404723475,0.7608074,0.0011761777713281867,0.117617786,0.05736938692804769,0.12157491,0.19071724697977815,0.1332938403848484,0.77986634,0.0008025226172603336,0.08025226,0.056620883977669484,0.13988146,0.18393962840274633,0.12303265831864216,0.723149,0.0007975772090825417,0.07975772,0.06010939287502163,0.19709331
303,0.049615155028208666,0.04841360556878856,0.8411839,0.0012015494594200865,0.12015495,3.456047067754334e-19,0.03866114,0.07165797597227092,0.057494662458059766,0.8019362,0.0006219063952464145,0.06219064,0.013541407118964741,0.13587312,0.06775879517430058,0.05315685198552365,0.8107423,0.0008950547715833967,0.08950548,0.013706888417193542,0.09975223
304,0.03666848511083829,0.008819339118298289,0.8819339,0.0007941532185758609,0.07941532,0.02705499277396414,0.038650744,0.15990698440084006,0.13214060820365234,0.8813495,0.0006080805898068375,0.06080806,0.027158295607380884,0.05784237,0.1564657252219681,0.13489309101346306,0.8620539,0.0006966415614194762,0.06966416,0.020875992647085576,0.06828195
305,0.27078476416581715,0.24276277672115634,0.87925804,0.0008187949345600835,0.08187949,0.027203192510100702,0.038862463,0.2585293896606446,0.24397393591117195,0.8994965,0.0006144658796455107,0.06144659,0.01394098786982716,0.03905699,0.25601905346613024,0.24827981667508367,0.9091944,0.0005123054006813705,0.05123054,0.0072269313903651836,0.039575107
306,0.03536885022087203,0.03421171006647497,0.884286,0.0011571401543970605,0.11571402,0.0,0.0,0.06465119619201393,0.05003766603991708,0.84634614,0.001347012709190756,0.13470127,0.0132665174429061,0.018952537,0.1271274766295876,0.07999728976199981,0.7773345,0.001468489923761576,0.14684899,0.04566169694382623,0.07581643
307,0.01719083817769467,0.016418748125075,0.92279094,0.000772090052619674,0.07720901,0.0,0.0,0.042179347939496674,0.04157974944178374,0.90268403,0.0005995984977129336,0.059959847,3.339386399371776e-19,0.037356116,0.11451094739100565,0.1002970725625761,0.8730261,0.0006909733898522136,0.06909734,0.013522901438577319,0.057876505
308,0.08669026452699916,0.08550528532302133,0.88150203,0.0011849792039778195,0.118497916,0.0,0.0,0.1887548644889115,0.17403642529151378,0.8808653,0.0009952977826074355,0.09952978,0.013723141414790276,0.019604871,0.15727938298878497,0.1349350932933689,0.80400026,0.001469361999113141,0.1469362,0.020874927696302913,0.04906359
309,0.010000000254008887,0.009244200616848115,0.92442006,0.0007557996371607724,0.07557996,0.0,0.0,0.05460416619195798,0.04094120383378583,0.88448,0.0005939502509221553,0.059395026,0.013069012107250002,0.056124963,0.09455628007264417,0.06328738195572711,0.82649565,0.0009689807578018942,0.09689807,0.030299917359115174,0.07660635
310,0.009999999599393022,0.008842746029428722,0.8842746,0.0011572535699643025,0.11572535,0.0,0.0,0.0674072411280159,0.05350370215403204,0.90170676,0.0007956729148698851,0.07956729,0.013107866059113966,0.018725889,0.10489264849008915,0.081946608310171,0.8256614,0.0010790149432802693,0.10790149,0.02186702523663791,0.06643707
311,0.04256200982913653,0.042177623765213286,0.96156144,0.00038438606392324513,0.038438607,0.0,0.0,0.04318445628791999,0.029457862415394737,0.8832374,0.0005949025495026165,0.059490252,0.013131691323022634,0.057272326,0.0964635990499872,0.06529393886579726,0.85367435,0.0005949681285231764,0.05949681,0.030574692055666763,0.08682873
312,0.2221771235379432,0.1872269940393458,0.9615549,0.0,0.0,0.0349501294985974,0.038445152,0.26680394850789413,0.15036032009811234,0.804508,0.00039256680453268066,0.03925668,0.11605106160524908,0.15623547,0.2109778379739935,0.0981701001754186,0.7649306,0.0004899960292466038,0.048999608,0.11231774176932828,0.1860697
313,0.25054339706076384,0.24975028638446706,0.881789,0.0007931106762967647,0.079311065,3.4773931041305124e-19,0.03889993,0.3132617999484113,0.2987271592092703,0.8619257,0.0007912933934730449,0.07912934,0.013743347345667888,0.05894485,0.25973567928366165,0.25212252337052293,0.861074,0.0005063052207621453,0.05063052,0.0071068506923764934,0.08829552
314,0.01721478756120353,0.016061454099159402,0.88466656,0.001153333462044127,0.11533335,0.0,0.0,0.09558834652042056,0.08165661879498506,0.8636819,0.0006052832868327841,0.06052833,0.013326444438602706,0.07578974,0.12396023652568948,0.10990604404059573,0.88123256,0.0005058341069011611,0.050583407,0.013548358378192613,0.06818407
315,0.042278270550568355,0.041897519014754754,0.96192485,0.00038075153581359296,0.038075153,0.0,0.0,0.08017378133997417,0.06640532078297337,0.90327084,0.0005901987771624767,0.05901988,0.013178261779838343,0.0377093,0.12716238391758522,0.07038057731044468,0.81764066,0.0007789777433751953,0.07789777,0.056002828863765314,0.104461566
316,0.08820120740268836,0.059796298378221556,0.8829624,0.0007756644625272639,0.07756645,0.027629244561939534,0.03947112,0.14618944980321683,0.11813957093548604,0.8624847,0.0005986901117782926,0.059869014,0.027451188755952503,0.077646315,0.16546866102171492,0.13495786721242642,0.84241563,0.0005024988508167975,0.050249882,0.030008294958471723,0.1073345
317,0.061654711444688044,0.060447662137623294,0.8792951,0.0012070493070647555,0.120704934,0.0,0.0,0.1422103743819102,0.11359586951294832,0.82175,0.0010120201995522955,0.101202026,0.027602484669409573,0.077048,0.14369265973566783,0.12067999858572245,0.7545829,0.0018580696025173925,0.18580696,0.021154591547427957,0.05961021
318,0.025362765356651953,0.02421507264027206,0.8852307,0.0011476927163798954,0.11476928,0.0,0.0,0.033657121241837444,0.03286783382362691,0.88445574,0.0007892874182105346,0.07892874,3.2731773397966086e-19,0.036615465,0.04882700526270873,0.041368162955058276,0.88130414,0.0007070384017588745,0.07070384,0.006751803905891582,0.047992006
