scenario_idx,pooled_k25,safety_barrier_k25,safety_barrier_mass_k25,propagation_node_k25,propagation_node_mass_k25,other_k25,other_mass_k25,pooled_k50,safety_barrier_k50,safety_barrier_mass_k50,propagation_node_k50,propagation_node_mass_k50,other_k50,other_mass_k50,pooled_k100,safety_barrier_k100,safety_barrier_mass_k100,propagation_node_k100,propagation_node_mass_k100,other_k100,other_mass_k100
0,0.041360540829863957,0.0401702439955188,0.8429598,0.0011902968343451522,0.119029686,9.09923269285641e-31,0.038010523,0.07184160233296616,0.07065444008460703,0.8044172,0.001187162248358941,0.11871622,1.9203866143178814e-16,0.07686662,0.13736049681901266,0.09298647209952271,0.74528253,0.001291536031603902,0.1291536,0.043082488687886084,0.12556386
1,0.07072796719366241,0.06993026557439062,0.80313534,0.0007977016192713966,0.07977016,3.921913919746774e-16,0.117094524,0.055814073043268464,0.05540044422778262,0.8013459,0.0004136288154851604,0.04136288,6.918649978674946e-16,0.15729119,0.08603840412088999,0.08524865622357371,0.7533394,0.0007897478973155674,0.0789748,6.97063769003175e-16,0.16768567
2,0.04077043273100684,0.03997883496224841,0.88329285,0.0007915977687584317,0.079159774,8.98835350134169e-31,0.037547342,0.08538038257043817,0.08477301595794129,0.82634324,0.0006073666124966087,0.06073666,2.825163270679239e-16,0.11291999,0.14538683503816707,0.09212506831268491,0.7383201,0.0012621887908549365,0.12621889,0.05199957793462721,0.13546112
3,0.16336172223170858,0.16256194285267347,0.88162374,0.0007997793790351099,0.07997794,5.9781837784156676e-36,0.0383983,0.16740966865666765,0.149983062670266,0.824696,0.0004161955562382251,0.041619554,0.017010410430163415,0.13368438,0.12334982766853972,0.10467438375029203,0.77539337,0.0012612535239447718,0.12612535,0.017414190394302927,0.09848126
4,0.009625283938502188,0.008839882307851455,0.8839883,0.0007854016306505408,0.07854016,1.8954261369652839e-16,0.0374716,0.009045348951151017,0.00806505546117853,0.8065055,0.0009802934899721025,0.098029345,3.8523438000970087e-16,0.095465116,0.03966561492204438,0.038488034680829085,0.8224916,0.0011775802412150884,0.11775802,2.0317665622823665e-16,0.059750408
5,0.16149798891399286,0.16070799010324022,0.8036933,0.0007899988107522316,0.07899988,3.970179885022704e-16,0.11730679,0.13398090035666202,0.13338138236088848,0.8220843,0.0005995179957731438,0.0599518,3.982213780301511e-16,0.11796392,0.14638322537620307,0.10275776417110057,0.7166465,0.0006956422167906529,0.069564216,0.04292981898831186,0.21378928
6,0.040580396958283124,0.039807220894325625,0.92268246,0.0007731760639574995,0.0773176,0.0,0.0,0.05495944730893344,0.05455281809284297,0.86373204,0.00040662921609018333,0.040662922,2.890940557969077e-16,0.09560506,0.07098813791972516,0.06992451332766134,0.81477386,0.0010636245920635256,0.10636246,2.960156262226897e-16,0.07886362
7,0.03960153934674523,0.03881459007643414,0.84433085,0.0007869492703108909,0.078694925,1.9507458051132112e-16,0.076974295,0.08455220729917752,0.08395660121303049,0.8237786,0.0005956060861466366,0.059560604,3.9357251897137754e-16,0.11666069,0.07852761211130621,0.07754714816112414,0.80258,0.0009804639501816603,0.0980464,3.996935572183026e-16,0.099373646
8,0.03972060986540031,0.03893423825499828,0.88229644,0.0007863716104020259,0.07863716,9.352006676793968e-31,0.039066445,0.08425564610266628,0.08346206124343679,0.8054323,0.0007935848592291181,0.07935849,3.8027822606172085e-16,0.115209185,0.10929216733966289,0.09940131809703996,0.7655927,0.00126756109515016,0.12675612,0.008623288147472775,0.10765127
9,0.009212981653908471,0.008440661726768559,0.8440662,0.0007723199271395149,0.07723199,3.9809742715057324e-16,0.07870182,0.05300602488669051,0.052411801532324685,0.74718183,0.0005942233543649365,0.059422333,8.844431991947685e-16,0.19339591,0.06896260313110816,0.0681721721027833,0.66814154,0.0007904310283236874,0.0790431,1.1829424190815476e-15,0.2528153
10,0.07216852429889004,0.0709844849148436,0.76309264,0.0011840393840460391,0.11840394,3.9260795043888115e-16,0.118503414,0.11628985486292626,0.11567490643968525,0.76152104,0.0006149484232403061,0.061494846,6.888478564289871e-16,0.17698413,0.1102812455424838,0.10929386690671265,0.7415247,0.000987378635770539,0.098737866,6.526052512964275e-16,0.15973742
11,0.03977531472824925,0.038976758528039515,0.8815561,0.0007985562002095399,0.07985562,1.9519108508195994e-16,0.03858827,0.05460419198291312,0.0541878379757369,0.8420526,0.0004163540071757321,0.0416354,4.907749380640348e-16,0.11631194,0.0626842621735956,0.06189245990221749,0.7845763,0.0007918022713775829,0.079180226,5.430878120172174e-16,0.13624352
12,0.04014379038271573,0.039365801743695784,0.9222012,0.0007779886390199548,0.077798866,0.0,0.0,0.05497078791062712,0.053997398989586755,0.8268793,0.0009733889210401686,0.09733889,1.9233097740247782e-16,0.075781874,0.11145514589335692,0.08423804400484167,0.7577428,0.001454449993319471,0.14544499,0.02576265189519579,0.09681215
13,0.04024137669999307,0.03947023694414284,0.922886,0.0007711397558502292,0.07711398,0.0,0.0,0.08573787486137403,0.0684808124654627,0.84663975,0.0004046545559563572,0.040465456,0.016852407839954984,0.11289472,0.12333022514760819,0.061483001252935356,0.75813615,0.0009650376001999419,0.09650376,0.06088218629447288,0.14536013
14,0.0723910816044164,0.0715826775899531,0.8797482,0.0008084040144632937,0.0808404,9.43458179676071e-31,0.03941139,0.13382068125842178,0.1332088505562777,0.86036325,0.0006118307021438586,0.06118307,1.9435462823557638e-16,0.078453735,0.13950869374887026,0.0955752477552397,0.7186283,0.0011771365870758405,0.11771365,0.042756309406554734,0.16365808
15,0.04098140862001521,0.04015982473743769,0.87944734,0.0008215838825775204,0.08215839,9.191088794635606e-31,0.038394235,0.08602939529353418,0.08521992724515232,0.8419701,0.0008094680483816766,0.0809468,1.9359915126302511e-16,0.07708305,0.08866273890070202,0.07013850195230993,0.73591316,0.0013806308821158943,0.1380631,0.01714360606627618,0.12602381
16,0.06911779227842552,0.06794951525100554,0.688548,0.0011682770274189867,0.116827704,9.84467949495469e-16,0.19462423,0.07013912786501646,0.06915046927067077,0.68463266,0.000988658594344682,0.09886586,9.963412269471336e-16,0.21650147,0.10965058597502861,0.10018429627670333,0.6931043,0.0009927772262506849,0.09927772,0.00847351247207459,0.2076179
17,0.03975795784569341,0.038953848462284064,0.8421608,0.0008041093834091498,0.080410935,1.9300808811174559e-16,0.07742826,0.040074479881785224,0.039654547420780804,0.82185894,0.000419932461003931,0.041993245,4.878467756658275e-16,0.13614781,0.07766930127654172,0.07640447177286919,0.7452582,0.0012648295036719868,0.12648295,5.433044679775234e-16,0.12825876
18,0.010000000247735636,0.009212707814525363,0.9212708,0.0007872924332102742,0.07872924,0.0,0.0,0.06870855843582001,0.06829396955750791,0.88252085,0.00041458887831171825,0.04145889,3.845336654803233e-16,0.07602033,0.08514569232229713,0.08436442917227238,0.8158372,0.0007812631500243095,0.07812632,4.40427368477972e-16,0.10603642
19,0.039840943783239595,0.03904101087342547,0.9200067,0.000799932909814117,0.07999329,0.0,0.0,0.11496659345046085,0.11417605837555031,0.84333605,0.0007905350749103527,0.07905351,1.9437111572637507e-16,0.07761046,0.10369099808997138,0.09361759591672704,0.78522646,0.0013572583374840737,0.13572584,0.00871614383576027,0.07904766
20,0.06893092088237864,0.06815251512940408,0.92215943,0.0007784057529745536,0.07784058,0.0,0.0,0.05493203528727829,0.05414253452284355,0.82780373,0.0007895007644343552,0.07895008,3.789153394016902e-16,0.09324608,0.09205988847112644,0.09098501285086855,0.77725244,0.001074875620257407,0.10748757,4.86807904477099e-16,0.11526017
21,0.10074386583588871,0.09997339208187687,0.84749454,0.0007704737540116513,0.07704738,1.9088192955506609e-16,0.07545809,0.18628347455641112,0.11558821959919989,0.76694465,0.0005867206177900512,0.058672063,0.07010853433942117,0.17438334,0.17585929668197,0.08641867087395814,0.70737183,0.0007806302190766263,0.078063026,0.08865999558893524,0.2145651
22,0.040369423940682575,0.0395941774753123,0.9224754,0.0007752464653702802,0.07752465,0.0,0.0,0.10168271358480352,0.08453273160515128,0.88406503,0.00040713248450601055,0.040713247,0.016742849495146234,0.07522172,0.1203487348790182,0.08499143288334145,0.77840376,0.0010636954396709623,0.10636954,0.03429360655600579,0.115226604
23,0.35898738693060944,0.3581930818023296,0.72358525,0.0007943051282796498,0.07943051,1.9448765115989762e-16,0.19698432,0.33340026732125055,0.2795218987023921,0.7027804,0.0011822153103109444,0.11822153,0.05269615330854758,0.17899801,0.25659519473023307,0.20163898069363662,0.66372544,0.00128359888940857,0.12835988,0.05367261514718785,0.20791459
24,0.040168968440313896,0.0393748832399704,0.8817679,0.0007940852003435008,0.07940852,9.293873790440582e-31,0.038823605,0.03999973987420781,0.03958299348362211,0.8238935,0.0004167463905852163,0.04167464,4.834200308411009e-16,0.13443187,0.0939974164182273,0.08459183240459983,0.7842314,0.0008841411442792778,0.08841412,0.008521442869348196,0.1273545
25,0.07104782453480304,0.07026307811305382,0.8824343,0.0007847464217492205,0.07847464,9.357911696497699e-31,0.03909111,0.11672866685360664,0.11576066520084201,0.84499073,0.0009680016527645163,0.09680016,9.42875489383884e-17,0.0582091,0.13813371565894295,0.09408897736457938,0.73906666,0.0013591361007520095,0.13591361,0.042685602193611547,0.1250197
26,0.008032758139315916,0.007232017720183079,0.72320175,0.0008007404191320397,0.08007404,7.969863202434828e-16,0.19672418,0.0386536006365609,0.038240772977636846,0.760184,0.0004128276589232468,0.041282766,8.046733072789667e-16,0.1985332,0.06914742119680645,0.06864641945138751,0.7325071,0.000501001745417929,0.05010017,9.956516412946568e-16,0.2173927
27,0.008863114208634951,0.008097479593405354,0.80974793,0.0007656346152290237,0.076563455,5.750707724653916e-16,0.11368853,0.038057816375649374,0.03690096004496617,0.71238893,0.0011568563306824388,0.115685634,7.732575824289397e-16,0.1719255,0.06813561417910842,0.06714586044216124,0.69768894,0.0009897537369463081,0.098975375,8.840857964609512e-16,0.20333561
28,0.07032535557028312,0.06952850319990354,0.8828508,0.0007968523703795757,0.07968523,8.968365971560377e-31,0.037463848,0.1316442251440891,0.13103877762773525,0.8634011,0.0006054475163535898,0.06054475,2.8536479011726633e-16,0.07605411,0.09587231695166691,0.09442140592309448,0.7582879,0.0014509110285721143,0.1450911,3.403408786700855e-16,0.096621044
29,0.0705482342344633,0.06975091747958093,0.8820028,0.0007973167548823729,0.07973167,9.160285111284971e-31,0.03826556,0.10110231530040341,0.10068799735027328,0.84314847,0.00041431795012972087,0.041431796,3.8797976395227704e-16,0.11541968,0.08736445023281797,0.08657988954166106,0.813284,0.0007845606911565244,0.078456074,3.964502618813863e-16,0.108260006
30,0.04050310047264891,0.03971954155428667,0.92164415,0.0007835589183622469,0.07835589,0.0,0.0,0.06998650616445243,0.0693889873783472,0.82612985,0.0005975187861048486,0.059751876,3.7984451469279124e-16,0.11411826,0.1301607665442337,0.06925844944924735,0.73847175,0.0011650595371083571,0.11650595,0.05973725755787797,0.14502212
31,0.04069636578816624,0.03990959848002236,0.92132324,0.0007867673081438732,0.07867673,0.0,0.0,0.06973982140065847,0.06932729248047852,0.844968,0.0004125289201796725,0.041252892,2.872054910195189e-16,0.11377914,0.10565720395197238,0.06214447434581079,0.7578495,0.0011624804403424116,0.11624804,0.04235024916581919,0.12590238
32,0.229046515757468,0.228644209904543,0.84250045,0.0004023058529248219,0.040230587,2.0390940698653567e-16,0.117268994,0.25436098179730765,0.18360294903168653,0.7838656,0.00039840375272064506,0.039840374,0.0703596290129005,0.17629401,0.22950508196722613,0.17489197385044258,0.762551,0.0005922966671076714,0.05922967,0.05402081144967587,0.17821936
33,0.3585146382296548,0.3581062737594255,0.8371076,0.0004083644702290091,0.040836446,2.0232203490680748e-16,0.122056045,0.2665787446694119,0.2659804176833087,0.8771746,0.0005983269861031077,0.059832696,1.0441771962445129e-16,0.062992714,0.2202841344040666,0.2020937711341682,0.83074784,0.0005953417034169717,0.05953417,0.017595021566481458,0.1097179
34,0.26879161407145574,0.19636653677560373,0.802266,0.000397578849260151,0.039757885,0.07202749844659181,0.15797609,0.2737256835222218,0.1652111245432779,0.7425463,0.00039648693311906296,0.039648693,0.10811807204582481,0.21780498,0.295969662513756,0.1337285859885876,0.645188,0.0004921087848898348,0.049210876,0.16174896774027855,0.3056012
35,0.04004314754381615,0.03925547025446582,0.8811963,0.0007876772893501291,0.07876773,2.0251400852062013e-16,0.040035974,0.05449827865666544,0.053894458406825156,0.7840935,0.0006038202498396074,0.060382023,6.900702685140355e-16,0.15552457,0.06255135120910847,0.06166328976359677,0.7536972,0.0008880614455109929,0.088806145,6.987605877821783e-16,0.15749662
36,0.04060205603378257,0.039821580128808036,0.9219524,0.000780475904974535,0.078047596,0.0,0.0,0.08528644336075066,0.08450159931812568,0.86483425,0.0007848440426248101,0.0784844,1.8849890121511993e-16,0.05668132,0.10358154759988868,0.08523988946589015,0.7868077,0.001265745607382324,0.12657456,0.017075912526616197,0.08661777
37,0.226042905173602,0.22486843857258496,0.80072397,0.0011744666010168863,0.11744666,1.961238755942778e-16,0.081829324,0.18209135738086188,0.18148304581985725,0.8384302,0.0006083115610044215,0.060831156,1.9930591601302342e-16,0.1007385,0.16141013472261934,0.14276166207421906,0.71560633,0.0014616694138379859,0.14616694,0.01718680323456232,0.13822673
38,0.22709947390586005,0.22669040736506144,0.8413636,0.00040906654079843574,0.040906653,1.9820776799275612e-16,0.11772972,0.1683822870623152,0.1679786390008113,0.8599928,0.00040364806150361605,0.040364806,2.978462119324813e-16,0.09964232,0.17649304878861924,0.16720062007780928,0.81194293,0.000498247416696911,0.04982474,0.008794181294113062,0.1382323
39,0.010000000162382876,0.009228346039283072,0.9228345,0.0007716541230998049,0.07716541,0.0,0.0,0.054112528760107005,0.05370759283833175,0.8463014,0.0004049359217748654,0.040493593,3.8285728630260945e-16,0.113205045,0.0735054451451688,0.046537163863846535,0.75843996,0.0013477476448780603,0.13477476,0.025620533636444193,0.10678532
40,0.010000000309805876,0.00920420174839566,0.9204202,0.0007957985614102164,0.07957985,0.0,0.0,0.039310241569457394,0.03850906663676177,0.84585845,0.0008011749326953469,0.080117494,2.810350999319673e-16,0.07402402,0.04737760791458956,0.04657821934957394,0.8528259,0.0007993885650153311,0.07993886,2.9037312718214033e-16,0.067235276
41,0.040653466536372855,0.03986625969156747,0.9212793,0.0007872068448053879,0.07872068,0.0,0.0,0.07015793783820064,0.06974428178824003,0.8637629,0.0004136560499603021,0.041365605,2.8669561573599885e-16,0.094871454,0.08927919847824622,0.06241859343776438,0.767037,0.0013599262103926714,0.13599262,0.02550067883008916,0.09697036
42,0.3257679773106692,0.3253621133123837,0.84233356,0.00040586399828535647,0.0405864,1.9702703672042545e-16,0.117080115,0.28885053008020767,0.21733937668305395,0.80236924,0.0005923881515269162,0.059238818,0.07091876524562678,0.13839191,0.324723740488105,0.19966825541130798,0.7146987,0.0005985734420542478,0.059857342,0.12445691163474272,0.22544394
43,0.008801798433282802,0.007626231451627913,0.76262313,0.0011755669816542822,0.1175567,6.060865098707534e-16,0.11982018,0.05374527312321505,0.053136750452441275,0.7235623,0.000608522670772778,0.060852267,9.945746309688767e-16,0.21558547,0.04699356379731095,0.046192996150842984,0.73126906,0.0008005676464671119,0.080056764,8.551799307623265e-16,0.1886742
44,0.13455686555475774,0.13374862911029348,0.83790725,0.0008082364444642527,0.080823645,1.9454782698895942e-30,0.0812691,0.16817970720025607,0.14940985409271804,0.7624529,0.0013716978083509667,0.13716978,0.017398155299187056,0.10037726,0.18038639170149767,0.12615168387176567,0.66658276,0.0017628165586577962,0.17628166,0.05247189127107419,0.15713565
45,0.07279753886980925,0.07162618849801763,0.8443695,0.0011713503717916103,0.11713504,9.215330936488665e-31,0.038495503,0.1659868674314798,0.13080181399211194,0.7852051,0.0011936583048201296,0.11936583,0.03399139513454773,0.095429085,0.1898998724331635,0.10143959582372289,0.6589269,0.0016764480160346524,0.16764481,0.08678382859340598,0.17342836
46,0.13097106609803189,0.13015766800985004,0.9186603,0.0008133980881818598,0.08133981,0.0,0.0,0.14890905400094862,0.14792699591458902,0.8633279,0.0009820580863595736,0.098205805,4.620729432617409e-31,0.0384662,0.121188246914965,0.1108068981969108,0.7576113,0.0017459931549276366,0.17459932,0.008635355563126551,0.06778949
47,0.040526539148502363,0.03974380789288269,0.92172694,0.000782731255619676,0.078273125,0.0,0.0,0.07039465872475795,0.06923417577437443,0.8085643,0.001160482950383319,0.116048306,1.918143805510097e-16,0.07538739,0.08852442530757479,0.06960336975276743,0.7385952,0.0017443357157417593,0.17443357,0.0171767198390656,0.08697119
48,0.009236374672860669,0.008444343876113779,0.8444344,0.0007920307967465029,0.07920308,3.862645416851324e-16,0.07636251,0.054005277421908846,0.053208964914455,0.84263116,0.0007963125074534515,0.079631254,3.932199649788137e-16,0.07773756,0.04743076748199448,0.046347130153694904,0.7653736,0.001083637328299031,0.10836373,5.437667135279692e-16,0.12626258
49,0.07051180683607176,0.06972080889787384,0.8022985,0.0007909979381975186,0.07909979,3.950451637916044e-16,0.11860173,0.039901215143814506,0.03930034386694239,0.7437081,0.0006008712768713282,0.060087126,7.899697706984003e-16,0.19620484,0.08623469721202985,0.08506421149574628,0.6950748,0.0011704857162828219,0.11704857,7.487312694912755e-16,0.18787669
50,0.03980960016481548,0.03980960016481529,0.9619993,0.0,0.0,1.92219277440493e-16,0.038000762,0.06860383257263343,0.06820834215275408,0.8456026,0.0003954904198788733,0.03954904,4.840215456004969e-16,0.11484844,0.07968410274107719,0.06213324414331672,0.8150252,0.0004911578672102933,0.049115784,0.01705970073055019,0.13585906
51,0.03974077243380761,0.038973530888763895,0.9232758,0.0007672415450437182,0.07672416,0.0,0.0,0.10232907464227696,0.06830002097772567,0.828354,0.0005928072723599193,0.059280727,0.033436246392191386,0.112365216,0.09751376892348369,0.06134767817225727,0.74897796,0.0012546426990983103,0.12546426,0.03491144805212811,0.12555769
52,0.04010989822600734,0.039322192649820405,0.92122954,0.0007877055761869426,0.078770556,0.0,0.0,0.07025300250396446,0.06908786257403403,0.80778754,0.0011651399299302426,0.11651399,1.8858893324020847e-16,0.07569844,0.12089399611718038,0.07649914851349462,0.7004331,0.0018437593077425584,0.18437593,0.04255108829594324,0.115191035
53,0.04074893979542402,0.039956847717932134,0.92079085,0.0007920920774918914,0.07920921,0.0,0.0,0.08700911599390096,0.0693267747433749,0.80686516,0.0007928450566400747,0.079284504,0.016889496193885987,0.113850296,0.13519923457902872,0.09912179154883743,0.7279139,0.0016506227050096932,0.16506226,0.034426820325181615,0.10702373
54,0.19320052111374988,0.1924044225831167,0.88164526,0.0007960985306331652,0.079609856,9.275028409202838e-31,0.03874488,0.15064197708117869,0.15003504205996418,0.8811727,0.0006069350212143947,0.0606935,9.600896396989309e-17,0.058133725,0.1143880286675588,0.10469635833687252,0.78591466,0.0011735017773651308,0.117350176,0.008518168553321144,0.09673511
55,0.04087793484843024,0.040105135150479955,0.9227201,0.0007727996979502772,0.07727997,0.0,0.0,0.06980121439015217,0.06902360525913427,0.82687473,0.0007776091310177125,0.07776091,1.9233871942753843e-16,0.09536443,0.10519787936119711,0.06955171639858636,0.74844366,0.0012553537338462024,0.12553537,0.034390809228764536,0.12602097
56,0.040130801250976705,0.03932991428786394,0.9199114,0.0008008869631127598,0.0800887,0.0,0.0,0.08520670475200037,0.08402584725381397,0.80637455,0.0011808574981862117,0.11808574,1.9159579272749093e-16,0.07553977,0.0969489802690984,0.06979211765408602,0.7376005,0.001568051537520984,0.15680516,0.025588811077491398,0.10559411
57,0.13316290831145378,0.1323605284544089,0.84214395,0.0008023798570448672,0.080237985,1.8580778597128175e-30,0.07761809,0.15126971846047713,0.13332555062674395,0.8223516,0.0008020979932022125,0.0802098,0.017142069840530946,0.097438574,0.17446346590846346,0.1031613291430118,0.71652746,0.0012731826020223019,0.12731826,0.07002895416342933,0.15615422
58,0.07220993434470212,0.07141410816192233,0.9204174,0.0007958261827797861,0.07958262,0.0,0.0,0.10448981676492691,0.08591253033307424,0.80634034,0.0013625913237568803,0.13625914,0.01721469510809581,0.057400554,0.14584484857662602,0.10048987939831476,0.70849115,0.0018529009414620843,0.1852901,0.0435020682368492,0.10621863
59,0.03947381837418757,0.038687749644079665,0.84548694,0.0007860687301075193,0.078606874,3.839568620058746e-16,0.07590629,0.1315394394724901,0.13112999684421486,0.8807891,0.00040944262827492334,0.040944263,2.983024325976442e-16,0.078266546,0.10389263319450713,0.0945474760094482,0.77671593,0.0008764939705678342,0.08764939,0.00846866321449112,0.13563477
60,0.07275323736330949,0.07192157315091677,0.8029911,0.0008316642123923391,0.08316642,3.820405726791207e-16,0.113842465,0.10297365016151025,0.10215980565178413,0.8023173,0.0008138445097257222,0.08138445,3.916001255353615e-16,0.11629823,0.08837734961871423,0.08709883056905982,0.7348586,0.001278519049653909,0.1278519,4.945181122460127e-16,0.1372897
61,0.07322562648384041,0.07241212493989041,0.83984363,0.0008135015439498156,0.081350155,1.9134845487776573e-16,0.07880617,0.11865381221670561,0.11766204155751486,0.821271,0.0009917706591905612,0.09917706,1.970118178961258e-16,0.079551846,0.11203730556000574,0.10210943877294364,0.72505236,0.0013818995065758186,0.13818996,0.00854596728048629,0.13675755
62,0.009999999614406126,0.009226164379747962,0.9226164,0.0007738352346581645,0.077383526,0.0,0.0,0.05417879161277136,0.05377301226584809,0.8645109,0.0004057793469229762,0.040577933,2.8844919182576485e-16,0.09491116,0.06387136633126406,0.05458899889075206,0.82468915,0.0008765793738013492,0.08765794,0.008405788066710641,0.08765284
63,0.009999999344159032,0.009229508169305008,0.9229508,0.0007704911748540229,0.077049114,0.0,0.0,0.10094566035200328,0.08348157547931617,0.846624,0.000589451020166373,0.058945104,0.01687463385252075,0.09443087,0.12128781203820115,0.07775857643383735,0.82471824,0.0005949943044592057,0.05949943,0.04293424129990457,0.11578247
64,0.03954995850507117,0.03874699899211352,0.8794216,0.0008029595129574508,0.08029595,2.0376109202493826e-16,0.040282518,0.05453392130580357,0.05373747854248584,0.7440055,0.0007964427633169366,0.07964427,7.92928261026345e-16,0.1763502,0.0700068218255404,0.06902293378092318,0.7151468,0.000983888044616369,0.098388806,8.429758986699232e-16,0.18646438
65,0.0697699938211663,0.06898012570697241,0.9210132,0.0007898681141938927,0.078986816,0.0,0.0,0.08486827662379996,0.0840789505309535,0.8267494,0.0007893260928460708,0.07893261,3.7920996630119457e-16,0.0943179,0.10237273789040068,0.0927125809323452,0.7669298,0.0012710275545865291,0.12710275,0.008389129403468943,0.10596735
66,0.10174604141812352,0.10055107211899793,0.6824804,0.0011949692991247895,0.11949693,8.01187891760073e-16,0.19802275,0.08712704596719546,0.08574059508075249,0.68177456,0.0013864508864423622,0.1386451,6.080443268831358e-16,0.17958044,0.08806658197705172,0.07766125431710214,0.6234466,0.001482141330771077,0.14821413,0.00892318632917854,0.22833937
67,0.03934570464517376,0.038546670417354136,0.8016339,0.0007990342278192192,0.07990342,4.0144351050366193e-16,0.11846272,0.03906849039498853,0.03827613151846114,0.76237583,0.0007923588765266896,0.07923588,6.993588811954687e-16,0.15838826,0.0549957383815308,0.04554265798694761,0.6957878,0.000984791789921422,0.09847919,0.008468288604661773,0.20573309
68,0.10103245491787999,0.10025194894902668,0.8817504,0.000780505968853312,0.0780506,9.623133331271573e-31,0.04019903,0.133998747167479,0.11645650662221005,0.8245255,0.0005961600672932825,0.059616007,0.016946080477975682,0.11585846,0.1636359945715507,0.10181176545379228,0.71843827,0.0012603063908555431,0.12603064,0.06056392272690291,0.15553115
69,0.009225282858707813,0.008440993155077962,0.8440993,0.0007842897036294573,0.078428976,3.9187548264284515e-16,0.07747176,0.038711208733687545,0.037926495324375725,0.80409706,0.000784713409311325,0.07847134,4.967947271396449e-16,0.11743167,0.04689618149805878,0.046009947751470645,0.7557225,0.0008862337465873912,0.08862338,7.3601219289160515e-16,0.15565415
70,0.04052284364132374,0.03973236209590039,0.92095184,0.0007904815454233427,0.07904816,0.0,0.0,0.07022800868891893,0.06981618303761293,0.862124,0.000411825651305704,0.041182566,2.9384061515629873e-16,0.096693404,0.07235548047932179,0.06236831179029456,0.77552754,0.0012580227310617855,0.12580226,0.00872914595796544,0.0986702
71,0.03950543229560698,0.038745076561981236,0.92396444,0.0007603557336257474,0.076035574,0.0,0.0,0.06936890911051595,0.06859969783146863,0.8659413,0.0007692112790471224,0.07692113,1.915293577266167e-16,0.0571375,0.12234749668555801,0.06155647262450319,0.74134904,0.0010619245455040884,0.106192455,0.05972909951555075,0.15245837
72,0.1012240103120133,0.1003970549260586,0.8008288,0.0008269553859541165,0.08269554,5.891684970855795e-16,0.116475575,0.07152025035520747,0.0703213465553586,0.7423867,0.001198903799848276,0.11989038,5.984723884806078e-16,0.137723,0.07878874865310297,0.07740195931332716,0.7224268,0.0013867893397751896,0.13867894,6.019775995156751e-16,0.13889429
73,0.040133005777269234,0.03933946359448074,0.84370756,0.0007935421827882936,0.07935422,1.9528229583525384e-16,0.076938234,0.0552248882986972,0.054812496999234524,0.8043854,0.0004123912994620094,0.04123913,6.801135599082798e-16,0.15437545,0.07840985544677322,0.07762288366982006,0.7743254,0.0007869717769525635,0.07869718,5.939651920410969e-16,0.14697729
74,0.07192230153639674,0.07113323064661686,0.8028871,0.0007890708897798741,0.07890709,2.8296986384730936e-30,0.11820593,0.1374813623686629,0.08550905754742778,0.7458644,0.001173559964897546,0.117355995,0.050798744856337535,0.13677968,0.14016576288390536,0.08508051298521137,0.6394186,0.002120844272604131,0.21208444,0.05296440562608986,0.14849685
75,0.03971494061648344,0.03890042631279506,0.8004068,0.0008145143036879809,0.08145143,3.9752561314713137e-16,0.1181418,0.1007183360821574,0.10029818548653402,0.78093195,0.00042015059562276914,0.04201506,5.970743230559793e-16,0.177053,0.08765838898596474,0.07777859196225409,0.70462525,0.0012680401051038065,0.12680401,0.00861175691860686,0.1685708
76,0.10209021262933918,0.10128866366594112,0.8821175,0.0008015489633980544,0.080154896,9.031504561081571e-31,0.037727598,0.13292883219970392,0.13136956999546112,0.7868358,0.0015592622042427911,0.15592623,1.3702043863513672e-30,0.057237994,0.16420293049896317,0.1019903801257483,0.6890341,0.001675438815258411,0.16754389,0.06053711155795644,0.143422
77,0.07120418479412227,0.07040203354829155,0.7234888,0.0008021512458299447,0.08021513,7.86162473159122e-16,0.19629604,0.07064438760942696,0.07003937005419267,0.70381,0.0006050175552333807,0.060501754,8.91796838730384e-16,0.2356883,0.1023977961728693,0.09262702917373902,0.67409676,0.0012693427357881788,0.12693428,0.00850142426334211,0.19896893
78,0.04021335070555046,0.03942025385455418,0.92069036,0.000793096850996287,0.07930969,0.0,0.0,0.07035355299959839,0.06955720038386452,0.8640891,0.0007963526157337701,0.07963526,9.363816205392493e-17,0.0562757,0.0956708780499321,0.07748092223866519,0.7958938,0.0011783649018850162,0.11783649,0.017011590909381903,0.08626973
79,0.0700118494743173,0.06921507967630491,0.8437364,0.0007967697980121833,0.07967698,1.9057680672208354e-16,0.07658664,0.10144783222976224,0.10064713048155903,0.84118867,0.0008007017482029059,0.080070175,2.9490211188277633e-16,0.0787412,0.10415997606892921,0.09401743330174456,0.7359575,0.0013717273713739254,0.13717273,0.008770815395810733,0.12686971
80,0.10183477825807952,0.10105428943332849,0.80435383,0.0007804888247508364,0.078048885,2.0207949209017812e-16,0.11759729,0.14879107109731612,0.1483882219465613,0.8794074,0.00040284915075465024,0.040284917,2.0349610500124728e-16,0.08030773,0.15465231300479712,0.11038890011448164,0.73647517,0.0007813665590436205,0.078136645,0.04348204633127188,0.18538815
81,0.009620001043131864,0.009238484080986334,0.92384845,0.0003815169621453382,0.038151696,1.9221471395693324e-16,0.037999857,0.0389538909044764,0.03855633920132045,0.84477776,0.0003975517031554626,0.039755173,4.87690438663915e-16,0.11546707,0.054646175805411916,0.054058678076023756,0.8238648,0.0005874977293876617,0.05874977,4.945688255966211e-16,0.1173854
82,0.040688976462293726,0.03989855852716508,0.9209583,0.0007904179351286446,0.079041794,0.0,0.0,0.10063035273134392,0.09965152695899532,0.82691,0.000978825772348415,0.09788258,1.8841020037148205e-16,0.075207494,0.11315971441254434,0.08567975214244845,0.7571495,0.0014608571041027345,0.14608571,0.026019105165993144,0.09676478
83,0.30113501675206583,0.2297638348019022,0.84357303,0.0003944720129987082,0.0394472,0.07097670993716498,0.11697972,0.3275460168874624,0.1673211562560284,0.70678294,0.0003940415203840028,0.03940415,0.15983081911105,0.2538128,0.3451090130505031,0.17376806236913675,0.684335,0.0004931933711501921,0.049319334,0.17084775731021626,0.26634565
84,0.30107461979359174,0.1954416624900344,0.76604325,0.00039110147481274525,0.039110146,0.10524185582874462,0.19484669,0.3595503466901777,0.16480892027768632,0.66805106,0.0005832601747166741,0.058326017,0.19415816623777477,0.27362284,0.32303081276154594,0.13377990373620188,0.5979805,0.0007795711918609017,0.07795712,0.18847133783348313,0.3240624
85,0.03850780727079781,0.037718296618964545,0.8457171,0.0007895106518330866,0.07895107,1.8741017028157884e-16,0.07533183,0.06913416689434194,0.068719069083797,0.8436076,0.00041509781054455895,0.04150978,3.848422855562089e-16,0.11488257,0.09300247765313151,0.09164661659775639,0.7753792,0.0013558610553747609,0.1355861,3.4674259456789095e-16,0.08903453
86,0.039544727098273294,0.03874780790259849,0.843432,0.0007969191956744113,0.07969192,3.888621904989017e-16,0.07687605,0.06980456212861652,0.06938904594628333,0.7853223,0.0004155161823325111,0.041551616,6.8382083580078e-16,0.1731262,0.07092803636663271,0.07004390449644234,0.7640764,0.0008841318701897815,0.088413194,5.975769729543348e-16,0.14751038
87,0.008823068311678495,0.007658056722217506,0.76580566,0.0011650115894603936,0.11650116,5.95327420284348e-16,0.11769316,0.06902098467381358,0.06841603217708099,0.78167045,0.0006049524967319049,0.06049525,6.996819335650603e-16,0.15783423,0.062300793006192734,0.06150325303411059,0.7614204,0.0007975399720814471,0.079753995,7.021844504286759e-16,0.15882564
88,0.009619625297643661,0.008857423728472907,0.88574237,0.0007622015691705601,0.076220155,1.9240513558412452e-16,0.038037505,0.023389161635882953,0.022613230761732335,0.78864944,0.0007759308741500391,0.07759309,5.830044101739898e-16,0.1337574,0.053659122118796976,0.052775236527813955,0.76580536,0.0008838855909823485,0.088388555,6.877985172600503e-16,0.14580606
89,0.04045440717673931,0.03967672054541593,0.9222313,0.000777686631323376,0.07776866,0.0,0.0,0.08455906608758976,0.08415012658404923,0.8652298,0.00040893950354023114,0.04089395,2.8168079576324583e-16,0.09387628,0.11172140904801614,0.08445407673088838,0.7491846,0.0015389180306573807,0.15389182,0.02572841428647033,0.096923605
90,0.07214775053718903,0.07134304609365683,0.8420763,0.0008047044435322155,0.08047045,1.8541311752800328e-30,0.077453226,0.11981724588793863,0.10178441725746865,0.80354893,0.0008029917291879593,0.08029918,0.017229836901282006,0.11615197,0.11308224284624484,0.09424194560786123,0.74482757,0.0012773531537447233,0.12773532,0.01756294408463887,0.12743708
91,0.10136238872452903,0.10054949262746282,0.8410297,0.0008128960970660263,0.08128961,1.941430228280759e-16,0.07768079,0.10184448420283897,0.10123100967765364,0.82169026,0.0006134745251849307,0.061347455,3.92993020211681e-16,0.11696224,0.08752409292420844,0.08587385384889691,0.70663077,0.0016502390753110941,0.16502391,4.50113621079112e-16,0.12834541
92,0.041383614439560686,0.040598238062911046,0.92146236,0.000785376376649642,0.078537636,0.0,0.0,0.08781495181778907,0.06976623134928316,0.80725175,0.0007907656503755715,0.07907656,0.017257954818130337,0.11367178,0.12293197800064949,0.0692696094112626,0.6905104,0.0016475461821591885,0.16475461,0.0520148224072277,0.14473492
93,0.07195471222426571,0.07114684343613416,0.8810215,0.0008078687881315547,0.080786884,9.14259785739875e-31,0.038191672,0.08696690745585614,0.08597927886155866,0.80579984,0.0009876285942972886,0.09876286,1.894091247325614e-16,0.095437415,0.12166167822389004,0.08599553834712599,0.73689306,0.0014679776905575745,0.14679778,0.03419816218620648,0.116309196
94,0.22781414846166392,0.22703018657686155,0.8045035,0.0007839618848019757,0.07839619,3.955502009355995e-16,0.117100365,0.2343203590036846,0.18200540102475507,0.8027043,0.0005996940693088086,0.059969407,0.05171526390962075,0.1373263,0.22920148966797155,0.15834377055221932,0.69648874,0.0006969453854334751,0.069694534,0.07016077373031872,0.23381662
95,0.04056534255859332,0.03978522741811619,0.8848008,0.0007801151404771315,0.07801151,8.902295661229641e-31,0.037187852,0.08613236362905236,0.08515501933014397,0.82631975,0.0009773442989082846,0.09773444,9.525889680151933e-17,0.07594581,0.12225436145833116,0.07720538889755049,0.70805687,0.0018521220602360604,0.1852122,0.04319685050054457,0.10673096
96,0.10481217471608431,0.10400244351860478,0.83984286,0.0008097311974793582,0.08097312,1.9302012855924646e-16,0.07918401,0.10344311573933862,0.10244148810671377,0.74219674,0.0010016276326244532,0.100162774,3.975691244766473e-16,0.1576405,0.0958342931226094,0.09426164683570416,0.6843335,0.0015726462869046472,0.15726463,5.932036213754658e-16,0.15840177
97,0.03850836436428823,0.03733906662203145,0.6860882,0.00116929774225598,0.11692978,7.991085057854617e-16,0.19698197,0.05473744358750538,0.054132134725342104,0.7598838,0.0006053088621625683,0.060530886,7.096645080813954e-16,0.17958525,0.09254226152147045,0.0917443688317028,0.7124951,0.0007978926897667266,0.07978927,9.46802622598892e-16,0.2077159
98,0.07141379560025017,0.07102322819033881,0.9223928,0.00039056740991137386,0.03905674,9.22849557258337e-31,0.038550496,0.11651057394037599,0.11611149484610943,0.8625573,0.000399079094266361,0.03990791,1.9710849163192327e-16,0.097534694,0.14738970842441618,0.09401091346139852,0.746798,0.0009685730472178124,0.0968573,0.052410221915799866,0.15634468
99,0.010000000827999378,0.009614635297785671,0.9614635,0.00038536553021370674,0.038536552,0.0,0.0,0.06880178398621754,0.06821768640746996,0.88445866,0.0005840975787473797,0.058409758,1.909845055189554e-16,0.057131693,0.09630273618938999,0.06153910102930111,0.77923715,0.0011549564819429794,0.115495645,0.0336086786781459,0.105267055
100,0.196757421131984,0.19636279288064926,0.922199,0.0003946282513345476,0.039462823,1.9392591503695537e-16,0.038338155,0.2212020076687719,0.15048875780564225,0.804873,0.0003939712857153519,0.039397128,0.07031927857741428,0.15572983,0.23816418412056858,0.15707315840992592,0.75389206,0.0005894071711327286,0.058940716,0.08050161853950993,0.18716717
101,0.09886043830538324,0.09807868960795045,0.80399495,0.0007817486974323958,0.07817487,3.961025036446178e-16,0.1178302,0.08602050966923717,0.08523552356635206,0.80283314,0.0007849861028846156,0.07849861,4.955168052322271e-16,0.11866831,0.10414739647148148,0.08565055529061807,0.725573,0.0011686366597699117,0.11686366,0.0173282045210935,0.15756321
102,0.07171504098218627,0.07093339062744697,0.80497265,0.0007816503547391104,0.07816503,1.987576445599007e-16,0.11686237,0.11787913185046282,0.11747562208284913,0.86059606,0.00040350976761337995,0.040350977,2.9848873609514727e-16,0.09905298,0.10705332544482983,0.07979601914716052,0.755571,0.0008771231321136053,0.08771232,0.026380183165555696,0.15671659
103,0.009612421210963607,0.0088316275129586,0.8831628,0.000780793698004811,0.078079365,1.9604853988133056e-16,0.038757786,0.053284714903671655,0.05287762870370536,0.8238597,0.0004070861999657118,0.04070862,5.866903599473315e-16,0.13543159,0.05445773666538775,0.05367436424316582,0.7843391,0.0007833724222213683,0.07833724,5.485650554202743e-16,0.13732366
104,0.07189301940559903,0.07110058457373138,0.8438453,0.0007924348318676437,0.07924348,1.8411583783581046e-30,0.07691131,0.11837046864758549,0.11796123774912254,0.8800673,0.00040923089846274676,0.04092309,1.9874566236928382e-16,0.0790097,0.11224020749043043,0.10265408977490378,0.76513463,0.000978247145818082,0.09782472,0.008607870569708577,0.13704073
105,0.1950250235458081,0.19463621815985319,0.8422813,0.00038880538595453167,0.03888054,4.0570235403331627e-16,0.118838266,0.15080899040896711,0.15060750153670477,0.8023484,0.0002014888722616552,0.020148886,6.971981693061421e-16,0.17750281,0.1946050114064325,0.14180177306538413,0.70590615,0.0004884889469436155,0.048848893,0.052314749394104784,0.2452449
106,0.06965867033172554,0.0688467318173951,0.76252234,0.0008119385143298473,0.08119385,5.923698409650256e-16,0.15628394,0.055799406290034034,0.05518608011883437,0.8001353,0.0006133261711990724,0.061332617,5.978025218693514e-16,0.13853206,0.07834620147181036,0.07735383691256038,0.723528,0.0009923645592492235,0.09923645,7.448061089959316e-16,0.17723542
107,0.07019674373821651,0.06939320501641094,0.8817053,0.00080353872180557,0.08035387,9.082552855986343e-31,0.037940845,0.11562189518280257,0.11482659700886032,0.823354,0.000795298173941964,0.079529814,2.9108106767930285e-16,0.09711612,0.10289868224920393,0.10116349292488504,0.72819024,0.0017351893243185486,0.17351893,3.441736299569581e-16,0.09829089
108,0.039665022225909154,0.03888315310861999,0.80280536,0.0007818691172887578,0.078186914,4.0264855060447804e-16,0.11900777,0.11637338387883604,0.11577517099967677,0.8402596,0.0005982128791589029,0.05982129,4.0238197178626127e-16,0.09991916,0.09628838559519684,0.08675365054905174,0.77324104,0.0009729554431390685,0.09729554,0.008561779603006048,0.12946332
109,0.10014965065522487,0.09934114892124712,0.72216773,0.0008085017339769536,0.08085018,8.022034893479356e-16,0.19698207,0.07088781100912632,0.07027700111516769,0.759403,0.0006108098939578082,0.06108099,8.078295373853351e-16,0.1795161,0.07069935324984154,0.06970629452912122,0.66416633,0.0009930587207192731,0.09930587,1.0470136438560219e-15,0.23652783
110,0.03951820629789604,0.03874937277172073,0.9231167,0.000768833526175307,0.07688335,0.0,0.0,0.10226510963550298,0.06809661276764876,0.8282256,0.0005944892134648474,0.05944892,0.033574007654389365,0.11232552,0.13090901448129258,0.06900257306025596,0.795308,0.0007849251782149622,0.078492515,0.061121516242821645,0.12619944
111,0.010000000163614523,0.009235137841028763,0.9235138,0.0007648623225857602,0.07648623,0.0,0.0,0.054195817632072145,0.05360954904696166,0.84630245,0.0005862685851100945,0.05862686,3.8233272383765674e-16,0.095070615,0.10234035539097704,0.08409630342484174,0.8052883,0.0010662803756236832,0.10662804,0.01717777159051161,0.08808373
112,0.04094637787749305,0.04015399484489184,0.92076164,0.0007923830326012,0.0792383,0.0,0.0,0.10272407699741685,0.08500578072493645,0.84498614,0.0007942106065017423,0.07942106,0.01692408566597866,0.07559287,0.12058513172439457,0.09285392787291824,0.7480637,0.0015501119336306984,0.1550112,0.026181091917845623,0.0969252
113,0.07196731674457309,0.0711640631306491,0.7998265,0.000803253613923572,0.080325365,4.0226306208246445e-16,0.11984823,0.10217391062859715,0.10117869547283966,0.7607598,0.0009952151557568868,0.09952152,6.016083690787374e-16,0.13971874,0.0944908440836602,0.09320565895279999,0.6931237,0.001285185130859493,0.12851852,7.018421627718856e-16,0.17835766
114,0.03938927909467422,0.03860377297121064,0.92144936,0.0007855061234635751,0.078550614,0.0,0.0,0.06896424910429996,0.0683660598873669,0.8826289,0.0005981892169327943,0.05981892,2.9111651312728013e-16,0.057552237,0.07794108124384952,0.07706198349853967,0.815675,0.0008790977453094387,0.08790978,3.9124355172558553e-16,0.096415035
115,0.04066153183016034,0.039882252708175574,0.8841563,0.0007792791219847597,0.07792791,9.076561904314596e-31,0.03791582,0.136916758659574,0.08534770163398152,0.82620496,0.0004061763677994109,0.040617637,0.05116288065779307,0.13317747,0.15752754055969137,0.08620133101798103,0.7473676,0.0009672143747763926,0.09672143,0.07035899516693396,0.15591097
116,0.040367449571113156,0.039558171583409664,0.91907215,0.0008092779877034959,0.0809278,0.0,0.0,0.05528796524362031,0.05449215227997037,0.8237072,0.0007958129636495546,0.07958129,3.9190484084677575e-16,0.09671144,0.07779467433283585,0.07670858684823352,0.7929988,0.0010860874846019418,0.10860875,3.9909202004959073e-16,0.09839247
117,0.07213723061738522,0.07134639689330816,0.80484486,0.0007908337240766588,0.079083376,3.9073202801813865e-16,0.1160717,0.11715278341938529,0.11674210879595479,0.84155154,0.0004106746234300664,0.041067462,3.946917983071952e-16,0.11738106,0.12020318235133773,0.1021039047557278,0.7461335,0.0009767072419351115,0.09767072,0.017122570353674833,0.15619573
118,0.039589134593436534,0.03880704298276407,0.80322623,0.0007820916106720597,0.07820916,4.054072654083308e-16,0.11856458,0.07043427246172802,0.06983419304534204,0.7822034,0.0006000794163852894,0.060007937,6.975715875038225e-16,0.1577886,0.08627231018625486,0.0855801574098862,0.7338602,0.0006921527763677607,0.069215275,8.941898179930545e-16,0.19692451
119,0.04154029907271108,0.04036317352973667,0.8822874,0.001177125542974406,0.11771256,0.0,0.0,0.08812381921019924,0.06979606368355055,0.80609924,0.0011832165006477608,0.11832164,0.017144539026000914,0.075579025,0.13199611575600426,0.06934903337479471,0.68842316,0.0017683701323976976,0.176837,0.06087871224881185,0.13473985
120,0.13623665170746052,0.13544384250873198,0.8396027,0.0007928091987283091,0.07928092,2.0519825275184614e-16,0.081116386,0.1513541017980603,0.1503644386829605,0.7809601,0.000989663115099493,0.098966315,3.035052793082166e-16,0.12007357,0.16069078318679147,0.1426154592925354,0.78995216,0.0008038535995699459,0.080385365,0.017271470294686148,0.12966253
121,0.16802573824681663,0.16722699913589648,0.84204227,0.0007987391109199481,0.07987391,1.971888197607119e-16,0.07808381,0.1517637583346221,0.15115792214790832,0.86036474,0.0006058361867135228,0.060583618,2.9831391986210193e-16,0.07905169,0.12089849292741116,0.12020043932842786,0.7739924,0.0006980535989826675,0.06980536,6.388886189420797e-16,0.15620233
122,0.009999999334345418,0.00923374225464051,0.92337424,0.0007662570797049076,0.076625705,0.0,0.0,0.06847398237437927,0.06751875220610656,0.8289552,0.0009552301682724027,0.095523015,2.8611220373535364e-16,0.07552181,0.07087766047144409,0.06129177128710912,0.7958954,0.0012620756772164499,0.12620756,0.008323813507118515,0.07789713
123,0.03943138612276457,0.03866571770272996,0.9234331,0.0007656684200346125,0.076566845,0.0,0.0,0.054060387091000375,0.053472261062417356,0.846119,0.0005881260285826351,0.058812603,3.841729771186156e-16,0.09506825,0.08892639240336349,0.05360860815970768,0.7584221,0.0011578762314995278,0.115787625,0.0341599080121563,0.1257903
124,0.07163622821440425,0.07082250535139589,0.87913567,0.000813722863008352,0.08137229,9.453898423744625e-31,0.039492078,0.07119101864383788,0.07057519296044981,0.84122264,0.0006158256833877746,0.06158257,2.9164214973940364e-16,0.09719472,0.10302789441658136,0.09323668161310636,0.7549787,0.001087454264793567,0.108745426,0.008703758538681463,0.13627583
125,0.04112728666714366,0.040333074167990736,0.8820659,0.0007942124991529255,0.07942125,9.21946737848786e-31,0.03851278,0.08745511786207734,0.06963286885611747,0.78700286,0.0009764969658053285,0.0976497,0.01684575204015454,0.115347475,0.13245428423676217,0.06169301779063277,0.68908775,0.0014595429481613655,0.14595428,0.06930172349796802,0.164958
126,0.07216816991952475,0.07098205528381682,0.8054172,0.0011861146357079405,0.11861146,1.8186557041476165e-30,0.0759713,0.11730824642617657,0.11630854137339892,0.78479135,0.0009997050527773348,0.099970505,2.867715314296345e-16,0.115238145,0.12007607793315356,0.10099585581564126,0.6783566,0.0020440422710012104,0.20440422,0.017036179846511058,0.117239155
127,0.10327225725501599,0.10246379164145794,0.84301466,0.0008084656135580635,0.08084656,1.8226656119805936e-30,0.07613881,0.10377804330956572,0.10240600950452616,0.76596326,0.0013720338050393355,0.13720338,1.914813068242889e-16,0.096833274,0.14799233106460305,0.08651669965777514,0.66823643,0.001481811514183109,0.14818116,0.0599938198926448,0.18358251
128,0.010000000348603884,0.009225217909299406,0.9225218,0.0007747824393044783,0.077478245,0.0,0.0,0.06850603844956085,0.06809738240303077,0.8453888,0.0004086560465296899,0.040865604,3.8334985895032603e-16,0.11374554,0.08647929415302315,0.07688605118403152,0.80562925,0.0011526504355760473,0.11526504,0.008440592533415586,0.07910564
129,0.03954192647541859,0.0387411770459315,0.80407226,0.0008007494294867039,0.08007494,3.908869877365091e-16,0.11585279,0.054579781901695254,0.05378624644663504,0.7645708,0.0007935354550595342,0.07935355,6.878580773108035e-16,0.15607567,0.08480103830430435,0.08381517850710041,0.73467237,0.0009858597972032127,0.09858598,7.4205675869658925e-16,0.16674155
130,0.07173419440748532,0.07054898545314549,0.8438051,0.0011852089543398362,0.11852089,9.018684428983817e-31,0.037674047,0.13607831801523,0.100938507576229,0.7864193,0.0013766914434579084,0.13766915,0.033763118995543066,0.075911574,0.14794532315314926,0.09363917005121834,0.6797595,0.0019524627624427297,0.19524628,0.0523536903394882,0.124994345
131,0.04034156110897551,0.03951425074716859,0.83879304,0.0008273103618065143,0.08273104,3.969554604603444e-16,0.07847605,0.05534983464199744,0.054539113260321806,0.76190436,0.0008107213816749493,0.08107214,6.955185978112016e-16,0.15702355,0.07062717289547227,0.06943562228657889,0.7320158,0.001191550608892772,0.119155064,6.029977133447989e-16,0.14882915
132,0.008831391374651297,0.008047549681546426,0.804755,0.0007838416931042809,0.07838417,5.911171591350857e-16,0.116860814,0.05364733410555968,0.05305072303295296,0.78454036,0.0005966110726060219,0.05966111,6.927719871934563e-16,0.15579861,0.04719971910360926,0.04650746967726723,0.76404124,0.0006922494263412841,0.069224946,7.456669759279529e-16,0.16673371
133,0.2645116007428187,0.26410778557569203,0.839409,0.00040381516712648384,0.040381517,2.0181592253868644e-16,0.12020951,0.2505397994527633,0.23266590583465527,0.87807333,0.000406239740642603,0.040623974,0.01746765387746538,0.08130267,0.1958986057350735,0.17761481106795546,0.84083444,0.0004040492504470947,0.040404927,0.01787974541667097,0.11876055
134,0.22709338762894352,0.22669243533049369,0.88266486,0.00040095229844961034,0.04009523,2.0046948565432423e-16,0.07723988,0.22174295336073405,0.15166610957115664,0.7855113,0.0005959473787980187,0.059594736,0.06948089641077936,0.154894,0.2702951645502386,0.17239915945467768,0.70605826,0.0006904389086004234,0.06904389,0.09720556618696057,0.22489785
135,0.165987469546919,0.1651801160849767,0.87943256,0.00080735346194232,0.08073535,9.53530386864278e-31,0.039832138,0.1503735140592241,0.14937564892075403,0.8024314,0.0009978651384700585,0.099786505,1.8753197740220518e-30,0.09778211,0.17230632524007639,0.11040912343819996,0.64840233,0.001284310948437983,0.1284311,0.060612890853438434,0.22316657
136,0.03972232817012015,0.038923279104140306,0.920095,0.0007990490659798383,0.07990491,0.0,0.0,0.07146808394490607,0.05337490840921225,0.8079419,0.0013624881132270534,0.13624881,0.016730687422466767,0.05580926,0.08791178476540752,0.06867714495495476,0.7384959,0.0018449714646248372,0.18449716,0.017389668345827922,0.07700694
137,0.07083140950747309,0.07005085441400585,0.8079953,0.0007805550934668499,0.07805551,3.843256412485344e-16,0.11394908,0.1326596808279824,0.13225319118917125,0.8806875,0.0004064896388109576,0.040648963,2.0014524586987608e-16,0.07866358,0.1473131827915705,0.09461487476052022,0.7093078,0.0009727475998843013,0.09727476,0.051725560431165975,0.19341739
138,0.07127382996772222,0.07045373223075203,0.799873,0.0008200977369697868,0.08200977,3.945343145733105e-16,0.118117236,0.10179263037767895,0.1013675807539466,0.79960877,0.0004250496237318413,0.042504963,5.016131427033375e-16,0.15788631,0.08036764688961279,0.07087760983817583,0.6947783,0.0009853704843320228,0.09853706,0.00850466656710494,0.20668466
139,0.13281871854259517,0.13202025713465904,0.8820423,0.0007984614079361631,0.079846136,9.123427164482822e-31,0.03811159,0.1352338262819598,0.1342425725897224,0.8622305,0.0009912536922374326,0.09912537,9.250906016411571e-31,0.038644113,0.15448815141541636,0.11848416022166545,0.7115109,0.0016498714555871292,0.16498712,0.034354119738163755,0.12350194
140,0.26192220598110744,0.2615210445558097,0.84117085,0.00040116142529754537,0.040116142,1.9465972648925258e-16,0.11871302,0.18502527571804037,0.18423948428717482,0.72529274,0.0007857914308649363,0.078579135,5.86560911481373e-16,0.19612812,0.20265457516548044,0.16705969028856216,0.7135132,0.0008865642642843527,0.088656425,0.03470832061263391,0.19783038
141,0.00838987221708092,0.007604857124652585,0.7604857,0.0007850150924277229,0.078501515,6.138751940535385e-16,0.1610128,0.03915787444585205,0.03816997310268168,0.7418629,0.0009879013431696674,0.09879014,7.023286208499185e-16,0.1593469,0.05402275978063564,0.053413265627936836,0.7022503,0.0006094941526977208,0.060949415,1.0946774074632373e-15,0.2368002
142,0.07068263508164065,0.06990173163224067,0.8433381,0.0007809034493999764,0.07809035,1.880899621277833e-30,0.07857144,0.1166065837461417,0.11619969931771496,0.842458,0.0004068844284265548,0.040688444,1.893840077567302e-16,0.11685359,0.12124245680890433,0.09446627158690266,0.7934333,0.0009752579832267975,0.0975258,0.0258009272387749,0.10904103
143,0.039093142233816075,0.03869637191594339,0.84404844,0.00039677031787208896,0.03967703,5.881513235363686e-16,0.11627449,0.11589092495910633,0.11529857220841726,0.82315034,0.0005923527506885813,0.05923527,4.978136640911385e-16,0.117614366,0.09440320302089825,0.09380687644212053,0.7743143,0.0005963265787769421,0.05963266,7.892157179966539e-16,0.16605322
144,0.09979212022815921,0.09860197720198102,0.56051683,0.0011901430261765647,0.1190143,1.6210274321260268e-15,0.32046878,0.08555283780694085,0.08455459525032866,0.61863285,0.0009982425566109775,0.09982426,1.2275790606447262e-15,0.28154296,0.07041370590345104,0.06931439916203051,0.60062313,0.001099306741419199,0.10993067,1.3138666150996162e-15,0.28944615
145,0.009229527589004903,0.008429624213740336,0.8429623,0.0007999033752641759,0.079990335,3.897281480769885e-16,0.07704724,0.053945499593637786,0.053339467856999175,0.8430678,0.0006060317366381255,0.060603175,4.872603372369904e-16,0.096328855,0.04709731269093927,0.046204957709636854,0.74662423,0.0008923549813016459,0.0892355,7.829948734451864e-16,0.16414014
146,0.10192599273363355,0.10112150794843064,0.9195515,0.0008044847852028878,0.08044848,0.0,0.0,0.13641527199179235,0.10093909523333186,0.7686,0.0013710965133659774,0.13710965,0.034105080245094496,0.0942904,0.1804203170905987,0.100762880706287,0.6796605,0.0016708843352567044,0.16708843,0.07798655204905502,0.15325114
147,0.07144779332002632,0.07063797175409926,0.84259814,0.0008098215659268603,0.080982156,1.930042775924052e-16,0.07641968,0.0716636166203289,0.07124067122333096,0.8415761,0.0004229453969974402,0.04229454,4.863319529069494e-16,0.11612932,0.08711043598838104,0.08622163614915843,0.78316337,0.0008887998392221611,0.08887999,4.482615402022543e-16,0.12795654
148,0.07013499775677859,0.0693413549962788,0.80331445,0.0007936427604993896,0.07936428,3.9277198677402783e-16,0.117321156,0.05556126336081189,0.05495703617721596,0.78300804,0.0006042271835953373,0.060422715,5.909417523014081e-16,0.15656917,0.10145530961281363,0.10047102621351366,0.75365585,0.000984283399299399,0.09842834,5.954273019802988e-16,0.1479158
149,0.10095220376865814,0.10013833629523988,0.7593123,0.0008138674734174448,0.081386745,8.057921233515358e-16,0.15930094,0.07083301342449537,0.07002128683384265,0.7211637,0.0008117265906518172,0.08117266,9.015097859814701e-16,0.19766356,0.07040238019193515,0.06939915193007766,0.6828526,0.001003228261856522,0.10032283,9.498661570442195e-16,0.21682462
150,0.2271515900944802,0.2263471359179224,0.80045354,0.0008044541765575869,0.080445416,2.0370984899902496e-16,0.11910101,0.1836927346526268,0.18307964928249065,0.8768441,0.0006130853701360575,0.061308537,1.0578343332177893e-16,0.061847348,0.20846512663660718,0.18114312937454033,0.76306725,0.0011816570814663092,0.11816571,0.02614034018060054,0.11876708
151,0.19476681785579064,0.1939697040093308,0.75991523,0.0007971138464593735,0.07971139,3.945066229853172e-16,0.16037335,0.166449254379667,0.16546217124244525,0.7991106,0.0009870831372215277,0.09870831,2.0421603671776438e-16,0.1021811,0.17093108539908286,0.13485066592834008,0.68496186,0.0013756338718286362,0.13756338,0.03470478559891416,0.1774747
152,0.04089317969412595,0.03972201790779086,0.846133,0.0011711617863350823,0.11711618,8.797675984630901e-31,0.03675082,0.1388047290504396,0.06963725555526436,0.7510148,0.0013591541216196234,0.13591541,0.06780831937355562,0.11306973,0.18274342276154304,0.07657308186454345,0.670068,0.0016646618721826176,0.16646619,0.10450567902481701,0.16346578
153,0.10188030726000208,0.10108759136726965,0.9207283,0.0007927158927324165,0.07927159,0.0,0.0,0.11829744703910464,0.11788563368418926,0.90035504,0.00041181335491514856,0.041181337,1.9602424282281653e-16,0.058463555,0.11218006577304833,0.10244161016702773,0.7763518,0.0011701371100145638,0.11701371,0.008568318496006038,0.10663447
154,0.04015032412700798,0.03936899990792689,0.92186755,0.0007813242190810912,0.07813242,0.0,0.0,0.06929143833701135,0.06850656415854924,0.84501684,0.0007848741784618998,0.07848742,1.9583932304559027e-16,0.076495804,0.10636165828139739,0.053852735801843334,0.7387183,0.001171371537177556,0.11713716,0.05133755094237649,0.14414458
155,0.00999999990825437,0.009231004131342459,0.9231004,0.000768995776911911,0.07689958,0.0,0.0,0.0539275914326557,0.05315493778195184,0.8471913,0.0007726536507035603,0.07726537,2.8807019068926434e-16,0.07554327,0.06371804222061558,0.053939072046536286,0.79670733,0.0012556347686697202,0.12556347,0.00852333540540958,0.07772923
156,0.03984506355012495,0.03907750078534727,0.92324376,0.0007675627647776862,0.076756276,0.0,0.0,0.06913438048925148,0.06854106195014716,0.8645371,0.0005933185391040292,0.059331853,2.882111742513213e-16,0.07613104,0.08849683273057748,0.061568156075061206,0.76793593,0.0011626282290445086,0.11626284,0.02576604842647177,0.115801275
157,0.00962827428829989,0.00886690106035601,0.8866901,0.0007613732279436914,0.07613732,1.8803006950228804e-16,0.037172575,0.039187869734793254,0.03878613788596597,0.883767,0.00040173184882689886,0.040173184,3.847334429872462e-16,0.07605982,0.06282564411794882,0.06195163032281859,0.83469653,0.0008740137951299291,0.08740138,2.976287302048316e-16,0.077902116
158,0.03970338075740587,0.03893751630550353,0.92341346,0.0007658644519023452,0.07658645,0.0,0.0,0.08546981564743279,0.0681586366277796,0.82787615,0.0005898121095485054,0.05898121,0.01672136691010469,0.11314265,0.10505541477599484,0.06136447059717608,0.7586362,0.0009721227978686909,0.097212285,0.042718821380950095,0.14415158
159,0.04077768832709037,0.0400002423783332,0.9222554,0.0007774459487571701,0.077744596,0.0,0.0,0.06988096285374064,0.06891077072655563,0.7895091,0.000970192127184712,0.09701921,2.880196555291668e-16,0.1134717,0.1274671662483606,0.09187640283482479,0.7373233,0.0013672308641195306,0.13672309,0.034223532549416256,0.1259537
160,0.0718795665494332,0.07106800098502096,0.80073535,0.0008115655644118416,0.08115656,3.938692982275612e-16,0.11810814,0.13131931349853534,0.13070001176956378,0.78156793,0.0006193017289709598,0.06193017,5.883869080794415e-16,0.15650176,0.10348887841435249,0.10221652909720688,0.75264794,0.0012723493171451679,0.12723492,4.534531001978844e-16,0.12011718
161,0.009226579067612968,0.00845675268131897,0.8456753,0.0007698263862936075,0.07698264,3.9121957037036344e-16,0.07734209,0.06750548963095307,0.06710172752158054,0.80532676,0.0004037621093718412,0.040376212,6.864464005566437e-16,0.15429702,0.069538241401081,0.06885488939996057,0.7282511,0.0006833520011194983,0.0683352,9.326072724091975e-16,0.20341365
162,0.0404082849525745,0.03962362765615803,0.92153424,0.0007846572964164784,0.07846573,0.0,0.0,0.07048573450668665,0.06969996448959177,0.84630567,0.0007857700170946856,0.078577,1.8829774192387086e-16,0.07511722,0.1144798470777961,0.062058051827725086,0.73083085,0.0013553852373100767,0.13553853,0.0510664100127609,0.13363062
163,0.13516843563080103,0.1339536008057931,0.799818,0.001214834825007715,0.121483475,1.9732179581944893e-16,0.078698486,0.16622737693731796,0.16521380184155593,0.83833194,0.0010135750957618334,0.10135751,2.0138858298202625e-16,0.060310543,0.12089989839524809,0.11969988689912406,0.7626559,0.0012000114961236085,0.12000115,4.428065496639268e-16,0.117342964
164,0.3930828382644969,0.32238037787270246,0.7657305,0.00040282821250817467,0.04028282,0.07029963217928628,0.19398668,0.28786060306733474,0.215610563070759,0.76371807,0.0007838272808985525,0.07838272,0.07146621271567719,0.15789928,0.2583790437059865,0.16841528024491567,0.7047738,0.0006956331707172952,0.069563314,0.08926813029035363,0.22566287
165,0.06889196860794314,0.06809588391533702,0.8443551,0.0007960846926059207,0.07960847,1.9246545586389435e-16,0.07603636,0.11658932840029196,0.11598307125668811,0.8605774,0.0006062571436036496,0.060625713,1.991352707661829e-16,0.078796856,0.13835700388021546,0.09412261870448568,0.7280288,0.0011715017197170868,0.11715017,0.0430628834560127,0.15482105
166,0.13392271725956809,0.13313408342153357,0.87978125,0.0007886338380344994,0.07886338,9.899958131927353e-31,0.04135542,0.1824698152276545,0.16486149888122226,0.82320094,0.000597464535055567,0.05974645,0.017010851811376716,0.11705272,0.17083010860252654,0.13496175467662233,0.7925708,0.0009839814349609582,0.09839815,0.03488437249094326,0.10903115
167,0.008833765117294516,0.008040118508358859,0.8040118,0.0007936466089352648,0.07936466,3.941868672078267e-16,0.1166235,0.05390900628004415,0.05330761474235256,0.7644081,0.0006013915376908946,0.06013915,6.8989013793259715e-16,0.17545266,0.08449769494995209,0.08370488366495692,0.7532764,0.0007928112849944373,0.07928113,7.428214993058886e-16,0.16744253
168,0.03922157119890873,0.03842954077375389,0.8832757,0.0007920304251546459,0.07920304,1.8979418343994368e-16,0.037521333,0.11405501331576214,0.1136393915851757,0.84345156,0.0004156217305860116,0.041562174,3.8809399337515315e-16,0.11498633,0.08700838327622205,0.08603557796963231,0.7951665,0.0009728053065893159,0.09728053,4.4182436581898144e-16,0.10755299
169,0.010000000097538297,0.009249006538304187,0.92490065,0.0007509935592341106,0.07509936,0.0,0.0,0.039287807266769684,0.03851980694382062,0.84783524,0.000768000322948784,0.07680003,2.875913137056214e-16,0.07536473,0.08233907302833947,0.03895785416873833,0.7879708,0.0008786862943008732,0.08786862,0.04250253256530026,0.12416057
170,0.039638477734193864,0.03885624469041164,0.92177665,0.0007822330437822225,0.0782233,0.0,0.0,0.03998796020288165,0.03938771122053815,0.8271543,0.000600248982343022,0.060024895,4.749507541937669e-16,0.1128208,0.062288546553404996,0.06130699256778719,0.748133,0.000981553985617128,0.098155394,6.800914974210206e-16,0.15371157
171,0.03947101238611914,0.03869590450184048,0.92248917,0.0007751078842786668,0.07751079,0.0,0.0,0.06941859276708125,0.06863711605466559,0.84593314,0.0007814767124153727,0.078147665,2.8557462900442113e-16,0.07591917,0.09647283478417856,0.06953103000627234,0.7682153,0.0014431612325505778,0.14431612,0.02549864354535564,0.087468535
172,0.13408748041403445,0.13328407476104437,0.84262556,0.0008034056529899066,0.08034057,1.9370979027950435e-16,0.07703385,0.15050020475292053,0.14989202179159136,0.8802216,0.0006081829613289612,0.0608183,1.9668391683165193e-16,0.058960106,0.12863476743419316,0.11863977583070362,0.76513696,0.0013681889217629336,0.13681889,0.008626802681726588,0.09804416
173,0.1310692675729299,0.13027351121422956,0.843321,0.0007957563587003348,0.079575635,9.329067702820356e-31,0.077103324,0.13328785309941263,0.13230607311899706,0.8233229,0.0009817799804153814,0.09817801,1.9418246185026742e-16,0.0784991,0.1215063427543994,0.1028774030705433,0.77455974,0.001463397584048828,0.14633976,0.017165542099807248,0.079100505
174,0.04066044271968188,0.0394598410808672,0.8799398,0.0012006016388146832,0.12006016,0.0,0.0,0.0704711358910475,0.06887792075939336,0.8216397,0.001593215131654154,0.15932152,4.557625231644704e-31,0.019038716,0.07351554437836474,0.05440989103298895,0.7447857,0.001980029218089801,0.1980029,0.017125624127285997,0.057211336
175,0.038574208008262945,0.03778845373063556,0.7214413,0.0007857542776265732,0.07857543,8.134742463461825e-16,0.19998325,0.054752524267481575,0.05414971788371697,0.7583206,0.0006028063837637885,0.06028064,8.153397235010166e-16,0.18139881,0.06236896721873364,0.061473686897475045,0.6817481,0.0008952803212575974,0.08952803,1.0072059649315348e-15,0.22872384
176,0.04071498564934221,0.03993078181280404,0.88371944,0.0007842038365381723,0.078420386,9.063240834541737e-31,0.037860174,0.08751864307510675,0.0699484033882624,0.8262169,0.0005965328842082186,0.05965329,0.01697370680263611,0.11412996,0.14774262843387412,0.07741227081332769,0.7382596,0.0010703489466633966,0.10703489,0.06926000867388303,0.15470544
177,0.16534524700208775,0.16455083523134817,0.84344256,0.0007944117707395753,0.079441175,1.8460631180130533e-30,0.0771162,0.15080399137827427,0.14961675234641286,0.8025082,0.0011872390318614125,0.11872391,1.422269274789491e-30,0.078767896,0.16560814549552513,0.10413253961921728,0.6880324,0.0016744442351448062,0.16744441,0.05980116164116304,0.1445233
178,0.0704300034224457,0.06962241736009747,0.8418768,0.0008075860623478327,0.08075861,3.91333302248526e-16,0.07736458,0.07155598892989308,0.07113618349279374,0.84124047,0.00041980543709884105,0.041980542,4.917721484548799e-16,0.116779014,0.08683395807335224,0.08594942639671493,0.77470964,0.0008845316766367148,0.08845317,5.930667129466122e-16,0.13683705
179,0.04092675545933403,0.04013220143728449,0.8819686,0.000794554022049538,0.079455405,9.234590773398418e-31,0.03857596,0.10014134532001426,0.09953955502944536,0.84372205,0.0006017902905686183,0.06017903,2.895447621447722e-16,0.09609891,0.11216282525304645,0.08581857612246147,0.77627903,0.0010753434558481562,0.10753435,0.025268905674736854,0.11618662
180,0.039538573309669194,0.038715886615599916,0.7994448,0.0008226866940686691,0.08226867,5.983286257175126e-16,0.11828649,0.05481994274865937,0.05420088571196775,0.7800497,0.0006190570366909049,0.061905704,6.997523251683583e-16,0.15804465,0.05486718319210344,0.0535833325166072,0.71316916,0.001283850675495533,0.12838507,7.006309182805264e-16,0.15844572
181,0.1642452455842664,0.16344350025822382,0.88084555,0.000801745326042582,0.080174536,9.331286343175179e-31,0.038979888,0.1359439403550369,0.13552775192336966,0.8993658,0.00041618843166703643,0.041618843,1.9616490930967768e-16,0.059015367,0.14355070524921001,0.1422863442939002,0.79496294,0.001264360955309577,0.12643608,2.477634730029761e-16,0.07860088
182,0.0398297148470436,0.03905467248839883,0.88504684,0.0007750423586447707,0.07750423,8.96478901409549e-31,0.037448905,0.10330248303218487,0.0692012290365872,0.8459064,0.0006032731050436391,0.06032731,0.03349798089055406,0.093766324,0.10675170636994129,0.06151880949912475,0.7027373,0.0016275063844368727,0.16275065,0.04360539048637963,0.13451204
183,0.040457707665049275,0.03967683432244388,0.92191267,0.0007808733426053984,0.07808734,0.0,0.0,0.08463651157130371,0.08404137535422536,0.8644196,0.0005951362170780683,0.059513617,2.873170055688185e-16,0.0760668,0.08709132576783611,0.07723427120879175,0.7766328,0.0013585746855222269,0.13585748,0.008498479873522133,0.08750982
184,0.16231832610947516,0.1615207860867215,0.880954,0.0007975400227536673,0.079754,9.405994861537739e-31,0.03929197,0.15016282315708684,0.14955531802878178,0.8619419,0.0006075051283049712,0.060750514,9.725877783215957e-17,0.07730755,0.11399235457382743,0.10418495935219106,0.73795944,0.0013580793078634761,0.13580795,0.008449315913772903,0.12623268
185,0.10332113485667759,0.10251002114661768,0.83942235,0.0008111137100595133,0.08111137,4.019648640320758e-16,0.07946638,0.08743073202494411,0.08701182347317778,0.800461,0.0004189085517656402,0.041890856,6.979304363364419e-16,0.1576482,0.09524641730251983,0.09416806756884506,0.72432095,0.0010783497336741192,0.10783497,6.53126626925077e-16,0.16784419
186,0.10175647308344396,0.1013668213408831,0.84459674,0.00038965174256047304,0.038965173,3.9510729138571126e-16,0.116438076,0.1329886152804299,0.13259074900631088,0.8234321,0.00039786627411854685,0.039786626,4.9485427470399e-16,0.13678129,0.13674095959761057,0.110196135787422,0.735864,0.0004950260089953208,0.049502604,0.026049797801193222,0.21463346
187,0.039219527421833815,0.03840969740071011,0.80068463,0.000809830021123306,0.080983005,3.9319939476492997e-16,0.1183324,0.06956173866247391,0.06857529316062588,0.7432123,0.0009864455018474274,0.09864455,5.947093539344992e-16,0.15814319,0.08569409149744234,0.08451236427050571,0.73227745,0.001181727226936021,0.11817272,6.016463700405901e-16,0.14954989
188,0.07115208543749693,0.07036292428448936,0.92108387,0.0007891611530075792,0.07891612,0.0,0.0,0.10142368741440354,0.10082526410665435,0.844676,0.0005984233077488864,0.05984233,2.913452361633899e-16,0.09548159,0.09624287975937608,0.08623734222771655,0.75731593,0.0014525024820146626,0.14525025,0.00855303504964487,0.097433835
189,0.13249289824190566,0.1316798614059987,0.8412129,0.0008130368359067745,0.081303686,1.9514666081961974e-16,0.07748343,0.1190766806160286,0.11845954993182839,0.84022903,0.0006171306841999027,0.06171307,2.978236216963477e-16,0.09805782,0.09684548463068707,0.09575692177406943,0.75452757,0.0010885628566171075,0.10885628,5.390309026840471e-16,0.13661629
190,0.04017326706458572,0.0390166994721866,0.88434327,0.001156567592399121,0.11565676,0.0,0.0,0.08646702571928783,0.06854246778418321,0.8272012,0.001167886394580946,0.11678863,0.01675667154052368,0.05601022,0.14143807540685296,0.053684869646898614,0.7012206,0.0015562143672973204,0.15562142,0.08619699139265699,0.14315796
191,0.03988143514594388,0.039492222204395154,0.96107864,0.0003892129415487295,0.038921293,0.0,0.0,0.06940682363920707,0.06900699347881137,0.8647058,0.00039983016039530636,0.039983016,3.844948101218748e-16,0.09531108,0.07080880398503159,0.06974976046271557,0.7967332,0.0010590435223156508,0.105904356,3.4503456481066295e-16,0.09736244
192,0.0718994520626134,0.07111848832229324,0.8828271,0.0007809637403201684,0.078096375,9.354405406705497e-31,0.039076462,0.1481775666422336,0.14776979616111785,0.90084106,0.0004077704811156897,0.04077705,9.610938178842277e-17,0.058381874,0.09808637844216304,0.0887289645796185,0.8241368,0.0008818721141698261,0.08818721,0.008475541748374706,0.08767579
193,0.010000000579413889,0.00922631650560892,0.9226316,0.0007736840738049685,0.07736841,0.0,0.0,0.05393764730371739,0.05315809371588046,0.84625924,0.0007795535878366437,0.07795536,2.8632712319599944e-16,0.075785436,0.07028330656962833,0.06893744273945603,0.8061077,0.0013458638301721087,0.1345864,2.0031795992128427e-16,0.059305873
194,0.10244113897801277,0.10165554186562668,0.879623,0.0007855971123860969,0.07855971,1.0010506768454159e-30,0.041817218,0.13290574757798854,0.13230309139334717,0.85970014,0.0006026561846412717,0.06026562,9.765497924608045e-17,0.080034226,0.13857580004988115,0.10273802124361035,0.717757,0.0013556097820827584,0.13556097,0.03448216902418805,0.14668208
195,0.008422545946798463,0.007627711077808416,0.7627711,0.0007948348689892481,0.07948349,7.979233421963891e-16,0.15774533,0.05435840119194964,0.05375399918088962,0.7803596,0.000604402011059312,0.0604402,7.075742421415233e-16,0.15920018,0.04683151935714865,0.04594663503624966,0.7048719,0.0008848843208980349,0.08848843,9.464903407247808e-16,0.20663977
196,0.13363276910181765,0.13245314336726222,0.8039634,0.0011796257345550285,0.11796257,3.949214430421681e-16,0.07807393,0.1187676898686058,0.11796846536851689,0.78310835,0.0007992245000884076,0.079922445,4.960685607549106e-16,0.13696922,0.11926429622438964,0.11828233542807084,0.77296925,0.0009819607963182679,0.09819608,5.484222818626324e-16,0.12883465
197,0.13251789568364605,0.1317209517256713,0.8815072,0.0007969439579747746,0.0796944,9.287834635160341e-31,0.038798377,0.15039845354638162,0.14979301752165602,0.8998349,0.0006054360247255072,0.060543604,9.786419063266768e-17,0.03962163,0.11380041381590589,0.10409330148867159,0.74800104,0.0012611871960533938,0.1261187,0.008445925131180901,0.12588023
198,0.19662081975845042,0.19544191208989162,0.7602001,0.0011789076685588058,0.11789077,2.9183484217586765e-30,0.12190913,0.21684989395187385,0.1817039403509141,0.7997051,0.0008008664661974614,0.08008665,0.03434508713476228,0.120208316,0.19767692380369806,0.13498488261003982,0.6936182,0.0014770015346091767,0.14770015,0.06121503965904904,0.15868165
199,0.008436313245552758,0.008056028093013068,0.80560285,0.00038028515253889906,0.038028516,7.909600430942478e-16,0.15636872,0.022721780196040757,0.021946803710978117,0.72636074,0.0007749764850616482,0.077497646,9.921431833263454e-16,0.19614157,0.030359172656962388,0.029572669204164143,0.6564961,0.0007865034527969512,0.07865034,1.2905222131872662e-15,0.26485357
200,0.009218268723784945,0.008445805860229852,0.8445806,0.0007724628635546972,0.077246286,3.954232589649931e-16,0.07817314,0.03845945005736017,0.03786549641820999,0.8050192,0.0005939536391495926,0.05939536,5.925401434824882e-16,0.13558553,0.053761176075856155,0.05288198204554796,0.7361808,0.0008791940303073447,0.08791941,8.405012752025628e-16,0.17589968
201,0.10148596423433846,0.10068489834247357,0.9198935,0.000801065891864898,0.080106586,0.0,0.0,0.14824741802102812,0.14764199919214369,0.88156885,0.0006054188288843718,0.060541883,9.501407978152317e-17,0.057889286,0.12284067023785791,0.09587292118898849,0.758239,0.0014540119018097346,0.1454012,0.025513737147059665,0.09635989
202,0.009999999533216983,0.009218292483998239,0.9218293,0.0007817070492187435,0.0781707,0.0,0.0,0.06868359933528499,0.06807827611490307,0.84620243,0.0006053232203815394,0.060532317,3.7849738381237924e-16,0.093265235,0.07001069122397718,0.0688341565450881,0.7486336,0.0011765346788885163,0.11765347,5.803802648205036e-16,0.13371293
203,0.06991648890474732,0.06951398559217802,0.88227415,0.00040250331256910826,0.04025033,1.9305232951959668e-16,0.07747558,0.10144484938356782,0.10065979335443842,0.84277415,0.000785056029129209,0.0785056,1.959141268686136e-16,0.078720294,0.11106358971772048,0.1011613160388513,0.7840117,0.0012732851443610779,0.12732852,0.008628988534508115,0.088659726
204,0.040203053829645154,0.03943612886406094,0.92330754,0.0007669249655842116,0.07669249,0.0,0.0,0.06906691919499613,0.06866259420371833,0.86406714,0.0004043249912775269,0.040432498,2.9189323538636874e-16,0.09550038,0.08177043067153186,0.04652770246385002,0.7493348,0.0011569420105820248,0.11569421,0.034085786197099815,0.13497105
205,0.07307225970230331,0.07188064274633449,0.7234049,0.0011916169559686315,0.119161695,1.9273060767928685e-16,0.15743332,0.12019258153815308,0.1022990949235288,0.7605277,0.0006185952983935956,0.06185953,0.017274891316230664,0.17761277,0.120809942468249,0.10174249333236077,0.6480691,0.0015536294295060236,0.15536295,0.017513819706382217,0.19656803
206,0.03967240962797752,0.038893123502457216,0.8839351,0.0007792861255203027,0.07792861,9.129338727592108e-31,0.038136285,0.06944550538764577,0.06884863237308861,0.82666653,0.0005968730145568653,0.059687305,2.8531536443665615e-16,0.11364622,0.10386493256048006,0.07633125690044072,0.7097709,0.001640432125090909,0.16404322,0.025893243534948433,0.12618572
207,0.13481365250332816,0.13362757372520287,0.80302024,0.001186078778125091,0.11860787,1.9917729309387242e-16,0.078371875,0.2006937450735838,0.1648030262880621,0.80177444,0.0006105566848588472,0.061055668,0.035280162100662885,0.13716993,0.1957550451208812,0.14997805050938795,0.76235116,0.0007961182547258719,0.07961182,0.04498087635676739,0.15803704
208,0.07222764227085926,0.07104034889993335,0.76342416,0.0011872933709255406,0.11872934,3.8979416114971735e-16,0.1178466,0.08711105628337652,0.08611593625721858,0.76217735,0.0009951200261574323,0.09951201,4.933406412983518e-16,0.13831076,0.10384229144657196,0.09413227951556705,0.71418095,0.0011861684236710857,0.11861685,0.008523843507333803,0.16720219
209,0.10369412194249078,0.10291599016876866,0.80533725,0.0007781317737219118,0.07781318,1.9830492651591992e-16,0.1168496,0.15207764999153367,0.13428967423284782,0.84227866,0.0005906369707007467,0.0590637,0.017197338787985076,0.09865755,0.17308917435348517,0.11081881438493665,0.6985862,0.0009736062178057257,0.097360626,0.06129675375074278,0.20405313
210,0.06851030798370372,0.06771706034682794,0.8446072,0.0007932476368755937,0.07932476,1.909471639861693e-16,0.07606804,0.040330774863112456,0.03935910559801787,0.80590624,0.0009716692650941916,0.097166926,3.8792796722234867e-16,0.09692688,0.07712093435383699,0.07594484726550275,0.7274485,0.0011760870883336157,0.11760872,6.354482013709106e-16,0.15494283
211,0.04053705599041187,0.03975681163112673,0.8841742,0.0007802443592851403,0.07802444,9.049149179408935e-31,0.037801307,0.08482066358667882,0.08422600362572742,0.8459697,0.0005946599609511135,0.059465997,2.8381829395904474e-16,0.094564386,0.12135717934034365,0.07705288900958743,0.7292722,0.0013586405694775944,0.13586405,0.042945649761278626,0.13486378
212,0.16465096919675531,0.16424079686879692,0.9196106,0.0004101723279584052,0.041017234,9.425186110407486e-31,0.03937214,0.16493170508858176,0.1641321856074486,0.82160735,0.0007995194811329756,0.07995195,1.9903360952712566e-16,0.0984407,0.1218097215491666,0.11179769990546586,0.7640031,0.0012735824781703934,0.12735824,0.008738439165530352,0.10863861
213,0.04151986692655128,0.040327049229667435,0.8433004,0.0011928176968838517,0.11928177,8.957341834253703e-31,0.0374178,0.08848481940088697,0.07040820623859412,0.78660786,0.001188553859540225,0.11885539,0.016888059302752636,0.0945367,0.12150713836354422,0.08517095738328212,0.73589027,0.0015746937948173194,0.15746938,0.03476148718544481,0.10664028
214,0.2977856607508965,0.29739083650054526,0.8403765,0.000394824250351032,0.039482426,2.0420978312664372e-16,0.12014113,0.26996096447874257,0.2347144751904311,0.84092563,0.00020378671821083463,0.020378672,0.035042702570100615,0.1386957,0.2458147398951769,0.2008580140467505,0.7916588,0.00020197270731251845,0.02019727,0.04475475314111392,0.18814391
215,0.04102515324502717,0.04022885155585125,0.8820453,0.0007963016891759169,0.079630174,9.174422426482253e-31,0.038324617,0.08542601753499078,0.08482030043216753,0.8252525,0.0006057171028229521,0.060571708,2.8533148792579913e-16,0.11417583,0.1458817715444968,0.09257443932212168,0.73787457,0.0012593622560547295,0.12593621,0.05204796996632039,0.13618919
216,0.0714197592153744,0.07062591685286217,0.92061573,0.0007938423625122301,0.07938424,0.0,0.0,0.08661073842318052,0.08562555259593806,0.78786975,0.00098518582724209,0.09851859,3.8150712500687915e-16,0.11361166,0.13722215088158857,0.10125409460573187,0.72805053,0.001557159584637736,0.15571596,0.034410896691218974,0.11623356
217,0.07148620712595433,0.07069609176290813,0.9209885,0.0007901153630462,0.07901154,0.0,0.0,0.08713127098203176,0.08539730134649247,0.7503611,0.0017339696355390991,0.17339696,1.9038886983934178e-16,0.07624193,0.14655126626579787,0.09333910701056596,0.7172795,0.001666936699525429,0.16669366,0.05154522255570651,0.11602682
218,0.008427920967240234,0.00764070390838597,0.76407033,0.0007872170588534686,0.07872171,7.952046254329353e-16,0.15720786,0.06915523145252081,0.06855060213866876,0.7816785,0.0006046293138513496,0.060462933,7.000780584893964e-16,0.15785852,0.06212540052553544,0.06142807062040398,0.7333554,0.0006973299051305555,0.069732994,8.966684561349205e-16,0.1969116
219,0.010000000160454428,0.00921393188782293,0.92139316,0.000786068272631498,0.07860683,0.0,0.0,0.009230141020802095,0.008255425783875074,0.82554257,0.0009747152369267293,0.09747153,2.9214339844793977e-16,0.07698576,0.03928494464056142,0.03783240558713744,0.7949937,0.0014525390534237703,0.14525391,2.0292182517656223e-16,0.059752427
220,0.32098987207609336,0.320587325887589,0.880804,0.0004025461885042496,0.04025462,2.042608666355352e-16,0.078941405,0.2702599788498184,0.19878512316604943,0.7831627,0.00039737585742401953,0.039737586,0.07107747982634499,0.17709966,0.22365991170533706,0.16005467929786055,0.7428763,0.0005933409727702436,0.0593341,0.06301189143470633,0.19778958
221,0.10133773873351835,0.10054883825872848,0.8444772,0.0007889004747896734,0.07889005,1.9164433082258074e-16,0.076632716,0.1350640208700094,0.11736086390299548,0.823064,0.000606688379871834,0.060668837,0.017096468587142106,0.1162672,0.15422260152134035,0.10995966615681563,0.75553143,0.0006015489365364591,0.060154893,0.043661386427988245,0.18431358
222,0.07141359886463804,0.07061193653224045,0.76503044,0.0008016623323970098,0.080166236,5.920722196317963e-16,0.15480329,0.11730316319631658,0.11669570049717405,0.7821036,0.000607462699141826,0.060746267,6.955153895553988e-16,0.15715015,0.09570124311699571,0.09461915628296035,0.72486264,0.0010820868340347173,0.10820868,6.499000792154908e-16,0.16692863
223,0.008047932351004752,0.00723567260387142,0.72356725,0.0008122597471323454,0.08122597,9.87414020989667e-16,0.19520667,0.054263256575960865,0.05346176521182951,0.7417267,0.0008014913641305608,0.08014914,8.024916886837878e-16,0.17812401,0.04707674843603332,0.04599414353947493,0.6941904,0.0010826048965574939,0.10826048,8.988370380237054e-16,0.1975492
224,0.19324060701122062,0.1924408499778565,0.8023903,0.0007997570333639766,0.0799757,1.9282948323356722e-16,0.11763407,0.18080050587779123,0.1801953479263485,0.85943013,0.0006051579514425529,0.060515795,1.955844161848753e-16,0.080054045,0.15507816631421908,0.11996993477413,0.755872,0.0009823584175919565,0.09823583,0.034125873122497145,0.14589214
225,0.03973023032973145,0.03895404249014292,0.8852716,0.000776187839588522,0.077618785,8.883548596497122e-31,0.03710954,0.06986798819856394,0.06945719566694485,0.86379045,0.00041079253161881016,0.041079253,2.881249991332942e-16,0.09513035,0.12772983632206472,0.08428946652924105,0.75819206,0.0008769443807334166,0.08769443,0.04256342541209026,0.15411347
226,0.039858696190138196,0.03869233219105857,0.8455674,0.001166363999079631,0.1166364,9.04793302726402e-31,0.037796225,0.06952986993280141,0.06835546496529558,0.78602296,0.0011744049675055154,0.117440484,2.9135072963264725e-16,0.096536614,0.0793111820735226,0.06946611024968019,0.75533146,0.0013716847724635358,0.13716848,0.008473387051378881,0.10750021
227,0.06829710096372123,0.06750592598662615,0.8458688,0.0007911749770948956,0.07911749,1.882931112631736e-16,0.07501361,0.040120197807168544,0.03933103260879464,0.80657065,0.000789165198373431,0.07891653,4.780277455821826e-16,0.1145128,0.08435843336572715,0.08336957076121272,0.72813654,0.0009888626045136987,0.09888627,7.274108186622001e-16,0.17297728
228,0.16505666133280936,0.1638755751371366,0.8433105,0.001181086195672754,0.11810862,9.235778105237965e-31,0.038580917,0.18283147122855806,0.1642065071352668,0.76579213,0.0015658266613513684,0.15658267,0.01705913743193987,0.07762522,0.15574863998940022,0.11884217580848387,0.65837544,0.001956357333612054,0.19563574,0.03495010684730433,0.14598882
229,0.03966868018979517,0.03887274427862077,0.88234466,0.0007959359111742003,0.07959359,1.9252776935249784e-16,0.03806175,0.039722847801798786,0.03855908735013689,0.78666586,0.0011637604516615046,0.11637604,3.9261682781896544e-16,0.09695814,0.07076307647252007,0.06095053462992712,0.74649906,0.0013622910309603789,0.1362291,0.008450250811632594,0.11727182
230,0.10145015629267706,0.10064786399368247,0.84323794,0.0008022922989945724,0.08022923,1.832097386705139e-30,0.0765328,0.10270651785535755,0.10190347330711085,0.84138525,0.0008030445482464977,0.08030445,1.9383025338975113e-16,0.07831031,0.12942921920283873,0.09416066168732658,0.74537396,0.0009924011912978996,0.099240124,0.034276156324214255,0.15538588
231,0.01,0.009208322611659063,0.9208322,0.0007916773883409372,0.07916774,0.0,0.0,0.039055655906025756,0.03825474367884032,0.882266,0.0008009122271852456,0.08009122,1.9040853386650839e-16,0.037642784,0.032511779373389664,0.03180779323606629,0.8535968,0.0007039861373230212,0.070398614,3.367273687677586e-16,0.07600449
232,0.04039869139590109,0.03961690409478324,0.92182124,0.000781787301117851,0.07817873,0.0,0.0,0.08652005509303157,0.06913402695123444,0.84616065,0.0006064170411675658,0.060641702,0.016779611100629564,0.093197614,0.13913838614030632,0.06889562134268762,0.7210701,0.0013550600333753554,0.135506,0.06888770476424334,0.14342394
233,0.039636453548710406,0.03886104786519348,0.8848044,0.0007754056835169203,0.07754057,9.014152932998658e-31,0.037655115,0.08646842048711535,0.06870468987522854,0.78993464,0.0009641738647255785,0.09641739,0.016799556747161222,0.113648035,0.08898392281676523,0.061728498804593884,0.72877115,0.0013551726382639148,0.13551725,0.02590025137390742,0.13571136
234,0.041238888221808205,0.04045414370582202,0.9215255,0.00078474451598619,0.078474455,0.0,0.0,0.10026595749736399,0.09947966217121083,0.8267763,0.0007862953261529488,0.07862953,1.8876079063180458e-16,0.09459406,0.13656391450145539,0.0925870125187482,0.7476791,0.0013646871211262348,0.13646871,0.04261221486158096,0.11585221
235,0.25913294910124735,0.25873253775761795,0.7162128,0.0004004113436289306,0.040041134,4.057369492359586e-16,0.2437461,0.1839054045484582,0.18312127972345502,0.69868666,0.0007841248250024604,0.07841249,7.004118609057776e-16,0.22290076,0.1794356794311084,0.1439925754720922,0.6613246,0.0008882840391646269,0.0888284,0.03455481991985159,0.24984705
236,0.040415797678063366,0.039623585609522095,0.8421034,0.0007922120685410728,0.07922121,2.0021125994927555e-16,0.07867538,0.04031524989178474,0.03933791114233448,0.74635774,0.0009773387494495759,0.09773387,6.853735694011085e-16,0.15590842,0.07780758625508227,0.0768201003260545,0.76201344,0.0009874859290271735,0.098748595,6.015820266846906e-16,0.13923803
237,0.040924898626809036,0.04013261049443041,0.9207712,0.0007922881323786221,0.07922881,0.0,0.0,0.10238755269629579,0.0847149478938324,0.8075907,0.0007961867723072993,0.079618685,0.016876418030156094,0.1127907,0.14454924398416263,0.09982580542072371,0.7283765,0.0015580223557161202,0.15580222,0.04316541620772282,0.11582124
238,0.039452398218457765,0.0386640497247412,0.80565697,0.0007883484937161756,0.07883485,3.8667183989418495e-16,0.1155081,0.05447552858100251,0.053689697677274856,0.7844597,0.0007858309037270633,0.07858309,5.89762454837527e-16,0.1369572,0.07853637071642931,0.06916836660099653,0.744982,0.0008845304814701773,0.08845305,0.008483473633962615,0.16656487
239,0.10260464492147589,0.1017883491244103,0.76333535,0.0008162957970648138,0.08162958,7.842136653318353e-16,0.155035,0.07219632513804837,0.07158350797711398,0.7620711,0.0006128171609336035,0.061281715,7.949278260772824e-16,0.17664728,0.09449708255337665,0.09350572953519756,0.7135047,0.0009913530181783245,0.0991353,7.510567902681109e-16,0.18736015
240,0.00841532106194479,0.007618429121233666,0.7618429,0.0007968919407105158,0.0796892,6.075000559600138e-16,0.15846787,0.03906005303285273,0.0380659635934577,0.74178326,0.0009940894393944237,0.09940895,6.047549774386105e-16,0.1588078,0.05380867792533034,0.053005564694395546,0.6643242,0.0008031132309336188,0.08031132,1.1884032433149654e-15,0.25536436
241,0.039411536850536104,0.03863790097537259,0.9226364,0.000773635875163517,0.07736359,0.0,0.0,0.05459419114989825,0.05381363801933824,0.84610796,0.0007805531305597291,0.078055315,2.858218970388668e-16,0.075836666,0.11041963103861509,0.08371562967715232,0.7771944,0.0013555483974385654,0.13555485,0.025348452964024215,0.087250724
242,0.039176229726594326,0.038378440883980305,0.7645691,0.0007977888426134351,0.07977888,5.903846176271345e-16,0.15565194,0.06949715401637635,0.06889358234810984,0.7822935,0.000603571668265799,0.06035717,6.938561992972645e-16,0.15734932,0.062491923074365324,0.06169683086081739,0.7249593,0.0007950922135470382,0.07950922,8.882854849518985e-16,0.19553141
243,0.009246347652977627,0.008497149247159212,0.84971493,0.0007491984058180331,0.07491984,3.8122005387132927e-16,0.07536524,0.0382737377750353,0.03750240986936151,0.7702098,0.0007713279056731305,0.077132784,6.743086669727792e-16,0.15265742,0.0680389017633016,0.06715530492563186,0.7269452,0.000883596837668941,0.088359684,7.883351311562705e-16,0.18469517
244,0.008812549104960517,0.007655031871165231,0.76550317,0.0011575172337946861,0.11575172,6.00648465448593e-16,0.1187451,0.06935205173144535,0.06856254125821498,0.76244056,0.0007895104732296755,0.078951046,7.022024024911684e-16,0.15860838,0.0848612340396727,0.08416569028837205,0.7141503,0.0006955437512996567,0.06955438,9.938466364186661e-16,0.21629527
245,0.13584537319465315,0.13543440732610446,0.88007784,0.0004109658685484805,0.041096587,1.9810936022072446e-16,0.07882557,0.16644783399281549,0.16564574614962052,0.8402513,0.0008020878431947564,0.080208786,1.9923804953927103e-16,0.07953993,0.13702879444700825,0.1268733075707351,0.7161254,0.0015655595540356292,0.15655597,0.008589927322237526,0.12731859
246,0.00962000895193367,0.008830451210838098,0.883045,0.0007895577410955702,0.07895578,9.096506414613294e-31,0.037999135,0.038953219668394004,0.037979017194055276,0.8443258,0.0009742024743385358,0.097420245,1.9378583640374053e-16,0.058253873,0.04679743572041478,0.045805631756102826,0.8225728,0.0009918039643116627,0.0991804,2.942950656964478e-16,0.0782468
247,0.07002380357429423,0.069625824684898,0.92069346,0.00039797888939623326,0.039797887,9.457864472566719e-31,0.03950865,0.13137008719753163,0.13078057943768664,0.8634572,0.0005895077598447875,0.058950778,1.9274933678986677e-16,0.077592164,0.08860677908752941,0.08764046509432943,0.8057313,0.0009663139931996803,0.0966314,2.9171791035351955e-16,0.097637266
248,0.04077968145800744,0.04000212173105164,0.9222441,0.0007775597269558051,0.07775597,0.0,0.0,0.07061028788303449,0.07020392951075789,0.86311835,0.00040635837227632023,0.040635835,2.9259793645744945e-16,0.09624581,0.1287538058855015,0.0852302495068919,0.7673112,0.0009726729059833322,0.097267285,0.04255088347262629,0.13542159
249,0.0422274001550225,0.04144121827226431,0.84221464,0.0007861818827580069,0.07861819,1.9683704742372183e-16,0.07916718,0.14803453447007775,0.147440258954133,0.8601956,0.000594275515944556,0.059427552,2.0128210318524958e-16,0.08037684,0.12254548414454762,0.09523922342385148,0.726072,0.0009742889193630011,0.097428896,0.026331971801333134,0.17649902
250,0.1936640464771435,0.19326916836760824,0.7610221,0.00039487810953448666,0.039487813,8.119464041646131e-16,0.19949013,0.14945836658756442,0.14906253997569335,0.74077666,0.0003958266118700535,0.039582662,1.0094658301703137e-15,0.21964075,0.13821174530785052,0.10234793260992302,0.62423635,0.0006876702544576508,0.068767026,0.03517614244346982,0.30699667
251,0.039829422421999876,0.03905195941833924,0.8849197,0.000777463003660448,0.0777463,1.8884639506431833e-16,0.037333958,0.06930278580611629,0.06889130642189849,0.86369795,0.00041147938421751774,0.04114794,2.9129445224920335e-16,0.09515412,0.0892409224576927,0.05429333720731766,0.75815314,0.0010690586675758916,0.10690587,0.033878526582799155,0.13494118
252,0.041346354721754124,0.04055453145769064,0.88181007,0.0007918232640634834,0.07918233,9.3379430145564e-31,0.039007694,0.1008033397258163,0.09982660655878468,0.8254286,0.000976733167031436,0.09767332,1.9137012011423105e-16,0.076898046,0.12110607998575194,0.08579809481644204,0.7387658,0.0011737313016508127,0.11737313,0.0341342538676591,0.14386106
253,0.13022545292686213,0.12944777217114967,0.88408595,0.000777680755712472,0.07776808,9.13164919177189e-31,0.038145937,0.11722937499017477,0.11682381974590328,0.8443724,0.00040555524427121923,0.040555526,2.914644590225936e-16,0.11507204,0.11297562305610334,0.0946797037947221,0.7301476,0.0012486368802213982,0.1248637,0.01704728238115983,0.14498878
254,0.03992786013354589,0.03912072308053266,0.8412088,0.0008071370530130396,0.080713704,1.9918136953761003e-16,0.078077495,0.039243790823156564,0.03882500525316702,0.76320386,0.00041878556998875457,0.04187856,7.880716451289313e-16,0.19491756,0.07008889747909355,0.06901244975024783,0.7523026,0.0010764477288451749,0.10764477,5.557948189878081e-16,0.14005259
255,0.06951878452800665,0.06873242771895902,0.88372827,0.0007863568090476497,0.078635685,9.009584007585701e-31,0.03763603,0.06945343729332262,0.06885734885361346,0.78864497,0.0005960884397085892,0.059608847,5.745428042111534e-16,0.15174617,0.07930572362416899,0.06994442263978502,0.756799,0.0009757287634992115,0.09757288,0.008385572220884735,0.1456282
256,0.13160936891865227,0.13081691183282454,0.8823536,0.0007924570858277408,0.07924571,9.19262687674945e-31,0.03840066,0.1180707434209239,0.11765769330699312,0.8431818,0.0004130501139304933,0.041305013,2.899395035016342e-16,0.11551315,0.11349714633429972,0.09561833219089645,0.7481438,0.0008779940026140016,0.0877994,0.017000820140789262,0.16405678
257,0.04117120792045383,0.03999513676347479,0.8823929,0.0011760711569790405,0.11760712,0.0,0.0,0.10404779216801181,0.06892415780469548,0.75091803,0.0013644981049660632,0.13644981,0.03375913625835028,0.1126323,0.11533950159934113,0.06931973873057136,0.71711695,0.0017530525233006983,0.17530526,0.04426671034546908,0.1075778
258,0.19978178294662788,0.1989943484128457,0.8001754,0.0007874345337821678,0.07874345,2.8985273003349376e-30,0.12108113,0.286515421550902,0.19799050188334713,0.722935,0.0005985789073607049,0.059857894,0.08792634076019412,0.2172071,0.2389736247557657,0.16628225410866773,0.6829774,0.000986957558803247,0.098695755,0.07170441308829473,0.21832691
259,0.009620715502474746,0.008860749291283086,0.88607484,0.0007599662111914671,0.07599662,1.9185383431972627e-16,0.037928514,0.03831695491796732,0.037731471575024926,0.8088287,0.0005854833429419091,0.058548335,4.802872544960341e-16,0.13262299,0.05642036876711805,0.03833794619027882,0.75743634,0.0010644839595688055,0.10644839,0.017017938617270426,0.13611515
260,0.06941740497000766,0.06863498457526354,0.88326144,0.0007824203947441106,0.07824204,9.215587710031804e-31,0.038496576,0.06924035348594623,0.06882762676001668,0.8071321,0.0004127267259289766,0.041272674,5.710969890634238e-16,0.15159518,0.08748278049541733,0.0693913108737931,0.73818225,0.001255526778955169,0.12555267,0.016835942842669042,0.13626513
261,0.07090794522065759,0.07011597838366475,0.8045345,0.0007919668369924592,0.079196684,3.834939572061198e-16,0.11626881,0.0708756462104154,0.0702667843757603,0.80264044,0.0006088618346545866,0.060886182,4.861499244857327e-16,0.13647334,0.10991615573296566,0.09989130817328923,0.7154347,0.001178972589252503,0.117897265,0.008845874970423927,0.16666809
262,0.010000000481875609,0.009216247579806524,0.9216248,0.0007837529020690839,0.07837529,0.0,0.0,0.009231175960521722,0.00825133744448441,0.8251337,0.0009798385160370198,0.09798386,2.9220613927591564e-16,0.07688253,0.039012456403463486,0.037836751074021596,0.8136749,0.0011757053294416439,0.117570534,2.4978914570547754e-16,0.06875447
263,0.10225264786344017,0.10147971568543951,0.8841567,0.0007729321780006402,0.07729322,9.228407513173771e-31,0.038550127,0.17032108906350876,0.11742839543362235,0.8238639,0.00040067988415233487,0.04006799,0.05249201374573405,0.13606808,0.18024549012012986,0.11728078694570174,0.77396923,0.0004936965510438585,0.04936966,0.06247100662338431,0.17666115
264,0.07229059548014635,0.07148986953955798,0.9199274,0.000800725940588386,0.08007259,0.0,0.0,0.10237487117754421,0.1013986584669575,0.8066128,0.0009762127105864066,0.09762127,2.867110199381642e-16,0.095766045,0.1459962432994247,0.10163491247412243,0.7557776,0.0011752946074801286,0.11752947,0.04318603621782215,0.12669292
265,0.06982557448807673,0.06900113695348334,0.76081157,0.0008244375345927834,0.08244376,5.948300857124832e-16,0.15674463,0.07101673401645765,0.07058947843053533,0.79945236,0.0004272555859217147,0.04272556,5.986151481236256e-16,0.15782203,0.0639616702604181,0.06288568263354834,0.7235171,0.0010759876268691035,0.10759876,6.529565082957761e-16,0.1688841
266,0.16618682987257438,0.16538453117141036,0.75794864,0.0008022987011638248,0.08022987,2.0747317416565785e-16,0.1618215,0.12107466593503267,0.11968945774380763,0.72017044,0.0013852081912247506,0.13852082,2.999001170831683e-16,0.1413088,0.10720649316439892,0.08829829873720699,0.67236143,0.0016785991383592666,0.16785991,0.017229595288832663,0.15977865
267,0.04078883554898374,0.040001480515626346,0.92126447,0.0007873550333573994,0.0787355,0.0,0.0,0.10357271678818945,0.06886298970127697,0.80817145,0.0006100385594835708,0.061003853,0.034099688527428916,0.13082473,0.1229949136448439,0.06890824263534444,0.7011018,0.0015449261654597647,0.1544926,0.0525417448440397,0.14440535
268,0.10136702221989181,0.10057376971558019,0.9206748,0.0007932525043116343,0.07932525,0.0,0.0,0.11688471793315452,0.11628125222226846,0.8059978,0.000603465710885586,0.060346574,4.841585260643431e-16,0.13365568,0.11113647592969186,0.1104418940218294,0.8129626,0.000694581907862003,0.06945819,4.933481784130764e-16,0.117579155
269,0.040645978083949735,0.039851397240962746,0.920542,0.0007945808429869841,0.07945809,0.0,0.0,0.08473915833532267,0.08338033047780556,0.80702376,0.0013588278575169229,0.13588278,1.8938257563221878e-16,0.05709339,0.11147436308251342,0.08437279091394763,0.7563587,0.0014749417415053474,0.14749418,0.025626630427060485,0.096147075
270,0.009224209288894477,0.008440634092152541,0.84406334,0.0007835751967415437,0.07835752,3.924182887269614e-16,0.07757907,0.05376826757681422,0.053166071660241274,0.8034172,0.0006021959165723502,0.060219593,5.924029270271981e-16,0.1363632,0.05477094820147501,0.05369512694398623,0.76379615,0.001075821257488223,0.10758212,5.511968394661066e-16,0.1286217
271,0.039497433672803374,0.03868941958233669,0.9191986,0.0008080140904666867,0.08080141,0.0,0.0,0.08465943126160173,0.08366722784564543,0.8448507,0.0009922034159561258,0.09922034,1.8809502040146238e-16,0.05592899,0.085587382806702,0.08431026277267215,0.7482063,0.0012771200340294243,0.12771201,4.3457379583237525e-16,0.12408169
272,0.07002515605630821,0.06885717832927478,0.88320225,0.0011679777270334397,0.11679777,0.0,0.0,0.13651645482792887,0.08415669475690808,0.76878726,0.000991485921250315,0.099148594,0.05136827414977047,0.13206416,0.16380070376404243,0.09201190035058328,0.72648865,0.0014680197765000607,0.14680198,0.0703207836369591,0.12670931
273,0.06868491486715131,0.06789204826308544,0.8448086,0.0007928666040656791,0.07928666,1.9103326420209769e-16,0.07590483,0.06974484282642816,0.06895496907739869,0.8046051,0.0007898737490290735,0.078987375,3.92384918779333e-16,0.116407536,0.08617693722419799,0.08500137870692535,0.7834519,0.0011755585172722376,0.11755586,3.971354138067671e-16,0.09899211
274,0.010000000121012166,0.009228710547613931,0.922871,0.0007712895733982347,0.077128954,0.0,0.0,0.06900640809787859,0.06841419374862635,0.86380327,0.000592214349251935,0.059221435,2.8993571509408258e-16,0.0769753,0.08648814753211868,0.07660918122526904,0.786982,0.0014371704119012709,0.14371704,0.008441795894948376,0.06930097
275,0.0390896691588933,0.03829789849079569,0.8443882,0.0007917706680974152,0.07917707,1.9131295381903e-16,0.07643478,0.06946199189577626,0.0688615320846191,0.82382464,0.000600459811156747,0.060045984,3.899773764936334e-16,0.116129406,0.09395836693994694,0.08435122923457004,0.7650793,0.0011714433741210181,0.11714433,0.00843569433125588,0.117776334
276,0.03938942240337952,0.03860119128274496,0.84184873,0.0007882311206341611,0.07882311,4.012656256504576e-16,0.07932814,0.05452829353122755,0.05392686017582849,0.78333354,0.0006014333553983573,0.060143337,6.946831201162252e-16,0.15652312,0.0698182425330941,0.06912212333576549,0.7629039,0.0006961191973278732,0.069611914,7.482583443016369e-16,0.16748412
277,0.04032919754155392,0.03916194315853073,0.8458889,0.001167254383023188,0.11672543,8.949663400221581e-31,0.03738572,0.0700643803656193,0.06889507360263936,0.7876937,0.0011693067629796451,0.11693068,2.8921603269990245e-16,0.0953756,0.11265662167524998,0.07693200598476671,0.75583935,0.0011828552361392215,0.118285514,0.03454176045434406,0.12587516
278,0.10179085106404455,0.10061153158704329,0.8436802,0.0011793194770012582,0.11793194,9.189548584945382e-31,0.0383878,0.16888490921477922,0.11614088669520153,0.7667588,0.001183974625061281,0.11839746,0.0515600478945164,0.114843756,0.21554835877955025,0.10103160746346179,0.612417,0.0015735564958612935,0.15735567,0.11294319482022717,0.23022723
279,0.13211473590040826,0.13133616681107071,0.8428752,0.0007785690893373675,0.07785691,2.0284081271192483e-16,0.0792678,0.1490792794001282,0.148673968155939,0.8415437,0.00040531124418887707,0.040531125,2.9994696831631556e-16,0.11792531,0.12069965412841248,0.11085852119150465,0.73669016,0.0012568979509523467,0.1256898,0.008584234985955503,0.13762002
280,0.1344634431859225,0.13367367103915823,0.8027111,0.0007897721467640902,0.07897721,1.972227842235915e-16,0.118311614,0.1504980180308683,0.14989822798617766,0.8594574,0.0005997900446904237,0.059979007,2.0117590928350243e-16,0.08056367,0.16208486687017384,0.12633950848244874,0.7545695,0.000887254914944861,0.08872549,0.034858103472780254,0.156705
281,0.10189550385466245,0.10109442022225812,0.8401414,0.0008010836324043509,0.08010837,1.909117913028311e-30,0.0797502,0.13519870067951362,0.11688158353463521,0.80223906,0.0009881244769168612,0.09881245,0.017328992667961552,0.0989485,0.13126733493081363,0.08641218309453776,0.63991606,0.0017543651977648947,0.17543651,0.04310078663851101,0.18464738
282,0.04056632055723119,0.03978981393346907,0.92234933,0.00077650662376212,0.077650666,0.0,0.0,0.10210681031396647,0.0847430157932884,0.8449033,0.0004051929394219666,0.040519293,0.016958601581256116,0.1145773,0.15457967817111015,0.09324000553957477,0.76697,0.000781509301514023,0.078150935,0.06055816333002135,0.15487897
283,0.04014461784411175,0.03935590516155003,0.8023465,0.0007887126825611258,0.078871265,6.0083643526470195e-16,0.11878227,0.06980326523708186,0.06920306990615954,0.76343423,0.0006001953309215189,0.060019534,7.971261549007308e-16,0.17654614,0.06268144941654614,0.06208363419414634,0.7623165,0.0005978152223989788,0.059781518,8.025968649762482e-16,0.17790177
284,0.04074922828329063,0.03995040589405291,0.9201177,0.0007988223892377234,0.07988224,0.0,0.0,0.055336015724832745,0.05435798086306018,0.8070779,0.000978034861772282,0.097803496,2.8524147920396066e-16,0.09511855,0.0873410122758802,0.0692612015899297,0.75744927,0.001267979938641663,0.12679799,0.016811830747308826,0.115752615
285,0.07256419894547493,0.07174136620095639,0.7986605,0.0008228327445181306,0.08228327,3.914368697549554e-16,0.11905628,0.08705445052042077,0.08623604754002157,0.78009415,0.0008184029803986906,0.0818403,4.906623327079143e-16,0.13806556,0.10290459560206222,0.09307445091234563,0.6852171,0.0013740784790012282,0.13740785,0.008456066210715346,0.17737499
286,0.06902814476576737,0.06823507933355295,0.76145035,0.0007930654322138082,0.07930654,6.106904932712531e-16,0.15924314,0.06982422419472246,0.06941203445404887,0.7227914,0.0004121897406725909,0.041218974,9.940007186743522e-16,0.23598966,0.08521542457016705,0.08461718151783068,0.72175455,0.0005982430523353747,0.059824307,1.0002552261016398e-15,0.21842112
287,0.04033066014097355,0.03957615408861816,0.88657653,0.000754506052355203,0.0754506,1.9207807956250182e-16,0.037972845,0.054564888974559994,0.053794802016732333,0.7885703,0.0007700869578272664,0.077008694,3.9016411533327742e-16,0.13442099,0.10530422287047428,0.061586395167158255,0.72804254,0.001166601151760985,0.11666012,0.04255122655155503,0.1552974
288,0.07161096909460685,0.07084147472074451,0.8476268,0.0007694943738623386,0.07694944,1.8055472580505694e-30,0.07542372,0.10365474616914724,0.08578109697017502,0.7865669,0.0005961191540571527,0.059611917,0.017277530044915064,0.15382111,0.15649752820164692,0.08519541228013569,0.66939664,0.0013563974305920452,0.13563974,0.06994571849091918,0.19496353
289,0.04119006505824513,0.04038563119343923,0.8820776,0.0008044338648059023,0.08044339,8.971989306242282e-31,0.037478983,0.10109697968394603,0.10010281711419663,0.843578,0.0009941625697492886,0.09941626,9.447158003756218e-17,0.05700575,0.12951284994008216,0.09328135883934299,0.72780365,0.0016615536037669525,0.16615535,0.03456993749697224,0.106041096
290,0.008854377678640751,0.00807884085455572,0.8078842,0.0007755368240844504,0.07755368,5.794897410928447e-16,0.11456214,0.038761134762035354,0.038161059496891546,0.80445504,0.0006000752651432221,0.060007527,5.885273044322919e-16,0.13553739,0.06117339824776486,0.060381155226708214,0.7272796,0.0007922430210557136,0.079224296,9.274833868997887e-16,0.19349615
291,0.10249997685217042,0.10171414532753104,0.80571914,0.0007858315246391714,0.07858315,1.944168271601783e-16,0.11569775,0.11853495891579544,0.11793337362964924,0.8414028,0.0006015852861459162,0.060158532,2.954271053127208e-16,0.09843854,0.15556269610189427,0.10207345286473717,0.7075521,0.0009794623913737728,0.09794624,0.05250978084578336,0.19450152
292,0.07238686949243918,0.07118860738942344,0.8411579,0.0011982621030157412,0.119826205,9.339913660546148e-31,0.039015926,0.101779209159822,0.10001751757710653,0.7466223,0.0017616915827154565,0.17616916,1.403198260360146e-30,0.07720851,0.12088182324628335,0.08504385666689195,0.6679791,0.0017807382491842184,0.17807382,0.03405722833020718,0.1539471
293,0.2603172436564852,0.259895424592604,0.87691087,0.0004218190638809471,0.042181905,2.0048357787599036e-16,0.08090717,0.21466989209739573,0.21387238718838714,0.839709,0.0007975049090083827,0.079750486,2.0237409951783803e-16,0.080540396,0.21811701143002107,0.19050064209073006,0.77277994,0.0011797801541166962,0.117978014,0.026436589185174317,0.10924215
294,0.16832391726330118,0.16754749092076932,0.8023862,0.0007764263425316724,0.077642635,1.9747297378825533e-16,0.11997113,0.16749426701023465,0.16709090560227097,0.8015126,0.0004033614079632686,0.04033614,3.9156411726456584e-16,0.15815121,0.14613441448561365,0.12824996840995223,0.7160983,0.0008699334519923569,0.08699335,0.017014512623669053,0.19690825
295,0.1021368345159203,0.10133284420429287,0.80266184,0.0008039903116270449,0.08039903,3.9969630471484157e-16,0.116939105,0.10280040025119344,0.10180964996805163,0.74343026,0.000990750283141203,0.09907503,6.00169486330891e-16,0.15749468,0.1044027528798396,0.0945333343342261,0.6954502,0.00137202809149098,0.1372028,0.008497390454122514,0.1673469
296,0.16482169653965265,0.16443214632617584,0.80241716,0.0003895502134761862,0.03895502,6.070649145767571e-16,0.1586278,0.18131609708854343,0.18092414220550845,0.8018483,0.000391954883034357,0.03919549,6.059246469836624e-16,0.15895626,0.16041404243804958,0.14257668094848483,0.73348,0.00039546840535904787,0.03954684,0.017441893084205722,0.22697322
297,0.13384972312964602,0.1330674869609616,0.8435795,0.0007822361686840064,0.078223616,3.9554330217096716e-16,0.07819687,0.10358648524723815,0.10318425266285634,0.84151924,0.00040223258438140517,0.04022326,4.010359461383918e-16,0.118257396,0.12219217191666837,0.09493522557692663,0.745137,0.0008744446872900676,0.08744447,0.02638250165245166,0.16741851
298,0.19541015016763777,0.1950244841614942,0.80797446,0.00038566600614316443,0.0385666,3.887418708042444e-16,0.153459,0.25329880016866113,0.16544927673234966,0.7851864,0.00038869325422990797,0.038869325,0.08746083018208159,0.17594428,0.24901976336182446,0.14167185494745466,0.69601077,0.0004894536993864491,0.04894537,0.10685845471498341,0.25504377
299,0.040467324245578605,0.03968261058958595,0.92152864,0.0007847136559926588,0.07847136,0.0,0.0,0.07040469487709926,0.0696156063199544,0.8455113,0.0007890885571446706,0.07890885,1.893165159146599e-16,0.07557982,0.11365872527326296,0.06966007586177213,0.7677955,0.001169825187561639,0.11698252,0.0428288242239292,0.11522209
300,0.04086976315084329,0.04007528949471456,0.88295966,0.0007944736561287306,0.07944737,8.999288877392745e-31,0.037593026,0.10064826334717125,0.09928371395617161,0.7689554,0.0013645493909994683,0.13645494,1.9024202160189664e-16,0.09458967,0.12063221584888456,0.09300633744765045,0.72671425,0.0016653507613047136,0.16653508,0.025960527639929374,0.10675061
301,0.10484163628068031,0.10403274866695604,0.84002894,0.0008088876137240536,0.08088876,1.9748336557483184e-16,0.07908228,0.15057226032662172,0.14976283037249696,0.8210505,0.0008094299541245462,0.08094299,1.975915338944242e-16,0.098006375,0.13929163510603285,0.11188361089945362,0.7540353,0.0011857153290991092,0.11857152,0.026222308877480133,0.12739319
302,0.13598538359345821,0.13479382434095158,0.68051374,0.0011915592525062464,0.11915593,3.9782652487421374e-16,0.20033038,0.135592803891381,0.13497683575069763,0.7190682,0.0006159681406826831,0.06159682,6.92500834095846e-16,0.21933503,0.12859259944551912,0.11839351145291245,0.6239119,0.0012751698840777087,0.12751698,0.008923918108528956,0.24857108
303,0.04020330587385384,0.03937646576368507,0.8394334,0.0008268401101683706,0.08268401,3.9395377663626134e-16,0.07788263,0.05521836678124554,0.05460301677275245,0.7808597,0.0006153500084923982,0.061534997,6.973488859917774e-16,0.1576053,0.05490582737899428,0.05381785195755275,0.7046503,0.0010879754214407314,0.10879754,7.954021412220518e-16,0.18655229
304,0.07040656846891774,0.0696203125887049,0.8820769,0.0007862558802128374,0.07862559,9.407328851942518e-31,0.039297543,0.1466033901990857,0.14619238493783213,0.8807271,0.0004110052612533729,0.041100528,1.947372251432558e-16,0.07817236,0.10358729215332224,0.10270549686318442,0.80461526,0.0008817952901374929,0.088179536,3.4041232033086436e-16,0.10720529
305,0.13626081671141144,0.13584243609878263,0.91863805,0.0004183806126288037,0.04183806,9.461524354868761e-31,0.039523937,0.15112110021076566,0.15051336156595,0.87987375,0.000607738644815584,0.06077386,9.906854186084169e-17,0.059352405,0.10519565482889283,0.10382793678400506,0.72701985,0.00136771804488745,0.13677181,2.9394547205999543e-16,0.13620843
306,0.04128147080946331,0.04049285698844802,0.9211387,0.0007886138210152964,0.078861386,0.0,0.0,0.07097019453798349,0.06943005914727399,0.7706754,0.001540135390709399,0.15401354,9.467256853514403e-17,0.07531106,0.13695372913483675,0.09200028740827937,0.70897377,0.0018479144243621127,0.18479145,0.04310552730219523,0.106234714
307,0.04006707676755968,0.03928774332236686,0.9220666,0.00077933344519282,0.07793334,0.0,0.0,0.08467743965885864,0.08426925579717444,0.8644799,0.00040818386168391373,0.040818386,2.8822691551576216e-16,0.09470178,0.11184947099686625,0.08517782600533867,0.7959736,0.0011647742834890173,0.11647742,0.025506870708038587,0.08754896
308,0.13358964923305897,0.13278891510326485,0.8815446,0.000800734129794097,0.080073416,9.188164383422581e-31,0.03838202,0.15027934958387798,0.1490972602645235,0.8046224,0.001182089319354468,0.11820894,1.39342739531282e-30,0.077168666,0.1395655606390319,0.1039337068016591,0.70835173,0.0015699749818824159,0.1569975,0.03406187885549037,0.1346507
309,0.039958383260241606,0.03918857104802569,0.92301875,0.0007698122122159074,0.076981224,0.0,0.0,0.06942028404525039,0.06882558473750054,0.86399645,0.0005946993077495543,0.05946993,2.899308502433192e-16,0.07653365,0.09639220259449244,0.06917562005326472,0.7584205,0.001349267886489876,0.13492678,0.025867314654737836,0.10665277
310,0.0398523160741215,0.03906337760158594,0.9211062,0.0007889384725355569,0.07889385,0.0,0.0,0.06995934545339616,0.06898343282708248,0.8273009,0.0009759126263134067,0.09759126,2.8247667163378075e-16,0.075107865,0.12034044728404379,0.0845017297065051,0.7575476,0.0014591930451595336,0.1459193,0.034379524532379156,0.09653313
311,0.04038018089185574,0.03960398843936436,0.8846182,0.0007761924524911894,0.07761925,1.9101445557562119e-16,0.037762575,0.06917219332097847,0.06876413140198324,0.8447781,0.0004080619189948487,0.040806193,3.8682386943315787e-16,0.11441562,0.0734865073146919,0.046789726077273816,0.7485992,0.0011578545745341657,0.11578546,0.025538926662883914,0.13561529
312,0.2731436944196666,0.13154150758087835,0.7280049,0.00038825317327255383,0.03882532,0.1412139336655157,0.23316984,0.25689325064966007,0.14862369657680985,0.7634195,0.00038976773743539813,0.038976774,0.10787978633541487,0.1976038,0.2776059502156655,0.12538652393825264,0.67559636,0.0004915028078290928,0.049150284,0.1517279234695837,0.27525342
313,0.10471191562092187,0.10430611974793927,0.8807206,0.00040579587298239284,0.040579587,2.0038362424562953e-16,0.078699835,0.10429078530809843,0.10368684692771166,0.8025123,0.000603938380386499,0.06039384,2.9783365086577024e-16,0.13709393,0.11852214689622609,0.11782630022756559,0.74410653,0.0006958466686599045,0.06958466,5.93276505165168e-16,0.18630876
314,0.06932328842955282,0.06853753659102141,0.9214248,0.0007857518385314084,0.07857519,0.0,0.0,0.11461901056097655,0.11420680362017083,0.8625115,0.00041220694080534284,0.041220695,3.8820721680083604e-16,0.09626772,0.09559868639576007,0.08626751869757536,0.7866695,0.0009691485146250357,0.09691486,0.00836201918355967,0.11641571
315,0.04090444648285068,0.040131571343289846,0.92271245,0.0007728751395608342,0.07728752,0.0,0.0,0.08743565093165777,0.0698436297757126,0.80887777,0.0007754707779877599,0.07754708,0.01681655037795742,0.1135752,0.1304906858799903,0.0774515611959522,0.76688534,0.0009754776683977634,0.09754776,0.05206364701564035,0.13556692
316,0.13263838240667555,0.13185765693612853,0.88184685,0.0007807254705470332,0.07807255,9.594791967913445e-31,0.04008064,0.1648482625186717,0.14716312289094624,0.8046223,0.0005933172945663301,0.05933173,0.017091822333159146,0.136046,0.12164306586746651,0.10357934861901738,0.7838542,0.0005942199822336897,0.059421994,0.017469497266215443,0.15672377
317,0.07250516427328337,0.07130835266449777,0.803275,0.0011968116087856,0.11968116,1.8443316822224014e-30,0.07704387,0.11833832078547793,0.11695289023098428,0.7638382,0.0013854305544933705,0.13854305,2.899324419646728e-16,0.0976188,0.10424250752338884,0.10190778603366192,0.6679647,0.0023347214897266304,0.23347217,2.9489494517697216e-16,0.09856315
318,0.01000000083287865,0.009212673278321145,0.92126733,0.0007873275545575077,0.07873276,0.0,0.0,0.03917830859171743,0.038384901700314944,0.84558237,0.0007934068914022064,0.0793407,2.854386358323583e-16,0.07507696,0.03983917655949956,0.038951066719844184,0.81569934,0.0008881098396549913,0.08881099,3.8662903317881137e-16,0.095489755
