"doc_id","split"
0,"train"
1,"train"
2,"test"
3,"train"
4,"train"
5,"test"
6,"test"
7,"test"
8,"train"
9,"train"
10,"train"
11,"test"
12,"test"
13,"train"
14,"train"
15,"test"
16,"test"
17,"test"
18,"train"
19,"train"
20,"train"
21,"train"
22,"test"
23,"train"
24,"train"
25,"train"
26,"train"
27,"train"
28,"train"
29,"train"
30,"test"
31,"train"
32,"test"
33,"train"
34,"train"
35,"train"
36,"test"
37,"train"
38,"test"
39,"train"
40,"train"
41,"train"
42,"train"
43,"test"
44,"train"
45,"test"
46,"train"
47,"train"
48,"train"
49,"train"
50,"train"
51,"test"
52,"train"
53,"train"
54,"train"
55,"train"
56,"train"
57,"train"
58,"train"
59,"train"
60,"train"
61,"test"
62,"train"
63,"train"
64,"train"
65,"test"
66,"train"
67,"train"
68,"test"
69,"test"
70,"train"
71,"train"
72,"train"
73,"train"
74,"train"
75,"train"
76,"test"
77,"train"
78,"train"
79,"train"
80,"train"
81,"test"
82,"train"
83,"test"
84,"test"
85,"train"
86,"train"
87,"train"
88,"test"
89,"train"
90,"test"
91,"train"
92,"train"
93,"train"
94,"train"
95,"test"
96,"train"
97,"train"
98,"train"
99,"test"
100,"train"
101,"train"
102,"test"
103,"train"
104,"test"
105,"train"
106,"train"
107,"train"
108,"test"
109,"train"
110,"test"
111,"train"
112,"train"
113,"train"
114,"train"
115,"train"
116,"train"
117,"train"
118,"train"
119,"test"
120,"train"
121,"train"
122,"train"
123,"train"
124,"train"
125,"train"
126,"train"
127,"train"
128,"train"
129,"test"
130,"test"
131,"train"
132,"train"
133,"test"
134,"train"
135,"train"
136,"train"
137,"train"
138,"train"
139,"train"
140,"test"
141,"train"
142,"train"
143,"test"
144,"train"
145,"train"
146,"test"
147,"train"
148,"test"
149,"test"
150,"test"
151,"train"
152,"train"
153,"train"
154,"train"
155,"train"
156,"test"
157,"test"
158,"train"
159,"test"
160,"train"
161,"train"
162,"train"
163,"test"
164,"train"
165,"train"
166,"train"
167,"train"
168,"train"
169,"train"
170,"test"
171,"test"
172,"train"
173,"train"
174,"train"
175,"train"
176,"test"
177,"train"
178,"train"
179,"train"
180,"train"
181,"train"
182,"train"
183,"train"
184,"test"
185,"test"
186,"test"
187,"train"
188,"train"
189,"train"
190,"train"
191,"train"
192,"train"
193,"train"
194,"train"
195,"train"
196,"train"
197,"train"
198,"train"
199,"train"
200,"train"
201,"test"
202,"train"
203,"test"
204,"test"
205,"train"
206,"test"
207,"train"
208,"train"
209,"test"
210,"train"
211,"train"
212,"train"
213,"test"
214,"train"
215,"test"
216,"test"
217,"train"
218,"train"
219,"train"
220,"train"
221,"train"
222,"train"
223,"train"
224,"train"
225,"train"
226,"train"
227,"train"
228,"train"
229,"train"
230,"train"
231,"train"
232,"test"
233,"train"
234,"test"
235,"test"
236,"test"
237,"train"
238,"train"
239,"train"
240,"test"
241,"train"
242,"train"
243,"train"
244,"train"
245,"test"
246,"test"
247,"test"
248,"train"
249,"test"
250,"train"
251,"test"
252,"train"
253,"train"
254,"train"
255,"test"
256,"train"
257,"test"
258,"train"
259,"test"
260,"train"
261,"train"
262,"train"
263,"train"
264,"test"
265,"train"
266,"train"
267,"train"
268,"train"
269,"test"
270,"train"
271,"train"
272,"train"
273,"train"
274,"test"
275,"train"
276,"train"
277,"train"
278,"train"
279,"train"
280,"test"
281,"train"
282,"train"
283,"train"
284,"train"
285,"train"
286,"train"
287,"train"
288,"test"
289,"train"
290,"train"
291,"train"
292,"train"
293,"train"
294,"train"
295,"train"
296,"train"
297,"train"
298,"train"
299,"train"
300,"test"
301,"test"
302,"test"
303,"train"
304,"test"
305,"train"
306,"test"
307,"train"
308,"train"
309,"train"
310,"train"
311,"train"
312,"train"
313,"test"
314,"test"
315,"train"
316,"train"
317,"train"
318,"train"
319,"train"
320,"train"
321,"train"
322,"train"
323,"train"
324,"train"
325,"test"
326,"test"
327,"train"
328,"train"
329,"test"
330,"train"
331,"test"
332,"test"
333,"train"
334,"train"
335,"test"
336,"train"
337,"train"
338,"train"
339,"test"
340,"train"
341,"train"
342,"train"
343,"train"
344,"train"
345,"train"
346,"train"
347,"train"
348,"train"
349,"test"
350,"train"
351,"train"
352,"test"
353,"test"
354,"train"
355,"train"
356,"train"
357,"test"
358,"test"
359,"train"
360,"train"
361,"test"
362,"train"
363,"test"
364,"train"
365,"test"
366,"train"
367,"test"
368,"test"
369,"train"
370,"train"
371,"train"
372,"test"
373,"train"
374,"test"
375,"train"
376,"test"
377,"train"
378,"test"
379,"train"
380,"train"
381,"train"
382,"train"
383,"train"
384,"train"
385,"train"
386,"train"
387,"train"
388,"train"
389,"train"
390,"train"
391,"train"
392,"train"
393,"train"
394,"test"
395,"train"
396,"train"
397,"train"
398,"train"
399,"test"
400,"train"
401,"train"
402,"test"
403,"train"
404,"train"
405,"train"
406,"test"
407,"test"
408,"train"
409,"test"
410,"test"
411,"test"
412,"test"
413,"train"
414,"train"
415,"train"
416,"test"
417,"train"
418,"train"
419,"train"
420,"train"
421,"train"
422,"train"
423,"train"
424,"train"
425,"train"
426,"train"
427,"train"
428,"train"
429,"train"
430,"train"
431,"train"
432,"train"
433,"train"
434,"train"
435,"train"
436,"test"
437,"train"
438,"train"
439,"test"
440,"test"
441,"test"
442,"train"
443,"test"
444,"train"
445,"test"
446,"train"
447,"train"
448,"test"
449,"test"
450,"train"
451,"train"
452,"train"
453,"train"
454,"train"
455,"test"
456,"test"
457,"train"
458,"test"
459,"test"
460,"train"
461,"train"
462,"test"
463,"test"
464,"train"
465,"train"
466,"train"
467,"train"
468,"train"
469,"train"
470,"train"
471,"train"
472,"test"
473,"test"
474,"train"
475,"test"
476,"train"
477,"test"
478,"test"
479,"train"
480,"test"
481,"train"
482,"test"
483,"train"
484,"test"
485,"test"
486,"train"
487,"test"
488,"train"
489,"train"
490,"train"
491,"train"
492,"train"
493,"train"
494,"train"
495,"test"
496,"train"
497,"test"
498,"test"
499,"train"
500,"test"
501,"train"
502,"train"
503,"train"
504,"train"
505,"train"
506,"train"
507,"train"
508,"test"
509,"train"
510,"train"
511,"train"
512,"test"
513,"test"
514,"train"
515,"train"
516,"test"
517,"test"
518,"test"
519,"test"
520,"train"
521,"train"
522,"train"
523,"train"
524,"test"
525,"train"
526,"train"
527,"test"
528,"test"
529,"train"
530,"train"
531,"train"
532,"test"
533,"train"
534,"train"
535,"train"
536,"train"
537,"train"
538,"train"
539,"train"
540,"test"
541,"train"
542,"train"
543,"train"
544,"test"
545,"test"
546,"train"
547,"train"
548,"train"
549,"train"
550,"train"
551,"test"
552,"test"
553,"test"
554,"train"
555,"train"
556,"train"
557,"test"
558,"train"
559,"test"
560,"test"
561,"train"
562,"train"
563,"test"
564,"train"
565,"train"
566,"train"
567,"train"
568,"train"
569,"train"
570,"test"
571,"train"
572,"test"
573,"test"
574,"train"
575,"test"
576,"train"
577,"train"
578,"train"
579,"train"
580,"train"
581,"test"
582,"test"
583,"test"
584,"train"
585,"test"
586,"train"
587,"test"
588,"train"
589,"train"
590,"test"
591,"test"
592,"train"
593,"train"
594,"train"
595,"train"
596,"train"
597,"train"
598,"train"
599,"test"
600,"train"
601,"train"
602,"train"
603,"test"
604,"train"
605,"train"
606,"train"
607,"test"
608,"train"
609,"train"
610,"train"
611,"train"
612,"train"
613,"train"
614,"train"
615,"train"
616,"train"
617,"train"
618,"train"
619,"train"
620,"train"
621,"train"
622,"train"
623,"train"
624,"train"
625,"train"
626,"train"
627,"train"
628,"train"
629,"test"
630,"train"
631,"train"
632,"test"
633,"train"
634,"train"
635,"train"
636,"test"
637,"train"
638,"train"
639,"test"
640,"train"
641,"train"
642,"train"
643,"test"
644,"test"
645,"train"
646,"train"
647,"train"
648,"test"
649,"test"
650,"test"
651,"train"
652,"train"
653,"train"
654,"train"
655,"train"
656,"test"
657,"test"
658,"train"
659,"train"
660,"train"
661,"test"
662,"train"
663,"test"
664,"train"
665,"train"
666,"train"
667,"train"
668,"train"
669,"test"
670,"train"
671,"train"
672,"test"
673,"train"
674,"train"
675,"train"
676,"train"
677,"train"
678,"train"
679,"train"
680,"train"
681,"train"
682,"train"
683,"train"
684,"train"
685,"train"
686,"train"
687,"train"
688,"test"
689,"train"
690,"test"
691,"train"
692,"train"
693,"train"
694,"train"
695,"train"
696,"test"
697,"train"
698,"train"
699,"train"
700,"test"
701,"train"
702,"train"
703,"test"
704,"train"
705,"test"
706,"train"
707,"train"
708,"train"
709,"test"
710,"train"
711,"train"
712,"train"
713,"test"
714,"test"
715,"test"
716,"train"
717,"train"
718,"train"
719,"train"
720,"test"
721,"train"
722,"train"
723,"train"
724,"train"
725,"test"
726,"train"
727,"train"
728,"train"
729,"train"
730,"train"
731,"test"
732,"train"
733,"train"
734,"train"
735,"test"
736,"train"
737,"test"
738,"train"
739,"test"
740,"train"
741,"test"
742,"train"
743,"train"
744,"train"
745,"test"
746,"train"
747,"test"
748,"train"
749,"train"
750,"train"
751,"train"
752,"train"
753,"train"
754,"train"
755,"test"
756,"train"
757,"test"
758,"test"
759,"test"
760,"train"
761,"train"
762,"train"
763,"train"
764,"train"
765,"train"
766,"train"
767,"train"
768,"test"
769,"test"
770,"train"
771,"train"
772,"train"
773,"test"
774,"test"
775,"train"
776,"train"
777,"train"
778,"train"
779,"train"
780,"train"
781,"test"
782,"test"
783,"train"
784,"test"
785,"test"
786,"test"
787,"test"
788,"train"
789,"train"
790,"train"
791,"train"
792,"train"
793,"train"
794,"test"
795,"train"
796,"train"
797,"train"
798,"train"
799,"train"
800,"train"
801,"train"
802,"train"
803,"train"
804,"train"
805,"train"
806,"train"
807,"train"
808,"test"
809,"train"
810,"test"
811,"test"
812,"train"
813,"train"
814,"train"
815,"train"
816,"test"
817,"train"
818,"train"
819,"test"
820,"train"
821,"train"
822,"train"
823,"train"
824,"train"
825,"train"
826,"test"
827,"test"
828,"train"
829,"train"
830,"train"
831,"train"
832,"train"
833,"train"
834,"train"
835,"train"
836,"train"
837,"train"
838,"train"
839,"test"
840,"train"
841,"test"
842,"train"
843,"test"
844,"train"
845,"test"
846,"train"
847,"train"
848,"train"
849,"train"
850,"train"
851,"train"
852,"train"
853,"train"
854,"train"
855,"train"
856,"train"
857,"train"
858,"train"
859,"test"
860,"test"
861,"test"
862,"train"
863,"train"
864,"train"
865,"test"
866,"train"
867,"test"
868,"train"
869,"test"
870,"test"
871,"train"
872,"train"
873,"test"
874,"train"
875,"train"
876,"test"
877,"train"
878,"train"
879,"train"
880,"test"
881,"train"
882,"train"
883,"train"
884,"test"
885,"train"
886,"test"
887,"test"
888,"train"
889,"train"
890,"test"
891,"test"
892,"train"
893,"train"
894,"train"
895,"train"
896,"train"
897,"train"
898,"train"
899,"test"
900,"test"
901,"test"
902,"train"
903,"train"
904,"test"
905,"test"
906,"test"
907,"train"
908,"train"
909,"train"
910,"train"
911,"train"
912,"train"
913,"test"
914,"test"
915,"train"
916,"train"
917,"train"
918,"train"
919,"train"
920,"train"
921,"test"
922,"test"
923,"train"
924,"train"
925,"train"
926,"train"
927,"train"
928,"train"
929,"train"
930,"train"
931,"test"
932,"train"
933,"test"
934,"test"
935,"train"
936,"test"
937,"test"
938,"test"
939,"test"
940,"train"
941,"test"
942,"train"
943,"train"
944,"train"
945,"train"
946,"train"
947,"train"
948,"train"
949,"train"
950,"test"
951,"train"
952,"test"
953,"test"
954,"train"
955,"test"
956,"train"
957,"test"
958,"train"
959,"train"
960,"train"
961,"test"
962,"test"
963,"train"
964,"train"
965,"test"
966,"train"
967,"test"
968,"train"
969,"train"
970,"train"
971,"train"
972,"train"
973,"train"
974,"train"
975,"train"
976,"test"
977,"train"
978,"train"
979,"test"
980,"train"
981,"test"
982,"train"
983,"train"
984,"train"
985,"test"
986,"train"
987,"train"
988,"train"
989,"train"
990,"train"
991,"train"
992,"train"
993,"test"
994,"test"
995,"train"
996,"test"
997,"train"
998,"train"
999,"train"
1000,"train"
1001,"test"
1002,"train"
1003,"train"
1004,"test"
1005,"train"
1006,"train"
1007,"test"
1008,"train"
1009,"train"
1010,"train"
1011,"test"
1012,"train"
1013,"train"
1014,"test"
1015,"train"
1016,"train"
1017,"train"
1018,"train"
1019,"train"
1020,"train"
1021,"train"
1022,"test"
1023,"train"
1024,"train"
1025,"train"
1026,"test"
1027,"train"
1028,"train"
1029,"train"
1030,"train"
1031,"test"
1032,"train"
1033,"train"
1034,"train"
1035,"train"
1036,"train"
1037,"test"
1038,"train"
1039,"test"
1040,"train"
1041,"test"
1042,"test"
1043,"train"
1044,"train"
1045,"train"
1046,"train"
1047,"test"
1048,"train"
1049,"train"
1050,"train"
1051,"train"
1052,"train"
1053,"train"
1054,"train"
1055,"train"
1056,"train"
1057,"train"
1058,"train"
1059,"train"
1060,"train"
1061,"train"
1062,"train"
1063,"test"
1064,"train"
1065,"train"
1066,"train"
1067,"train"
1068,"train"
1069,"train"
1070,"train"
1071,"train"
1072,"test"
1073,"train"
1074,"train"
1075,"train"
1076,"test"
1077,"train"
1078,"train"
1079,"train"
1080,"train"
1081,"test"
1082,"train"
1083,"test"
1084,"train"
1085,"train"
1086,"test"
1087,"train"
1088,"test"
1089,"test"
1090,"train"
1091,"train"
1092,"test"
1093,"test"
1094,"test"
1095,"train"
1096,"test"
1097,"train"
1098,"train"
1099,"train"
1100,"train"
1101,"train"
1102,"train"
1103,"train"
1104,"train"
1105,"train"
1106,"train"
1107,"train"
1108,"test"
1109,"train"
1110,"train"
1111,"train"
1112,"test"
1113,"test"
1114,"train"
1115,"train"
1116,"test"
1117,"train"
1118,"train"
1119,"train"
1120,"train"
1121,"train"
1122,"test"
1123,"train"
1124,"train"
1125,"train"
1126,"train"
1127,"test"
1128,"test"
1129,"test"
1130,"test"
1131,"train"
1132,"train"
1133,"train"
1134,"train"
1135,"test"
1136,"test"
1137,"train"
1138,"train"
1139,"train"
1140,"train"
1141,"train"
1142,"test"
1143,"train"
1144,"test"
1145,"test"
1146,"test"
1147,"train"
1148,"test"
1149,"train"
1150,"train"
1151,"train"
1152,"train"
1153,"test"
1154,"train"
1155,"train"
1156,"test"
1157,"train"
1158,"train"
1159,"train"
1160,"train"
1161,"train"
1162,"test"
1163,"train"
1164,"train"
1165,"train"
1166,"test"
1167,"test"
1168,"train"
1169,"train"
1170,"train"
1171,"train"
1172,"train"
1173,"train"
1174,"train"
1175,"train"
1176,"train"
1177,"train"
1178,"test"
1179,"test"
1180,"train"
1181,"train"
1182,"test"
1183,"test"
1184,"test"
1185,"test"
1186,"train"
1187,"test"
1188,"test"
1189,"train"
1190,"train"
1191,"train"
1192,"train"
1193,"train"
1194,"test"
1195,"train"
1196,"train"
1197,"train"
1198,"test"
1199,"train"
1200,"train"
1201,"test"
1202,"train"
1203,"test"
1204,"test"
1205,"test"
1206,"train"
1207,"train"
1208,"train"
1209,"train"
1210,"train"
1211,"train"
1212,"train"
1213,"train"
1214,"train"
1215,"train"
1216,"train"
1217,"train"
1218,"test"
1219,"test"
1220,"train"
1221,"train"
1222,"train"
1223,"train"
1224,"train"
1225,"train"
1226,"train"
1227,"train"
1228,"train"
1229,"train"
1230,"train"
1231,"train"
1232,"train"
1233,"train"
1234,"train"
1235,"train"
1236,"train"
1237,"train"
1238,"train"
1239,"train"
1240,"train"
1241,"test"
1242,"train"
1243,"train"
1244,"train"
1245,"train"
1246,"train"
1247,"train"
1248,"train"
1249,"train"
1250,"train"
1251,"test"
1252,"train"
1253,"test"
1254,"train"
1255,"train"
1256,"train"
1257,"train"
1258,"train"
1259,"test"
1260,"test"
1261,"train"
1262,"train"
1263,"test"
1264,"train"
1265,"train"
1266,"test"
1267,"train"
1268,"train"
1269,"train"
1270,"train"
1271,"train"
1272,"test"
1273,"train"
1274,"train"
1275,"test"
1276,"train"
1277,"train"
1278,"train"
1279,"test"
1280,"test"
1281,"train"
1282,"train"
1283,"train"
1284,"test"
1285,"train"
1286,"train"
1287,"test"
1288,"train"
1289,"test"
1290,"train"
1291,"train"
1292,"test"
1293,"train"
1294,"train"
1295,"test"
1296,"train"
1297,"train"
1298,"train"
1299,"test"
1300,"train"
1301,"train"
1302,"train"
1303,"train"
1304,"train"
1305,"train"
1306,"train"
1307,"train"
1308,"train"
1309,"test"
1310,"train"
1311,"test"
1312,"train"
1313,"test"
1314,"test"
1315,"test"
1316,"train"
1317,"train"
1318,"test"
1319,"test"
1320,"train"
1321,"train"
1322,"train"
1323,"train"
1324,"test"
1325,"train"
1326,"test"
1327,"train"
1328,"test"
1329,"train"
1330,"train"
1331,"train"
1332,"test"
1333,"train"
1334,"test"
1335,"test"
1336,"train"
1337,"train"
1338,"train"
1339,"test"
1340,"train"
1341,"train"
1342,"train"
1343,"train"
1344,"test"
1345,"train"
1346,"train"
1347,"test"
1348,"train"
1349,"train"
1350,"test"
1351,"test"
1352,"train"
1353,"train"
1354,"test"
1355,"train"
1356,"train"
1357,"train"
1358,"train"
1359,"train"
1360,"test"
1361,"test"
1362,"test"
1363,"train"
1364,"train"
1365,"train"
1366,"train"
1367,"train"
1368,"test"
1369,"train"
1370,"train"
1371,"train"
1372,"train"
1373,"train"
1374,"train"
1375,"train"
1376,"train"
1377,"train"
1378,"test"
1379,"train"
1380,"test"
1381,"train"
1382,"test"
1383,"train"
1384,"test"
1385,"train"
1386,"test"
1387,"test"
1388,"train"
1389,"train"
1390,"train"
1391,"train"
1392,"test"
1393,"test"
1394,"test"
1395,"test"
1396,"train"
1397,"test"
1398,"test"
1399,"train"
1400,"train"
1401,"train"
1402,"test"
1403,"test"
1404,"train"
1405,"train"
1406,"train"
1407,"train"
1408,"test"
1409,"train"
1410,"train"
1411,"train"
1412,"train"
1413,"test"
1414,"train"
1415,"train"
1416,"train"
1417,"test"
1418,"train"
1419,"test"
1420,"train"
1421,"train"
1422,"test"
1423,"train"
1424,"train"
1425,"test"
1426,"train"
1427,"train"
1428,"train"
1429,"train"
1430,"train"
1431,"test"
1432,"test"
1433,"train"
1434,"test"
1435,"train"
1436,"train"
1437,"test"
1438,"train"
1439,"train"
1440,"test"
1441,"test"
1442,"train"
1443,"train"
1444,"train"
1445,"train"
1446,"test"
1447,"test"
1448,"test"
1449,"train"
1450,"train"
1451,"train"
1452,"test"
1453,"train"
1454,"test"
1455,"train"
1456,"train"
1457,"test"
1458,"test"
1459,"train"
1460,"test"
1461,"train"
1462,"test"
1463,"train"
1464,"train"
1465,"train"
1466,"train"
1467,"train"
1468,"test"
1469,"test"
1470,"train"
1471,"test"
1472,"train"
1473,"train"
1474,"train"
1475,"test"
1476,"test"
1477,"train"
1478,"train"
1479,"test"
1480,"train"
1481,"train"
1482,"train"
1483,"train"
1484,"train"
1485,"test"
1486,"train"
1487,"train"
1488,"train"
1489,"train"
1490,"train"
1491,"train"
1492,"train"
1493,"test"
1494,"test"
1495,"train"
1496,"train"
1497,"train"
1498,"train"
1499,"test"
1500,"test"
1501,"train"
1502,"train"
1503,"train"
1504,"train"
1505,"train"
1506,"train"
1507,"test"
1508,"test"
1509,"train"
1510,"train"
1511,"train"
1512,"test"
1513,"train"
1514,"train"
1515,"test"
1516,"train"
1517,"train"
1518,"test"
1519,"train"
1520,"train"
1521,"train"
1522,"test"
1523,"train"
1524,"train"
1525,"train"
1526,"train"
1527,"train"
1528,"train"
1529,"train"
1530,"train"
1531,"train"
1532,"train"
1533,"test"
1534,"train"
1535,"train"
1536,"train"
1537,"train"
1538,"train"
1539,"train"
1540,"train"
1541,"test"
1542,"train"
1543,"train"
1544,"train"
1545,"test"
1546,"train"
1547,"test"
1548,"train"
1549,"train"
1550,"train"
1551,"train"
1552,"train"
1553,"train"
1554,"train"
1555,"test"
1556,"test"
1557,"test"
1558,"test"
1559,"test"
1560,"train"
1561,"test"
1562,"train"
1563,"train"
1564,"train"
1565,"train"
1566,"test"
1567,"train"
1568,"train"
1569,"train"
1570,"train"
1571,"train"
1572,"test"
1573,"train"
1574,"train"
1575,"train"
1576,"train"
1577,"train"
1578,"train"
1579,"test"
1580,"train"
1581,"train"
1582,"train"
1583,"test"
1584,"train"
1585,"test"
1586,"train"
1587,"test"
1588,"train"
1589,"train"
1590,"train"
1591,"test"
1592,"train"
1593,"train"
1594,"test"
1595,"train"
1596,"train"
1597,"train"
1598,"train"
1599,"test"
1600,"train"
1601,"test"
1602,"train"
1603,"train"
1604,"train"
1605,"train"
1606,"train"
1607,"train"
1608,"test"
1609,"test"
1610,"test"
1611,"train"
1612,"train"
1613,"test"
1614,"test"
1615,"test"
1616,"train"
1617,"train"
1618,"test"
1619,"train"
1620,"train"
1621,"test"
1622,"test"
1623,"train"
1624,"train"
1625,"test"
1626,"train"
1627,"train"
1628,"test"
1629,"train"
1630,"train"
1631,"test"
1632,"train"
1633,"train"
1634,"train"
1635,"test"
1636,"train"
1637,"train"
1638,"test"
1639,"train"
1640,"train"
1641,"train"
1642,"train"
1643,"test"
1644,"test"
1645,"train"
1646,"train"
1647,"train"
1648,"train"
1649,"test"
1650,"train"
1651,"test"
1652,"train"
1653,"train"
1654,"train"
1655,"train"
1656,"train"
1657,"test"
1658,"test"
1659,"train"
1660,"train"
1661,"train"
1662,"train"
1663,"train"
1664,"test"
1665,"test"
1666,"train"
1667,"train"
1668,"train"
1669,"train"
1670,"test"
1671,"train"
1672,"train"
1673,"train"
1674,"test"
1675,"test"
1676,"train"
1677,"train"
1678,"test"
1679,"test"
1680,"test"
1681,"train"
1682,"test"
1683,"train"
1684,"test"
1685,"train"
1686,"train"
1687,"test"
1688,"train"
1689,"train"
1690,"train"
1691,"train"
1692,"test"
1693,"test"
1694,"train"
1695,"train"
1696,"train"
1697,"train"
1698,"test"
1699,"train"
1700,"test"
1701,"train"
1702,"train"
1703,"train"
1704,"test"
1705,"train"
1706,"train"
1707,"train"
1708,"train"
1709,"train"
1710,"train"
1711,"test"
1712,"train"
1713,"train"
1714,"train"
1715,"test"
1716,"train"
1717,"train"
1718,"train"
1719,"train"
1720,"train"
1721,"train"
1722,"train"
1723,"train"
1724,"train"
1725,"train"
1726,"test"
1727,"train"
1728,"train"
1729,"train"
1730,"test"
1731,"train"
1732,"test"
1733,"train"
1734,"train"
1735,"train"
1736,"train"
1737,"train"
1738,"train"
1739,"train"
1740,"train"
1741,"train"
1742,"test"
1743,"train"
1744,"train"
1745,"train"
1746,"train"
1747,"train"
1748,"test"
1749,"test"
1750,"train"
1751,"test"
1752,"train"
1753,"train"
1754,"train"
1755,"train"
1756,"test"
1757,"train"
1758,"train"
1759,"train"
1760,"train"
1761,"test"
1762,"train"
1763,"train"
1764,"train"
1765,"train"
1766,"test"
1767,"train"
1768,"train"
1769,"train"
1770,"train"
1771,"test"
1772,"test"
1773,"test"
1774,"train"
1775,"train"
1776,"train"
1777,"train"
1778,"train"
1779,"train"
1780,"train"
1781,"test"
1782,"train"
1783,"train"
1784,"train"
1785,"train"
1786,"train"
1787,"train"
1788,"test"
1789,"train"
1790,"train"
1791,"train"
1792,"train"
1793,"train"
1794,"train"
1795,"train"
1796,"train"
1797,"train"
1798,"train"
1799,"train"
1800,"train"
1801,"train"
1802,"train"
1803,"train"
1804,"train"
1805,"test"
1806,"test"
1807,"test"
1808,"train"
1809,"test"
1810,"train"
1811,"test"
1812,"test"
1813,"test"
1814,"test"
1815,"train"
1816,"train"
1817,"train"
1818,"train"
1819,"train"
1820,"train"
1821,"train"
1822,"test"
1823,"train"
1824,"train"
1825,"train"
1826,"train"
1827,"test"
1828,"train"
1829,"train"
1830,"test"
1831,"test"
1832,"test"
1833,"train"
1834,"train"
1835,"test"
1836,"train"
1837,"train"
1838,"train"
1839,"train"
1840,"train"
1841,"test"
1842,"train"
1843,"test"
1844,"test"
1845,"train"
1846,"train"
1847,"test"
1848,"train"
1849,"train"
1850,"train"
1851,"train"
1852,"train"
1853,"train"
1854,"test"
1855,"test"
1856,"train"
1857,"test"
1858,"train"
1859,"train"
1860,"train"
1861,"train"
1862,"test"
1863,"train"
1864,"train"
1865,"train"
1866,"test"
1867,"train"
1868,"test"
1869,"test"
1870,"train"
1871,"train"
1872,"test"
1873,"train"
1874,"train"
1875,"test"
1876,"train"
1877,"train"
1878,"test"
1879,"train"
1880,"train"
1881,"train"
1882,"train"
1883,"train"
1884,"test"
1885,"train"
1886,"train"
1887,"train"
1888,"train"
1889,"train"
1890,"train"
1891,"train"
1892,"test"
1893,"train"
1894,"train"
1895,"train"
1896,"train"
1897,"test"
1898,"train"
1899,"train"
1900,"test"
1901,"train"
1902,"train"
1903,"test"
1904,"train"
1905,"test"
1906,"train"
1907,"train"
1908,"train"
1909,"test"
1910,"test"
1911,"train"
1912,"train"
1913,"train"
1914,"train"
1915,"train"
1916,"train"
1917,"train"
1918,"train"
1919,"train"
1920,"test"
1921,"test"
1922,"train"
1923,"test"
1924,"train"
1925,"train"
1926,"train"
1927,"train"
1928,"train"
1929,"train"
1930,"test"
1931,"train"
1932,"train"
1933,"train"
1934,"train"
1935,"test"
1936,"train"
1937,"test"
1938,"train"
1939,"test"
1940,"test"
1941,"train"
1942,"train"
1943,"test"
1944,"train"
1945,"test"
1946,"test"
1947,"train"
1948,"test"
1949,"train"
1950,"train"
1951,"test"
1952,"test"
1953,"train"
1954,"train"
1955,"train"
1956,"train"
1957,"train"
1958,"test"
1959,"train"
1960,"test"
1961,"train"
1962,"train"
1963,"train"
1964,"test"
1965,"train"
1966,"train"
1967,"train"
1968,"train"
1969,"train"
1970,"train"
1971,"train"
1972,"train"
1973,"train"
1974,"train"
1975,"test"
1976,"test"
1977,"train"
1978,"test"
1979,"train"
1980,"test"
1981,"test"
1982,"test"
1983,"train"
1984,"train"
1985,"train"
1986,"test"
1987,"test"
1988,"train"
1989,"train"
1990,"train"
1991,"test"
1992,"train"
1993,"train"
1994,"test"
1995,"train"
1996,"train"
1997,"train"
1998,"train"
1999,"train"
2000,"train"
2001,"test"
2002,"test"
2003,"train"
2004,"train"
2005,"test"
2006,"train"
2007,"train"
2008,"train"
2009,"test"
2010,"train"
2011,"test"
2012,"train"
2013,"train"
2014,"test"
2015,"train"
2016,"train"
2017,"train"
2018,"train"
2019,"test"
2020,"train"
2021,"test"
2022,"test"
2023,"train"
2024,"train"
2025,"test"
2026,"train"
2027,"train"
2028,"train"
2029,"train"
2030,"train"
2031,"train"
2032,"test"
2033,"train"
2034,"test"
2035,"train"
2036,"test"
2037,"test"
2038,"train"
2039,"test"
2040,"train"
2041,"train"
2042,"train"
2043,"train"
2044,"test"
2045,"test"
2046,"test"
2047,"train"
2048,"train"
2049,"train"
2050,"train"
2051,"test"
2052,"train"
2053,"test"
2054,"test"
2055,"train"
2056,"train"
2057,"train"
2058,"test"
2059,"test"
2060,"train"
2061,"train"
2062,"train"
2063,"test"
2064,"test"
2065,"train"
2066,"train"
2067,"test"
2068,"train"
2069,"test"
2070,"train"
2071,"test"
2072,"train"
2073,"train"
2074,"train"
2075,"train"
2076,"train"
2077,"train"
2078,"train"
2079,"train"
2080,"train"
2081,"test"
2082,"train"
2083,"train"
2084,"test"
2085,"train"
2086,"train"
2087,"test"
2088,"test"
2089,"train"
2090,"train"
2091,"train"
2092,"train"
2093,"train"
2094,"test"
2095,"train"
2096,"test"
2097,"test"
2098,"test"
2099,"train"
2100,"test"
2101,"train"
2102,"train"
2103,"train"
2104,"test"
2105,"test"
2106,"train"
2107,"train"
2108,"train"
2109,"train"
2110,"test"
2111,"train"
2112,"train"
2113,"test"
2114,"train"
2115,"train"
2116,"test"
2117,"test"
2118,"train"
2119,"train"
2120,"test"
2121,"train"
2122,"train"
2123,"train"
2124,"train"
2125,"train"
2126,"train"
2127,"train"
2128,"train"
2129,"train"
2130,"train"
2131,"test"
2132,"train"
2133,"test"
2134,"train"
2135,"test"
2136,"train"
2137,"train"
2138,"train"
2139,"train"
2140,"train"
2141,"train"
2142,"test"
2143,"test"
2144,"test"
2145,"train"
2146,"test"
2147,"train"
2148,"train"
2149,"test"
2150,"test"
2151,"train"
2152,"train"
2153,"train"
2154,"train"
2155,"test"
2156,"train"
2157,"test"
2158,"train"
2159,"train"
2160,"train"
2161,"test"
2162,"train"
2163,"train"
2164,"train"
2165,"test"
2166,"train"
2167,"train"
2168,"test"
2169,"train"
2170,"train"
2171,"train"
2172,"train"
2173,"train"
2174,"test"
2175,"train"
2176,"train"
2177,"train"
2178,"test"
2179,"train"
2180,"test"
2181,"train"
2182,"train"
2183,"train"
2184,"test"
2185,"test"
2186,"train"
2187,"train"
2188,"train"
2189,"test"
2190,"test"
2191,"train"
2192,"train"
2193,"train"
2194,"train"
2195,"train"
2196,"train"
2197,"test"
2198,"train"
2199,"test"
2200,"train"
2201,"train"
2202,"train"
2203,"train"
2204,"test"
2205,"test"
2206,"train"
2207,"train"
2208,"test"
2209,"train"
2210,"train"
2211,"train"
2212,"train"
2213,"test"
2214,"test"
2215,"test"
2216,"train"
2217,"train"
2218,"train"
2219,"train"
2220,"train"
2221,"test"
2222,"train"
2223,"train"
2224,"train"
2225,"test"
2226,"test"
2227,"train"
2228,"test"
2229,"train"
2230,"train"
2231,"test"
2232,"test"
2233,"train"
2234,"test"
2235,"train"
2236,"train"
2237,"test"
2238,"test"
2239,"test"
2240,"train"
2241,"train"
2242,"train"
2243,"train"
2244,"test"
2245,"train"
2246,"test"
2247,"train"
2248,"train"
2249,"train"
2250,"train"
2251,"train"
2252,"train"
2253,"train"
2254,"train"
2255,"train"
2256,"train"
2257,"train"
2258,"test"
2259,"test"
2260,"test"
2261,"train"
2262,"train"
2263,"train"
2264,"train"
2265,"train"
2266,"train"
2267,"train"
2268,"train"
2269,"train"
2270,"train"
2271,"test"
2272,"train"
2273,"train"
2274,"train"
2275,"train"
2276,"train"
2277,"train"
2278,"train"
2279,"train"
2280,"train"
2281,"train"
2282,"test"
2283,"test"
2284,"test"
2285,"test"
2286,"train"
2287,"train"
2288,"train"
2289,"train"
2290,"test"
2291,"train"
2292,"train"
2293,"test"
2294,"train"
2295,"train"
2296,"train"
2297,"train"
2298,"train"
2299,"train"
2300,"train"
2301,"train"
2302,"test"
2303,"train"
2304,"train"
2305,"test"
2306,"train"
2307,"train"
2308,"train"
2309,"train"
2310,"train"
2311,"test"
2312,"train"
2313,"test"
2314,"test"
2315,"test"
2316,"train"
2317,"train"
2318,"train"
2319,"train"
2320,"train"
2321,"test"
2322,"train"
2323,"train"
2324,"test"
2325,"test"
2326,"train"
2327,"train"
2328,"test"
2329,"test"
2330,"test"
2331,"train"
2332,"train"
2333,"test"
2334,"train"
2335,"test"
2336,"train"
2337,"train"
2338,"train"
2339,"train"
2340,"test"
2341,"train"
2342,"train"
2343,"train"
2344,"train"
2345,"train"
2346,"test"
2347,"test"
2348,"train"
2349,"train"
2350,"train"
2351,"train"
2352,"train"
2353,"test"
2354,"train"
2355,"test"
2356,"train"
2357,"test"
2358,"train"
2359,"train"
2360,"train"
2361,"test"
2362,"test"
2363,"train"
2364,"test"
2365,"train"
2366,"test"
2367,"train"
2368,"train"
2369,"train"
2370,"test"
2371,"train"
2372,"test"
2373,"train"
2374,"train"
2375,"train"
2376,"train"
2377,"train"
2378,"train"
2379,"train"
2380,"train"
2381,"test"
2382,"test"
2383,"train"
2384,"train"
2385,"train"
2386,"train"
2387,"train"
2388,"test"
2389,"train"
2390,"train"
2391,"test"
2392,"test"
2393,"train"
2394,"test"
2395,"train"
2396,"train"
2397,"test"
2398,"train"
2399,"train"
2400,"test"
2401,"train"
2402,"train"
2403,"train"
2404,"train"
2405,"train"
2406,"test"
2407,"test"
2408,"train"
2409,"train"
2410,"train"
2411,"train"
2412,"train"
2413,"test"
2414,"train"
2415,"train"
2416,"train"
2417,"test"
2418,"train"
2419,"train"
2420,"train"
2421,"train"
2422,"test"
2423,"test"
2424,"test"
2425,"train"
2426,"train"
2427,"test"
2428,"train"
2429,"test"
2430,"test"
2431,"test"
2432,"train"
2433,"test"
2434,"test"
2435,"test"
2436,"train"
2437,"train"
2438,"test"
2439,"train"
2440,"train"
2441,"train"
2442,"train"
2443,"train"
2444,"test"
2445,"train"
2446,"test"
2447,"train"
2448,"train"
2449,"train"
2450,"train"
2451,"train"
2452,"test"
2453,"train"
2454,"train"
2455,"train"
2456,"test"
2457,"test"
2458,"test"
2459,"train"
2460,"train"
2461,"train"
2462,"train"
2463,"train"
2464,"test"
2465,"train"
2466,"train"
2467,"train"
2468,"train"
2469,"train"
2470,"train"
2471,"train"
2472,"test"
2473,"test"
2474,"train"
2475,"train"
2476,"test"
2477,"train"
2478,"train"
2479,"train"
2480,"test"
2481,"train"
2482,"train"
2483,"train"
2484,"train"
2485,"train"
2486,"train"
2487,"train"
2488,"train"
2489,"test"
2490,"train"
2491,"train"
2492,"train"
2493,"train"
2494,"test"
2495,"train"
2496,"train"
2497,"train"
2498,"train"
2499,"train"
2500,"train"
2501,"test"
2502,"train"
2503,"train"
2504,"train"
2505,"train"
2506,"test"
2507,"train"
2508,"train"
2509,"train"
2510,"train"
2511,"train"
2512,"test"
2513,"train"
2514,"train"
2515,"test"
2516,"train"
2517,"train"
2518,"train"
2519,"test"
2520,"train"
2521,"train"
2522,"train"
2523,"test"
2524,"train"
2525,"train"
2526,"train"
2527,"test"
2528,"test"
2529,"test"
2530,"train"
2531,"test"
2532,"train"
2533,"train"
2534,"train"
2535,"test"
2536,"train"
2537,"train"
2538,"train"
2539,"test"
2540,"train"
2541,"train"
2542,"train"
2543,"train"
2544,"train"
2545,"train"
2546,"train"
2547,"train"
2548,"train"
2549,"train"
2550,"test"
2551,"train"
2552,"train"
2553,"train"
2554,"train"
2555,"train"
2556,"train"
2557,"train"
2558,"train"
2559,"train"
2560,"test"
2561,"test"
2562,"train"
2563,"train"
2564,"test"
2565,"test"
2566,"test"
2567,"train"
2568,"train"
2569,"train"
2570,"test"
2571,"test"
2572,"test"
2573,"train"
2574,"test"
2575,"train"
2576,"train"
2577,"train"
2578,"test"
2579,"train"
2580,"train"
2581,"train"
2582,"train"
2583,"test"
2584,"train"
2585,"train"
2586,"test"
2587,"train"
2588,"test"
2589,"train"
2590,"train"
2591,"train"
2592,"train"
2593,"train"
2594,"test"
2595,"train"
2596,"train"
2597,"train"
2598,"test"
2599,"train"
2600,"test"
2601,"train"
2602,"train"
2603,"train"
2604,"train"
2605,"train"
2606,"test"
2607,"train"
2608,"train"
2609,"test"
2610,"test"
2611,"train"
2612,"test"
2613,"test"
2614,"train"
2615,"train"
2616,"test"
2617,"train"
2618,"train"
2619,"test"
2620,"train"
2621,"train"
2622,"train"
2623,"test"
2624,"train"
2625,"test"
2626,"train"
2627,"train"
2628,"train"
2629,"train"
2630,"train"
2631,"train"
2632,"test"
2633,"train"
2634,"train"
2635,"train"
2636,"test"
2637,"train"
2638,"train"
2639,"train"
2640,"train"
2641,"test"
2642,"train"
2643,"test"
2644,"test"
2645,"train"
2646,"train"
2647,"train"
2648,"test"
2649,"train"
2650,"test"
2651,"test"
2652,"test"
2653,"test"
2654,"train"
2655,"train"
2656,"test"
2657,"train"
2658,"train"
2659,"test"
2660,"train"
2661,"train"
2662,"train"
2663,"train"
2664,"test"
2665,"train"
2666,"train"
2667,"train"
2668,"train"
2669,"test"
2670,"test"
2671,"test"
2672,"train"
2673,"train"
2674,"train"
2675,"train"
2676,"train"
2677,"train"
2678,"train"
2679,"train"
2680,"test"
2681,"test"
2682,"train"
2683,"test"
2684,"train"
2685,"test"
2686,"train"
2687,"train"
2688,"train"
2689,"train"
2690,"train"
2691,"train"
2692,"train"
2693,"train"
2694,"train"
2695,"train"
2696,"train"
2697,"train"
2698,"train"
2699,"test"
2700,"train"
2701,"train"
2702,"test"
2703,"train"
2704,"train"
2705,"train"
2706,"test"
2707,"train"
2708,"train"
2709,"test"
2710,"train"
2711,"train"
2712,"train"
2713,"train"
2714,"train"
2715,"train"
2716,"train"
2717,"test"
2718,"train"
2719,"train"
2720,"train"
2721,"test"
2722,"train"
2723,"test"
2724,"train"
2725,"train"
2726,"test"
2727,"train"
2728,"train"
2729,"test"
2730,"test"
2731,"train"
2732,"train"
2733,"train"
2734,"train"
2735,"train"
2736,"test"
2737,"test"
2738,"test"
2739,"train"
2740,"train"
2741,"train"
2742,"train"
2743,"test"
2744,"train"
2745,"train"
2746,"test"
2747,"train"
2748,"train"
2749,"test"
2750,"train"
2751,"test"
2752,"train"
2753,"train"
2754,"train"
2755,"test"
2756,"train"
2757,"test"
2758,"train"
2759,"train"
2760,"train"
2761,"train"
2762,"train"
2763,"train"
2764,"train"
2765,"test"
2766,"train"
2767,"train"
2768,"train"
2769,"train"
2770,"test"
2771,"train"
2772,"train"
2773,"train"
2774,"train"
2775,"test"
2776,"train"
2777,"test"
2778,"train"
2779,"train"
2780,"train"
2781,"train"
2782,"train"
2783,"train"
2784,"test"
2785,"test"
2786,"train"
2787,"test"
2788,"train"
2789,"test"
2790,"train"
2791,"train"
2792,"train"
2793,"train"
2794,"train"
2795,"train"
2796,"test"
2797,"train"
2798,"train"
2799,"test"
2800,"test"
2801,"train"
2802,"test"
2803,"train"
2804,"test"
2805,"train"
2806,"test"
2807,"train"
2808,"train"
2809,"test"
2810,"test"
2811,"train"
2812,"test"
2813,"train"
2814,"train"
2815,"test"
2816,"test"
2817,"test"
2818,"train"
2819,"test"
2820,"train"
2821,"train"
2822,"test"
2823,"train"
2824,"train"
2825,"train"
2826,"train"
2827,"train"
2828,"train"
2829,"test"
2830,"test"
2831,"train"
2832,"train"
2833,"train"
2834,"train"
2835,"train"
2836,"train"
2837,"test"
2838,"test"
2839,"train"
2840,"train"
2841,"train"
2842,"train"
2843,"train"
2844,"train"
2845,"train"
2846,"train"
2847,"train"
2848,"test"
2849,"train"
2850,"train"
2851,"train"
2852,"train"
2853,"train"
2854,"train"
2855,"train"
2856,"train"
2857,"train"
2858,"train"
2859,"train"
2860,"train"
2861,"train"
2862,"train"
2863,"train"
2864,"test"
2865,"train"
2866,"train"
2867,"test"
2868,"train"
2869,"train"
2870,"test"
2871,"train"
2872,"test"
2873,"test"
2874,"train"
2875,"train"
2876,"test"
2877,"train"
2878,"train"
2879,"train"
2880,"train"
2881,"train"
2882,"train"
2883,"train"
2884,"train"
2885,"test"
2886,"test"
2887,"train"
2888,"train"
2889,"train"
2890,"train"
2891,"test"
2892,"test"
2893,"train"
2894,"test"
2895,"train"
2896,"test"
2897,"test"
2898,"train"
2899,"train"
2900,"train"
2901,"test"
2902,"train"
2903,"train"
2904,"train"
2905,"train"
2906,"train"
2907,"test"
2908,"train"
2909,"test"
2910,"train"
2911,"train"
2912,"train"
2913,"train"
2914,"train"
2915,"train"
2916,"train"
2917,"train"
2918,"train"
2919,"test"
2920,"train"
2921,"test"
2922,"test"
2923,"train"
2924,"test"
2925,"train"
2926,"train"
2927,"train"
2928,"train"
2929,"train"
2930,"train"
2931,"train"
2932,"test"
2933,"train"
2934,"test"
2935,"train"
2936,"train"
2937,"test"
2938,"train"
2939,"train"
2940,"test"
2941,"train"
2942,"test"
2943,"train"
2944,"train"
2945,"test"
2946,"train"
2947,"train"
2948,"test"
2949,"train"
2950,"train"
2951,"train"
2952,"test"
2953,"test"
2954,"test"
2955,"train"
2956,"test"
2957,"test"
2958,"train"
2959,"test"
2960,"train"
2961,"train"
2962,"train"
2963,"test"
2964,"test"
2965,"train"
2966,"train"
2967,"train"
2968,"train"
2969,"test"
2970,"test"
2971,"train"
2972,"train"
2973,"train"
2974,"test"
2975,"test"
2976,"test"
2977,"train"
2978,"test"
2979,"test"
2980,"train"
2981,"test"
2982,"test"
2983,"train"
2984,"train"
2985,"train"
2986,"train"
2987,"test"
2988,"train"
2989,"train"
2990,"train"
2991,"test"
2992,"test"
2993,"train"
2994,"train"
2995,"train"
2996,"test"
2997,"test"
2998,"train"
2999,"test"
3000,"train"
3001,"test"
3002,"test"
3003,"train"
3004,"train"
3005,"train"
3006,"test"
3007,"train"
3008,"train"
3009,"train"
3010,"train"
3011,"train"
3012,"train"
3013,"train"
3014,"train"
3015,"test"
3016,"test"
3017,"train"
3018,"train"
3019,"train"
3020,"train"
3021,"test"
3022,"train"
3023,"test"
3024,"train"
3025,"train"
3026,"train"
3027,"test"
3028,"test"
3029,"train"
3030,"train"
3031,"test"
3032,"train"
3033,"test"
3034,"train"
3035,"train"
3036,"test"
3037,"train"
3038,"test"
3039,"train"
3040,"test"
3041,"test"
3042,"train"
3043,"train"
3044,"test"
3045,"train"
3046,"test"
3047,"test"
3048,"test"
3049,"train"
3050,"train"
3051,"test"
3052,"test"
3053,"test"
3054,"test"
3055,"train"
3056,"train"
3057,"train"
3058,"train"
3059,"test"
3060,"train"
3061,"test"
3062,"train"
3063,"train"
3064,"train"
3065,"train"
3066,"train"
3067,"train"
3068,"train"
3069,"test"
3070,"test"
3071,"test"
3072,"train"
3073,"test"
3074,"train"
3075,"test"
3076,"train"
3077,"train"
3078,"train"
3079,"test"
3080,"test"
3081,"train"
3082,"train"
3083,"test"
3084,"train"
3085,"train"
3086,"test"
3087,"train"
3088,"test"
3089,"train"
3090,"train"
3091,"train"
3092,"train"
3093,"train"
3094,"train"
3095,"train"
3096,"test"
3097,"train"
3098,"train"
3099,"test"
3100,"test"
3101,"train"
3102,"test"
3103,"test"
3104,"train"
3105,"train"
3106,"train"
3107,"test"
3108,"train"
3109,"train"
3110,"train"
3111,"train"
3112,"test"
3113,"train"
3114,"test"
3115,"train"
3116,"test"
3117,"test"
3118,"train"
3119,"test"
3120,"test"
3121,"train"
3122,"test"
3123,"train"
3124,"train"
3125,"train"
3126,"train"
3127,"test"
3128,"train"
3129,"train"
3130,"test"
3131,"train"
3132,"train"
3133,"train"
3134,"train"
3135,"train"
3136,"test"
3137,"test"
3138,"test"
3139,"train"
3140,"train"
3141,"train"
3142,"train"
3143,"train"
3144,"train"
3145,"test"
3146,"train"
3147,"train"
3148,"train"
3149,"train"
3150,"train"
3151,"test"
3152,"train"
3153,"train"
3154,"train"
3155,"train"
3156,"test"
3157,"train"
3158,"train"
3159,"train"
3160,"train"
3161,"train"
3162,"train"
3163,"train"
3164,"test"
3165,"train"
3166,"train"
3167,"train"
3168,"train"
3169,"test"
3170,"train"
3171,"test"
3172,"train"
3173,"train"
3174,"train"
3175,"train"
3176,"train"
3177,"test"
3178,"test"
3179,"train"
3180,"train"
3181,"train"
3182,"test"
3183,"train"
3184,"test"
3185,"train"
3186,"train"
3187,"train"
3188,"test"
3189,"train"
3190,"train"
3191,"train"
3192,"test"
3193,"train"
3194,"train"
3195,"train"
3196,"test"
3197,"train"
3198,"test"
3199,"train"
3200,"test"
3201,"train"
3202,"train"
3203,"test"
3204,"train"
3205,"train"
3206,"train"
3207,"train"
3208,"train"
3209,"train"
3210,"train"
3211,"train"
3212,"test"
3213,"train"
3214,"train"
3215,"test"
3216,"train"
3217,"train"
3218,"train"
3219,"train"
3220,"test"
3221,"train"
3222,"test"
3223,"train"
3224,"train"
3225,"train"
3226,"train"
3227,"test"
3228,"train"
3229,"test"
3230,"train"
3231,"train"
3232,"test"
3233,"train"
3234,"train"
3235,"test"
3236,"train"
3237,"train"
3238,"train"
3239,"test"
3240,"test"
3241,"train"
3242,"train"
3243,"test"
3244,"test"
3245,"train"
3246,"test"
3247,"test"
3248,"train"
3249,"train"
3250,"test"
3251,"train"
3252,"train"
3253,"train"
3254,"train"
3255,"train"
3256,"train"
3257,"test"
3258,"train"
3259,"train"
3260,"train"
3261,"train"
3262,"train"
3263,"test"
3264,"train"
3265,"train"
3266,"test"
3267,"train"
3268,"test"
3269,"train"
3270,"train"
3271,"test"
3272,"test"
3273,"test"
3274,"test"
3275,"train"
3276,"train"
3277,"train"
3278,"train"
3279,"train"
3280,"test"
3281,"train"
3282,"train"
3283,"train"
3284,"train"
3285,"train"
3286,"train"
3287,"train"
3288,"test"
3289,"train"
3290,"train"
3291,"train"
3292,"train"
3293,"test"
3294,"train"
3295,"test"
3296,"train"
3297,"train"
3298,"train"
3299,"train"
3300,"train"
3301,"test"
3302,"train"
3303,"train"
3304,"train"
3305,"train"
3306,"train"
3307,"train"
3308,"train"
3309,"train"
3310,"train"
3311,"train"
3312,"train"
3313,"train"
3314,"test"
3315,"test"
3316,"test"
3317,"train"
3318,"train"
3319,"train"
3320,"train"
3321,"train"
3322,"train"
3323,"test"
3324,"train"
3325,"train"
3326,"train"
3327,"train"
3328,"train"
3329,"train"
3330,"train"
3331,"train"
3332,"train"
3333,"test"
3334,"train"
3335,"train"
3336,"train"
3337,"train"
3338,"train"
3339,"test"
3340,"train"
3341,"train"
3342,"train"
3343,"train"
3344,"train"
3345,"test"
3346,"train"
3347,"train"
3348,"train"
3349,"test"
3350,"test"
3351,"test"
3352,"train"
3353,"test"
3354,"train"
3355,"test"
3356,"train"
3357,"test"
3358,"train"
3359,"train"
3360,"train"
3361,"test"
3362,"train"
3363,"train"
3364,"train"
3365,"test"
3366,"train"
3367,"train"
3368,"train"
3369,"train"
3370,"test"
3371,"train"
3372,"train"
3373,"train"
3374,"train"
3375,"train"
3376,"train"
3377,"test"
3378,"test"
3379,"test"
3380,"train"
3381,"train"
3382,"test"
3383,"test"
3384,"train"
3385,"train"
3386,"train"
3387,"train"
3388,"train"
3389,"train"
3390,"test"
3391,"test"
3392,"train"
3393,"test"
3394,"train"
3395,"test"
3396,"train"
3397,"train"
3398,"train"
3399,"test"
3400,"train"
3401,"test"
3402,"test"
3403,"test"
3404,"train"
3405,"train"
3406,"train"
3407,"test"
3408,"train"
3409,"test"
3410,"train"
3411,"test"
3412,"test"
3413,"train"
3414,"test"
3415,"test"
3416,"train"
3417,"test"
3418,"train"
3419,"train"
3420,"test"
3421,"train"
3422,"train"
3423,"train"
3424,"train"
3425,"train"
3426,"train"
3427,"train"
3428,"train"
3429,"train"
3430,"train"
3431,"test"
3432,"train"
3433,"train"
3434,"train"
3435,"train"
3436,"train"
3437,"train"
3438,"train"
3439,"test"
3440,"train"
3441,"train"
3442,"train"
3443,"train"
3444,"train"
3445,"train"
3446,"test"
3447,"train"
3448,"train"
3449,"train"
3450,"test"
3451,"train"
3452,"train"
3453,"train"
3454,"train"
3455,"train"
3456,"train"
3457,"test"
3458,"test"
3459,"test"
3460,"train"
3461,"test"
3462,"train"
3463,"train"
3464,"train"
3465,"train"
3466,"train"
3467,"train"
3468,"train"
3469,"train"
3470,"train"
3471,"train"
3472,"test"
3473,"train"
3474,"train"
3475,"train"
3476,"train"
3477,"train"
3478,"train"
3479,"test"
3480,"test"
3481,"train"
3482,"train"
3483,"train"
3484,"train"
3485,"train"
3486,"test"
3487,"train"
3488,"train"
3489,"train"
3490,"train"
3491,"train"
3492,"train"
3493,"test"
3494,"train"
3495,"train"
3496,"train"
3497,"test"
3498,"test"
3499,"train"
3500,"train"
3501,"train"
3502,"train"
3503,"train"
3504,"test"
3505,"test"
3506,"train"
3507,"train"
3508,"train"
3509,"train"
3510,"train"
3511,"train"
3512,"train"
3513,"train"
3514,"train"
3515,"train"
3516,"test"
3517,"train"
3518,"test"
3519,"train"
3520,"train"
3521,"train"
3522,"train"
3523,"train"
3524,"train"
3525,"test"
3526,"train"
3527,"train"
3528,"train"
3529,"train"
3530,"test"
3531,"train"
3532,"train"
3533,"test"
3534,"test"
3535,"train"
3536,"train"
3537,"test"
3538,"train"
3539,"train"
3540,"train"
3541,"test"
3542,"train"
3543,"test"
3544,"train"
3545,"train"
3546,"train"
3547,"train"
3548,"train"
3549,"train"
3550,"test"
3551,"train"
3552,"train"
3553,"train"
3554,"train"
3555,"train"
3556,"train"
3557,"train"
3558,"test"
3559,"test"
3560,"train"
3561,"test"
3562,"test"
3563,"train"
3564,"train"
3565,"test"
3566,"test"
3567,"train"
3568,"train"
3569,"test"
3570,"test"
3571,"test"
3572,"train"
3573,"test"
3574,"train"
3575,"test"
3576,"test"
3577,"test"
3578,"test"
3579,"test"
3580,"train"
3581,"test"
3582,"train"
3583,"train"
3584,"train"
3585,"train"
3586,"test"
3587,"test"
3588,"train"
3589,"test"
3590,"train"
3591,"test"
3592,"train"
3593,"train"
3594,"test"
3595,"test"
3596,"test"
3597,"train"
3598,"train"
3599,"train"
3600,"train"
3601,"train"
3602,"train"
3603,"train"
3604,"train"
3605,"test"
3606,"train"
3607,"test"
3608,"train"
3609,"train"
3610,"train"
3611,"train"
3612,"test"
3613,"train"
3614,"train"
3615,"train"
3616,"test"
3617,"train"
3618,"train"
3619,"train"
3620,"train"
3621,"test"
3622,"test"
3623,"train"
3624,"train"
3625,"test"
3626,"train"
3627,"train"
3628,"test"
3629,"test"
3630,"test"
3631,"test"
3632,"test"
3633,"train"
3634,"train"
3635,"train"
3636,"train"
3637,"train"
3638,"train"
3639,"test"
3640,"train"
3641,"train"
3642,"test"
3643,"test"
3644,"train"
3645,"train"
3646,"test"
3647,"train"
3648,"train"
3649,"train"
3650,"train"
3651,"train"
3652,"test"
3653,"test"
3654,"test"
3655,"train"
3656,"train"
3657,"train"
3658,"test"
3659,"train"
3660,"test"
3661,"train"
3662,"train"
3663,"train"
3664,"test"
3665,"test"
3666,"train"
3667,"train"
3668,"train"
3669,"train"
3670,"test"
3671,"train"
3672,"train"
3673,"test"
3674,"test"
3675,"train"
3676,"train"
3677,"test"
3678,"train"
3679,"train"
3680,"train"
3681,"train"
3682,"train"
3683,"train"
3684,"train"
3685,"train"
3686,"train"
3687,"train"
3688,"train"
3689,"train"
3690,"train"
3691,"test"
3692,"test"
3693,"test"
3694,"train"
3695,"test"
3696,"train"
3697,"train"
3698,"train"
3699,"train"
3700,"train"
3701,"train"
3702,"test"
3703,"train"
3704,"test"
3705,"test"
3706,"train"
3707,"train"
3708,"train"
3709,"train"
3710,"test"
3711,"train"
3712,"test"
3713,"train"
3714,"train"
3715,"test"
3716,"train"
3717,"test"
3718,"test"
3719,"train"
3720,"train"
3721,"test"
3722,"train"
3723,"train"
3724,"train"
3725,"train"
3726,"train"
3727,"train"
3728,"test"
3729,"train"
3730,"train"
3731,"train"
3732,"train"
3733,"train"
3734,"train"
3735,"train"
3736,"train"
3737,"test"
3738,"train"
3739,"train"
3740,"test"
3741,"test"
3742,"train"
3743,"train"
3744,"train"
3745,"test"
3746,"train"
3747,"test"
3748,"train"
3749,"train"
3750,"test"
3751,"train"
3752,"train"
3753,"train"
3754,"train"
3755,"train"
3756,"train"
3757,"train"
3758,"train"
3759,"train"
3760,"train"
3761,"train"
3762,"test"
3763,"train"
3764,"train"
3765,"test"
3766,"train"
3767,"train"
3768,"train"
3769,"train"
3770,"train"
3771,"train"
3772,"test"
3773,"train"
3774,"train"
3775,"train"
3776,"train"
3777,"test"
3778,"train"
3779,"train"
3780,"train"
3781,"train"
3782,"test"
3783,"train"
3784,"train"
3785,"train"
3786,"train"
3787,"train"
3788,"train"
3789,"train"
3790,"train"
3791,"train"
3792,"train"
3793,"train"
3794,"test"
3795,"train"
3796,"train"
3797,"train"
3798,"train"
3799,"train"
3800,"test"
3801,"train"
3802,"train"
3803,"train"
3804,"train"
3805,"train"
3806,"train"
3807,"test"
3808,"test"
3809,"train"
3810,"train"
3811,"test"
3812,"train"
3813,"train"
3814,"test"
3815,"train"
3816,"train"
3817,"test"
3818,"test"
3819,"test"
3820,"train"
3821,"train"
3822,"train"
3823,"train"
3824,"train"
3825,"train"
3826,"train"
3827,"test"
3828,"train"
3829,"test"
3830,"train"
3831,"train"
3832,"train"
3833,"train"
3834,"train"
3835,"test"
3836,"train"
3837,"train"
3838,"test"
3839,"test"
3840,"train"
3841,"test"
3842,"test"
3843,"train"
3844,"test"
3845,"train"
3846,"test"
3847,"train"
3848,"train"
3849,"test"
3850,"test"
3851,"train"
3852,"train"
3853,"test"
3854,"test"
3855,"test"
3856,"test"
3857,"train"
3858,"train"
3859,"train"
3860,"train"
3861,"test"
3862,"test"
3863,"train"
3864,"train"
3865,"test"
3866,"train"
3867,"train"
3868,"train"
3869,"train"
3870,"train"
3871,"train"
3872,"train"
3873,"train"
3874,"train"
3875,"train"
3876,"train"
3877,"train"
3878,"train"
3879,"test"
3880,"test"
3881,"test"
3882,"train"
3883,"train"
3884,"test"
3885,"test"
3886,"test"
3887,"train"
3888,"test"
3889,"train"
3890,"train"
3891,"train"
3892,"train"
3893,"train"
3894,"test"
3895,"train"
3896,"train"
3897,"test"
3898,"test"
3899,"test"
3900,"train"
3901,"test"
3902,"train"
3903,"train"
3904,"train"
3905,"train"
3906,"train"
3907,"train"
3908,"train"
3909,"test"
3910,"train"
3911,"train"
3912,"test"
3913,"train"
3914,"train"
3915,"test"
3916,"test"
3917,"train"
3918,"test"
3919,"train"
3920,"train"
3921,"train"
3922,"test"
3923,"train"
3924,"train"
3925,"test"
3926,"train"
3927,"test"
3928,"train"
3929,"train"
3930,"test"
3931,"test"
3932,"train"
3933,"train"
3934,"test"
3935,"test"
3936,"train"
3937,"test"
3938,"train"
3939,"train"
3940,"train"
3941,"train"
3942,"train"
3943,"train"
3944,"train"
3945,"train"
3946,"train"
3947,"test"
3948,"train"
3949,"train"
3950,"train"
3951,"train"
3952,"train"
3953,"train"
3954,"train"
3955,"train"
3956,"train"
3957,"train"
3958,"train"
3959,"train"
3960,"train"
3961,"test"
3962,"train"
3963,"train"
3964,"train"
3965,"train"
3966,"test"
3967,"train"
3968,"test"
3969,"test"
3970,"train"
3971,"test"
3972,"test"
3973,"train"
3974,"train"
3975,"test"
3976,"test"
3977,"train"
3978,"train"
3979,"train"
3980,"train"
3981,"train"
3982,"test"
3983,"train"
3984,"test"
3985,"test"
3986,"test"
3987,"train"
3988,"train"
3989,"test"
3990,"train"
3991,"train"
3992,"train"
3993,"train"
3994,"test"
3995,"train"
3996,"train"
3997,"train"
3998,"train"
3999,"train"
4000,"train"
4001,"test"
4002,"train"
4003,"train"
4004,"test"
4005,"test"
4006,"test"
4007,"train"
4008,"train"
4009,"test"
4010,"test"
4011,"test"
4012,"test"
4013,"train"
4014,"train"
4015,"test"
4016,"train"
4017,"train"
4018,"train"
4019,"test"
4020,"train"
4021,"train"
4022,"train"
4023,"train"
4024,"train"
4025,"test"
4026,"train"
4027,"train"
4028,"train"
4029,"test"
4030,"test"
4031,"train"
4032,"train"
4033,"train"
4034,"train"
4035,"test"
4036,"test"
4037,"train"
4038,"train"
4039,"train"
4040,"test"
4041,"train"
4042,"train"
4043,"train"
4044,"test"
4045,"test"
4046,"test"
4047,"test"
4048,"test"
4049,"train"
4050,"test"
4051,"train"
4052,"train"
4053,"test"
4054,"test"
4055,"train"
4056,"train"
4057,"train"
4058,"train"
4059,"train"
4060,"train"
4061,"test"
4062,"train"
4063,"train"
4064,"train"
4065,"train"
4066,"train"
4067,"train"
4068,"test"
4069,"train"
4070,"train"
4071,"train"
4072,"train"
4073,"train"
4074,"train"
4075,"train"
4076,"train"
4077,"test"
4078,"train"
4079,"test"
4080,"train"
4081,"train"
4082,"train"
4083,"train"
4084,"train"
4085,"train"
4086,"train"
4087,"train"
4088,"train"
4089,"test"
4090,"train"
4091,"test"
4092,"test"
4093,"train"
4094,"test"
4095,"train"
4096,"train"
4097,"test"
4098,"train"
4099,"train"
4100,"train"
4101,"train"
4102,"test"
4103,"train"
4104,"train"
4105,"train"
4106,"train"
4107,"train"
4108,"test"
4109,"train"
4110,"train"
4111,"train"
4112,"train"
4113,"train"
4114,"train"
4115,"test"
4116,"train"
4117,"train"
4118,"train"
4119,"train"
4120,"test"
4121,"train"
4122,"train"
4123,"train"
4124,"train"
4125,"train"
4126,"test"
4127,"test"
4128,"train"
4129,"train"
4130,"train"
4131,"test"
4132,"train"
4133,"test"
4134,"train"
4135,"train"
4136,"train"
4137,"train"
4138,"train"
4139,"train"
4140,"train"
4141,"test"
4142,"train"
4143,"train"
4144,"train"
4145,"train"
4146,"test"
4147,"train"
4148,"train"
4149,"train"
4150,"test"
4151,"test"
4152,"train"
4153,"train"
4154,"train"
4155,"train"
4156,"train"
4157,"train"
4158,"train"
4159,"test"
4160,"train"
4161,"train"
4162,"train"
4163,"train"
4164,"train"
4165,"test"
4166,"train"
4167,"test"
4168,"test"
4169,"train"
4170,"train"
4171,"test"
4172,"train"
4173,"train"
4174,"train"
4175,"train"
4176,"train"
4177,"train"
4178,"train"
4179,"train"
4180,"train"
4181,"test"
4182,"test"
4183,"test"
4184,"test"
4185,"train"
4186,"test"
4187,"train"
4188,"train"
4189,"test"
4190,"train"
4191,"test"
4192,"test"
4193,"train"
4194,"test"
4195,"test"
4196,"train"
4197,"train"
4198,"train"
4199,"train"
4200,"train"
4201,"train"
4202,"train"
4203,"test"
4204,"train"
4205,"train"
4206,"train"
4207,"train"
4208,"train"
4209,"test"
4210,"test"
4211,"train"
4212,"train"
4213,"train"
4214,"train"
4215,"train"
4216,"train"
4217,"train"
4218,"train"
4219,"test"
4220,"train"
4221,"train"
4222,"train"
4223,"train"
4224,"train"
4225,"train"
4226,"test"
4227,"test"
4228,"train"
4229,"train"
4230,"train"
4231,"test"
4232,"test"
4233,"test"
4234,"test"
4235,"train"
4236,"train"
4237,"train"
4238,"test"
4239,"train"
4240,"test"
4241,"train"
4242,"train"
4243,"test"
4244,"test"
4245,"train"
4246,"train"
4247,"train"
4248,"train"
4249,"train"
4250,"test"
4251,"train"
4252,"train"
4253,"test"
4254,"train"
4255,"train"
4256,"test"
4257,"test"
4258,"test"
4259,"train"
4260,"test"
4261,"train"
4262,"train"
4263,"test"
4264,"train"
4265,"train"
4266,"train"
4267,"train"
4268,"train"
4269,"train"
4270,"train"
4271,"train"
4272,"train"
4273,"train"
4274,"test"
4275,"train"
4276,"train"
4277,"train"
4278,"train"
4279,"train"
4280,"train"
4281,"train"
4282,"test"
4283,"train"
4284,"test"
4285,"train"
4286,"train"
4287,"train"
4288,"test"
4289,"train"
4290,"train"
4291,"test"
4292,"test"
4293,"test"
4294,"train"
4295,"train"
4296,"train"
4297,"train"
4298,"test"
4299,"test"
4300,"train"
4301,"train"
4302,"train"
4303,"train"
4304,"test"
4305,"train"
4306,"train"
4307,"train"
4308,"train"
4309,"train"
4310,"test"
4311,"train"
4312,"train"
4313,"train"
4314,"train"
4315,"test"
4316,"train"
4317,"train"
4318,"test"
4319,"test"
4320,"train"
4321,"train"
4322,"train"
4323,"train"
4324,"train"
4325,"train"
4326,"test"
4327,"train"
4328,"test"
4329,"train"
4330,"test"
4331,"test"
4332,"train"
4333,"test"
4334,"train"
4335,"train"
4336,"train"
4337,"test"
4338,"test"
4339,"train"
4340,"train"
4341,"train"
4342,"train"
4343,"train"
4344,"train"
4345,"train"
4346,"train"
4347,"train"
4348,"train"
4349,"train"
4350,"train"
4351,"test"
4352,"train"
4353,"train"
4354,"train"
4355,"train"
4356,"test"
4357,"test"
4358,"train"
4359,"train"
4360,"train"
4361,"train"
4362,"train"
4363,"train"
4364,"test"
4365,"test"
4366,"train"
4367,"train"
4368,"train"
4369,"test"
4370,"train"
4371,"train"
4372,"train"
4373,"test"
4374,"test"
4375,"train"
4376,"train"
4377,"test"
4378,"train"
4379,"train"
4380,"train"
4381,"test"
4382,"test"
4383,"train"
4384,"test"
4385,"test"
4386,"train"
4387,"train"
4388,"test"
4389,"train"
4390,"test"
4391,"train"
4392,"train"
4393,"train"
4394,"train"
4395,"train"
4396,"test"
4397,"train"
4398,"train"
4399,"train"
4400,"train"
4401,"train"
4402,"train"
4403,"test"
4404,"train"
4405,"train"
4406,"train"
4407,"train"
4408,"test"
4409,"test"
4410,"train"
4411,"test"
4412,"train"
4413,"test"
4414,"test"
4415,"train"
4416,"train"
4417,"train"
4418,"test"
4419,"train"
4420,"train"
4421,"train"
4422,"test"
4423,"train"
4424,"train"
4425,"train"
4426,"train"
4427,"train"
4428,"train"
4429,"train"
4430,"train"
4431,"train"
4432,"train"
4433,"train"
4434,"train"
4435,"test"
4436,"train"
4437,"train"
4438,"train"
4439,"train"
4440,"train"
4441,"test"
4442,"train"
4443,"train"
4444,"train"
4445,"test"
4446,"train"
4447,"train"
4448,"test"
4449,"train"
4450,"test"
4451,"train"
4452,"train"
4453,"train"
4454,"test"
4455,"test"
4456,"test"
4457,"train"
4458,"test"
4459,"train"
4460,"train"
4461,"train"
4462,"test"
4463,"train"
4464,"train"
4465,"train"
4466,"train"
4467,"train"
4468,"train"
4469,"test"
4470,"test"
4471,"train"
4472,"train"
4473,"train"
4474,"train"
4475,"train"
4476,"train"
4477,"test"
4478,"train"
4479,"train"
4480,"train"
4481,"train"
4482,"train"
4483,"train"
4484,"test"
4485,"train"
4486,"train"
4487,"train"
4488,"test"
4489,"train"
4490,"test"
4491,"train"
4492,"train"
4493,"train"
4494,"train"
4495,"train"
4496,"train"
4497,"train"
4498,"train"
4499,"train"
4500,"train"
4501,"test"
4502,"train"
4503,"train"
4504,"train"
4505,"train"
4506,"test"
4507,"train"
4508,"train"
4509,"test"
4510,"train"
4511,"train"
4512,"train"
4513,"test"
4514,"train"
4515,"train"
4516,"train"
4517,"train"
4518,"train"
4519,"test"
4520,"train"
4521,"train"
4522,"train"
4523,"train"
4524,"train"
4525,"test"
4526,"train"
4527,"train"
4528,"test"
4529,"train"
4530,"train"
4531,"test"
4532,"test"
4533,"test"
4534,"train"
4535,"train"
4536,"test"
4537,"train"
4538,"train"
4539,"train"
4540,"train"
4541,"train"
4542,"train"
4543,"train"
4544,"train"
4545,"train"
4546,"train"
4547,"train"
4548,"train"
4549,"train"
4550,"train"
4551,"test"
4552,"train"
4553,"train"
4554,"train"
4555,"train"
4556,"train"
4557,"test"
4558,"train"
4559,"train"
4560,"train"
4561,"test"
4562,"test"
4563,"train"
4564,"train"
4565,"train"
4566,"train"
4567,"train"
4568,"test"
4569,"train"
4570,"train"
4571,"train"
4572,"train"
4573,"test"
4574,"test"
4575,"train"
4576,"test"
4577,"train"
4578,"train"
4579,"train"
4580,"train"
4581,"train"
4582,"test"
4583,"train"
4584,"train"
4585,"train"
4586,"train"
4587,"train"
4588,"train"
4589,"train"
4590,"train"
4591,"test"
4592,"train"
4593,"test"
4594,"train"
4595,"train"
4596,"train"
4597,"test"
4598,"train"
4599,"train"
4600,"train"
4601,"test"
4602,"train"
4603,"test"
4604,"test"
4605,"train"
4606,"test"
4607,"train"
4608,"test"
4609,"train"
4610,"test"
4611,"test"
4612,"train"
4613,"train"
4614,"train"
4615,"train"
4616,"train"
4617,"train"
4618,"test"
4619,"train"
4620,"train"
4621,"train"
4622,"train"
4623,"train"
4624,"train"
4625,"train"
4626,"train"
4627,"test"
4628,"train"
4629,"train"
4630,"test"
4631,"test"
4632,"test"
4633,"train"
4634,"train"
4635,"train"
4636,"train"
4637,"test"
4638,"test"
4639,"train"
4640,"train"
4641,"train"
4642,"train"
4643,"train"
4644,"test"
4645,"train"
4646,"train"
4647,"test"
4648,"train"
4649,"train"
4650,"train"
4651,"train"
4652,"train"
4653,"test"
4654,"train"
4655,"test"
4656,"train"
4657,"train"
4658,"test"
4659,"train"
4660,"train"
4661,"test"
4662,"train"
4663,"test"
4664,"train"
4665,"train"
4666,"test"
4667,"train"
4668,"test"
4669,"train"
4670,"train"
4671,"train"
4672,"test"
4673,"train"
4674,"train"
4675,"train"
4676,"train"
4677,"test"
4678,"train"
4679,"train"
4680,"train"
4681,"train"
4682,"train"
4683,"test"
4684,"train"
4685,"train"
4686,"train"
4687,"train"
4688,"train"
4689,"test"
4690,"train"
4691,"train"
4692,"test"
4693,"test"
4694,"train"
4695,"train"
4696,"train"
4697,"train"
4698,"train"
4699,"train"
4700,"test"
4701,"train"
4702,"test"
4703,"train"
4704,"train"
4705,"train"
4706,"train"
4707,"test"
4708,"train"
4709,"train"
4710,"train"
4711,"train"
4712,"train"
4713,"test"
4714,"train"
4715,"train"
4716,"train"
4717,"train"
4718,"train"
4719,"train"
4720,"test"
4721,"train"
4722,"train"
4723,"train"
4724,"test"
4725,"train"
4726,"train"
4727,"test"
4728,"train"
4729,"train"
4730,"train"
4731,"train"
4732,"train"
4733,"test"
4734,"test"
4735,"train"
4736,"test"
4737,"train"
4738,"train"
4739,"train"
4740,"train"
4741,"train"
4742,"test"
4743,"train"
4744,"train"
4745,"train"
4746,"test"
4747,"train"
4748,"train"
4749,"train"
4750,"test"
4751,"test"
4752,"train"
4753,"train"
4754,"test"
4755,"train"
4756,"test"
4757,"test"
4758,"train"
4759,"train"
4760,"train"
4761,"train"
4762,"train"
4763,"train"
4764,"train"
4765,"train"
4766,"train"
4767,"train"
4768,"train"
4769,"train"
4770,"train"
4771,"train"
4772,"train"
4773,"test"
4774,"test"
4775,"test"
4776,"train"
4777,"train"
4778,"train"
4779,"train"
4780,"train"
4781,"train"
4782,"test"
4783,"train"
4784,"train"
4785,"test"
4786,"train"
4787,"train"
4788,"train"
4789,"train"
4790,"test"
4791,"train"
4792,"train"
4793,"train"
4794,"train"
4795,"train"
4796,"train"
4797,"train"
4798,"train"
4799,"train"
4800,"train"
4801,"train"
4802,"train"
4803,"test"
4804,"train"
4805,"test"
4806,"train"
4807,"train"
4808,"train"
4809,"train"
4810,"train"
4811,"train"
4812,"train"
4813,"train"
4814,"test"
4815,"test"
4816,"test"
4817,"train"
4818,"train"
4819,"train"
4820,"test"
4821,"train"
4822,"train"
4823,"train"
4824,"train"
4825,"test"
4826,"test"
4827,"test"
4828,"train"
4829,"train"
4830,"train"
4831,"train"
4832,"train"
4833,"train"
4834,"train"
4835,"train"
4836,"train"
4837,"train"
4838,"train"
4839,"train"
4840,"test"
4841,"train"
4842,"train"
4843,"test"
4844,"train"
4845,"train"
4846,"test"
4847,"test"
4848,"train"
4849,"train"
4850,"test"
4851,"train"
4852,"train"
4853,"train"
4854,"train"
4855,"test"
4856,"train"
4857,"train"
4858,"train"
4859,"train"
4860,"train"
4861,"train"
4862,"train"
4863,"train"
4864,"train"
4865,"test"
4866,"test"
4867,"train"
4868,"test"
4869,"train"
4870,"train"
4871,"train"
4872,"train"
4873,"test"
4874,"test"
4875,"train"
4876,"train"
4877,"train"
4878,"train"
4879,"test"
4880,"train"
4881,"test"
4882,"train"
4883,"train"
4884,"train"
4885,"train"
4886,"train"
4887,"train"
4888,"train"
4889,"test"
4890,"train"
4891,"train"
4892,"train"
4893,"train"
4894,"train"
4895,"test"
4896,"test"
4897,"train"
4898,"train"
4899,"test"
4900,"train"
4901,"train"
4902,"train"
4903,"test"
4904,"train"
4905,"train"
4906,"train"
4907,"train"
4908,"train"
4909,"train"
4910,"test"
4911,"train"
4912,"train"
4913,"train"
4914,"train"
4915,"train"
4916,"test"
4917,"test"
4918,"train"
4919,"train"
4920,"train"
4921,"train"
4922,"test"
4923,"train"
4924,"test"
4925,"train"
4926,"train"
4927,"test"
4928,"train"
4929,"train"
4930,"test"
4931,"train"
4932,"train"
4933,"train"
4934,"train"
4935,"test"
4936,"test"
4937,"train"
4938,"train"
4939,"train"
4940,"train"
4941,"test"
4942,"train"
4943,"train"
4944,"test"
4945,"train"
4946,"train"
4947,"train"
4948,"train"
4949,"train"
4950,"test"
4951,"test"
4952,"train"
4953,"test"
4954,"train"
4955,"train"
4956,"train"
4957,"test"
4958,"train"
4959,"train"
4960,"train"
4961,"train"
4962,"train"
4963,"train"
4964,"train"
4965,"train"
4966,"test"
4967,"train"
4968,"train"
4969,"train"
4970,"train"
4971,"train"
4972,"test"
4973,"train"
4974,"train"
4975,"train"
4976,"train"
4977,"train"
4978,"train"
4979,"train"
4980,"train"
4981,"train"
4982,"train"
4983,"train"
4984,"train"
4985,"test"
4986,"train"
4987,"test"
4988,"train"
4989,"train"
4990,"test"
4991,"test"
4992,"test"
4993,"train"
4994,"test"
4995,"train"
4996,"train"
4997,"train"
4998,"train"
4999,"test"
5000,"test"
5001,"train"
5002,"test"
5003,"test"
5004,"test"
5005,"test"
5006,"train"
5007,"train"
5008,"train"
5009,"train"
5010,"train"
5011,"test"
5012,"train"
5013,"train"
5014,"train"
5015,"test"
5016,"train"
5017,"train"
5018,"train"
5019,"train"
5020,"train"
5021,"train"
5022,"train"
5023,"train"
5024,"train"
5025,"test"
5026,"train"
5027,"train"
5028,"train"
5029,"train"
5030,"train"
5031,"test"
5032,"train"
5033,"test"
5034,"test"
5035,"train"
5036,"train"
5037,"test"
5038,"train"
5039,"test"
5040,"test"
5041,"train"
5042,"train"
5043,"test"
5044,"test"
5045,"train"
5046,"test"
5047,"test"
5048,"train"
5049,"train"
5050,"train"
5051,"test"
5052,"train"
5053,"test"
5054,"test"
5055,"train"
5056,"train"
5057,"train"
5058,"train"
5059,"train"
5060,"test"
5061,"train"
5062,"test"
5063,"train"
5064,"train"
5065,"train"
5066,"train"
5067,"train"
5068,"test"
5069,"test"
5070,"train"
5071,"train"
5072,"train"
5073,"train"
5074,"train"
5075,"train"
5076,"train"
5077,"train"
5078,"train"
5079,"train"
5080,"train"
5081,"test"
5082,"test"
5083,"train"
5084,"train"
5085,"train"
5086,"train"
5087,"train"
5088,"train"
5089,"test"
5090,"train"
5091,"train"
5092,"test"
5093,"train"
5094,"test"
5095,"train"
5096,"test"
5097,"test"
5098,"test"
5099,"test"
5100,"train"
5101,"test"
5102,"train"
5103,"train"
5104,"test"
5105,"train"
5106,"train"
5107,"train"
5108,"train"
5109,"train"
5110,"train"
5111,"train"
5112,"train"
5113,"train"
5114,"test"
5115,"train"
5116,"train"
5117,"test"
5118,"test"
5119,"train"
5120,"test"
5121,"test"
5122,"train"
5123,"train"
5124,"test"
5125,"train"
5126,"train"
5127,"test"
5128,"train"
5129,"test"
5130,"train"
5131,"test"
5132,"train"
5133,"train"
5134,"train"
5135,"test"
5136,"train"
5137,"train"
5138,"train"
5139,"test"
5140,"train"
5141,"test"
5142,"train"
5143,"train"
5144,"test"
5145,"train"
5146,"train"
5147,"test"
5148,"train"
5149,"test"
5150,"test"
5151,"train"
5152,"test"
5153,"train"
5154,"test"
5155,"train"
5156,"train"
5157,"train"
5158,"train"
5159,"train"
5160,"train"
5161,"train"
5162,"test"
5163,"train"
5164,"test"
5165,"train"
5166,"train"
5167,"train"
5168,"test"
5169,"train"
5170,"test"
5171,"train"
5172,"train"
5173,"test"
5174,"train"
5175,"train"
5176,"train"
5177,"train"
5178,"test"
5179,"test"
5180,"train"
5181,"test"
5182,"train"
5183,"train"
5184,"train"
5185,"train"
5186,"test"
5187,"train"
5188,"test"
5189,"train"
5190,"train"
5191,"test"
5192,"train"
5193,"train"
5194,"train"
5195,"test"
5196,"test"
5197,"train"
5198,"train"
5199,"train"
5200,"train"
5201,"train"
5202,"train"
5203,"test"
5204,"train"
5205,"train"
5206,"test"
5207,"train"
5208,"test"
5209,"train"
5210,"test"
5211,"test"
5212,"test"
5213,"train"
5214,"train"
5215,"train"
5216,"train"
5217,"test"
5218,"train"
5219,"train"
5220,"test"
5221,"train"
5222,"train"
5223,"test"
5224,"train"
5225,"train"
5226,"test"
5227,"train"
5228,"train"
5229,"train"
5230,"train"
5231,"train"
5232,"train"
5233,"test"
5234,"train"
5235,"train"
5236,"test"
5237,"train"
5238,"train"
5239,"test"
5240,"test"
5241,"test"
5242,"train"
5243,"train"
5244,"train"
5245,"test"
5246,"test"
5247,"test"
5248,"train"
5249,"train"
5250,"train"
5251,"test"
5252,"test"
5253,"test"
5254,"train"
5255,"train"
5256,"train"
5257,"train"
5258,"train"
5259,"train"
5260,"train"
5261,"train"
5262,"train"
5263,"train"
5264,"train"
5265,"test"
5266,"test"
5267,"train"
5268,"test"
5269,"test"
5270,"train"
5271,"test"
5272,"test"
5273,"train"
5274,"test"
5275,"train"
5276,"test"
5277,"test"
5278,"train"
5279,"train"
5280,"test"
5281,"train"
5282,"train"
5283,"test"
5284,"test"
5285,"train"
5286,"train"
5287,"train"
5288,"train"
5289,"train"
5290,"train"
5291,"train"
5292,"train"
5293,"train"
5294,"train"
5295,"test"
5296,"train"
5297,"train"
5298,"train"
5299,"train"
5300,"train"
5301,"test"
5302,"test"
5303,"train"
5304,"train"
5305,"train"
5306,"test"
5307,"train"
5308,"test"
5309,"train"
5310,"test"
5311,"train"
5312,"test"
5313,"test"
5314,"test"
5315,"train"
5316,"train"
5317,"train"
5318,"train"
5319,"train"
5320,"test"
5321,"train"
5322,"test"
5323,"test"
5324,"train"
5325,"test"
5326,"test"
5327,"train"
5328,"train"
5329,"train"
5330,"train"
5331,"train"
5332,"train"
5333,"train"
5334,"train"
5335,"train"
5336,"train"
5337,"test"
5338,"train"
5339,"train"
5340,"test"
5341,"test"
5342,"train"
5343,"test"
5344,"train"
5345,"test"
5346,"test"
5347,"test"
5348,"train"
5349,"train"
5350,"test"
5351,"train"
5352,"train"
5353,"train"
5354,"train"
5355,"test"
5356,"train"
5357,"train"
5358,"test"
5359,"test"
5360,"test"
5361,"train"
5362,"train"
5363,"train"
5364,"train"
5365,"test"
5366,"train"
5367,"test"
5368,"train"
5369,"train"
5370,"test"
5371,"train"
5372,"test"
5373,"test"
5374,"train"
5375,"test"
5376,"train"
5377,"train"
5378,"train"
5379,"train"
5380,"test"
5381,"train"
5382,"train"
5383,"train"
5384,"test"
5385,"train"
5386,"test"
5387,"train"
5388,"test"
5389,"test"
5390,"train"
5391,"train"
5392,"test"
5393,"train"
5394,"test"
5395,"train"
5396,"train"
5397,"train"
5398,"test"
5399,"test"
5400,"test"
5401,"train"
5402,"test"
5403,"train"
5404,"train"
5405,"train"
5406,"train"
5407,"train"
5408,"test"
5409,"train"
5410,"test"
5411,"train"
5412,"test"
5413,"test"
5414,"train"
5415,"train"
5416,"train"
5417,"train"
5418,"train"
5419,"train"
5420,"test"
5421,"train"
5422,"train"
5423,"train"
5424,"train"
5425,"train"
5426,"train"
5427,"train"
5428,"test"
5429,"train"
5430,"train"
5431,"train"
5432,"train"
5433,"train"
5434,"test"
5435,"train"
5436,"train"
5437,"train"
5438,"train"
5439,"test"
5440,"train"
5441,"test"
5442,"train"
5443,"train"
5444,"train"
5445,"train"
5446,"train"
5447,"train"
5448,"test"
5449,"train"
5450,"train"
5451,"train"
5452,"test"
5453,"test"
5454,"test"
5455,"test"
5456,"train"
5457,"train"
5458,"train"
5459,"train"
5460,"train"
5461,"test"
5462,"test"
5463,"train"
5464,"test"
5465,"test"
5466,"train"
5467,"train"
5468,"train"
5469,"train"
5470,"train"
5471,"train"
5472,"test"
5473,"test"
5474,"train"
5475,"test"
5476,"train"
5477,"train"
5478,"train"
5479,"train"
5480,"train"
5481,"test"
5482,"test"
5483,"train"
5484,"train"
5485,"train"
5486,"train"
5487,"train"
5488,"train"
5489,"test"
5490,"train"
5491,"test"
5492,"train"
5493,"train"
5494,"train"
5495,"train"
5496,"test"
5497,"train"
5498,"train"
5499,"test"
5500,"train"
5501,"train"
5502,"train"
5503,"train"
5504,"train"
5505,"train"
5506,"test"
5507,"train"
5508,"train"
5509,"train"
5510,"train"
5511,"test"
5512,"train"
5513,"test"
5514,"train"
5515,"test"
5516,"test"
5517,"train"
5518,"train"
5519,"train"
5520,"train"
5521,"train"
5522,"train"
5523,"train"
5524,"train"
5525,"test"
5526,"train"
5527,"train"
5528,"train"
5529,"test"
5530,"train"
5531,"train"
5532,"test"
5533,"train"
5534,"test"
5535,"test"
5536,"test"
5537,"train"
5538,"train"
5539,"test"
5540,"train"
5541,"train"
5542,"train"
5543,"train"
5544,"train"
5545,"test"
5546,"train"
5547,"train"
5548,"test"
5549,"train"
5550,"train"
5551,"train"
5552,"train"
5553,"train"
5554,"test"
5555,"test"
5556,"train"
5557,"test"
5558,"test"
5559,"train"
5560,"train"
5561,"train"
5562,"train"
5563,"test"
5564,"test"
5565,"train"
5566,"test"
5567,"test"
5568,"test"
5569,"test"
5570,"train"
5571,"train"
5572,"test"
5573,"train"
5574,"train"
5575,"train"
5576,"test"
5577,"train"
5578,"train"
5579,"test"
5580,"train"
5581,"train"
5582,"train"
5583,"test"
5584,"test"
5585,"train"
5586,"train"
5587,"train"
5588,"test"
5589,"train"
5590,"train"
5591,"train"
5592,"train"
5593,"train"
5594,"test"
5595,"train"
5596,"train"
5597,"train"
5598,"train"
5599,"train"
5600,"train"
5601,"train"
5602,"train"
5603,"train"
5604,"train"
5605,"test"
5606,"train"
5607,"train"
5608,"test"
5609,"test"
5610,"train"
5611,"train"
5612,"test"
5613,"test"
5614,"train"
5615,"train"
5616,"train"
5617,"train"
5618,"train"
5619,"test"
5620,"train"
5621,"test"
5622,"train"
5623,"train"
5624,"train"
5625,"train"
5626,"train"
5627,"train"
5628,"train"
5629,"train"
5630,"test"
5631,"train"
5632,"test"
5633,"train"
5634,"train"
5635,"train"
5636,"test"
5637,"train"
5638,"test"
5639,"test"
5640,"train"
5641,"train"
5642,"test"
5643,"test"
5644,"train"
5645,"train"
5646,"train"
5647,"train"
5648,"train"
5649,"train"
5650,"train"
5651,"train"
5652,"test"
5653,"train"
5654,"train"
5655,"train"
5656,"train"
5657,"test"
5658,"test"
5659,"test"
5660,"train"
5661,"train"
5662,"test"
5663,"train"
5664,"train"
5665,"test"
5666,"train"
5667,"test"
5668,"train"
5669,"test"
5670,"train"
5671,"test"
5672,"test"
5673,"train"
5674,"train"
5675,"train"
5676,"test"
5677,"train"
5678,"test"
5679,"train"
5680,"train"
5681,"test"
5682,"train"
5683,"train"
5684,"test"
5685,"train"
5686,"train"
5687,"train"
5688,"train"
5689,"test"
5690,"train"
5691,"train"
5692,"test"
5693,"test"
5694,"train"
5695,"train"
5696,"train"
5697,"test"
5698,"train"
5699,"train"
5700,"test"
5701,"train"
5702,"train"
5703,"test"
5704,"train"
5705,"test"
5706,"train"
5707,"train"
5708,"train"
5709,"train"
5710,"train"
5711,"train"
5712,"test"
5713,"train"
5714,"test"
5715,"test"
5716,"train"
5717,"train"
5718,"train"
5719,"train"
5720,"test"
5721,"train"
5722,"train"
5723,"test"
5724,"train"
5725,"train"
5726,"train"
5727,"train"
5728,"train"
5729,"train"
5730,"test"
5731,"train"
5732,"train"
5733,"train"
5734,"train"
5735,"test"
5736,"train"
5737,"test"
5738,"train"
5739,"train"
5740,"test"
5741,"test"
5742,"train"
5743,"train"
5744,"test"
5745,"train"
5746,"train"
5747,"train"
5748,"test"
5749,"test"
5750,"test"
5751,"train"
5752,"train"
5753,"train"
5754,"train"
5755,"train"
5756,"train"
5757,"train"
5758,"test"
5759,"train"
5760,"test"
5761,"train"
5762,"train"
5763,"train"
5764,"train"
5765,"test"
5766,"test"
5767,"train"
5768,"test"
5769,"test"
5770,"test"
5771,"train"
5772,"test"
5773,"train"
5774,"train"
5775,"train"
5776,"train"
5777,"test"
5778,"test"
5779,"train"
5780,"train"
5781,"test"
5782,"train"
5783,"train"
5784,"train"
5785,"test"
5786,"test"
5787,"train"
5788,"train"
5789,"train"
5790,"test"
5791,"train"
5792,"test"
5793,"train"
5794,"train"
5795,"test"
5796,"train"
5797,"test"
5798,"train"
5799,"test"
5800,"train"
5801,"test"
5802,"train"
5803,"test"
5804,"train"
5805,"train"
5806,"train"
5807,"test"
5808,"train"
5809,"train"
5810,"train"
5811,"train"
5812,"train"
5813,"train"
5814,"train"
5815,"train"
5816,"train"
5817,"train"
5818,"train"
5819,"train"
5820,"test"
5821,"train"
5822,"train"
5823,"train"
5824,"test"
5825,"train"
5826,"test"
5827,"test"
5828,"train"
5829,"test"
5830,"train"
5831,"train"
5832,"train"
5833,"train"
5834,"train"
5835,"test"
5836,"train"
5837,"train"
5838,"test"
5839,"train"
5840,"train"
5841,"train"
5842,"train"
5843,"train"
5844,"train"
5845,"train"
5846,"train"
5847,"train"
5848,"test"
5849,"test"
5850,"test"
5851,"train"
5852,"train"
5853,"train"
5854,"train"
5855,"test"
5856,"train"
5857,"train"
5858,"train"
5859,"test"
5860,"test"
5861,"train"
5862,"test"
5863,"train"
5864,"train"
5865,"test"
5866,"test"
5867,"train"
5868,"train"
5869,"train"
5870,"test"
5871,"test"
5872,"train"
5873,"train"
5874,"train"
5875,"train"
5876,"train"
5877,"train"
5878,"train"
5879,"train"
5880,"test"
5881,"test"
5882,"train"
5883,"test"
5884,"train"
5885,"train"
5886,"train"
5887,"train"
5888,"train"
5889,"train"
5890,"train"
5891,"test"
5892,"train"
5893,"test"
5894,"train"
5895,"train"
5896,"test"
5897,"train"
5898,"test"
5899,"train"
5900,"test"
5901,"train"
5902,"train"
5903,"train"
5904,"train"
5905,"test"
5906,"test"
5907,"train"
5908,"train"
5909,"train"
5910,"test"
5911,"train"
5912,"test"
5913,"train"
5914,"train"
5915,"test"
5916,"train"
5917,"train"
5918,"train"
5919,"test"
5920,"train"
5921,"test"
5922,"train"
5923,"test"
5924,"train"
5925,"train"
5926,"test"
5927,"train"
5928,"train"
5929,"train"
5930,"train"
5931,"train"
5932,"test"
5933,"train"
5934,"train"
5935,"train"
5936,"train"
5937,"train"
5938,"train"
5939,"train"
5940,"test"
5941,"test"
5942,"train"
5943,"train"
5944,"test"
5945,"train"
5946,"train"
5947,"train"
5948,"train"
5949,"test"
5950,"test"
5951,"train"
5952,"train"
5953,"train"
5954,"train"
5955,"test"
5956,"train"
5957,"train"
5958,"test"
5959,"train"
5960,"train"
5961,"train"
5962,"train"
5963,"train"
5964,"test"
5965,"test"
5966,"train"
5967,"test"
5968,"train"
5969,"train"
5970,"train"
5971,"test"
5972,"train"
5973,"test"
5974,"train"
5975,"train"
5976,"test"
5977,"train"
5978,"test"
5979,"train"
5980,"train"
5981,"train"
5982,"train"
5983,"test"
5984,"test"
5985,"test"
5986,"train"
5987,"train"
5988,"test"
5989,"test"
5990,"train"
5991,"train"
5992,"test"
5993,"train"
5994,"train"
5995,"train"
5996,"train"
5997,"train"
5998,"test"
5999,"test"
6000,"train"
6001,"train"
6002,"train"
6003,"train"
6004,"train"
6005,"train"
6006,"train"
6007,"test"
6008,"train"
6009,"train"
6010,"train"
6011,"train"
6012,"test"
6013,"test"
6014,"train"
6015,"test"
6016,"train"
6017,"train"
6018,"train"
6019,"train"
6020,"train"
6021,"test"
6022,"train"
6023,"train"
6024,"train"
6025,"test"
6026,"test"
6027,"test"
6028,"train"
6029,"train"
6030,"train"
6031,"train"
6032,"train"
6033,"train"
6034,"train"
6035,"train"
6036,"train"
6037,"train"
6038,"test"
6039,"test"
6040,"test"
6041,"train"
6042,"train"
6043,"train"
6044,"train"
6045,"test"
6046,"train"
6047,"test"
6048,"test"
6049,"train"
6050,"train"
6051,"train"
6052,"test"
6053,"train"
6054,"train"
6055,"train"
6056,"test"
6057,"train"
6058,"train"
6059,"train"
6060,"test"
6061,"train"
6062,"train"
6063,"train"
6064,"train"
6065,"train"
6066,"test"
6067,"test"
6068,"train"
6069,"train"
6070,"train"
6071,"train"
6072,"train"
6073,"test"
6074,"test"
6075,"train"
6076,"train"
6077,"train"
6078,"train"
6079,"train"
6080,"train"
6081,"train"
6082,"train"
6083,"train"
6084,"test"
6085,"train"
6086,"train"
6087,"test"
6088,"test"
6089,"train"
6090,"test"
6091,"test"
6092,"train"
6093,"train"
6094,"train"
6095,"train"
6096,"test"
6097,"train"
6098,"train"
6099,"train"
6100,"train"
6101,"train"
6102,"train"
6103,"train"
6104,"train"
6105,"test"
6106,"train"
6107,"test"
6108,"train"
6109,"train"
6110,"train"
6111,"test"
6112,"train"
6113,"test"
6114,"test"
6115,"train"
6116,"train"
6117,"train"
6118,"train"
6119,"train"
6120,"test"
6121,"train"
6122,"test"
6123,"test"
6124,"train"
6125,"train"
6126,"train"
6127,"train"
6128,"train"
6129,"train"
6130,"train"
6131,"train"
6132,"train"
6133,"train"
6134,"train"
6135,"test"
6136,"train"
6137,"test"
6138,"test"
6139,"train"
6140,"test"
6141,"train"
6142,"test"
6143,"train"
6144,"test"
6145,"train"
6146,"test"
6147,"train"
6148,"train"
6149,"train"
6150,"train"
6151,"train"
6152,"test"
6153,"train"
6154,"test"
6155,"test"
6156,"train"
6157,"test"
6158,"train"
6159,"train"
6160,"train"
6161,"train"
6162,"train"
6163,"train"
6164,"train"
6165,"test"
6166,"train"
6167,"test"
6168,"train"
6169,"train"
6170,"test"
6171,"test"
6172,"test"
6173,"train"
6174,"train"
6175,"train"
6176,"train"
6177,"train"
6178,"train"
6179,"train"
6180,"train"
6181,"test"
6182,"test"
6183,"train"
6184,"train"
6185,"test"
6186,"test"
6187,"train"
6188,"train"
6189,"train"
6190,"train"
6191,"train"
6192,"train"
6193,"test"
6194,"train"
6195,"train"
6196,"train"
6197,"train"
6198,"train"
6199,"train"
6200,"train"
6201,"train"
6202,"train"
6203,"train"
6204,"train"
6205,"train"
6206,"test"
6207,"test"
6208,"test"
6209,"test"
6210,"train"
6211,"test"
6212,"train"
6213,"train"
6214,"train"
6215,"test"
6216,"test"
6217,"train"
6218,"test"
6219,"train"
6220,"train"
6221,"test"
6222,"train"
6223,"test"
6224,"train"
6225,"test"
6226,"train"
6227,"test"
6228,"train"
6229,"test"
6230,"test"
6231,"train"
6232,"train"
6233,"train"
6234,"test"
6235,"train"
6236,"train"
6237,"train"
6238,"test"
6239,"test"
6240,"train"
6241,"train"
6242,"train"
6243,"train"
6244,"train"
6245,"train"
6246,"train"
6247,"test"
6248,"train"
6249,"test"
6250,"train"
6251,"train"
6252,"train"
6253,"train"
6254,"train"
6255,"train"
6256,"train"
6257,"train"
6258,"train"
6259,"test"
6260,"test"
6261,"train"
6262,"train"
6263,"train"
6264,"train"
6265,"train"
6266,"train"
6267,"train"
6268,"train"
6269,"train"
6270,"train"
6271,"test"
6272,"test"
6273,"train"
6274,"train"
6275,"train"
6276,"train"
6277,"train"
6278,"test"
6279,"train"
6280,"train"
6281,"train"
6282,"train"
6283,"train"
6284,"train"
6285,"test"
6286,"train"
6287,"train"
6288,"test"
6289,"train"
6290,"train"
6291,"train"
6292,"train"
6293,"test"
6294,"train"
6295,"train"
6296,"test"
6297,"test"
6298,"train"
6299,"test"
6300,"test"
6301,"train"
6302,"train"
6303,"train"
6304,"train"
6305,"train"
6306,"train"
6307,"test"
6308,"train"
6309,"test"
6310,"train"
6311,"train"
6312,"test"
6313,"train"
6314,"train"
6315,"train"
6316,"train"
6317,"train"
6318,"test"
6319,"train"
6320,"train"
6321,"test"
6322,"train"
6323,"train"
6324,"train"
6325,"test"
6326,"test"
6327,"train"
6328,"train"
6329,"train"
6330,"train"
6331,"test"
6332,"test"
6333,"train"
6334,"train"
6335,"train"
6336,"train"
6337,"test"
6338,"train"
6339,"train"
6340,"test"
6341,"train"
6342,"train"
6343,"train"
6344,"train"
6345,"train"
6346,"train"
6347,"train"
6348,"test"
6349,"test"
6350,"test"
6351,"train"
6352,"train"
6353,"test"
6354,"test"
6355,"train"
6356,"train"
6357,"test"
6358,"train"
6359,"test"
6360,"train"
6361,"test"
6362,"train"
6363,"test"
6364,"train"
6365,"test"
6366,"train"
6367,"test"
6368,"test"
6369,"train"
6370,"test"
6371,"test"
6372,"test"
6373,"test"
6374,"train"
6375,"train"
6376,"train"
6377,"train"
6378,"test"
6379,"train"
6380,"test"
6381,"train"
6382,"train"
6383,"train"
6384,"train"
6385,"train"
6386,"train"
6387,"test"
6388,"train"
6389,"train"
6390,"train"
6391,"train"
6392,"train"
6393,"train"
6394,"test"
6395,"train"
6396,"train"
6397,"test"
6398,"test"
6399,"test"
6400,"train"
6401,"train"
6402,"train"
6403,"train"
6404,"train"
6405,"train"
6406,"train"
6407,"train"
6408,"train"
6409,"train"
6410,"train"
6411,"test"
6412,"test"
6413,"train"
6414,"train"
6415,"test"
6416,"train"
6417,"train"
6418,"test"
6419,"train"
6420,"train"
6421,"train"
6422,"train"
6423,"train"
6424,"test"
6425,"train"
6426,"train"
6427,"train"
6428,"train"
6429,"train"
6430,"train"
6431,"train"
6432,"test"
6433,"test"
6434,"train"
6435,"test"
6436,"train"
6437,"test"
6438,"test"
6439,"train"
6440,"train"
6441,"train"
6442,"train"
6443,"train"
6444,"train"
6445,"train"
6446,"test"
6447,"train"
6448,"train"
6449,"train"
6450,"train"
6451,"train"
6452,"train"
6453,"train"
6454,"train"
6455,"train"
6456,"train"
6457,"test"
6458,"test"
6459,"train"
6460,"train"
6461,"test"
6462,"test"
6463,"test"
6464,"train"
6465,"train"
6466,"train"
6467,"test"
6468,"test"
6469,"train"
6470,"test"
6471,"train"
6472,"train"
6473,"train"
6474,"train"
6475,"test"
6476,"train"
6477,"train"
6478,"train"
6479,"train"
6480,"test"
6481,"test"
6482,"test"
6483,"train"
6484,"train"
6485,"train"
6486,"train"
6487,"test"
6488,"train"
6489,"train"
6490,"test"
6491,"test"
6492,"test"
6493,"test"
6494,"train"
6495,"test"
6496,"train"
6497,"train"
6498,"train"
6499,"test"
6500,"train"
6501,"test"
6502,"test"
6503,"train"
6504,"train"
6505,"test"
6506,"train"
6507,"test"
6508,"train"
6509,"test"
6510,"test"
6511,"train"
6512,"train"
6513,"test"
6514,"train"
6515,"train"
6516,"train"
6517,"train"
6518,"train"
6519,"test"
6520,"train"
6521,"train"
6522,"train"
6523,"train"
6524,"test"
6525,"train"
6526,"test"
6527,"test"
6528,"test"
6529,"test"
6530,"train"
6531,"test"
6532,"train"
6533,"train"
6534,"train"
6535,"train"
6536,"train"
6537,"train"
6538,"test"
6539,"train"
6540,"train"
6541,"train"
6542,"test"
6543,"test"
6544,"train"
6545,"test"
6546,"train"
6547,"train"
6548,"train"
6549,"test"
6550,"test"
6551,"test"
6552,"train"
6553,"test"
6554,"train"
6555,"train"
6556,"train"
6557,"train"
6558,"test"
6559,"train"
6560,"train"
6561,"train"
6562,"train"
6563,"train"
6564,"train"
6565,"train"
6566,"test"
6567,"train"
6568,"train"
6569,"train"
6570,"test"
6571,"train"
6572,"train"
6573,"train"
6574,"train"
6575,"test"
6576,"train"
6577,"test"
6578,"test"
6579,"test"
6580,"train"
6581,"train"
6582,"train"
6583,"train"
6584,"train"
6585,"test"
6586,"train"
6587,"train"
6588,"test"
6589,"train"
6590,"train"
6591,"train"
6592,"train"
6593,"train"
6594,"train"
6595,"test"
6596,"test"
6597,"train"
6598,"test"
6599,"train"
6600,"test"
6601,"test"
6602,"test"
6603,"train"
6604,"train"
6605,"train"
6606,"test"
6607,"train"
6608,"train"
6609,"test"
6610,"train"
6611,"train"
6612,"test"
6613,"test"
6614,"train"
6615,"train"
6616,"test"
6617,"test"
6618,"test"
6619,"train"
6620,"train"
6621,"test"
6622,"test"
6623,"train"
6624,"test"
6625,"test"
6626,"train"
6627,"train"
6628,"train"
6629,"train"
6630,"test"
6631,"train"
6632,"train"
6633,"test"
6634,"train"
6635,"train"
6636,"test"
6637,"test"
6638,"test"
6639,"train"
6640,"test"
6641,"train"
6642,"train"
6643,"train"
6644,"test"
6645,"train"
6646,"train"
6647,"train"
6648,"test"
6649,"train"
6650,"train"
6651,"train"
6652,"test"
6653,"train"
6654,"test"
6655,"train"
6656,"test"
6657,"train"
6658,"train"
6659,"test"
6660,"train"
6661,"train"
6662,"train"
6663,"train"
6664,"train"
6665,"train"
6666,"train"
6667,"train"
6668,"train"
6669,"test"
6670,"train"
6671,"test"
6672,"train"
6673,"test"
6674,"train"
6675,"test"
6676,"train"
6677,"test"
6678,"test"
6679,"train"
6680,"train"
6681,"train"
6682,"train"
6683,"train"
6684,"train"
6685,"test"
6686,"train"
6687,"train"
6688,"test"
6689,"test"
6690,"train"
6691,"train"
6692,"train"
6693,"train"
6694,"train"
6695,"train"
6696,"train"
6697,"test"
6698,"train"
6699,"train"
6700,"train"
6701,"train"
6702,"test"
6703,"train"
6704,"train"
6705,"train"
6706,"train"
6707,"train"
6708,"test"
6709,"test"
6710,"test"
6711,"test"
6712,"train"
6713,"train"
6714,"train"
6715,"train"
6716,"train"
6717,"test"
6718,"train"
6719,"test"
6720,"test"
6721,"test"
6722,"test"
6723,"train"
6724,"train"
6725,"train"
6726,"train"
6727,"test"
6728,"test"
6729,"train"
6730,"train"
6731,"train"
6732,"train"
6733,"train"
6734,"train"
6735,"train"
6736,"test"
6737,"train"
6738,"train"
6739,"test"
6740,"train"
6741,"test"
6742,"train"
6743,"test"
6744,"train"
6745,"train"
6746,"test"
6747,"train"
6748,"train"
6749,"train"
6750,"test"
6751,"train"
6752,"test"
6753,"test"
6754,"test"
6755,"test"
6756,"test"
6757,"test"
6758,"test"
6759,"train"
6760,"train"
6761,"train"
6762,"test"
6763,"train"
6764,"test"
6765,"train"
6766,"test"
6767,"test"
6768,"train"
6769,"train"
6770,"train"
6771,"train"
6772,"train"
6773,"train"
6774,"train"
6775,"train"
6776,"train"
6777,"train"
6778,"train"
6779,"train"
6780,"train"
6781,"test"
6782,"train"
6783,"train"
6784,"train"
6785,"train"
6786,"train"
6787,"train"
6788,"train"
6789,"train"
6790,"train"
6791,"train"
6792,"train"
6793,"test"
6794,"test"
6795,"train"
6796,"test"
6797,"train"
6798,"train"
6799,"train"
6800,"test"
6801,"test"
6802,"train"
6803,"train"
6804,"train"
6805,"train"
6806,"test"
6807,"train"
6808,"train"
6809,"test"
6810,"test"
6811,"train"
6812,"train"
6813,"test"
6814,"train"
6815,"test"
6816,"train"
6817,"train"
6818,"train"
6819,"train"
6820,"test"
6821,"train"
6822,"test"
6823,"train"
6824,"train"
6825,"test"
6826,"train"
6827,"train"
6828,"train"
6829,"train"
6830,"train"
6831,"test"
6832,"train"
6833,"train"
6834,"train"
6835,"train"
6836,"test"
6837,"train"
6838,"test"
6839,"train"
6840,"train"
6841,"train"
6842,"test"
6843,"test"
6844,"train"
6845,"train"
6846,"train"
6847,"test"
6848,"train"
6849,"train"
6850,"train"
6851,"test"
6852,"test"
6853,"train"
6854,"train"
6855,"train"
6856,"train"
6857,"train"
6858,"train"
6859,"train"
6860,"test"
6861,"test"
6862,"train"
6863,"train"
6864,"train"
6865,"train"
6866,"train"
6867,"train"
6868,"train"
6869,"train"
6870,"train"
6871,"test"
6872,"test"
6873,"train"
6874,"train"
6875,"train"
6876,"test"
6877,"train"
6878,"train"
6879,"train"
6880,"train"
6881,"test"
6882,"test"
6883,"train"
6884,"train"
6885,"test"
6886,"train"
6887,"train"
6888,"train"
6889,"train"
6890,"test"
6891,"test"
6892,"train"
6893,"test"
6894,"train"
6895,"test"
6896,"train"
6897,"train"
6898,"test"
6899,"train"
6900,"train"
6901,"test"
6902,"train"
6903,"train"
6904,"train"
6905,"test"
6906,"train"
6907,"train"
6908,"test"
6909,"train"
6910,"train"
6911,"train"
6912,"test"
6913,"train"
6914,"train"
6915,"train"
6916,"train"
6917,"train"
6918,"train"
6919,"train"
6920,"train"
6921,"train"
6922,"test"
6923,"train"
6924,"train"
6925,"test"
6926,"test"
6927,"train"
6928,"train"
6929,"train"
6930,"test"
6931,"train"
6932,"train"
6933,"test"
6934,"test"
6935,"test"
6936,"train"
6937,"train"
6938,"train"
6939,"train"
6940,"test"
6941,"test"
6942,"train"
6943,"train"
6944,"train"
6945,"train"
6946,"train"
6947,"test"
6948,"train"
6949,"train"
6950,"test"
6951,"train"
6952,"train"
6953,"train"
6954,"train"
6955,"train"
6956,"train"
6957,"test"
6958,"train"
6959,"test"
6960,"test"
6961,"train"
6962,"train"
6963,"train"
6964,"train"
6965,"test"
6966,"train"
6967,"test"
6968,"train"
6969,"train"
6970,"train"
6971,"train"
6972,"test"
6973,"train"
6974,"test"
6975,"train"
6976,"train"
6977,"train"
6978,"train"
6979,"train"
6980,"train"
6981,"train"
6982,"train"
6983,"train"
6984,"train"
6985,"test"
6986,"train"
6987,"train"
6988,"test"
6989,"test"
6990,"train"
6991,"train"
6992,"train"
6993,"test"
6994,"train"
6995,"train"
6996,"test"
6997,"test"
6998,"train"
6999,"train"
7000,"train"
7001,"test"
7002,"train"
7003,"test"
7004,"test"
7005,"train"
7006,"train"
7007,"train"
7008,"train"
7009,"test"
7010,"test"
7011,"train"
7012,"train"
7013,"train"
7014,"train"
7015,"train"
7016,"train"
7017,"test"
7018,"train"
7019,"test"
7020,"train"
7021,"train"
7022,"test"
7023,"train"
7024,"train"
7025,"train"
7026,"train"
7027,"test"
7028,"train"
7029,"train"
7030,"train"
7031,"test"
7032,"test"
7033,"train"
7034,"train"
7035,"test"
7036,"train"
7037,"train"
7038,"train"
7039,"test"
7040,"train"
7041,"train"
7042,"test"
7043,"train"
7044,"test"
7045,"train"
7046,"train"
7047,"test"
7048,"train"
7049,"train"
7050,"test"
7051,"test"
7052,"test"
7053,"train"
7054,"train"
7055,"train"
7056,"train"
7057,"train"
7058,"test"
7059,"train"
7060,"train"
7061,"train"
7062,"train"
7063,"train"
7064,"train"
7065,"test"
7066,"test"
7067,"test"
7068,"train"
7069,"train"
7070,"train"
7071,"train"
7072,"train"
7073,"train"
7074,"train"
7075,"train"
7076,"train"
7077,"train"
7078,"train"
7079,"test"
7080,"test"
7081,"train"
7082,"train"
7083,"test"
7084,"test"
7085,"test"
7086,"test"
7087,"train"
7088,"test"
7089,"train"
7090,"train"
7091,"train"
7092,"train"
7093,"train"
7094,"train"
7095,"train"
7096,"test"
7097,"train"
7098,"test"
7099,"test"
7100,"test"
7101,"train"
7102,"train"
7103,"train"
7104,"train"
7105,"train"
7106,"train"
7107,"train"
7108,"train"
7109,"train"
7110,"train"
7111,"test"
7112,"train"
7113,"train"
7114,"train"
7115,"train"
7116,"train"
7117,"test"
7118,"train"
7119,"train"
7120,"test"
7121,"test"
7122,"train"
7123,"train"
7124,"test"
7125,"train"
7126,"train"
7127,"train"
7128,"train"
7129,"train"
7130,"train"
7131,"train"
7132,"test"
7133,"test"
7134,"train"
7135,"test"
7136,"train"
7137,"train"
7138,"train"
7139,"train"
7140,"train"
7141,"train"
7142,"train"
7143,"train"
7144,"train"
7145,"train"
7146,"train"
7147,"test"
7148,"train"
7149,"test"
7150,"train"
7151,"test"
7152,"train"
7153,"test"
7154,"train"
7155,"train"
7156,"train"
7157,"train"
7158,"train"
7159,"train"
7160,"train"
7161,"test"
7162,"test"
7163,"train"
7164,"train"
7165,"test"
7166,"train"
7167,"train"
7168,"train"
7169,"test"
7170,"train"
7171,"train"
7172,"train"
7173,"train"
7174,"train"
7175,"test"
7176,"train"
7177,"train"
7178,"train"
7179,"train"
7180,"train"
7181,"test"
7182,"train"
7183,"train"
7184,"test"
7185,"train"
7186,"train"
7187,"train"
7188,"test"
7189,"train"
7190,"test"
7191,"train"
7192,"test"
7193,"train"
7194,"train"
7195,"train"
7196,"test"
7197,"train"
7198,"train"
7199,"train"
7200,"test"
7201,"test"
7202,"train"
7203,"test"
7204,"train"
7205,"train"
7206,"train"
7207,"test"
7208,"train"
7209,"test"
7210,"train"
7211,"test"
7212,"test"
7213,"test"
7214,"train"
7215,"train"
7216,"train"
7217,"train"
7218,"train"
7219,"train"
7220,"test"
7221,"test"
7222,"train"
7223,"train"
7224,"train"
7225,"test"
7226,"train"
7227,"train"
7228,"train"
7229,"test"
7230,"train"
7231,"train"
7232,"train"
7233,"test"
7234,"test"
7235,"train"
7236,"train"
7237,"train"
7238,"train"
7239,"test"
7240,"train"
7241,"test"
7242,"train"
7243,"test"
7244,"train"
7245,"test"
7246,"train"
7247,"train"
7248,"train"
7249,"test"
7250,"train"
7251,"test"
7252,"train"
7253,"train"
7254,"test"
7255,"train"
7256,"train"
7257,"test"
7258,"test"
7259,"test"
7260,"train"
7261,"train"
7262,"test"
7263,"train"
7264,"train"
7265,"test"
7266,"test"
7267,"train"
7268,"test"
7269,"train"
7270,"train"
7271,"train"
7272,"train"
7273,"train"
7274,"test"
7275,"test"
7276,"test"
7277,"train"
7278,"test"
7279,"train"
7280,"train"
7281,"train"
7282,"test"
7283,"train"
7284,"test"
7285,"train"
7286,"train"
7287,"test"
7288,"train"
7289,"train"
7290,"train"
7291,"test"
7292,"train"
7293,"train"
7294,"train"
7295,"train"
7296,"train"
7297,"train"
7298,"train"
7299,"train"
7300,"train"
7301,"train"
7302,"train"
7303,"test"
7304,"train"
7305,"test"
7306,"train"
7307,"test"
7308,"train"
7309,"train"
7310,"train"
7311,"test"
7312,"test"
7313,"train"
7314,"test"
7315,"train"
7316,"train"
7317,"test"
7318,"test"
7319,"train"
7320,"train"
7321,"train"
7322,"train"
7323,"train"
7324,"train"
7325,"train"
7326,"train"
7327,"test"
7328,"test"
7329,"train"
7330,"train"
7331,"test"
7332,"train"
7333,"train"
7334,"train"
7335,"test"
7336,"train"
7337,"train"
7338,"train"
7339,"test"
7340,"test"
7341,"test"
7342,"train"
7343,"train"
7344,"train"
7345,"train"
7346,"train"
7347,"train"
7348,"train"
7349,"test"
7350,"test"
7351,"train"
7352,"train"
7353,"train"
7354,"train"
7355,"test"
7356,"train"
7357,"test"
7358,"train"
7359,"test"
7360,"test"
7361,"train"
7362,"train"
7363,"train"
7364,"test"
7365,"train"
7366,"train"
7367,"train"
7368,"test"
7369,"train"
7370,"train"
7371,"test"
7372,"train"
7373,"train"
7374,"test"
7375,"test"
7376,"train"
7377,"train"
7378,"test"
7379,"test"
7380,"train"
7381,"test"
7382,"test"
7383,"train"
7384,"train"
7385,"test"
7386,"train"
7387,"train"
7388,"train"
7389,"test"
7390,"test"
7391,"train"
7392,"train"
7393,"train"
7394,"train"
7395,"test"
7396,"test"
7397,"train"
7398,"train"
7399,"train"
7400,"train"
7401,"train"
7402,"train"
7403,"test"
7404,"test"
7405,"train"
7406,"train"
7407,"train"
7408,"test"
7409,"test"
7410,"test"
7411,"train"
7412,"train"
7413,"test"
7414,"train"
7415,"train"
7416,"train"
7417,"test"
7418,"test"
7419,"train"
7420,"train"
7421,"train"
7422,"test"
7423,"train"
7424,"train"
7425,"train"
7426,"test"
7427,"train"
7428,"test"
7429,"train"
7430,"train"
7431,"train"
7432,"test"
7433,"train"
7434,"test"
7435,"train"
7436,"train"
7437,"train"
7438,"train"
7439,"train"
7440,"test"
7441,"test"
7442,"train"
7443,"train"
7444,"test"
7445,"test"
7446,"train"
7447,"train"
7448,"train"
7449,"train"
7450,"train"
7451,"test"
7452,"train"
7453,"train"
7454,"train"
7455,"train"
7456,"train"
7457,"train"
7458,"test"
7459,"test"
7460,"train"
7461,"test"
7462,"test"
7463,"train"
7464,"train"
7465,"train"
7466,"test"
7467,"train"
7468,"train"
7469,"train"
7470,"test"
7471,"test"
7472,"train"
7473,"test"
7474,"train"
7475,"train"
7476,"train"
7477,"train"
7478,"train"
7479,"train"
7480,"test"
7481,"train"
7482,"train"
7483,"train"
7484,"test"
7485,"train"
7486,"test"
7487,"test"
7488,"train"
7489,"test"
7490,"train"
7491,"train"
7492,"test"
7493,"train"
7494,"train"
7495,"train"
7496,"train"
7497,"test"
7498,"train"
7499,"test"
7500,"train"
7501,"test"
7502,"train"
7503,"train"
7504,"train"
7505,"test"
7506,"train"
7507,"train"
7508,"test"
7509,"train"
7510,"train"
7511,"train"
7512,"test"
7513,"test"
7514,"train"
7515,"train"
7516,"train"
7517,"test"
7518,"test"
7519,"train"
7520,"train"
7521,"test"
7522,"train"
7523,"test"
7524,"train"
7525,"train"
7526,"train"
7527,"train"
7528,"train"
7529,"test"
7530,"train"
7531,"train"
7532,"train"
7533,"train"
7534,"test"
7535,"test"
7536,"train"
7537,"train"
7538,"train"
7539,"train"
7540,"train"
7541,"train"
7542,"train"
7543,"train"
7544,"train"
7545,"train"
7546,"train"
7547,"train"
7548,"train"
7549,"test"
7550,"train"
7551,"test"
7552,"train"
7553,"train"
7554,"test"
7555,"test"
7556,"train"
7557,"train"
7558,"test"
7559,"train"
7560,"train"
7561,"train"
7562,"train"
7563,"train"
7564,"test"
7565,"train"
7566,"train"
7567,"train"
7568,"train"
7569,"test"
7570,"test"
7571,"train"
7572,"train"
7573,"test"
7574,"train"
7575,"test"
7576,"train"
7577,"train"
7578,"train"
7579,"train"
7580,"train"
7581,"test"
7582,"train"
7583,"test"
7584,"train"
7585,"test"
7586,"train"
7587,"train"
7588,"test"
7589,"train"
7590,"test"
7591,"train"
7592,"train"
7593,"test"
7594,"train"
7595,"train"
7596,"test"
7597,"train"
7598,"train"
7599,"test"
7600,"train"
7601,"train"
7602,"test"
7603,"train"
7604,"test"
7605,"train"
7606,"train"
7607,"train"
7608,"train"
7609,"test"
7610,"train"
7611,"train"
7612,"train"
7613,"test"
7614,"train"
7615,"train"
7616,"train"
7617,"train"
7618,"train"
7619,"train"
7620,"train"
7621,"train"
7622,"train"
7623,"test"
7624,"train"
7625,"test"
7626,"test"
7627,"train"
7628,"test"
7629,"train"
7630,"train"
7631,"test"
7632,"train"
7633,"test"
7634,"test"
7635,"test"
7636,"test"
7637,"train"
7638,"test"
7639,"train"
7640,"train"
7641,"train"
7642,"train"
7643,"test"
7644,"train"
7645,"train"
7646,"test"
7647,"test"
7648,"train"
7649,"train"
7650,"train"
7651,"train"
7652,"train"
7653,"train"
7654,"train"
7655,"train"
7656,"train"
7657,"train"
7658,"test"
7659,"train"
7660,"train"
7661,"train"
7662,"train"
7663,"train"
7664,"test"
7665,"train"
7666,"train"
7667,"test"
7668,"train"
7669,"test"
7670,"train"
7671,"train"
7672,"train"
7673,"test"
7674,"test"
7675,"test"
7676,"train"
7677,"train"
7678,"test"
7679,"train"
7680,"test"
7681,"train"
7682,"test"
7683,"train"
7684,"train"
7685,"test"
7686,"train"
7687,"train"
7688,"train"
7689,"train"
7690,"train"
7691,"train"
7692,"test"
7693,"train"
7694,"train"
7695,"train"
7696,"test"
7697,"train"
7698,"train"
7699,"train"
7700,"test"
7701,"test"
7702,"train"
7703,"train"
7704,"train"
7705,"train"
7706,"train"
7707,"train"
7708,"train"
7709,"train"
7710,"train"
7711,"train"
7712,"train"
7713,"test"
7714,"test"
7715,"train"
7716,"train"
7717,"test"
7718,"test"
7719,"train"
7720,"test"
7721,"test"
7722,"test"
7723,"test"
7724,"train"
7725,"train"
7726,"train"
7727,"test"
7728,"train"
7729,"train"
7730,"test"
7731,"test"
7732,"train"
7733,"train"
7734,"test"
7735,"train"
7736,"train"
7737,"train"
7738,"train"
7739,"train"
7740,"train"
7741,"train"
7742,"test"
7743,"train"
7744,"train"
7745,"train"
7746,"train"
7747,"train"
7748,"train"
7749,"train"
7750,"train"
7751,"train"
7752,"test"
7753,"train"
7754,"train"
7755,"test"
7756,"test"
7757,"train"
7758,"test"
7759,"train"
7760,"train"
7761,"test"
7762,"train"
7763,"train"
7764,"test"
7765,"train"
7766,"test"
7767,"train"
7768,"train"
7769,"train"
7770,"train"
7771,"train"
7772,"test"
7773,"train"
7774,"train"
7775,"train"
7776,"test"
7777,"train"
7778,"train"
7779,"train"
7780,"train"
7781,"train"
7782,"test"
7783,"test"
7784,"test"
7785,"train"
7786,"test"
7787,"train"
7788,"train"
7789,"train"
7790,"train"
7791,"train"
7792,"test"
7793,"train"
7794,"train"
7795,"train"
7796,"train"
7797,"train"
7798,"test"
7799,"train"
7800,"train"
7801,"train"
7802,"train"
7803,"test"
7804,"train"
7805,"train"
7806,"train"
7807,"train"
7808,"test"
7809,"train"
7810,"test"
7811,"test"
7812,"train"
7813,"train"
7814,"train"
7815,"train"
7816,"train"
7817,"test"
7818,"test"
7819,"train"
7820,"train"
7821,"train"
7822,"train"
7823,"train"
7824,"train"
7825,"test"
7826,"train"
7827,"test"
7828,"test"
7829,"train"
7830,"test"
7831,"train"
7832,"train"
7833,"train"
7834,"train"
7835,"train"
7836,"train"
7837,"train"
7838,"train"
7839,"train"
7840,"train"
7841,"train"
7842,"train"
7843,"train"
7844,"train"
7845,"train"
7846,"test"
7847,"test"
7848,"train"
7849,"train"
7850,"train"
7851,"train"
7852,"test"
7853,"train"
7854,"train"
7855,"train"
7856,"train"
7857,"test"
7858,"train"
7859,"test"
7860,"train"
7861,"train"
7862,"train"
7863,"train"
7864,"test"
7865,"test"
7866,"train"
7867,"train"
7868,"test"
7869,"train"
7870,"test"
7871,"train"
7872,"train"
7873,"train"
7874,"train"
7875,"train"
7876,"train"
7877,"train"
7878,"test"
7879,"train"
7880,"test"
7881,"train"
7882,"train"
7883,"train"
7884,"train"
7885,"train"
7886,"train"
7887,"test"
7888,"test"
7889,"train"
7890,"train"
7891,"train"
7892,"train"
7893,"train"
7894,"test"
7895,"train"
7896,"train"
7897,"train"
7898,"train"
7899,"train"
7900,"train"
7901,"train"
7902,"train"
7903,"train"
7904,"train"
7905,"train"
7906,"test"
7907,"test"
7908,"train"
7909,"train"
7910,"train"
7911,"train"
7912,"train"
7913,"test"
7914,"test"
7915,"train"
7916,"test"
7917,"test"
7918,"test"
7919,"train"
7920,"test"
7921,"test"
7922,"train"
7923,"test"
7924,"test"
7925,"test"
7926,"test"
7927,"test"
7928,"train"
7929,"train"
7930,"test"
7931,"test"
7932,"test"
7933,"train"
7934,"train"
7935,"train"
7936,"test"
7937,"test"
7938,"test"
7939,"train"
7940,"train"
7941,"train"
7942,"train"
7943,"train"
7944,"test"
7945,"train"
7946,"test"
7947,"train"
7948,"test"
7949,"train"
7950,"train"
7951,"train"
7952,"train"
7953,"test"
7954,"train"
7955,"train"
7956,"train"
7957,"train"
7958,"test"
7959,"train"
7960,"test"
7961,"train"
7962,"test"
7963,"test"
7964,"train"
7965,"train"
7966,"train"
7967,"test"
7968,"train"
7969,"test"
7970,"test"
7971,"train"
7972,"train"
7973,"train"
7974,"train"
7975,"train"
7976,"train"
7977,"train"
7978,"train"
7979,"train"
7980,"train"
7981,"train"
7982,"train"
7983,"train"
7984,"test"
7985,"train"
7986,"train"
7987,"test"
7988,"test"
7989,"test"
7990,"train"
7991,"train"
7992,"test"
7993,"test"
7994,"train"
7995,"train"
7996,"train"
7997,"train"
7998,"test"
7999,"train"
8000,"train"
8001,"train"
8002,"test"
8003,"train"
8004,"train"
8005,"train"
8006,"train"
8007,"train"
8008,"test"
8009,"train"
8010,"train"
8011,"train"
8012,"test"
8013,"train"
8014,"train"
8015,"train"
8016,"train"
8017,"train"
8018,"train"
8019,"train"
8020,"train"
8021,"test"
8022,"train"
8023,"train"
8024,"train"
8025,"train"
8026,"train"
8027,"train"
8028,"train"
8029,"train"
8030,"train"
8031,"test"
8032,"train"
8033,"train"
8034,"train"
8035,"test"
8036,"train"
8037,"train"
8038,"train"
8039,"train"
8040,"test"
8041,"test"
8042,"train"
8043,"train"
8044,"train"
8045,"train"
8046,"train"
8047,"test"
8048,"train"
8049,"train"
8050,"train"
8051,"train"
8052,"train"
8053,"test"
8054,"train"
8055,"test"
8056,"train"
8057,"train"
8058,"train"
8059,"test"
8060,"test"
8061,"test"
8062,"train"
8063,"train"
8064,"test"
8065,"train"
8066,"test"
8067,"test"
8068,"train"
8069,"train"
8070,"train"
8071,"test"
8072,"train"
8073,"train"
8074,"test"
8075,"test"
8076,"test"
8077,"train"
8078,"train"
8079,"test"
8080,"train"
8081,"train"
8082,"train"
8083,"train"
8084,"train"
8085,"test"
8086,"train"
8087,"test"
8088,"train"
8089,"train"
8090,"train"
8091,"train"
8092,"train"
8093,"train"
8094,"test"
8095,"test"
8096,"test"
8097,"train"
8098,"test"
8099,"test"
8100,"train"
8101,"test"
8102,"train"
8103,"test"
8104,"train"
8105,"train"
8106,"train"
8107,"train"
8108,"train"
8109,"test"
8110,"train"
8111,"train"
8112,"train"
8113,"train"
8114,"test"
8115,"train"
8116,"train"
8117,"train"
8118,"train"
8119,"train"
8120,"test"
8121,"train"
8122,"train"
8123,"test"
8124,"train"
8125,"test"
8126,"train"
8127,"train"
8128,"train"
8129,"test"
8130,"train"
8131,"test"
8132,"test"
8133,"train"
8134,"train"
8135,"train"
8136,"test"
8137,"train"
8138,"train"
8139,"train"
8140,"train"
8141,"train"
8142,"test"
8143,"train"
8144,"train"
8145,"train"
8146,"train"
8147,"train"
8148,"train"
8149,"train"
8150,"test"
8151,"train"
8152,"test"
8153,"train"
8154,"test"
8155,"test"
8156,"train"
8157,"test"
8158,"test"
8159,"train"
8160,"train"
8161,"train"
8162,"train"
8163,"train"
8164,"train"
8165,"test"
8166,"train"
8167,"train"
8168,"test"
8169,"test"
8170,"train"
8171,"test"
8172,"test"
8173,"test"
8174,"train"
8175,"train"
8176,"train"
8177,"train"
8178,"train"
8179,"test"
8180,"train"
8181,"train"
8182,"test"
8183,"test"
8184,"train"
8185,"train"
8186,"train"
8187,"train"
8188,"train"
8189,"train"
8190,"test"
8191,"test"
8192,"test"
8193,"train"
8194,"train"
8195,"train"
8196,"test"
8197,"train"
8198,"train"
8199,"train"
8200,"test"
8201,"train"
8202,"train"
8203,"train"
8204,"test"
8205,"train"
8206,"test"
8207,"train"
8208,"train"
8209,"train"
8210,"train"
8211,"train"
8212,"train"
8213,"train"
8214,"train"
8215,"train"
8216,"test"
8217,"train"
8218,"train"
8219,"train"
8220,"train"
8221,"train"
8222,"train"
8223,"train"
8224,"test"
8225,"train"
8226,"train"
8227,"train"
8228,"train"
8229,"train"
8230,"train"
8231,"train"
8232,"test"
8233,"train"
8234,"test"
8235,"train"
8236,"train"
8237,"test"
8238,"test"
8239,"train"
8240,"train"
8241,"train"
8242,"train"
8243,"train"
8244,"train"
8245,"test"
8246,"train"
8247,"train"
8248,"train"
8249,"train"
8250,"train"
8251,"train"
8252,"train"
8253,"train"
8254,"test"
8255,"test"
8256,"train"
8257,"train"
8258,"train"
8259,"train"
8260,"train"
8261,"train"
8262,"train"
8263,"train"
8264,"train"
8265,"train"
8266,"train"
8267,"train"
8268,"train"
8269,"test"
8270,"train"
8271,"train"
8272,"train"
8273,"test"
8274,"train"
8275,"test"
8276,"train"
8277,"train"
8278,"train"
8279,"train"
8280,"train"
8281,"train"
8282,"train"
8283,"test"
8284,"train"
8285,"train"
8286,"train"
8287,"test"
8288,"train"
8289,"train"
8290,"train"
8291,"test"
8292,"train"
8293,"train"
8294,"train"
8295,"train"
8296,"train"
8297,"train"
8298,"test"
8299,"train"
8300,"test"
8301,"train"
8302,"test"
8303,"train"
8304,"train"
8305,"train"
8306,"test"
8307,"train"
8308,"train"
8309,"test"
8310,"train"
8311,"test"
8312,"train"
8313,"train"
8314,"train"
8315,"train"
8316,"train"
8317,"test"
8318,"train"
8319,"test"
8320,"test"
8321,"train"
8322,"train"
8323,"train"
8324,"test"
8325,"train"
8326,"test"
8327,"train"
8328,"train"
8329,"test"
8330,"train"
8331,"train"
8332,"train"
8333,"train"
8334,"train"
8335,"test"
8336,"train"
8337,"test"
8338,"test"
8339,"test"
8340,"train"
8341,"test"
8342,"train"
8343,"test"
8344,"train"
8345,"test"
8346,"train"
8347,"train"
8348,"train"
8349,"train"
8350,"test"
8351,"train"
8352,"train"
8353,"train"
8354,"test"
8355,"test"
8356,"train"
8357,"train"
8358,"test"
8359,"train"
8360,"test"
8361,"train"
8362,"train"
8363,"train"
8364,"train"
8365,"train"
8366,"train"
8367,"train"
8368,"test"
8369,"train"
8370,"train"
8371,"train"
8372,"train"
8373,"train"
8374,"train"
8375,"test"
8376,"train"
8377,"train"
8378,"test"
8379,"test"
8380,"train"
8381,"train"
8382,"train"
8383,"test"
8384,"train"
8385,"train"
8386,"train"
8387,"train"
8388,"test"
8389,"train"
8390,"train"
8391,"train"
8392,"train"
8393,"train"
8394,"test"
8395,"train"
8396,"train"
8397,"test"
8398,"train"
8399,"train"
8400,"train"
8401,"train"
8402,"train"
8403,"train"
8404,"test"
8405,"test"
8406,"test"
8407,"train"
8408,"train"
8409,"train"
8410,"train"
8411,"train"
8412,"train"
8413,"train"
8414,"train"
8415,"train"
8416,"train"
8417,"test"
8418,"train"
8419,"test"
8420,"train"
8421,"train"
8422,"train"
8423,"train"
8424,"train"
8425,"train"
8426,"test"
8427,"train"
8428,"train"
8429,"train"
8430,"train"
8431,"train"
8432,"train"
8433,"test"
8434,"train"
8435,"test"
8436,"train"
8437,"train"
8438,"train"
8439,"test"
8440,"train"
8441,"train"
8442,"test"
8443,"train"
8444,"train"
8445,"test"
8446,"train"
8447,"test"
8448,"test"
8449,"train"
8450,"train"
8451,"train"
8452,"test"
8453,"train"
8454,"train"
8455,"train"
8456,"test"
8457,"train"
8458,"train"
8459,"test"
8460,"test"
8461,"test"
8462,"train"
8463,"train"
8464,"train"
8465,"train"
8466,"train"
8467,"train"
8468,"test"
8469,"test"
8470,"train"
8471,"test"
8472,"test"
8473,"train"
8474,"test"
8475,"test"
8476,"train"
8477,"train"
8478,"test"
8479,"test"
8480,"test"
8481,"train"
8482,"train"
8483,"train"
8484,"train"
8485,"train"
8486,"test"
8487,"train"
8488,"train"
8489,"test"
8490,"train"
8491,"test"
8492,"train"
8493,"train"
8494,"test"
8495,"train"
8496,"test"
8497,"train"
8498,"train"
8499,"train"
8500,"train"
8501,"train"
8502,"train"
8503,"train"
8504,"test"
8505,"test"
8506,"train"
8507,"train"
8508,"train"
8509,"train"
8510,"train"
8511,"train"
8512,"train"
8513,"train"
8514,"train"
8515,"train"
8516,"train"
8517,"train"
8518,"train"
8519,"train"
8520,"test"
8521,"train"
8522,"train"
8523,"test"
8524,"train"
8525,"train"
8526,"train"
8527,"test"
8528,"train"
8529,"test"
8530,"train"
8531,"train"
8532,"train"
8533,"train"
8534,"test"
8535,"train"
8536,"train"
8537,"test"
8538,"train"
8539,"train"
8540,"train"
8541,"train"
8542,"test"
8543,"train"
8544,"train"
8545,"train"
8546,"train"
8547,"train"
8548,"test"
8549,"test"
8550,"test"
8551,"test"
8552,"train"
8553,"train"
8554,"train"
8555,"train"
8556,"test"
8557,"train"
8558,"train"
8559,"train"
8560,"train"
8561,"test"
8562,"test"
8563,"test"
8564,"train"
8565,"train"
8566,"test"
8567,"train"
8568,"train"
8569,"train"
8570,"test"
8571,"train"
8572,"train"
8573,"train"
8574,"train"
8575,"test"
8576,"test"
8577,"train"
8578,"test"
8579,"train"
8580,"train"
8581,"test"
8582,"train"
8583,"train"
8584,"train"
8585,"train"
8586,"test"
8587,"train"
8588,"train"
8589,"train"
8590,"train"
8591,"test"
8592,"train"
8593,"test"
8594,"train"
8595,"train"
8596,"train"
8597,"train"
8598,"test"
8599,"train"
8600,"train"
8601,"train"
8602,"train"
8603,"train"
8604,"test"
8605,"train"
8606,"test"
8607,"train"
8608,"train"
8609,"test"
8610,"test"
8611,"train"
8612,"train"
8613,"train"
8614,"train"
8615,"train"
8616,"train"
8617,"train"
8618,"train"
8619,"train"
8620,"test"
8621,"train"
8622,"train"
8623,"train"
8624,"train"
8625,"train"
8626,"train"
8627,"train"
8628,"test"
8629,"train"
8630,"train"
8631,"test"
8632,"train"
8633,"test"
8634,"train"
8635,"test"
8636,"test"
8637,"test"
8638,"train"
8639,"train"
8640,"test"
8641,"train"
8642,"train"
8643,"train"
8644,"train"
8645,"train"
8646,"train"
8647,"test"
8648,"train"
8649,"test"
8650,"train"
8651,"test"
8652,"train"
8653,"train"
8654,"train"
8655,"train"
8656,"train"
8657,"train"
8658,"test"
8659,"train"
8660,"train"
8661,"test"
8662,"test"
8663,"train"
8664,"train"
8665,"train"
8666,"train"
8667,"test"
8668,"train"
8669,"train"
8670,"train"
8671,"train"
8672,"test"
8673,"test"
8674,"train"
8675,"train"
8676,"test"
8677,"train"
8678,"test"
8679,"train"
8680,"train"
8681,"train"
8682,"train"
8683,"test"
8684,"test"
8685,"train"
8686,"test"
8687,"train"
8688,"train"
8689,"train"
8690,"train"
8691,"train"
8692,"train"
8693,"train"
8694,"train"
8695,"train"
8696,"test"
8697,"train"
8698,"train"
8699,"train"
8700,"test"
8701,"train"
8702,"train"
8703,"train"
8704,"test"
8705,"train"
8706,"test"
8707,"test"
8708,"test"
8709,"test"
8710,"train"
8711,"test"
8712,"train"
8713,"train"
8714,"train"
8715,"train"
8716,"train"
8717,"train"
8718,"train"
8719,"train"
8720,"test"
8721,"train"
8722,"train"
8723,"test"
8724,"train"
8725,"train"
8726,"train"
8727,"train"
8728,"train"
8729,"train"
8730,"train"
8731,"test"
8732,"test"
8733,"train"
8734,"test"
8735,"test"
8736,"train"
8737,"train"
8738,"train"
8739,"test"
8740,"train"
8741,"train"
8742,"test"
8743,"train"
8744,"train"
8745,"train"
8746,"train"
8747,"train"
8748,"test"
8749,"train"
8750,"test"
8751,"test"
8752,"test"
8753,"test"
8754,"train"
8755,"test"
8756,"train"
8757,"test"
8758,"train"
8759,"test"
8760,"test"
8761,"train"
8762,"train"
8763,"test"
8764,"test"
8765,"train"
8766,"train"
8767,"train"
8768,"test"
8769,"test"
8770,"train"
8771,"train"
8772,"train"
8773,"train"
8774,"train"
8775,"train"
8776,"train"
8777,"train"
8778,"test"
8779,"train"
8780,"test"
8781,"train"
8782,"train"
8783,"train"
8784,"train"
8785,"test"
8786,"train"
8787,"train"
8788,"train"
8789,"test"
8790,"train"
8791,"train"
8792,"train"
8793,"train"
8794,"test"
8795,"test"
8796,"test"
8797,"train"
8798,"test"
8799,"train"
8800,"train"
8801,"train"
8802,"train"
8803,"train"
8804,"train"
8805,"test"
8806,"train"
8807,"test"
8808,"train"
8809,"train"
8810,"train"
8811,"train"
8812,"train"
8813,"test"
8814,"train"
8815,"train"
8816,"train"
8817,"test"
8818,"train"
8819,"train"
8820,"test"
8821,"train"
8822,"train"
8823,"train"
8824,"train"
8825,"train"
8826,"train"
8827,"train"
8828,"test"
8829,"train"
8830,"train"
8831,"train"
8832,"train"
8833,"train"
8834,"test"
8835,"train"
8836,"train"
8837,"train"
8838,"train"
8839,"train"
8840,"train"
8841,"train"
8842,"test"
8843,"test"
8844,"test"
8845,"test"
8846,"train"
8847,"train"
8848,"train"
8849,"train"
8850,"train"
8851,"train"
8852,"train"
8853,"train"
8854,"test"
8855,"train"
8856,"test"
8857,"train"
8858,"train"
8859,"train"
8860,"train"
8861,"test"
8862,"train"
8863,"train"
8864,"train"
8865,"test"
8866,"train"
8867,"train"
8868,"test"
8869,"train"
8870,"train"
8871,"train"
8872,"train"
8873,"train"
8874,"test"
8875,"train"
8876,"train"
8877,"test"
8878,"train"
8879,"train"
8880,"train"
8881,"train"
8882,"train"
8883,"train"
8884,"train"
8885,"test"
8886,"train"
8887,"train"
8888,"train"
8889,"test"
8890,"train"
8891,"train"
8892,"train"
8893,"test"
8894,"train"
8895,"train"
8896,"train"
8897,"train"
8898,"test"
8899,"test"
8900,"test"
8901,"test"
8902,"train"
8903,"train"
8904,"train"
8905,"train"
8906,"train"
8907,"train"
8908,"train"
8909,"train"
8910,"test"
8911,"train"
8912,"train"
8913,"train"
8914,"test"
8915,"test"
8916,"train"
8917,"train"
8918,"train"
8919,"train"
8920,"train"
8921,"train"
8922,"train"
8923,"test"
8924,"test"
8925,"train"
8926,"train"
8927,"train"
