trial_id,condition,speed,delay_ms,offset_m,seed,rescue_c1,rescue_c2,c3_fault,exec_order
T0000,C0,0.15,0.0,0.0,2000,False,False,False,3223
T0001,C0,0.15,0.0,0.0,2001,False,False,False,2968
T0002,C0,0.15,0.0,0.0,2002,False,False,False,1074
T0003,C0,0.15,0.0,0.0,2003,False,False,False,2100
T0004,C0,0.15,0.0,0.0,2004,False,False,False,2866
T0005,C0,0.15,0.0,0.0,2005,False,False,False,2534
T0006,C0,0.15,0.0,0.0,2006,False,False,False,358
T0007,C0,0.15,0.0,0.0,2007,False,False,False,324
T0008,C0,0.15,0.0,0.0,2008,False,False,False,825
T0009,C0,0.15,0.0,0.0,2009,False,False,False,1009
T0010,C0,0.15,0.0,0.0,2010,False,False,False,2787
T0011,C0,0.15,0.0,0.0,2011,False,False,False,130
T0012,C0,0.15,0.0,0.0,2012,False,False,False,1380
T0013,C0,0.15,0.0,0.0,2013,False,False,False,2427
T0014,C0,0.15,0.0,0.0,2014,False,False,False,1587
T0015,C0,0.15,0.0,0.0,2015,False,False,False,673
T0016,C0,0.15,0.0,0.0,2016,False,False,False,3253
T0017,C0,0.15,0.0,0.0,2017,False,False,False,1426
T0018,C0,0.15,0.0,0.0,2018,False,False,False,2770
T0019,C0,0.15,0.0,0.0,2019,False,False,False,914
T0020,C0,0.15,0.0,0.0,2020,False,False,False,36
T0021,C0,0.15,0.0,0.0,2021,False,False,False,2101
T0022,C0,0.15,0.0,0.0,2022,False,False,False,1214
T0023,C0,0.15,0.0,0.0,2023,False,False,False,556
T0024,C0,0.15,0.0,0.0,2024,False,False,False,206
T0025,C0,0.15,0.0,0.0,2025,False,False,False,2148
T0026,C0,0.15,0.0,0.0,2026,False,False,False,792
T0027,C0,0.15,0.0,0.0,2027,False,False,False,3289
T0028,C0,0.15,0.0,0.0,2028,False,False,False,1761
T0029,C0,0.15,0.0,0.0,2029,False,False,False,2369
T0030,C0,0.15,0.0,0.0,2030,False,False,False,227
T0031,C0,0.15,0.0,0.0,2031,False,False,False,2603
T0032,C0,0.15,0.0,0.0,2032,False,False,False,1195
T0033,C0,0.15,0.0,0.0,2033,False,False,False,2453
T0034,C0,0.15,0.0,0.0,2034,False,False,False,188
T0035,C0,0.15,0.0,0.0,2035,False,False,False,1806
T0036,C0,0.15,0.0,0.0,2036,False,False,False,1017
T0037,C0,0.15,0.0,0.0,2037,False,False,False,1716
T0038,C0,0.15,0.0,0.0,2038,False,False,False,2310
T0039,C0,0.15,0.0,0.0,2039,False,False,False,1036
T0040,C0,0.15,0.0,0.0,2040,False,False,False,2756
T0041,C0,0.15,0.0,0.0,2041,False,False,False,570
T0042,C0,0.15,0.0,0.0,2042,False,False,False,1232
T0043,C0,0.15,0.0,0.0,2043,False,False,False,1581
T0044,C0,0.15,0.0,0.0,2044,False,False,False,215
T0045,C0,0.15,0.0,0.0,2045,False,False,False,519
T0046,C0,0.15,0.0,0.0,2046,False,False,False,1695
T0047,C0,0.15,0.0,0.0,2047,False,False,False,1981
T0048,C0,0.15,0.0,0.0,2048,False,False,False,169
T0049,C0,0.15,0.0,0.0,2049,False,False,False,1608
T0050,C0,0.3,0.0,0.0,2000,False,False,False,2140
T0051,C0,0.3,0.0,0.0,2001,False,False,False,37
T0052,C0,0.3,0.0,0.0,2002,False,False,False,3144
T0053,C0,0.3,0.0,0.0,2003,False,False,False,3224
T0054,C0,0.3,0.0,0.0,2004,False,False,False,1429
T0055,C0,0.3,0.0,0.0,2005,False,False,False,43
T0056,C0,0.3,0.0,0.0,2006,False,False,False,1437
T0057,C0,0.3,0.0,0.0,2007,False,False,False,1728
T0058,C0,0.3,0.0,0.0,2008,False,False,False,709
T0059,C0,0.3,0.0,0.0,2009,False,False,False,1415
T0060,C0,0.3,0.0,0.0,2010,False,False,False,41
T0061,C0,0.3,0.0,0.0,2011,False,False,False,3000
T0062,C0,0.3,0.0,0.0,2012,False,False,False,1991
T0063,C0,0.3,0.0,0.0,2013,False,False,False,1532
T0064,C0,0.3,0.0,0.0,2014,False,False,False,345
T0065,C0,0.3,0.0,0.0,2015,False,False,False,493
T0066,C0,0.3,0.0,0.0,2016,False,False,False,701
T0067,C0,0.3,0.0,0.0,2017,False,False,False,574
T0068,C0,0.3,0.0,0.0,2018,False,False,False,1319
T0069,C0,0.3,0.0,0.0,2019,False,False,False,1128
T0070,C0,0.3,0.0,0.0,2020,False,False,False,2544
T0071,C0,0.3,0.0,0.0,2021,False,False,False,469
T0072,C0,0.3,0.0,0.0,2022,False,False,False,730
T0073,C0,0.3,0.0,0.0,2023,False,False,False,1039
T0074,C0,0.3,0.0,0.0,2024,False,False,False,515
T0075,C0,0.3,0.0,0.0,2025,False,False,False,2158
T0076,C0,0.3,0.0,0.0,2026,False,False,False,2914
T0077,C0,0.3,0.0,0.0,2027,False,False,False,516
T0078,C0,0.3,0.0,0.0,2028,False,False,False,1030
T0079,C0,0.3,0.0,0.0,2029,False,False,False,2379
T0080,C0,0.3,0.0,0.0,2030,False,False,False,2188
T0081,C0,0.3,0.0,0.0,2031,False,False,False,817
T0082,C0,0.3,0.0,0.0,2032,False,False,False,3060
T0083,C0,0.3,0.0,0.0,2033,False,False,False,3214
T0084,C0,0.3,0.0,0.0,2034,False,False,False,1516
T0085,C0,0.3,0.0,0.0,2035,False,False,False,2759
T0086,C0,0.3,0.0,0.0,2036,False,False,False,1827
T0087,C0,0.3,0.0,0.0,2037,False,False,False,1443
T0088,C0,0.3,0.0,0.0,2038,False,False,False,108
T0089,C0,0.3,0.0,0.0,2039,False,False,False,617
T0090,C0,0.3,0.0,0.0,2040,False,False,False,2634
T0091,C0,0.3,0.0,0.0,2041,False,False,False,2602
T0092,C0,0.3,0.0,0.0,2042,False,False,False,3038
T0093,C0,0.3,0.0,0.0,2043,False,False,False,388
T0094,C0,0.3,0.0,0.0,2044,False,False,False,1762
T0095,C0,0.3,0.0,0.0,2045,False,False,False,554
T0096,C0,0.3,0.0,0.0,2046,False,False,False,2575
T0097,C0,0.3,0.0,0.0,2047,False,False,False,102
T0098,C0,0.3,0.0,0.0,2048,False,False,False,357
T0099,C0,0.3,0.0,0.0,2049,False,False,False,1552
T0100,C0,0.45,0.0,0.0,2000,False,False,False,2037
T0101,C0,0.45,0.0,0.0,2001,False,False,False,1866
T0102,C0,0.45,0.0,0.0,2002,False,False,False,1922
T0103,C0,0.45,0.0,0.0,2003,False,False,False,268
T0104,C0,0.45,0.0,0.0,2004,False,False,False,2700
T0105,C0,0.45,0.0,0.0,2005,False,False,False,301
T0106,C0,0.45,0.0,0.0,2006,False,False,False,1261
T0107,C0,0.45,0.0,0.0,2007,False,False,False,2795
T0108,C0,0.45,0.0,0.0,2008,False,False,False,1433
T0109,C0,0.45,0.0,0.0,2009,False,False,False,783
T0110,C0,0.45,0.0,0.0,2010,False,False,False,715
T0111,C0,0.45,0.0,0.0,2011,False,False,False,2468
T0112,C0,0.45,0.0,0.0,2012,False,False,False,1939
T0113,C0,0.45,0.0,0.0,2013,False,False,False,1805
T0114,C0,0.45,0.0,0.0,2014,False,False,False,2029
T0115,C0,0.45,0.0,0.0,2015,False,False,False,1520
T0116,C0,0.45,0.0,0.0,2016,False,False,False,96
T0117,C0,0.45,0.0,0.0,2017,False,False,False,444
T0118,C0,0.45,0.0,0.0,2018,False,False,False,954
T0119,C0,0.45,0.0,0.0,2019,False,False,False,2273
T0120,C0,0.45,0.0,0.0,2020,False,False,False,2913
T0121,C0,0.45,0.0,0.0,2021,False,False,False,1
T0122,C0,0.45,0.0,0.0,2022,False,False,False,1147
T0123,C0,0.45,0.0,0.0,2023,False,False,False,1355
T0124,C0,0.45,0.0,0.0,2024,False,False,False,1346
T0125,C0,0.45,0.0,0.0,2025,False,False,False,1402
T0126,C0,0.45,0.0,0.0,2026,False,False,False,2523
T0127,C0,0.45,0.0,0.0,2027,False,False,False,380
T0128,C0,0.45,0.0,0.0,2028,False,False,False,2514
T0129,C0,0.45,0.0,0.0,2029,False,False,False,936
T0130,C0,0.45,0.0,0.0,2030,False,False,False,527
T0131,C0,0.45,0.0,0.0,2031,False,False,False,425
T0132,C0,0.45,0.0,0.0,2032,False,False,False,601
T0133,C0,0.45,0.0,0.0,2033,False,False,False,3045
T0134,C0,0.45,0.0,0.0,2034,False,False,False,1814
T0135,C0,0.45,0.0,0.0,2035,False,False,False,3226
T0136,C0,0.45,0.0,0.0,2036,False,False,False,53
T0137,C0,0.45,0.0,0.0,2037,False,False,False,1113
T0138,C0,0.45,0.0,0.0,2038,False,False,False,2216
T0139,C0,0.45,0.0,0.0,2039,False,False,False,1566
T0140,C0,0.45,0.0,0.0,2040,False,False,False,439
T0141,C0,0.45,0.0,0.0,2041,False,False,False,2786
T0142,C0,0.45,0.0,0.0,2042,False,False,False,2792
T0143,C0,0.45,0.0,0.0,2043,False,False,False,698
T0144,C0,0.45,0.0,0.0,2044,False,False,False,2630
T0145,C0,0.45,0.0,0.0,2045,False,False,False,1918
T0146,C0,0.45,0.0,0.0,2046,False,False,False,139
T0147,C0,0.45,0.0,0.0,2047,False,False,False,1559
T0148,C0,0.45,0.0,0.0,2048,False,False,False,2993
T0149,C0,0.45,0.0,0.0,2049,False,False,False,2546
T0150,C1,0.15,25.0,0.0,2000,False,False,False,2112
T0151,C1,0.15,25.0,0.0,2001,False,False,False,150
T0152,C1,0.15,25.0,0.0,2002,False,False,False,784
T0153,C1,0.15,25.0,0.0,2003,False,False,False,2268
T0154,C1,0.15,25.0,0.0,2004,False,False,False,1212
T0155,C1,0.15,25.0,0.0,2005,False,False,False,880
T0156,C1,0.15,25.0,0.0,2006,False,False,False,1595
T0157,C1,0.15,25.0,0.0,2007,False,False,False,1328
T0158,C1,0.15,25.0,0.0,2008,False,False,False,2729
T0159,C1,0.15,25.0,0.0,2009,False,False,False,376
T0160,C1,0.15,25.0,0.0,2010,False,False,False,2682
T0161,C1,0.15,25.0,0.0,2011,False,False,False,1174
T0162,C1,0.15,25.0,0.0,2012,False,False,False,1945
T0163,C1,0.15,25.0,0.0,2013,False,False,False,675
T0164,C1,0.15,25.0,0.0,2014,False,False,False,2840
T0165,C1,0.15,25.0,0.0,2015,False,False,False,893
T0166,C1,0.15,25.0,0.0,2016,False,False,False,2659
T0167,C1,0.15,25.0,0.0,2017,False,False,False,107
T0168,C1,0.15,25.0,0.0,2018,False,False,False,1876
T0169,C1,0.15,25.0,0.0,2019,False,False,False,1120
T0170,C1,0.15,25.0,0.0,2020,False,False,False,537
T0171,C1,0.15,25.0,0.0,2021,False,False,False,1787
T0172,C1,0.15,25.0,0.0,2022,False,False,False,1271
T0173,C1,0.15,25.0,0.0,2023,False,False,False,262
T0174,C1,0.15,25.0,0.0,2024,False,False,False,533
T0175,C1,0.15,25.0,0.0,2025,False,False,False,1738
T0176,C1,0.15,25.0,0.0,2026,False,False,False,706
T0177,C1,0.15,25.0,0.0,2027,False,False,False,2734
T0178,C1,0.15,25.0,0.0,2028,False,False,False,1885
T0179,C1,0.15,25.0,0.0,2029,False,False,False,1569
T0180,C1,0.15,25.0,0.0,2030,False,False,False,1667
T0181,C1,0.15,25.0,0.0,2031,False,False,False,2831
T0182,C1,0.15,25.0,0.0,2032,False,False,False,1308
T0183,C1,0.15,25.0,0.0,2033,False,False,False,2570
T0184,C1,0.15,25.0,0.0,2034,False,False,False,1531
T0185,C1,0.15,25.0,0.0,2035,False,False,False,293
T0186,C1,0.15,25.0,0.0,2036,False,False,False,1607
T0187,C1,0.15,25.0,0.0,2037,False,False,False,2631
T0188,C1,0.15,25.0,0.0,2038,False,False,False,1614
T0189,C1,0.15,25.0,0.0,2039,False,False,False,1397
T0190,C1,0.15,25.0,0.0,2040,False,False,False,1353
T0191,C1,0.15,25.0,0.0,2041,False,False,False,1998
T0192,C1,0.15,25.0,0.0,2042,False,False,False,34
T0193,C1,0.15,25.0,0.0,2043,False,False,False,903
T0194,C1,0.15,25.0,0.0,2044,False,False,False,2855
T0195,C1,0.15,25.0,0.0,2045,False,False,False,1227
T0196,C1,0.15,25.0,0.0,2046,False,False,False,33
T0197,C1,0.15,25.0,0.0,2047,False,False,False,855
T0198,C1,0.15,25.0,0.0,2048,False,False,False,2346
T0199,C1,0.15,25.0,0.0,2049,False,False,False,465
T0200,C1,0.15,50.0,0.0,2000,False,False,False,89
T0201,C1,0.15,50.0,0.0,2001,False,False,False,1865
T0202,C1,0.15,50.0,0.0,2002,False,False,False,703
T0203,C1,0.15,50.0,0.0,2003,False,False,False,1894
T0204,C1,0.15,50.0,0.0,2004,False,False,False,933
T0205,C1,0.15,50.0,0.0,2005,False,False,False,2580
T0206,C1,0.15,50.0,0.0,2006,False,False,False,1245
T0207,C1,0.15,50.0,0.0,2007,False,False,False,136
T0208,C1,0.15,50.0,0.0,2008,False,False,False,2103
T0209,C1,0.15,50.0,0.0,2009,False,False,False,2426
T0210,C1,0.15,50.0,0.0,2010,False,False,False,1598
T0211,C1,0.15,50.0,0.0,2011,False,False,False,929
T0212,C1,0.15,50.0,0.0,2012,False,False,False,2804
T0213,C1,0.15,50.0,0.0,2013,False,False,False,2269
T0214,C1,0.15,50.0,0.0,2014,False,False,False,1106
T0215,C1,0.15,50.0,0.0,2015,False,False,False,2932
T0216,C1,0.15,50.0,0.0,2016,False,False,False,611
T0217,C1,0.15,50.0,0.0,2017,False,False,False,163
T0218,C1,0.15,50.0,0.0,2018,False,False,False,2055
T0219,C1,0.15,50.0,0.0,2019,False,False,False,1722
T0220,C1,0.15,50.0,0.0,2020,False,False,False,2520
T0221,C1,0.15,50.0,0.0,2021,False,False,False,240
T0222,C1,0.15,50.0,0.0,2022,False,False,False,178
T0223,C1,0.15,50.0,0.0,2023,False,False,False,637
T0224,C1,0.15,50.0,0.0,2024,False,False,False,2858
T0225,C1,0.15,50.0,0.0,2025,False,False,False,2701
T0226,C1,0.15,50.0,0.0,2026,False,False,False,2754
T0227,C1,0.15,50.0,0.0,2027,False,False,False,1347
T0228,C1,0.15,50.0,0.0,2028,False,False,False,922
T0229,C1,0.15,50.0,0.0,2029,False,False,False,1076
T0230,C1,0.15,50.0,0.0,2030,False,False,False,3074
T0231,C1,0.15,50.0,0.0,2031,False,False,False,1231
T0232,C1,0.15,50.0,0.0,2032,False,False,False,2087
T0233,C1,0.15,50.0,0.0,2033,False,False,False,3277
T0234,C1,0.15,50.0,0.0,2034,False,False,False,2317
T0235,C1,0.15,50.0,0.0,2035,False,False,False,2862
T0236,C1,0.15,50.0,0.0,2036,False,False,False,1135
T0237,C1,0.15,50.0,0.0,2037,False,False,False,447
T0238,C1,0.15,50.0,0.0,2038,False,False,False,1473
T0239,C1,0.15,50.0,0.0,2039,False,False,False,2049
T0240,C1,0.15,50.0,0.0,2040,False,False,False,3018
T0241,C1,0.15,50.0,0.0,2041,False,False,False,3201
T0242,C1,0.15,50.0,0.0,2042,False,False,False,2628
T0243,C1,0.15,50.0,0.0,2043,False,False,False,1897
T0244,C1,0.15,50.0,0.0,2044,False,False,False,351
T0245,C1,0.15,50.0,0.0,2045,False,False,False,2125
T0246,C1,0.15,50.0,0.0,2046,False,False,False,1133
T0247,C1,0.15,50.0,0.0,2047,False,False,False,1623
T0248,C1,0.15,50.0,0.0,2048,False,False,False,2492
T0249,C1,0.15,50.0,0.0,2049,False,False,False,2818
T0250,C1,0.15,75.0,0.0,2000,False,False,False,2779
T0251,C1,0.15,75.0,0.0,2001,False,False,False,3093
T0252,C1,0.15,75.0,0.0,2002,False,False,False,1837
T0253,C1,0.15,75.0,0.0,2003,False,False,False,138
T0254,C1,0.15,75.0,0.0,2004,False,False,False,1274
T0255,C1,0.15,75.0,0.0,2005,False,False,False,2888
T0256,C1,0.15,75.0,0.0,2006,False,False,False,508
T0257,C1,0.15,75.0,0.0,2007,False,False,False,575
T0258,C1,0.15,75.0,0.0,2008,False,False,False,1369
T0259,C1,0.15,75.0,0.0,2009,False,False,False,3096
T0260,C1,0.15,75.0,0.0,2010,False,False,False,2702
T0261,C1,0.15,75.0,0.0,2011,False,False,False,424
T0262,C1,0.15,75.0,0.0,2012,False,False,False,2900
T0263,C1,0.15,75.0,0.0,2013,False,False,False,2412
T0264,C1,0.15,75.0,0.0,2014,False,False,False,799
T0265,C1,0.15,75.0,0.0,2015,False,False,False,1957
T0266,C1,0.15,75.0,0.0,2016,False,False,False,2244
T0267,C1,0.15,75.0,0.0,2017,False,False,False,1151
T0268,C1,0.15,75.0,0.0,2018,False,False,False,618
T0269,C1,0.15,75.0,0.0,2019,False,False,False,1284
T0270,C1,0.15,75.0,0.0,2020,False,False,False,597
T0271,C1,0.15,75.0,0.0,2021,False,False,False,1293
T0272,C1,0.15,75.0,0.0,2022,False,False,False,681
T0273,C1,0.15,75.0,0.0,2023,False,False,False,2195
T0274,C1,0.15,75.0,0.0,2024,False,False,False,2375
T0275,C1,0.15,75.0,0.0,2025,False,False,False,3052
T0276,C1,0.15,75.0,0.0,2026,False,False,False,146
T0277,C1,0.15,75.0,0.0,2027,False,False,False,1515
T0278,C1,0.15,75.0,0.0,2028,False,False,False,2107
T0279,C1,0.15,75.0,0.0,2029,False,False,False,1087
T0280,C1,0.15,75.0,0.0,2030,False,False,False,1484
T0281,C1,0.15,75.0,0.0,2031,False,False,False,1924
T0282,C1,0.15,75.0,0.0,2032,False,False,False,2332
T0283,C1,0.15,75.0,0.0,2033,False,False,False,2300
T0284,C1,0.15,75.0,0.0,2034,False,False,False,2168
T0285,C1,0.15,75.0,0.0,2035,False,False,False,3241
T0286,C1,0.15,75.0,0.0,2036,False,False,False,2794
T0287,C1,0.15,75.0,0.0,2037,False,False,False,664
T0288,C1,0.15,75.0,0.0,2038,False,False,False,2912
T0289,C1,0.15,75.0,0.0,2039,False,False,False,1461
T0290,C1,0.15,75.0,0.0,2040,False,False,False,68
T0291,C1,0.15,75.0,0.0,2041,False,False,False,1518
T0292,C1,0.15,75.0,0.0,2042,False,False,False,1724
T0293,C1,0.15,75.0,0.0,2043,False,False,False,2011
T0294,C1,0.15,75.0,0.0,2044,False,False,False,518
T0295,C1,0.15,75.0,0.0,2045,False,False,False,2969
T0296,C1,0.15,75.0,0.0,2046,False,False,False,434
T0297,C1,0.15,75.0,0.0,2047,False,False,False,2547
T0298,C1,0.15,75.0,0.0,2048,False,False,False,1395
T0299,C1,0.15,75.0,0.0,2049,False,False,False,487
T0300,C1,0.15,100.0,0.0,2000,False,False,False,2351
T0301,C1,0.15,100.0,0.0,2001,False,False,False,657
T0302,C1,0.15,100.0,0.0,2002,False,False,False,2624
T0303,C1,0.15,100.0,0.0,2003,False,False,False,438
T0304,C1,0.15,100.0,0.0,2004,False,False,False,2006
T0305,C1,0.15,100.0,0.0,2005,False,False,False,15
T0306,C1,0.15,100.0,0.0,2006,False,False,False,2339
T0307,C1,0.15,100.0,0.0,2007,False,False,False,1923
T0308,C1,0.15,100.0,0.0,2008,False,False,False,839
T0309,C1,0.15,100.0,0.0,2009,False,False,False,3147
T0310,C1,0.15,100.0,0.0,2010,False,False,False,2498
T0311,C1,0.15,100.0,0.0,2011,False,False,False,2377
T0312,C1,0.15,100.0,0.0,2012,False,False,False,2664
T0313,C1,0.15,100.0,0.0,2013,False,False,False,456
T0314,C1,0.15,100.0,0.0,2014,False,False,False,2133
T0315,C1,0.15,100.0,0.0,2015,False,False,False,1583
T0316,C1,0.15,100.0,0.0,2016,False,False,False,1797
T0317,C1,0.15,100.0,0.0,2017,False,False,False,1909
T0318,C1,0.15,100.0,0.0,2018,False,False,False,74
T0319,C1,0.15,100.0,0.0,2019,False,False,False,1960
T0320,C1,0.15,100.0,0.0,2020,False,False,False,1040
T0321,C1,0.15,100.0,0.0,2021,False,False,False,427
T0322,C1,0.15,100.0,0.0,2022,False,False,False,2458
T0323,C1,0.15,100.0,0.0,2023,False,False,False,2886
T0324,C1,0.15,100.0,0.0,2024,False,False,False,1575
T0325,C1,0.15,100.0,0.0,2025,False,False,False,1114
T0326,C1,0.15,100.0,0.0,2026,False,False,False,562
T0327,C1,0.15,100.0,0.0,2027,False,False,False,1495
T0328,C1,0.15,100.0,0.0,2028,False,False,False,3209
T0329,C1,0.15,100.0,0.0,2029,False,False,False,2893
T0330,C1,0.15,100.0,0.0,2030,False,False,False,2347
T0331,C1,0.15,100.0,0.0,2031,False,False,False,3164
T0332,C1,0.15,100.0,0.0,2032,False,False,False,1459
T0333,C1,0.15,100.0,0.0,2033,False,False,False,2191
T0334,C1,0.15,100.0,0.0,2034,False,False,False,3285
T0335,C1,0.15,100.0,0.0,2035,False,False,False,1880
T0336,C1,0.15,100.0,0.0,2036,False,False,False,2272
T0337,C1,0.15,100.0,0.0,2037,False,False,False,955
T0338,C1,0.15,100.0,0.0,2038,False,False,False,1119
T0339,C1,0.15,100.0,0.0,2039,False,False,False,2059
T0340,C1,0.15,100.0,0.0,2040,False,False,False,1784
T0341,C1,0.15,100.0,0.0,2041,False,False,False,1676
T0342,C1,0.15,100.0,0.0,2042,False,False,False,2600
T0343,C1,0.15,100.0,0.0,2043,False,False,False,1235
T0344,C1,0.15,100.0,0.0,2044,False,False,False,3124
T0345,C1,0.15,100.0,0.0,2045,False,False,False,885
T0346,C1,0.15,100.0,0.0,2046,False,False,False,431
T0347,C1,0.15,100.0,0.0,2047,False,False,False,2126
T0348,C1,0.15,100.0,0.0,2048,False,False,False,1399
T0349,C1,0.15,100.0,0.0,2049,False,False,False,1242
T0350,C1,0.15,150.0,0.0,2000,False,False,False,1391
T0351,C1,0.15,150.0,0.0,2001,False,False,False,2441
T0352,C1,0.15,150.0,0.0,2002,False,False,False,3184
T0353,C1,0.15,150.0,0.0,2003,False,False,False,230
T0354,C1,0.15,150.0,0.0,2004,False,False,False,30
T0355,C1,0.15,150.0,0.0,2005,False,False,False,670
T0356,C1,0.15,150.0,0.0,2006,False,False,False,349
T0357,C1,0.15,150.0,0.0,2007,False,False,False,3086
T0358,C1,0.15,150.0,0.0,2008,False,False,False,2088
T0359,C1,0.15,150.0,0.0,2009,False,False,False,2023
T0360,C1,0.15,150.0,0.0,2010,False,False,False,736
T0361,C1,0.15,150.0,0.0,2011,False,False,False,2883
T0362,C1,0.15,150.0,0.0,2012,False,False,False,2470
T0363,C1,0.15,150.0,0.0,2013,False,False,False,602
T0364,C1,0.15,150.0,0.0,2014,False,False,False,1902
T0365,C1,0.15,150.0,0.0,2015,False,False,False,225
T0366,C1,0.15,150.0,0.0,2016,False,False,False,442
T0367,C1,0.15,150.0,0.0,2017,False,False,False,2947
T0368,C1,0.15,150.0,0.0,2018,False,False,False,1166
T0369,C1,0.15,150.0,0.0,2019,False,False,False,2119
T0370,C1,0.15,150.0,0.0,2020,False,False,False,2449
T0371,C1,0.15,150.0,0.0,2021,False,False,False,1420
T0372,C1,0.15,150.0,0.0,2022,False,False,False,2654
T0373,C1,0.15,150.0,0.0,2023,False,False,False,3054
T0374,C1,0.15,150.0,0.0,2024,False,False,False,663
T0375,C1,0.15,150.0,0.0,2025,False,False,False,2301
T0376,C1,0.15,150.0,0.0,2026,False,False,False,851
T0377,C1,0.15,150.0,0.0,2027,False,False,False,938
T0378,C1,0.15,150.0,0.0,2028,False,False,False,1043
T0379,C1,0.15,150.0,0.0,2029,False,False,False,1447
T0380,C1,0.15,150.0,0.0,2030,False,False,False,2880
T0381,C1,0.15,150.0,0.0,2031,False,False,False,2149
T0382,C1,0.15,150.0,0.0,2032,False,False,False,2318
T0383,C1,0.15,150.0,0.0,2033,False,False,False,3165
T0384,C1,0.15,150.0,0.0,2034,False,False,False,739
T0385,C1,0.15,150.0,0.0,2035,False,False,False,1980
T0386,C1,0.15,150.0,0.0,2036,False,False,False,1850
T0387,C1,0.15,150.0,0.0,2037,False,False,False,1241
T0388,C1,0.15,150.0,0.0,2038,False,False,False,234
T0389,C1,0.15,150.0,0.0,2039,False,False,False,1591
T0390,C1,0.15,150.0,0.0,2040,False,False,False,1358
T0391,C1,0.15,150.0,0.0,2041,False,False,False,2219
T0392,C1,0.15,150.0,0.0,2042,False,False,False,409
T0393,C1,0.15,150.0,0.0,2043,False,False,False,2944
T0394,C1,0.15,150.0,0.0,2044,False,False,False,1618
T0395,C1,0.15,150.0,0.0,2045,False,False,False,1610
T0396,C1,0.15,150.0,0.0,2046,False,False,False,843
T0397,C1,0.15,150.0,0.0,2047,False,False,False,1719
T0398,C1,0.15,150.0,0.0,2048,False,False,False,2436
T0399,C1,0.15,150.0,0.0,2049,False,False,False,1101
T0400,C1,0.15,200.0,0.0,2000,False,False,False,1758
T0401,C1,0.15,200.0,0.0,2001,False,False,False,622
T0402,C1,0.15,200.0,0.0,2002,False,False,False,290
T0403,C1,0.15,200.0,0.0,2003,False,False,False,2415
T0404,C1,0.15,200.0,0.0,2004,False,False,False,2443
T0405,C1,0.15,200.0,0.0,2005,False,False,False,3287
T0406,C1,0.15,200.0,0.0,2006,False,False,False,1253
T0407,C1,0.15,200.0,0.0,2007,False,False,False,2460
T0408,C1,0.15,200.0,0.0,2008,False,False,False,2823
T0409,C1,0.15,200.0,0.0,2009,False,False,False,1799
T0410,C1,0.15,200.0,0.0,2010,False,False,False,2241
T0411,C1,0.15,200.0,0.0,2011,False,False,False,1672
T0412,C1,0.15,200.0,0.0,2012,False,False,False,951
T0413,C1,0.15,200.0,0.0,2013,False,False,False,1145
T0414,C1,0.15,200.0,0.0,2014,False,False,False,1052
T0415,C1,0.15,200.0,0.0,2015,False,False,False,1606
T0416,C1,0.15,200.0,0.0,2016,False,False,False,302
T0417,C1,0.15,200.0,0.0,2017,False,False,False,2956
T0418,C1,0.15,200.0,0.0,2018,False,False,False,321
T0419,C1,0.15,200.0,0.0,2019,False,False,False,1580
T0420,C1,0.15,200.0,0.0,2020,False,False,False,2031
T0421,C1,0.15,200.0,0.0,2021,False,False,False,678
T0422,C1,0.15,200.0,0.0,2022,False,False,False,3017
T0423,C1,0.15,200.0,0.0,2023,False,False,False,821
T0424,C1,0.15,200.0,0.0,2024,False,False,False,105
T0425,C1,0.15,200.0,0.0,2025,False,False,False,760
T0426,C1,0.15,200.0,0.0,2026,False,False,False,502
T0427,C1,0.15,200.0,0.0,2027,False,False,False,1548
T0428,C1,0.15,200.0,0.0,2028,False,False,False,3037
T0429,C1,0.15,200.0,0.0,2029,False,False,False,2894
T0430,C1,0.15,200.0,0.0,2030,False,False,False,143
T0431,C1,0.15,200.0,0.0,2031,False,False,False,2882
T0432,C1,0.15,200.0,0.0,2032,False,False,False,1014
T0433,C1,0.15,200.0,0.0,2033,False,False,False,2745
T0434,C1,0.15,200.0,0.0,2034,False,False,False,894
T0435,C1,0.15,200.0,0.0,2035,False,False,False,2447
T0436,C1,0.15,200.0,0.0,2036,False,False,False,543
T0437,C1,0.15,200.0,0.0,2037,False,False,False,3269
T0438,C1,0.15,200.0,0.0,2038,False,False,False,897
T0439,C1,0.15,200.0,0.0,2039,False,False,False,299
T0440,C1,0.15,200.0,0.0,2040,False,False,False,2259
T0441,C1,0.15,200.0,0.0,2041,False,False,False,1085
T0442,C1,0.15,200.0,0.0,2042,False,False,False,853
T0443,C1,0.15,200.0,0.0,2043,False,False,False,873
T0444,C1,0.15,200.0,0.0,2044,False,False,False,1864
T0445,C1,0.15,200.0,0.0,2045,False,False,False,2552
T0446,C1,0.15,200.0,0.0,2046,False,False,False,2721
T0447,C1,0.15,200.0,0.0,2047,False,False,False,3135
T0448,C1,0.15,200.0,0.0,2048,False,False,False,1244
T0449,C1,0.15,200.0,0.0,2049,False,False,False,140
T0450,C1,0.3,25.0,0.0,2000,False,False,False,1357
T0451,C1,0.3,25.0,0.0,2001,False,False,False,133
T0452,C1,0.3,25.0,0.0,2002,False,False,False,1765
T0453,C1,0.3,25.0,0.0,2003,False,False,False,1091
T0454,C1,0.3,25.0,0.0,2004,False,False,False,3196
T0455,C1,0.3,25.0,0.0,2005,False,False,False,563
T0456,C1,0.3,25.0,0.0,2006,False,False,False,2783
T0457,C1,0.3,25.0,0.0,2007,False,False,False,71
T0458,C1,0.3,25.0,0.0,2008,False,False,False,157
T0459,C1,0.3,25.0,0.0,2009,False,False,False,756
T0460,C1,0.3,25.0,0.0,2010,False,False,False,1840
T0461,C1,0.3,25.0,0.0,2011,False,False,False,3175
T0462,C1,0.3,25.0,0.0,2012,False,False,False,106
T0463,C1,0.3,25.0,0.0,2013,False,False,False,833
T0464,C1,0.3,25.0,0.0,2014,False,False,False,3265
T0465,C1,0.3,25.0,0.0,2015,False,False,False,989
T0466,C1,0.3,25.0,0.0,2016,False,False,False,937
T0467,C1,0.3,25.0,0.0,2017,False,False,False,2599
T0468,C1,0.3,25.0,0.0,2018,False,False,False,1440
T0469,C1,0.3,25.0,0.0,2019,False,False,False,461
T0470,C1,0.3,25.0,0.0,2020,False,False,False,1072
T0471,C1,0.3,25.0,0.0,2021,False,False,False,2254
T0472,C1,0.3,25.0,0.0,2022,False,False,False,1867
T0473,C1,0.3,25.0,0.0,2023,False,False,False,3158
T0474,C1,0.3,25.0,0.0,2024,False,False,False,2903
T0475,C1,0.3,25.0,0.0,2025,False,False,False,414
T0476,C1,0.3,25.0,0.0,2026,False,False,False,813
T0477,C1,0.3,25.0,0.0,2027,False,False,False,2353
T0478,C1,0.3,25.0,0.0,2028,False,False,False,2404
T0479,C1,0.3,25.0,0.0,2029,False,False,False,2402
T0480,C1,0.3,25.0,0.0,2030,False,False,False,3111
T0481,C1,0.3,25.0,0.0,2031,False,False,False,455
T0482,C1,0.3,25.0,0.0,2032,False,False,False,1265
T0483,C1,0.3,25.0,0.0,2033,False,False,False,804
T0484,C1,0.3,25.0,0.0,2034,False,False,False,2236
T0485,C1,0.3,25.0,0.0,2035,False,False,False,2292
T0486,C1,0.3,25.0,0.0,2036,False,False,False,285
T0487,C1,0.3,25.0,0.0,2037,False,False,False,2434
T0488,C1,0.3,25.0,0.0,2038,False,False,False,2205
T0489,C1,0.3,25.0,0.0,2039,False,False,False,1860
T0490,C1,0.3,25.0,0.0,2040,False,False,False,3178
T0491,C1,0.3,25.0,0.0,2041,False,False,False,1571
T0492,C1,0.3,25.0,0.0,2042,False,False,False,625
T0493,C1,0.3,25.0,0.0,2043,False,False,False,2487
T0494,C1,0.3,25.0,0.0,2044,False,False,False,835
T0495,C1,0.3,25.0,0.0,2045,False,False,False,2897
T0496,C1,0.3,25.0,0.0,2046,False,False,False,1525
T0497,C1,0.3,25.0,0.0,2047,False,False,False,1662
T0498,C1,0.3,25.0,0.0,2048,False,False,False,2009
T0499,C1,0.3,25.0,0.0,2049,False,False,False,2364
T0500,C1,0.3,50.0,0.0,2000,False,False,False,1276
T0501,C1,0.3,50.0,0.0,2001,False,False,False,2784
T0502,C1,0.3,50.0,0.0,2002,False,False,False,2481
T0503,C1,0.3,50.0,0.0,2003,False,False,False,2604
T0504,C1,0.3,50.0,0.0,2004,False,False,False,1747
T0505,C1,0.3,50.0,0.0,2005,False,False,False,2201
T0506,C1,0.3,50.0,0.0,2006,False,False,False,213
T0507,C1,0.3,50.0,0.0,2007,False,False,False,2250
T0508,C1,0.3,50.0,0.0,2008,False,False,False,85
T0509,C1,0.3,50.0,0.0,2009,False,False,False,1208
T0510,C1,0.3,50.0,0.0,2010,False,False,False,875
T0511,C1,0.3,50.0,0.0,2011,False,False,False,1194
T0512,C1,0.3,50.0,0.0,2012,False,False,False,2437
T0513,C1,0.3,50.0,0.0,2013,False,False,False,2170
T0514,C1,0.3,50.0,0.0,2014,False,False,False,2648
T0515,C1,0.3,50.0,0.0,2015,False,False,False,117
T0516,C1,0.3,50.0,0.0,2016,False,False,False,1078
T0517,C1,0.3,50.0,0.0,2017,False,False,False,1790
T0518,C1,0.3,50.0,0.0,2018,False,False,False,1661
T0519,C1,0.3,50.0,0.0,2019,False,False,False,1530
T0520,C1,0.3,50.0,0.0,2020,False,False,False,1290
T0521,C1,0.3,50.0,0.0,2021,False,False,False,1337
T0522,C1,0.3,50.0,0.0,2022,False,False,False,3256
T0523,C1,0.3,50.0,0.0,2023,False,False,False,2086
T0524,C1,0.3,50.0,0.0,2024,False,False,False,1856
T0525,C1,0.3,50.0,0.0,2025,False,False,False,769
T0526,C1,0.3,50.0,0.0,2026,False,False,False,1649
T0527,C1,0.3,50.0,0.0,2027,False,False,False,2242
T0528,C1,0.3,50.0,0.0,2028,False,False,False,3205
T0529,C1,0.3,50.0,0.0,2029,False,False,False,1958
T0530,C1,0.3,50.0,0.0,2030,False,False,False,571
T0531,C1,0.3,50.0,0.0,2031,False,False,False,2889
T0532,C1,0.3,50.0,0.0,2032,False,False,False,1574
T0533,C1,0.3,50.0,0.0,2033,False,False,False,649
T0534,C1,0.3,50.0,0.0,2034,False,False,False,2814
T0535,C1,0.3,50.0,0.0,2035,False,False,False,1537
T0536,C1,0.3,50.0,0.0,2036,False,False,False,3288
T0537,C1,0.3,50.0,0.0,2037,False,False,False,1304
T0538,C1,0.3,50.0,0.0,2038,False,False,False,1996
T0539,C1,0.3,50.0,0.0,2039,False,False,False,1317
T0540,C1,0.3,50.0,0.0,2040,False,False,False,1301
T0541,C1,0.3,50.0,0.0,2041,False,False,False,3162
T0542,C1,0.3,50.0,0.0,2042,False,False,False,666
T0543,C1,0.3,50.0,0.0,2043,False,False,False,2576
T0544,C1,0.3,50.0,0.0,2044,False,False,False,1185
T0545,C1,0.3,50.0,0.0,2045,False,False,False,2676
T0546,C1,0.3,50.0,0.0,2046,False,False,False,2245
T0547,C1,0.3,50.0,0.0,2047,False,False,False,317
T0548,C1,0.3,50.0,0.0,2048,False,False,False,1838
T0549,C1,0.3,50.0,0.0,2049,False,False,False,1645
T0550,C1,0.3,75.0,0.0,2000,False,False,False,1727
T0551,C1,0.3,75.0,0.0,2001,False,False,False,1983
T0552,C1,0.3,75.0,0.0,2002,False,False,False,627
T0553,C1,0.3,75.0,0.0,2003,False,False,False,2558
T0554,C1,0.3,75.0,0.0,2004,False,False,False,1933
T0555,C1,0.3,75.0,0.0,2005,False,False,False,231
T0556,C1,0.3,75.0,0.0,2006,False,False,False,3177
T0557,C1,0.3,75.0,0.0,2007,False,False,False,2114
T0558,C1,0.3,75.0,0.0,2008,False,False,False,1638
T0559,C1,0.3,75.0,0.0,2009,False,False,False,1527
T0560,C1,0.3,75.0,0.0,2010,False,False,False,1248
T0561,C1,0.3,75.0,0.0,2011,False,False,False,2898
T0562,C1,0.3,75.0,0.0,2012,False,False,False,131
T0563,C1,0.3,75.0,0.0,2013,False,False,False,1323
T0564,C1,0.3,75.0,0.0,2014,False,False,False,2311
T0565,C1,0.3,75.0,0.0,2015,False,False,False,1556
T0566,C1,0.3,75.0,0.0,2016,False,False,False,3080
T0567,C1,0.3,75.0,0.0,2017,False,False,False,2305
T0568,C1,0.3,75.0,0.0,2018,False,False,False,2568
T0569,C1,0.3,75.0,0.0,2019,False,False,False,1042
T0570,C1,0.3,75.0,0.0,2020,False,False,False,1073
T0571,C1,0.3,75.0,0.0,2021,False,False,False,1452
T0572,C1,0.3,75.0,0.0,2022,False,False,False,2789
T0573,C1,0.3,75.0,0.0,2023,False,False,False,2758
T0574,C1,0.3,75.0,0.0,2024,False,False,False,2389
T0575,C1,0.3,75.0,0.0,2025,False,False,False,1436
T0576,C1,0.3,75.0,0.0,2026,False,False,False,630
T0577,C1,0.3,75.0,0.0,2027,False,False,False,552
T0578,C1,0.3,75.0,0.0,2028,False,False,False,598
T0579,C1,0.3,75.0,0.0,2029,False,False,False,2312
T0580,C1,0.3,75.0,0.0,2030,False,False,False,1657
T0581,C1,0.3,75.0,0.0,2031,False,False,False,344
T0582,C1,0.3,75.0,0.0,2032,False,False,False,1441
T0583,C1,0.3,75.0,0.0,2033,False,False,False,1479
T0584,C1,0.3,75.0,0.0,2034,False,False,False,1554
T0585,C1,0.3,75.0,0.0,2035,False,False,False,44
T0586,C1,0.3,75.0,0.0,2036,False,False,False,2160
T0587,C1,0.3,75.0,0.0,2037,False,False,False,350
T0588,C1,0.3,75.0,0.0,2038,False,False,False,2761
T0589,C1,0.3,75.0,0.0,2039,False,False,False,3261
T0590,C1,0.3,75.0,0.0,2040,False,False,False,2078
T0591,C1,0.3,75.0,0.0,2041,False,False,False,1104
T0592,C1,0.3,75.0,0.0,2042,False,False,False,567
T0593,C1,0.3,75.0,0.0,2043,False,False,False,2156
T0594,C1,0.3,75.0,0.0,2044,False,False,False,2850
T0595,C1,0.3,75.0,0.0,2045,False,False,False,2322
T0596,C1,0.3,75.0,0.0,2046,False,False,False,958
T0597,C1,0.3,75.0,0.0,2047,False,False,False,3267
T0598,C1,0.3,75.0,0.0,2048,False,False,False,2703
T0599,C1,0.3,75.0,0.0,2049,False,False,False,2194
T0600,C1,0.3,100.0,0.0,2000,False,False,False,3103
T0601,C1,0.3,100.0,0.0,2001,False,False,False,2658
T0602,C1,0.3,100.0,0.0,2002,False,False,False,1783
T0603,C1,0.3,100.0,0.0,2003,False,False,False,394
T0604,C1,0.3,100.0,0.0,2004,False,False,False,3040
T0605,C1,0.3,100.0,0.0,2005,False,False,False,250
T0606,C1,0.3,100.0,0.0,2006,False,False,False,3244
T0607,C1,0.3,100.0,0.0,2007,False,False,False,994
T0608,C1,0.3,100.0,0.0,2008,False,False,False,2530
T0609,C1,0.3,100.0,0.0,2009,False,False,False,1630
T0610,C1,0.3,100.0,0.0,2010,False,False,False,3280
T0611,C1,0.3,100.0,0.0,2011,False,False,False,446
T0612,C1,0.3,100.0,0.0,2012,False,False,False,1466
T0613,C1,0.3,100.0,0.0,2013,False,False,False,645
T0614,C1,0.3,100.0,0.0,2014,False,False,False,2712
T0615,C1,0.3,100.0,0.0,2015,False,False,False,729
T0616,C1,0.3,100.0,0.0,2016,False,False,False,3255
T0617,C1,0.3,100.0,0.0,2017,False,False,False,924
T0618,C1,0.3,100.0,0.0,2018,False,False,False,22
T0619,C1,0.3,100.0,0.0,2019,False,False,False,365
T0620,C1,0.3,100.0,0.0,2020,False,False,False,2438
T0621,C1,0.3,100.0,0.0,2021,False,False,False,3264
T0622,C1,0.3,100.0,0.0,2022,False,False,False,866
T0623,C1,0.3,100.0,0.0,2023,False,False,False,2906
T0624,C1,0.3,100.0,0.0,2024,False,False,False,2752
T0625,C1,0.3,100.0,0.0,2025,False,False,False,2138
T0626,C1,0.3,100.0,0.0,2026,False,False,False,2780
T0627,C1,0.3,100.0,0.0,2027,False,False,False,1544
T0628,C1,0.3,100.0,0.0,2028,False,False,False,693
T0629,C1,0.3,100.0,0.0,2029,False,False,False,1081
T0630,C1,0.3,100.0,0.0,2030,False,False,False,1100
T0631,C1,0.3,100.0,0.0,2031,False,False,False,642
T0632,C1,0.3,100.0,0.0,2032,False,False,False,3050
T0633,C1,0.3,100.0,0.0,2033,False,False,False,3242
T0634,C1,0.3,100.0,0.0,2034,False,False,False,312
T0635,C1,0.3,100.0,0.0,2035,False,False,False,1421
T0636,C1,0.3,100.0,0.0,2036,False,False,False,2061
T0637,C1,0.3,100.0,0.0,2037,False,False,False,2781
T0638,C1,0.3,100.0,0.0,2038,False,False,False,2017
T0639,C1,0.3,100.0,0.0,2039,False,False,False,3138
T0640,C1,0.3,100.0,0.0,2040,False,False,False,665
T0641,C1,0.3,100.0,0.0,2041,False,False,False,253
T0642,C1,0.3,100.0,0.0,2042,False,False,False,355
T0643,C1,0.3,100.0,0.0,2043,False,False,False,426
T0644,C1,0.3,100.0,0.0,2044,False,False,False,3095
T0645,C1,0.3,100.0,0.0,2045,False,False,False,983
T0646,C1,0.3,100.0,0.0,2046,False,False,False,2102
T0647,C1,0.3,100.0,0.0,2047,False,False,False,2747
T0648,C1,0.3,100.0,0.0,2048,False,False,False,798
T0649,C1,0.3,100.0,0.0,2049,False,False,False,3281
T0650,C1,0.3,150.0,0.0,2000,False,False,False,2174
T0651,C1,0.3,150.0,0.0,2001,False,False,False,1272
T0652,C1,0.3,150.0,0.0,2002,False,False,False,2790
T0653,C1,0.3,150.0,0.0,2003,False,False,False,326
T0654,C1,0.3,150.0,0.0,2004,False,False,False,1932
T0655,C1,0.3,150.0,0.0,2005,False,False,False,1428
T0656,C1,0.3,150.0,0.0,2006,False,False,False,2433
T0657,C1,0.3,150.0,0.0,2007,False,False,False,2135
T0658,C1,0.3,150.0,0.0,2008,False,False,False,1460
T0659,C1,0.3,150.0,0.0,2009,False,False,False,2387
T0660,C1,0.3,150.0,0.0,2010,False,False,False,103
T0661,C1,0.3,150.0,0.0,2011,False,False,False,2230
T0662,C1,0.3,150.0,0.0,2012,False,False,False,1713
T0663,C1,0.3,150.0,0.0,2013,False,False,False,2908
T0664,C1,0.3,150.0,0.0,2014,False,False,False,1697
T0665,C1,0.3,150.0,0.0,2015,False,False,False,2663
T0666,C1,0.3,150.0,0.0,2016,False,False,False,724
T0667,C1,0.3,150.0,0.0,2017,False,False,False,1542
T0668,C1,0.3,150.0,0.0,2018,False,False,False,3126
T0669,C1,0.3,150.0,0.0,2019,False,False,False,2980
T0670,C1,0.3,150.0,0.0,2020,False,False,False,252
T0671,C1,0.3,150.0,0.0,2021,False,False,False,2994
T0672,C1,0.3,150.0,0.0,2022,False,False,False,1327
T0673,C1,0.3,150.0,0.0,2023,False,False,False,2181
T0674,C1,0.3,150.0,0.0,2024,False,False,False,2623
T0675,C1,0.3,150.0,0.0,2025,False,False,False,1154
T0676,C1,0.3,150.0,0.0,2026,False,False,False,1646
T0677,C1,0.3,150.0,0.0,2027,False,False,False,1975
T0678,C1,0.3,150.0,0.0,2028,False,False,False,947
T0679,C1,0.3,150.0,0.0,2029,False,False,False,72
T0680,C1,0.3,150.0,0.0,2030,False,False,False,1165
T0681,C1,0.3,150.0,0.0,2031,False,False,False,496
T0682,C1,0.3,150.0,0.0,2032,False,False,False,3194
T0683,C1,0.3,150.0,0.0,2033,False,False,False,1453
T0684,C1,0.3,150.0,0.0,2034,False,False,False,908
T0685,C1,0.3,150.0,0.0,2035,False,False,False,50
T0686,C1,0.3,150.0,0.0,2036,False,False,False,363
T0687,C1,0.3,150.0,0.0,2037,False,False,False,2842
T0688,C1,0.3,150.0,0.0,2038,False,False,False,1060
T0689,C1,0.3,150.0,0.0,2039,False,False,False,3008
T0690,C1,0.3,150.0,0.0,2040,False,False,False,1334
T0691,C1,0.3,150.0,0.0,2041,False,False,False,2032
T0692,C1,0.3,150.0,0.0,2042,False,False,False,1418
T0693,C1,0.3,150.0,0.0,2043,False,False,False,168
T0694,C1,0.3,150.0,0.0,2044,False,False,False,2178
T0695,C1,0.3,150.0,0.0,2045,False,False,False,1742
T0696,C1,0.3,150.0,0.0,2046,False,False,False,2751
T0697,C1,0.3,150.0,0.0,2047,False,False,False,2155
T0698,C1,0.3,150.0,0.0,2048,False,False,False,3203
T0699,C1,0.3,150.0,0.0,2049,False,False,False,2039
T0700,C1,0.3,200.0,0.0,2000,False,False,False,2405
T0701,C1,0.3,200.0,0.0,2001,False,False,False,2961
T0702,C1,0.3,200.0,0.0,2002,False,False,False,2525
T0703,C1,0.3,200.0,0.0,2003,False,False,False,1969
T0704,C1,0.3,200.0,0.0,2004,False,False,False,1262
T0705,C1,0.3,200.0,0.0,2005,False,False,False,1312
T0706,C1,0.3,200.0,0.0,2006,False,False,False,1414
T0707,C1,0.3,200.0,0.0,2007,False,False,False,110
T0708,C1,0.3,200.0,0.0,2008,False,False,False,2124
T0709,C1,0.3,200.0,0.0,2009,False,False,False,2587
T0710,C1,0.3,200.0,0.0,2010,False,False,False,1306
T0711,C1,0.3,200.0,0.0,2011,False,False,False,2736
T0712,C1,0.3,200.0,0.0,2012,False,False,False,2622
T0713,C1,0.3,200.0,0.0,2013,False,False,False,402
T0714,C1,0.3,200.0,0.0,2014,False,False,False,3087
T0715,C1,0.3,200.0,0.0,2015,False,False,False,1937
T0716,C1,0.3,200.0,0.0,2016,False,False,False,2863
T0717,C1,0.3,200.0,0.0,2017,False,False,False,1782
T0718,C1,0.3,200.0,0.0,2018,False,False,False,2551
T0719,C1,0.3,200.0,0.0,2019,False,False,False,2536
T0720,C1,0.3,200.0,0.0,2020,False,False,False,2075
T0721,C1,0.3,200.0,0.0,2021,False,False,False,2730
T0722,C1,0.3,200.0,0.0,2022,False,False,False,3117
T0723,C1,0.3,200.0,0.0,2023,False,False,False,876
T0724,C1,0.3,200.0,0.0,2024,False,False,False,1561
T0725,C1,0.3,200.0,0.0,2025,False,False,False,3137
T0726,C1,0.3,200.0,0.0,2026,False,False,False,1777
T0727,C1,0.3,200.0,0.0,2027,False,False,False,2649
T0728,C1,0.3,200.0,0.0,2028,False,False,False,2895
T0729,C1,0.3,200.0,0.0,2029,False,False,False,1615
T0730,C1,0.3,200.0,0.0,2030,False,False,False,2928
T0731,C1,0.3,200.0,0.0,2031,False,False,False,1978
T0732,C1,0.3,200.0,0.0,2032,False,False,False,2817
T0733,C1,0.3,200.0,0.0,2033,False,False,False,824
T0734,C1,0.3,200.0,0.0,2034,False,False,False,254
T0735,C1,0.3,200.0,0.0,2035,False,False,False,1715
T0736,C1,0.3,200.0,0.0,2036,False,False,False,1132
T0737,C1,0.3,200.0,0.0,2037,False,False,False,35
T0738,C1,0.3,200.0,0.0,2038,False,False,False,1879
T0739,C1,0.3,200.0,0.0,2039,False,False,False,484
T0740,C1,0.3,200.0,0.0,2040,False,False,False,1870
T0741,C1,0.3,200.0,0.0,2041,False,False,False,407
T0742,C1,0.3,200.0,0.0,2042,False,False,False,92
T0743,C1,0.3,200.0,0.0,2043,False,False,False,1068
T0744,C1,0.3,200.0,0.0,2044,False,False,False,2218
T0745,C1,0.3,200.0,0.0,2045,False,False,False,604
T0746,C1,0.3,200.0,0.0,2046,False,False,False,2106
T0747,C1,0.3,200.0,0.0,2047,False,False,False,2732
T0748,C1,0.3,200.0,0.0,2048,False,False,False,1763
T0749,C1,0.3,200.0,0.0,2049,False,False,False,2021
T0750,C1,0.45,25.0,0.0,2000,False,False,False,2902
T0751,C1,0.45,25.0,0.0,2001,False,False,False,1387
T0752,C1,0.45,25.0,0.0,2002,False,False,False,2034
T0753,C1,0.45,25.0,0.0,2003,False,False,False,67
T0754,C1,0.45,25.0,0.0,2004,False,False,False,2197
T0755,C1,0.45,25.0,0.0,2005,False,False,False,2370
T0756,C1,0.45,25.0,0.0,2006,False,False,False,751
T0757,C1,0.45,25.0,0.0,2007,False,False,False,2692
T0758,C1,0.45,25.0,0.0,2008,False,False,False,1115
T0759,C1,0.45,25.0,0.0,2009,False,False,False,3190
T0760,C1,0.45,25.0,0.0,2010,False,False,False,1707
T0761,C1,0.45,25.0,0.0,2011,False,False,False,3181
T0762,C1,0.45,25.0,0.0,2012,False,False,False,858
T0763,C1,0.45,25.0,0.0,2013,False,False,False,2083
T0764,C1,0.45,25.0,0.0,2014,False,False,False,2607
T0765,C1,0.45,25.0,0.0,2015,False,False,False,2362
T0766,C1,0.45,25.0,0.0,2016,False,False,False,941
T0767,C1,0.45,25.0,0.0,2017,False,False,False,1943
T0768,C1,0.45,25.0,0.0,2018,False,False,False,677
T0769,C1,0.45,25.0,0.0,2019,False,False,False,199
T0770,C1,0.45,25.0,0.0,2020,False,False,False,3235
T0771,C1,0.45,25.0,0.0,2021,False,False,False,2566
T0772,C1,0.45,25.0,0.0,2022,False,False,False,1576
T0773,C1,0.45,25.0,0.0,2023,False,False,False,2946
T0774,C1,0.45,25.0,0.0,2024,False,False,False,934
T0775,C1,0.45,25.0,0.0,2025,False,False,False,1794
T0776,C1,0.45,25.0,0.0,2026,False,False,False,1335
T0777,C1,0.45,25.0,0.0,2027,False,False,False,3090
T0778,C1,0.45,25.0,0.0,2028,False,False,False,995
T0779,C1,0.45,25.0,0.0,2029,False,False,False,1209
T0780,C1,0.45,25.0,0.0,2030,False,False,False,1682
T0781,C1,0.45,25.0,0.0,2031,False,False,False,1594
T0782,C1,0.45,25.0,0.0,2032,False,False,False,2096
T0783,C1,0.45,25.0,0.0,2033,False,False,False,1196
T0784,C1,0.45,25.0,0.0,2034,False,False,False,392
T0785,C1,0.45,25.0,0.0,2035,False,False,False,2046
T0786,C1,0.45,25.0,0.0,2036,False,False,False,869
T0787,C1,0.45,25.0,0.0,2037,False,False,False,2007
T0788,C1,0.45,25.0,0.0,2038,False,False,False,1857
T0789,C1,0.45,25.0,0.0,2039,False,False,False,2209
T0790,C1,0.45,25.0,0.0,2040,False,False,False,826
T0791,C1,0.45,25.0,0.0,2041,False,False,False,481
T0792,C1,0.45,25.0,0.0,2042,False,False,False,1694
T0793,C1,0.45,25.0,0.0,2043,False,False,False,2152
T0794,C1,0.45,25.0,0.0,2044,False,False,False,2187
T0795,C1,0.45,25.0,0.0,2045,False,False,False,2511
T0796,C1,0.45,25.0,0.0,2046,False,False,False,1887
T0797,C1,0.45,25.0,0.0,2047,False,False,False,1582
T0798,C1,0.45,25.0,0.0,2048,False,False,False,945
T0799,C1,0.45,25.0,0.0,2049,False,False,False,661
T0800,C1,0.45,50.0,0.0,2000,False,False,False,2596
T0801,C1,0.45,50.0,0.0,2001,False,False,False,1203
T0802,C1,0.45,50.0,0.0,2002,False,False,False,2210
T0803,C1,0.45,50.0,0.0,2003,False,False,False,307
T0804,C1,0.45,50.0,0.0,2004,False,False,False,1109
T0805,C1,0.45,50.0,0.0,2005,False,False,False,2136
T0806,C1,0.45,50.0,0.0,2006,False,False,False,186
T0807,C1,0.45,50.0,0.0,2007,False,False,False,1260
T0808,C1,0.45,50.0,0.0,2008,False,False,False,2632
T0809,C1,0.45,50.0,0.0,2009,False,False,False,190
T0810,C1,0.45,50.0,0.0,2010,False,False,False,1891
T0811,C1,0.45,50.0,0.0,2011,False,False,False,2733
T0812,C1,0.45,50.0,0.0,2012,False,False,False,2451
T0813,C1,0.45,50.0,0.0,2013,False,False,False,540
T0814,C1,0.45,50.0,0.0,2014,False,False,False,2635
T0815,C1,0.45,50.0,0.0,2015,False,False,False,1786
T0816,C1,0.45,50.0,0.0,2016,False,False,False,969
T0817,C1,0.45,50.0,0.0,2017,False,False,False,2151
T0818,C1,0.45,50.0,0.0,2018,False,False,False,2988
T0819,C1,0.45,50.0,0.0,2019,False,False,False,58
T0820,C1,0.45,50.0,0.0,2020,False,False,False,2328
T0821,C1,0.45,50.0,0.0,2021,False,False,False,3047
T0822,C1,0.45,50.0,0.0,2022,False,False,False,1664
T0823,C1,0.45,50.0,0.0,2023,False,False,False,338
T0824,C1,0.45,50.0,0.0,2024,False,False,False,2974
T0825,C1,0.45,50.0,0.0,2025,False,False,False,415
T0826,C1,0.45,50.0,0.0,2026,False,False,False,1616
T0827,C1,0.45,50.0,0.0,2027,False,False,False,801
T0828,C1,0.45,50.0,0.0,2028,False,False,False,2686
T0829,C1,0.45,50.0,0.0,2029,False,False,False,2422
T0830,C1,0.45,50.0,0.0,2030,False,False,False,2260
T0831,C1,0.45,50.0,0.0,2031,False,False,False,172
T0832,C1,0.45,50.0,0.0,2032,False,False,False,2629
T0833,C1,0.45,50.0,0.0,2033,False,False,False,2510
T0834,C1,0.45,50.0,0.0,2034,False,False,False,2711
T0835,C1,0.45,50.0,0.0,2035,False,False,False,366
T0836,C1,0.45,50.0,0.0,2036,False,False,False,2995
T0837,C1,0.45,50.0,0.0,2037,False,False,False,2374
T0838,C1,0.45,50.0,0.0,2038,False,False,False,454
T0839,C1,0.45,50.0,0.0,2039,False,False,False,1564
T0840,C1,0.45,50.0,0.0,2040,False,False,False,1886
T0841,C1,0.45,50.0,0.0,2041,False,False,False,1286
T0842,C1,0.45,50.0,0.0,2042,False,False,False,2
T0843,C1,0.45,50.0,0.0,2043,False,False,False,1500
T0844,C1,0.45,50.0,0.0,2044,False,False,False,390
T0845,C1,0.45,50.0,0.0,2045,False,False,False,2263
T0846,C1,0.45,50.0,0.0,2046,False,False,False,2890
T0847,C1,0.45,50.0,0.0,2047,False,False,False,281
T0848,C1,0.45,50.0,0.0,2048,False,False,False,3161
T0849,C1,0.45,50.0,0.0,2049,False,False,False,539
T0850,C1,0.45,75.0,0.0,2000,False,False,False,3237
T0851,C1,0.45,75.0,0.0,2001,False,False,False,1493
T0852,C1,0.45,75.0,0.0,2002,False,False,False,2200
T0853,C1,0.45,75.0,0.0,2003,False,False,False,2808
T0854,C1,0.45,75.0,0.0,2004,False,False,False,3202
T0855,C1,0.45,75.0,0.0,2005,False,False,False,2175
T0856,C1,0.45,75.0,0.0,2006,False,False,False,26
T0857,C1,0.45,75.0,0.0,2007,False,False,False,2115
T0858,C1,0.45,75.0,0.0,2008,False,False,False,2226
T0859,C1,0.45,75.0,0.0,2009,False,False,False,2744
T0860,C1,0.45,75.0,0.0,2010,False,False,False,3034
T0861,C1,0.45,75.0,0.0,2011,False,False,False,2762
T0862,C1,0.45,75.0,0.0,2012,False,False,False,2653
T0863,C1,0.45,75.0,0.0,2013,False,False,False,1118
T0864,C1,0.45,75.0,0.0,2014,False,False,False,1892
T0865,C1,0.45,75.0,0.0,2015,False,False,False,2506
T0866,C1,0.45,75.0,0.0,2016,False,False,False,419
T0867,C1,0.45,75.0,0.0,2017,False,False,False,1071
T0868,C1,0.45,75.0,0.0,2018,False,False,False,489
T0869,C1,0.45,75.0,0.0,2019,False,False,False,2237
T0870,C1,0.45,75.0,0.0,2020,False,False,False,2715
T0871,C1,0.45,75.0,0.0,2021,False,False,False,668
T0872,C1,0.45,75.0,0.0,2022,False,False,False,3007
T0873,C1,0.45,75.0,0.0,2023,False,False,False,1656
T0874,C1,0.45,75.0,0.0,2024,False,False,False,690
T0875,C1,0.45,75.0,0.0,2025,False,False,False,2597
T0876,C1,0.45,75.0,0.0,2026,False,False,False,1938
T0877,C1,0.45,75.0,0.0,2027,False,False,False,1089
T0878,C1,0.45,75.0,0.0,2028,False,False,False,1379
T0879,C1,0.45,75.0,0.0,2029,False,False,False,3109
T0880,C1,0.45,75.0,0.0,2030,False,False,False,2128
T0881,C1,0.45,75.0,0.0,2031,False,False,False,1020
T0882,C1,0.45,75.0,0.0,2032,False,False,False,90
T0883,C1,0.45,75.0,0.0,2033,False,False,False,1092
T0884,C1,0.45,75.0,0.0,2034,False,False,False,337
T0885,C1,0.45,75.0,0.0,2035,False,False,False,2000
T0886,C1,0.45,75.0,0.0,2036,False,False,False,2281
T0887,C1,0.45,75.0,0.0,2037,False,False,False,214
T0888,C1,0.45,75.0,0.0,2038,False,False,False,948
T0889,C1,0.45,75.0,0.0,2039,False,False,False,2919
T0890,C1,0.45,75.0,0.0,2040,False,False,False,887
T0891,C1,0.45,75.0,0.0,2041,False,False,False,2480
T0892,C1,0.45,75.0,0.0,2042,False,False,False,1948
T0893,C1,0.45,75.0,0.0,2043,False,False,False,171
T0894,C1,0.45,75.0,0.0,2044,False,False,False,1519
T0895,C1,0.45,75.0,0.0,2045,False,False,False,1220
T0896,C1,0.45,75.0,0.0,2046,False,False,False,1322
T0897,C1,0.45,75.0,0.0,2047,False,False,False,98
T0898,C1,0.45,75.0,0.0,2048,False,False,False,359
T0899,C1,0.45,75.0,0.0,2049,False,False,False,2976
T0900,C1,0.45,100.0,0.0,2000,False,False,False,692
T0901,C1,0.45,100.0,0.0,2001,False,False,False,2998
T0902,C1,0.45,100.0,0.0,2002,False,False,False,791
T0903,C1,0.45,100.0,0.0,2003,False,False,False,2248
T0904,C1,0.45,100.0,0.0,2004,False,False,False,1553
T0905,C1,0.45,100.0,0.0,2005,False,False,False,847
T0906,C1,0.45,100.0,0.0,2006,False,False,False,1340
T0907,C1,0.45,100.0,0.0,2007,False,False,False,473
T0908,C1,0.45,100.0,0.0,2008,False,False,False,2081
T0909,C1,0.45,100.0,0.0,2009,False,False,False,2471
T0910,C1,0.45,100.0,0.0,2010,False,False,False,1256
T0911,C1,0.45,100.0,0.0,2011,False,False,False,2193
T0912,C1,0.45,100.0,0.0,2012,False,False,False,226
T0913,C1,0.45,100.0,0.0,2013,False,False,False,1423
T0914,C1,0.45,100.0,0.0,2014,False,False,False,2646
T0915,C1,0.45,100.0,0.0,2015,False,False,False,3100
T0916,C1,0.45,100.0,0.0,2016,False,False,False,3049
T0917,C1,0.45,100.0,0.0,2017,False,False,False,1804
T0918,C1,0.45,100.0,0.0,2018,False,False,False,2418
T0919,C1,0.45,100.0,0.0,2019,False,False,False,1430
T0920,C1,0.45,100.0,0.0,2020,False,False,False,1031
T0921,C1,0.45,100.0,0.0,2021,False,False,False,713
T0922,C1,0.45,100.0,0.0,2022,False,False,False,1686
T0923,C1,0.45,100.0,0.0,2023,False,False,False,1211
T0924,C1,0.45,100.0,0.0,2024,False,False,False,1366
T0925,C1,0.45,100.0,0.0,2025,False,False,False,2130
T0926,C1,0.45,100.0,0.0,2026,False,False,False,1628
T0927,C1,0.45,100.0,0.0,2027,False,False,False,3012
T0928,C1,0.45,100.0,0.0,2028,False,False,False,14
T0929,C1,0.45,100.0,0.0,2029,False,False,False,2785
T0930,C1,0.45,100.0,0.0,2030,False,False,False,1237
T0931,C1,0.45,100.0,0.0,2031,False,False,False,3122
T0932,C1,0.45,100.0,0.0,2032,False,False,False,746
T0933,C1,0.45,100.0,0.0,2033,False,False,False,470
T0934,C1,0.45,100.0,0.0,2034,False,False,False,2940
T0935,C1,0.45,100.0,0.0,2035,False,False,False,966
T0936,C1,0.45,100.0,0.0,2036,False,False,False,707
T0937,C1,0.45,100.0,0.0,2037,False,False,False,243
T0938,C1,0.45,100.0,0.0,2038,False,False,False,1051
T0939,C1,0.45,100.0,0.0,2039,False,False,False,907
T0940,C1,0.45,100.0,0.0,2040,False,False,False,2298
T0941,C1,0.45,100.0,0.0,2041,False,False,False,2406
T0942,C1,0.45,100.0,0.0,2042,False,False,False,3101
T0943,C1,0.45,100.0,0.0,2043,False,False,False,777
T0944,C1,0.45,100.0,0.0,2044,False,False,False,3016
T0945,C1,0.45,100.0,0.0,2045,False,False,False,2048
T0946,C1,0.45,100.0,0.0,2046,False,False,False,979
T0947,C1,0.45,100.0,0.0,2047,False,False,False,11
T0948,C1,0.45,100.0,0.0,2048,False,False,False,1785
T0949,C1,0.45,100.0,0.0,2049,False,False,False,1690
T0950,C1,0.45,150.0,0.0,2000,False,False,False,2190
T0951,C1,0.45,150.0,0.0,2001,False,False,False,2951
T0952,C1,0.45,150.0,0.0,2002,False,False,False,921
T0953,C1,0.45,150.0,0.0,2003,False,False,False,536
T0954,C1,0.45,150.0,0.0,2004,False,False,False,628
T0955,C1,0.45,150.0,0.0,2005,False,False,False,1920
T0956,C1,0.45,150.0,0.0,2006,False,False,False,1458
T0957,C1,0.45,150.0,0.0,2007,False,False,False,3139
T0958,C1,0.45,150.0,0.0,2008,False,False,False,1736
T0959,C1,0.45,150.0,0.0,2009,False,False,False,265
T0960,C1,0.45,150.0,0.0,2010,False,False,False,458
T0961,C1,0.45,150.0,0.0,2011,False,False,False,560
T0962,C1,0.45,150.0,0.0,2012,False,False,False,1851
T0963,C1,0.45,150.0,0.0,2013,False,False,False,1467
T0964,C1,0.45,150.0,0.0,2014,False,False,False,2608
T0965,C1,0.45,150.0,0.0,2015,False,False,False,935
T0966,C1,0.45,150.0,0.0,2016,False,False,False,1122
T0967,C1,0.45,150.0,0.0,2017,False,False,False,1944
T0968,C1,0.45,150.0,0.0,2018,False,False,False,2070
T0969,C1,0.45,150.0,0.0,2019,False,False,False,3243
T0970,C1,0.45,150.0,0.0,2020,False,False,False,1543
T0971,C1,0.45,150.0,0.0,2021,False,False,False,1455
T0972,C1,0.45,150.0,0.0,2022,False,False,False,2474
T0973,C1,0.45,150.0,0.0,2023,False,False,False,19
T0974,C1,0.45,150.0,0.0,2024,False,False,False,1808
T0975,C1,0.45,150.0,0.0,2025,False,False,False,2344
T0976,C1,0.45,150.0,0.0,2026,False,False,False,399
T0977,C1,0.45,150.0,0.0,2027,False,False,False,1143
T0978,C1,0.45,150.0,0.0,2028,False,False,False,1813
T0979,C1,0.45,150.0,0.0,2029,False,False,False,1331
T0980,C1,0.45,150.0,0.0,2030,False,False,False,386
T0981,C1,0.45,150.0,0.0,2031,False,False,False,2650
T0982,C1,0.45,150.0,0.0,2032,False,False,False,514
T0983,C1,0.45,150.0,0.0,2033,False,False,False,2068
T0984,C1,0.45,150.0,0.0,2034,False,False,False,3010
T0985,C1,0.45,150.0,0.0,2035,False,False,False,2452
T0986,C1,0.45,150.0,0.0,2036,False,False,False,2710
T0987,C1,0.45,150.0,0.0,2037,False,False,False,2839
T0988,C1,0.45,150.0,0.0,2038,False,False,False,3279
T0989,C1,0.45,150.0,0.0,2039,False,False,False,1775
T0990,C1,0.45,150.0,0.0,2040,False,False,False,946
T0991,C1,0.45,150.0,0.0,2041,False,False,False,759
T0992,C1,0.45,150.0,0.0,2042,False,False,False,54
T0993,C1,0.45,150.0,0.0,2043,False,False,False,535
T0994,C1,0.45,150.0,0.0,2044,False,False,False,2537
T0995,C1,0.45,150.0,0.0,2045,False,False,False,1006
T0996,C1,0.45,150.0,0.0,2046,False,False,False,2996
T0997,C1,0.45,150.0,0.0,2047,False,False,False,1302
T0998,C1,0.45,150.0,0.0,2048,False,False,False,2476
T0999,C1,0.45,150.0,0.0,2049,False,False,False,283
T1000,C1,0.45,200.0,0.0,2000,False,False,False,1416
T1001,C1,0.45,200.0,0.0,2001,False,False,False,2363
T1002,C1,0.45,200.0,0.0,2002,False,False,False,1149
T1003,C1,0.45,200.0,0.0,2003,False,False,False,2400
T1004,C1,0.45,200.0,0.0,2004,False,False,False,1095
T1005,C1,0.45,200.0,0.0,2005,False,False,False,232
T1006,C1,0.45,200.0,0.0,2006,False,False,False,2524
T1007,C1,0.45,200.0,0.0,2007,False,False,False,2869
T1008,C1,0.45,200.0,0.0,2008,False,False,False,1826
T1009,C1,0.45,200.0,0.0,2009,False,False,False,1788
T1010,C1,0.45,200.0,0.0,2010,False,False,False,445
T1011,C1,0.45,200.0,0.0,2011,False,False,False,1341
T1012,C1,0.45,200.0,0.0,2012,False,False,False,772
T1013,C1,0.45,200.0,0.0,2013,False,False,False,3291
T1014,C1,0.45,200.0,0.0,2014,False,False,False,2875
T1015,C1,0.45,200.0,0.0,2015,False,False,False,770
T1016,C1,0.45,200.0,0.0,2016,False,False,False,2675
T1017,C1,0.45,200.0,0.0,2017,False,False,False,569
T1018,C1,0.45,200.0,0.0,2018,False,False,False,1223
T1019,C1,0.45,200.0,0.0,2019,False,False,False,1035
T1020,C1,0.45,200.0,0.0,2020,False,False,False,1229
T1021,C1,0.45,200.0,0.0,2021,False,False,False,1831
T1022,C1,0.45,200.0,0.0,2022,False,False,False,2206
T1023,C1,0.45,200.0,0.0,2023,False,False,False,1817
T1024,C1,0.45,200.0,0.0,2024,False,False,False,1521
T1025,C1,0.45,200.0,0.0,2025,False,False,False,448
T1026,C1,0.45,200.0,0.0,2026,False,False,False,2045
T1027,C1,0.45,200.0,0.0,2027,False,False,False,1558
T1028,C1,0.45,200.0,0.0,2028,False,False,False,32
T1029,C1,0.45,200.0,0.0,2029,False,False,False,1152
T1030,C1,0.45,200.0,0.0,2030,False,False,False,2050
T1031,C1,0.45,200.0,0.0,2031,False,False,False,1477
T1032,C1,0.45,200.0,0.0,2032,False,False,False,2308
T1033,C1,0.45,200.0,0.0,2033,False,False,False,750
T1034,C1,0.45,200.0,0.0,2034,False,False,False,286
T1035,C1,0.45,200.0,0.0,2035,False,False,False,2826
T1036,C1,0.45,200.0,0.0,2036,False,False,False,2617
T1037,C1,0.45,200.0,0.0,2037,False,False,False,2704
T1038,C1,0.45,200.0,0.0,2038,False,False,False,1079
T1039,C1,0.45,200.0,0.0,2039,False,False,False,2356
T1040,C1,0.45,200.0,0.0,2040,False,False,False,895
T1041,C1,0.45,200.0,0.0,2041,False,False,False,2378
T1042,C1,0.45,200.0,0.0,2042,False,False,False,1648
T1043,C1,0.45,200.0,0.0,2043,False,False,False,1584
T1044,C1,0.45,200.0,0.0,2044,False,False,False,758
T1045,C1,0.45,200.0,0.0,2045,False,False,False,2922
T1046,C1,0.45,200.0,0.0,2046,False,False,False,1514
T1047,C1,0.45,200.0,0.0,2047,False,False,False,2225
T1048,C1,0.45,200.0,0.0,2048,False,False,False,1550
T1049,C1,0.45,200.0,0.0,2049,False,False,False,1995
T1050,C2,0.15,0.0,-0.06,2000,False,False,False,3172
T1051,C2,0.15,0.0,-0.06,2001,False,False,False,655
T1052,C2,0.15,0.0,-0.06,2002,False,False,False,2594
T1053,C2,0.15,0.0,-0.06,2003,False,False,False,1705
T1054,C2,0.15,0.0,-0.06,2004,False,False,False,2385
T1055,C2,0.15,0.0,-0.06,2005,False,False,False,1753
T1056,C2,0.15,0.0,-0.06,2006,False,False,False,2325
T1057,C2,0.15,0.0,-0.06,2007,False,False,False,2767
T1058,C2,0.15,0.0,-0.06,2008,False,False,False,112
T1059,C2,0.15,0.0,-0.06,2009,False,False,False,2868
T1060,C2,0.15,0.0,-0.06,2010,False,False,False,1315
T1061,C2,0.15,0.0,-0.06,2011,False,False,False,3133
T1062,C2,0.15,0.0,-0.06,2012,False,False,False,2755
T1063,C2,0.15,0.0,-0.06,2013,False,False,False,229
T1064,C2,0.15,0.0,-0.06,2014,False,False,False,3163
T1065,C2,0.15,0.0,-0.06,2015,False,False,False,1921
T1066,C2,0.15,0.0,-0.06,2016,False,False,False,2572
T1067,C2,0.15,0.0,-0.06,2017,False,False,False,237
T1068,C2,0.15,0.0,-0.06,2018,False,False,False,1925
T1069,C2,0.15,0.0,-0.06,2019,False,False,False,970
T1070,C2,0.15,0.0,-0.06,2020,False,False,False,738
T1071,C2,0.15,0.0,-0.06,2021,False,False,False,1446
T1072,C2,0.15,0.0,-0.06,2022,False,False,False,2279
T1073,C2,0.15,0.0,-0.06,2023,False,False,False,1901
T1074,C2,0.15,0.0,-0.06,2024,False,False,False,842
T1075,C2,0.15,0.0,-0.06,2025,False,False,False,3268
T1076,C2,0.15,0.0,-0.06,2026,False,False,False,2722
T1077,C2,0.15,0.0,-0.06,2027,False,False,False,2424
T1078,C2,0.15,0.0,-0.06,2028,False,False,False,1096
T1079,C2,0.15,0.0,-0.06,2029,False,False,False,2503
T1080,C2,0.15,0.0,-0.06,2030,False,False,False,1063
T1081,C2,0.15,0.0,-0.06,2031,False,False,False,766
T1082,C2,0.15,0.0,-0.06,2032,False,False,False,3112
T1083,C2,0.15,0.0,-0.06,2033,False,False,False,2800
T1084,C2,0.15,0.0,-0.06,2034,False,False,False,1230
T1085,C2,0.15,0.0,-0.06,2035,False,False,False,1198
T1086,C2,0.15,0.0,-0.06,2036,False,False,False,2620
T1087,C2,0.15,0.0,-0.06,2037,False,False,False,2316
T1088,C2,0.15,0.0,-0.06,2038,False,False,False,272
T1089,C2,0.15,0.0,-0.06,2039,False,False,False,2496
T1090,C2,0.15,0.0,-0.06,2040,False,False,False,2019
T1091,C2,0.15,0.0,-0.06,2041,False,False,False,2345
T1092,C2,0.15,0.0,-0.06,2042,False,False,False,732
T1093,C2,0.15,0.0,-0.06,2043,False,False,False,2373
T1094,C2,0.15,0.0,-0.06,2044,False,False,False,779
T1095,C2,0.15,0.0,-0.06,2045,False,False,False,3078
T1096,C2,0.15,0.0,-0.06,2046,False,False,False,1070
T1097,C2,0.15,0.0,-0.06,2047,False,False,False,2388
T1098,C2,0.15,0.0,-0.06,2048,False,False,False,1481
T1099,C2,0.15,0.0,-0.06,2049,False,False,False,1793
T1100,C2,0.15,0.0,-0.03,2000,False,False,False,1131
T1101,C2,0.15,0.0,-0.03,2001,False,False,False,1757
T1102,C2,0.15,0.0,-0.03,2002,False,False,False,1281
T1103,C2,0.15,0.0,-0.03,2003,False,False,False,790
T1104,C2,0.15,0.0,-0.03,2004,False,False,False,270
T1105,C2,0.15,0.0,-0.03,2005,False,False,False,2769
T1106,C2,0.15,0.0,-0.03,2006,False,False,False,646
T1107,C2,0.15,0.0,-0.03,2007,False,False,False,725
T1108,C2,0.15,0.0,-0.03,2008,False,False,False,2277
T1109,C2,0.15,0.0,-0.03,2009,False,False,False,1734
T1110,C2,0.15,0.0,-0.03,2010,False,False,False,2165
T1111,C2,0.15,0.0,-0.03,2011,False,False,False,1718
T1112,C2,0.15,0.0,-0.03,2012,False,False,False,3076
T1113,C2,0.15,0.0,-0.03,2013,False,False,False,1953
T1114,C2,0.15,0.0,-0.03,2014,False,False,False,1024
T1115,C2,0.15,0.0,-0.03,2015,False,False,False,3127
T1116,C2,0.15,0.0,-0.03,2016,False,False,False,2159
T1117,C2,0.15,0.0,-0.03,2017,False,False,False,2491
T1118,C2,0.15,0.0,-0.03,2018,False,False,False,405
T1119,C2,0.15,0.0,-0.03,2019,False,False,False,733
T1120,C2,0.15,0.0,-0.03,2020,False,False,False,440
T1121,C2,0.15,0.0,-0.03,2021,False,False,False,1449
T1122,C2,0.15,0.0,-0.03,2022,False,False,False,3099
T1123,C2,0.15,0.0,-0.03,2023,False,False,False,116
T1124,C2,0.15,0.0,-0.03,2024,False,False,False,2207
T1125,C2,0.15,0.0,-0.03,2025,False,False,False,1949
T1126,C2,0.15,0.0,-0.03,2026,False,False,False,1673
T1127,C2,0.15,0.0,-0.03,2027,False,False,False,616
T1128,C2,0.15,0.0,-0.03,2028,False,False,False,2002
T1129,C2,0.15,0.0,-0.03,2029,False,False,False,2484
T1130,C2,0.15,0.0,-0.03,2030,False,False,False,852
T1131,C2,0.15,0.0,-0.03,2031,False,False,False,1385
T1132,C2,0.15,0.0,-0.03,2032,False,False,False,744
T1133,C2,0.15,0.0,-0.03,2033,False,False,False,2746
T1134,C2,0.15,0.0,-0.03,2034,False,False,False,1268
T1135,C2,0.15,0.0,-0.03,2035,False,False,False,2542
T1136,C2,0.15,0.0,-0.03,2036,False,False,False,1617
T1137,C2,0.15,0.0,-0.03,2037,False,False,False,2697
T1138,C2,0.15,0.0,-0.03,2038,False,False,False,1990
T1139,C2,0.15,0.0,-0.03,2039,False,False,False,2489
T1140,C2,0.15,0.0,-0.03,2040,False,False,False,2287
T1141,C2,0.15,0.0,-0.03,2041,False,False,False,1365
T1142,C2,0.15,0.0,-0.03,2042,False,False,False,354
T1143,C2,0.15,0.0,-0.03,2043,False,False,False,2497
T1144,C2,0.15,0.0,-0.03,2044,False,False,False,3170
T1145,C2,0.15,0.0,-0.03,2045,False,False,False,711
T1146,C2,0.15,0.0,-0.03,2046,False,False,False,2127
T1147,C2,0.15,0.0,-0.03,2047,False,False,False,477
T1148,C2,0.15,0.0,-0.03,2048,False,False,False,1450
T1149,C2,0.15,0.0,-0.03,2049,False,False,False,81
T1150,C2,0.15,0.0,0.03,2000,False,False,False,2665
T1151,C2,0.15,0.0,0.03,2001,False,False,False,3221
T1152,C2,0.15,0.0,0.03,2002,False,False,False,2788
T1153,C2,0.15,0.0,0.03,2003,False,False,False,511
T1154,C2,0.15,0.0,0.03,2004,False,False,False,2093
T1155,C2,0.15,0.0,0.03,2005,False,False,False,2074
T1156,C2,0.15,0.0,0.03,2006,False,False,False,1536
T1157,C2,0.15,0.0,0.03,2007,False,False,False,814
T1158,C2,0.15,0.0,0.03,2008,False,False,False,2999
T1159,C2,0.15,0.0,0.03,2009,False,False,False,1644
T1160,C2,0.15,0.0,0.03,2010,False,False,False,0
T1161,C2,0.15,0.0,0.03,2011,False,False,False,494
T1162,C2,0.15,0.0,0.03,2012,False,False,False,1075
T1163,C2,0.15,0.0,0.03,2013,False,False,False,207
T1164,C2,0.15,0.0,0.03,2014,False,False,False,1720
T1165,C2,0.15,0.0,0.03,2015,False,False,False,2286
T1166,C2,0.15,0.0,0.03,2016,False,False,False,576
T1167,C2,0.15,0.0,0.03,2017,False,False,False,49
T1168,C2,0.15,0.0,0.03,2018,False,False,False,1359
T1169,C2,0.15,0.0,0.03,2019,False,False,False,2062
T1170,C2,0.15,0.0,0.03,2020,False,False,False,809
T1171,C2,0.15,0.0,0.03,2021,False,False,False,2213
T1172,C2,0.15,0.0,0.03,2022,False,False,False,1442
T1173,C2,0.15,0.0,0.03,2023,False,False,False,2084
T1174,C2,0.15,0.0,0.03,2024,False,False,False,928
T1175,C2,0.15,0.0,0.03,2025,False,False,False,1658
T1176,C2,0.15,0.0,0.03,2026,False,False,False,1916
T1177,C2,0.15,0.0,0.03,2027,False,False,False,347
T1178,C2,0.15,0.0,0.03,2028,False,False,False,2557
T1179,C2,0.15,0.0,0.03,2029,False,False,False,1163
T1180,C2,0.15,0.0,0.03,2030,False,False,False,1008
T1181,C2,0.15,0.0,0.03,2031,False,False,False,623
T1182,C2,0.15,0.0,0.03,2032,False,False,False,2420
T1183,C2,0.15,0.0,0.03,2033,False,False,False,1125
T1184,C2,0.15,0.0,0.03,2034,False,False,False,867
T1185,C2,0.15,0.0,0.03,2035,False,False,False,16
T1186,C2,0.15,0.0,0.03,2036,False,False,False,3146
T1187,C2,0.15,0.0,0.03,2037,False,False,False,631
T1188,C2,0.15,0.0,0.03,2038,False,False,False,1812
T1189,C2,0.15,0.0,0.03,2039,False,False,False,1270
T1190,C2,0.15,0.0,0.03,2040,False,False,False,1110
T1191,C2,0.15,0.0,0.03,2041,False,False,False,488
T1192,C2,0.15,0.0,0.03,2042,False,False,False,2180
T1193,C2,0.15,0.0,0.03,2043,False,False,False,827
T1194,C2,0.15,0.0,0.03,2044,False,False,False,1350
T1195,C2,0.15,0.0,0.03,2045,False,False,False,740
T1196,C2,0.15,0.0,0.03,2046,False,False,False,892
T1197,C2,0.15,0.0,0.03,2047,False,False,False,980
T1198,C2,0.15,0.0,0.03,2048,False,False,False,1378
T1199,C2,0.15,0.0,0.03,2049,False,False,False,2834
T1200,C2,0.15,0.0,0.06,2000,False,False,False,2252
T1201,C2,0.15,0.0,0.06,2001,False,False,False,420
T1202,C2,0.15,0.0,0.06,2002,False,False,False,526
T1203,C2,0.15,0.0,0.06,2003,False,False,False,828
T1204,C2,0.15,0.0,0.06,2004,False,False,False,2619
T1205,C2,0.15,0.0,0.06,2005,False,False,False,624
T1206,C2,0.15,0.0,0.06,2006,False,False,False,3238
T1207,C2,0.15,0.0,0.06,2007,False,False,False,1704
T1208,C2,0.15,0.0,0.06,2008,False,False,False,2930
T1209,C2,0.15,0.0,0.06,2009,False,False,False,864
T1210,C2,0.15,0.0,0.06,2010,False,False,False,1684
T1211,C2,0.15,0.0,0.06,2011,False,False,False,2330
T1212,C2,0.15,0.0,0.06,2012,False,False,False,2652
T1213,C2,0.15,0.0,0.06,2013,False,False,False,726
T1214,C2,0.15,0.0,0.06,2014,False,False,False,3240
T1215,C2,0.15,0.0,0.06,2015,False,False,False,544
T1216,C2,0.15,0.0,0.06,2016,False,False,False,550
T1217,C2,0.15,0.0,0.06,2017,False,False,False,2072
T1218,C2,0.15,0.0,0.06,2018,False,False,False,2161
T1219,C2,0.15,0.0,0.06,2019,False,False,False,889
T1220,C2,0.15,0.0,0.06,2020,False,False,False,2693
T1221,C2,0.15,0.0,0.06,2021,False,False,False,615
T1222,C2,0.15,0.0,0.06,2022,False,False,False,965
T1223,C2,0.15,0.0,0.06,2023,False,False,False,2674
T1224,C2,0.15,0.0,0.06,2024,False,False,False,648
T1225,C2,0.15,0.0,0.06,2025,False,False,False,95
T1226,C2,0.15,0.0,0.06,2026,False,False,False,2013
T1227,C2,0.15,0.0,0.06,2027,False,False,False,336
T1228,C2,0.15,0.0,0.06,2028,False,False,False,273
T1229,C2,0.15,0.0,0.06,2029,False,False,False,2417
T1230,C2,0.15,0.0,0.06,2030,False,False,False,940
T1231,C2,0.15,0.0,0.06,2031,False,False,False,3123
T1232,C2,0.15,0.0,0.06,2032,False,False,False,123
T1233,C2,0.15,0.0,0.06,2033,False,False,False,2708
T1234,C2,0.15,0.0,0.06,2034,False,False,False,1176
T1235,C2,0.15,0.0,0.06,2035,False,False,False,1549
T1236,C2,0.15,0.0,0.06,2036,False,False,False,1404
T1237,C2,0.15,0.0,0.06,2037,False,False,False,802
T1238,C2,0.15,0.0,0.06,2038,False,False,False,868
T1239,C2,0.15,0.0,0.06,2039,False,False,False,2724
T1240,C2,0.15,0.0,0.06,2040,False,False,False,1895
T1241,C2,0.15,0.0,0.06,2041,False,False,False,1570
T1242,C2,0.15,0.0,0.06,2042,False,False,False,122
T1243,C2,0.15,0.0,0.06,2043,False,False,False,2122
T1244,C2,0.15,0.0,0.06,2044,False,False,False,541
T1245,C2,0.15,0.0,0.06,2045,False,False,False,1906
T1246,C2,0.15,0.0,0.06,2046,False,False,False,2232
T1247,C2,0.15,0.0,0.06,2047,False,False,False,1171
T1248,C2,0.15,0.0,0.06,2048,False,False,False,212
T1249,C2,0.15,0.0,0.06,2049,False,False,False,1824
T1250,C2,0.3,0.0,-0.06,2000,False,False,False,1513
T1251,C2,0.3,0.0,-0.06,2001,False,False,False,3142
T1252,C2,0.3,0.0,-0.06,2002,False,False,False,2419
T1253,C2,0.3,0.0,-0.06,2003,False,False,False,1834
T1254,C2,0.3,0.0,-0.06,2004,False,False,False,557
T1255,C2,0.3,0.0,-0.06,2005,False,False,False,76
T1256,C2,0.3,0.0,-0.06,2006,False,False,False,968
T1257,C2,0.3,0.0,-0.06,2007,False,False,False,223
T1258,C2,0.3,0.0,-0.06,2008,False,False,False,1170
T1259,C2,0.3,0.0,-0.06,2009,False,False,False,2147
T1260,C2,0.3,0.0,-0.06,2010,False,False,False,2678
T1261,C2,0.3,0.0,-0.06,2011,False,False,False,2672
T1262,C2,0.3,0.0,-0.06,2012,False,False,False,1706
T1263,C2,0.3,0.0,-0.06,2013,False,False,False,2768
T1264,C2,0.3,0.0,-0.06,2014,False,False,False,2315
T1265,C2,0.3,0.0,-0.06,2015,False,False,False,2246
T1266,C2,0.3,0.0,-0.06,2016,False,False,False,1767
T1267,C2,0.3,0.0,-0.06,2017,False,False,False,652
T1268,C2,0.3,0.0,-0.06,2018,False,False,False,2414
T1269,C2,0.3,0.0,-0.06,2019,False,False,False,3039
T1270,C2,0.3,0.0,-0.06,2020,False,False,False,1506
T1271,C2,0.3,0.0,-0.06,2021,False,False,False,2063
T1272,C2,0.3,0.0,-0.06,2022,False,False,False,1565
T1273,C2,0.3,0.0,-0.06,2023,False,False,False,1858
T1274,C2,0.3,0.0,-0.06,2024,False,False,False,3114
T1275,C2,0.3,0.0,-0.06,2025,False,False,False,2718
T1276,C2,0.3,0.0,-0.06,2026,False,False,False,1199
T1277,C2,0.3,0.0,-0.06,2027,False,False,False,198
T1278,C2,0.3,0.0,-0.06,2028,False,False,False,1730
T1279,C2,0.3,0.0,-0.06,2029,False,False,False,898
T1280,C2,0.3,0.0,-0.06,2030,False,False,False,609
T1281,C2,0.3,0.0,-0.06,2031,False,False,False,3009
T1282,C2,0.3,0.0,-0.06,2032,False,False,False,1505
T1283,C2,0.3,0.0,-0.06,2033,False,False,False,319
T1284,C2,0.3,0.0,-0.06,2034,False,False,False,1297
T1285,C2,0.3,0.0,-0.06,2035,False,False,False,1678
T1286,C2,0.3,0.0,-0.06,2036,False,False,False,2616
T1287,C2,0.3,0.0,-0.06,2037,False,False,False,1735
T1288,C2,0.3,0.0,-0.06,2038,False,False,False,874
T1289,C2,0.3,0.0,-0.06,2039,False,False,False,3079
T1290,C2,0.3,0.0,-0.06,2040,False,False,False,2343
T1291,C2,0.3,0.0,-0.06,2041,False,False,False,3102
T1292,C2,0.3,0.0,-0.06,2042,False,False,False,1487
T1293,C2,0.3,0.0,-0.06,2043,False,False,False,919
T1294,C2,0.3,0.0,-0.06,2044,False,False,False,406
T1295,C2,0.3,0.0,-0.06,2045,False,False,False,682
T1296,C2,0.3,0.0,-0.06,2046,False,False,False,2467
T1297,C2,0.3,0.0,-0.06,2047,False,False,False,702
T1298,C2,0.3,0.0,-0.06,2048,False,False,False,1475
T1299,C2,0.3,0.0,-0.06,2049,False,False,False,313
T1300,C2,0.3,0.0,-0.03,2000,False,False,False,862
T1301,C2,0.3,0.0,-0.03,2001,False,False,False,3234
T1302,C2,0.3,0.0,-0.03,2002,False,False,False,260
T1303,C2,0.3,0.0,-0.03,2003,False,False,False,114
T1304,C2,0.3,0.0,-0.03,2004,False,False,False,1873
T1305,C2,0.3,0.0,-0.03,2005,False,False,False,793
T1306,C2,0.3,0.0,-0.03,2006,False,False,False,3104
T1307,C2,0.3,0.0,-0.03,2007,False,False,False,1204
T1308,C2,0.3,0.0,-0.03,2008,False,False,False,1029
T1309,C2,0.3,0.0,-0.03,2009,False,False,False,2937
T1310,C2,0.3,0.0,-0.03,2010,False,False,False,3057
T1311,C2,0.3,0.0,-0.03,2011,False,False,False,975
T1312,C2,0.3,0.0,-0.03,2012,False,False,False,2938
T1313,C2,0.3,0.0,-0.03,2013,False,False,False,175
T1314,C2,0.3,0.0,-0.03,2014,False,False,False,3106
T1315,C2,0.3,0.0,-0.03,2015,False,False,False,1778
T1316,C2,0.3,0.0,-0.03,2016,False,False,False,1621
T1317,C2,0.3,0.0,-0.03,2017,False,False,False,1650
T1318,C2,0.3,0.0,-0.03,2018,False,False,False,1431
T1319,C2,0.3,0.0,-0.03,2019,False,False,False,846
T1320,C2,0.3,0.0,-0.03,2020,False,False,False,478
T1321,C2,0.3,0.0,-0.03,2021,False,False,False,239
T1322,C2,0.3,0.0,-0.03,2022,False,False,False,1843
T1323,C2,0.3,0.0,-0.03,2023,False,False,False,1318
T1324,C2,0.3,0.0,-0.03,2024,False,False,False,2713
T1325,C2,0.3,0.0,-0.03,2025,False,False,False,303
T1326,C2,0.3,0.0,-0.03,2026,False,False,False,2333
T1327,C2,0.3,0.0,-0.03,2027,False,False,False,654
T1328,C2,0.3,0.0,-0.03,2028,False,False,False,3128
T1329,C2,0.3,0.0,-0.03,2029,False,False,False,1685
T1330,C2,0.3,0.0,-0.03,2030,False,False,False,879
T1331,C2,0.3,0.0,-0.03,2031,False,False,False,1968
T1332,C2,0.3,0.0,-0.03,2032,False,False,False,2354
T1333,C2,0.3,0.0,-0.03,2033,False,False,False,1160
T1334,C2,0.3,0.0,-0.03,2034,False,False,False,1454
T1335,C2,0.3,0.0,-0.03,2035,False,False,False,2798
T1336,C2,0.3,0.0,-0.03,2036,False,False,False,2776
T1337,C2,0.3,0.0,-0.03,2037,False,False,False,1663
T1338,C2,0.3,0.0,-0.03,2038,False,False,False,1181
T1339,C2,0.3,0.0,-0.03,2039,False,False,False,1207
T1340,C2,0.3,0.0,-0.03,2040,False,False,False,2609
T1341,C2,0.3,0.0,-0.03,2041,False,False,False,2051
T1342,C2,0.3,0.0,-0.03,2042,False,False,False,704
T1343,C2,0.3,0.0,-0.03,2043,False,False,False,2816
T1344,C2,0.3,0.0,-0.03,2044,False,False,False,1845
T1345,C2,0.3,0.0,-0.03,2045,False,False,False,1249
T1346,C2,0.3,0.0,-0.03,2046,False,False,False,1038
T1347,C2,0.3,0.0,-0.03,2047,False,False,False,3204
T1348,C2,0.3,0.0,-0.03,2048,False,False,False,2129
T1349,C2,0.3,0.0,-0.03,2049,False,False,False,2892
T1350,C2,0.3,0.0,0.03,2000,False,False,False,1680
T1351,C2,0.3,0.0,0.03,2001,False,False,False,2469
T1352,C2,0.3,0.0,0.03,2002,False,False,False,2142
T1353,C2,0.3,0.0,0.03,2003,False,False,False,3035
T1354,C2,0.3,0.0,0.03,2004,False,False,False,1112
T1355,C2,0.3,0.0,0.03,2005,False,False,False,2550
T1356,C2,0.3,0.0,0.03,2006,False,False,False,3193
T1357,C2,0.3,0.0,0.03,2007,False,False,False,2735
T1358,C2,0.3,0.0,0.03,2008,False,False,False,2313
T1359,C2,0.3,0.0,0.03,2009,False,False,False,2876
T1360,C2,0.3,0.0,0.03,2010,False,False,False,1900
T1361,C2,0.3,0.0,0.03,2011,False,False,False,660
T1362,C2,0.3,0.0,0.03,2012,False,False,False,1903
T1363,C2,0.3,0.0,0.03,2013,False,False,False,3183
T1364,C2,0.3,0.0,0.03,2014,False,False,False,2533
T1365,C2,0.3,0.0,0.03,2015,False,False,False,2043
T1366,C2,0.3,0.0,0.03,2016,False,False,False,1001
T1367,C2,0.3,0.0,0.03,2017,False,False,False,1884
T1368,C2,0.3,0.0,0.03,2018,False,False,False,2615
T1369,C2,0.3,0.0,0.03,2019,False,False,False,2109
T1370,C2,0.3,0.0,0.03,2020,False,False,False,2010
T1371,C2,0.3,0.0,0.03,2021,False,False,False,3064
T1372,C2,0.3,0.0,0.03,2022,False,False,False,3200
T1373,C2,0.3,0.0,0.03,2023,False,False,False,3091
T1374,C2,0.3,0.0,0.03,2024,False,False,False,2368
T1375,C2,0.3,0.0,0.03,2025,False,False,False,1849
T1376,C2,0.3,0.0,0.03,2026,False,False,False,2208
T1377,C2,0.3,0.0,0.03,2027,False,False,False,2117
T1378,C2,0.3,0.0,0.03,2028,False,False,False,2521
T1379,C2,0.3,0.0,0.03,2029,False,False,False,2748
T1380,C2,0.3,0.0,0.03,2030,False,False,False,12
T1381,C2,0.3,0.0,0.03,2031,False,False,False,1779
T1382,C2,0.3,0.0,0.03,2032,False,False,False,963
T1383,C2,0.3,0.0,0.03,2033,False,False,False,2082
T1384,C2,0.3,0.0,0.03,2034,False,False,False,1913
T1385,C2,0.3,0.0,0.03,2035,False,False,False,1022
T1386,C2,0.3,0.0,0.03,2036,False,False,False,605
T1387,C2,0.3,0.0,0.03,2037,False,False,False,310
T1388,C2,0.3,0.0,0.03,2038,False,False,False,2294
T1389,C2,0.3,0.0,0.03,2039,False,False,False,1800
T1390,C2,0.3,0.0,0.03,2040,False,False,False,2638
T1391,C2,0.3,0.0,0.03,2041,False,False,False,2352
T1392,C2,0.3,0.0,0.03,2042,False,False,False,1517
T1393,C2,0.3,0.0,0.03,2043,False,False,False,403
T1394,C2,0.3,0.0,0.03,2044,False,False,False,2562
T1395,C2,0.3,0.0,0.03,2045,False,False,False,3030
T1396,C2,0.3,0.0,0.03,2046,False,False,False,1124
T1397,C2,0.3,0.0,0.03,2047,False,False,False,101
T1398,C2,0.3,0.0,0.03,2048,False,False,False,3113
T1399,C2,0.3,0.0,0.03,2049,False,False,False,671
T1400,C2,0.3,0.0,0.06,2000,False,False,False,1540
T1401,C2,0.3,0.0,0.06,2001,False,False,False,3108
T1402,C2,0.3,0.0,0.06,2002,False,False,False,483
T1403,C2,0.3,0.0,0.06,2003,False,False,False,1343
T1404,C2,0.3,0.0,0.06,2004,False,False,False,1164
T1405,C2,0.3,0.0,0.06,2005,False,False,False,1032
T1406,C2,0.3,0.0,0.06,2006,False,False,False,2601
T1407,C2,0.3,0.0,0.06,2007,False,False,False,17
T1408,C2,0.3,0.0,0.06,2008,False,False,False,2337
T1409,C2,0.3,0.0,0.06,2009,False,False,False,147
T1410,C2,0.3,0.0,0.06,2010,False,False,False,471
T1411,C2,0.3,0.0,0.06,2011,False,False,False,952
T1412,C2,0.3,0.0,0.06,2012,False,False,False,339
T1413,C2,0.3,0.0,0.06,2013,False,False,False,1090
T1414,C2,0.3,0.0,0.06,2014,False,False,False,754
T1415,C2,0.3,0.0,0.06,2015,False,False,False,1213
T1416,C2,0.3,0.0,0.06,2016,False,False,False,1326
T1417,C2,0.3,0.0,0.06,2017,False,False,False,985
T1418,C2,0.3,0.0,0.06,2018,False,False,False,2677
T1419,C2,0.3,0.0,0.06,2019,False,False,False,3002
T1420,C2,0.3,0.0,0.06,2020,False,False,False,1448
T1421,C2,0.3,0.0,0.06,2021,False,False,False,1324
T1422,C2,0.3,0.0,0.06,2022,False,False,False,3189
T1423,C2,0.3,0.0,0.06,2023,False,False,False,2909
T1424,C2,0.3,0.0,0.06,2024,False,False,False,2278
T1425,C2,0.3,0.0,0.06,2025,False,False,False,183
T1426,C2,0.3,0.0,0.06,2026,False,False,False,1654
T1427,C2,0.3,0.0,0.06,2027,False,False,False,2016
T1428,C2,0.3,0.0,0.06,2028,False,False,False,1622
T1429,C2,0.3,0.0,0.06,2029,False,False,False,1934
T1430,C2,0.3,0.0,0.06,2030,False,False,False,412
T1431,C2,0.3,0.0,0.06,2031,False,False,False,2681
T1432,C2,0.3,0.0,0.06,2032,False,False,False,271
T1433,C2,0.3,0.0,0.06,2033,False,False,False,1283
T1434,C2,0.3,0.0,0.06,2034,False,False,False,208
T1435,C2,0.3,0.0,0.06,2035,False,False,False,1045
T1436,C2,0.3,0.0,0.06,2036,False,False,False,1438
T1437,C2,0.3,0.0,0.06,2037,False,False,False,2154
T1438,C2,0.3,0.0,0.06,2038,False,False,False,926
T1439,C2,0.3,0.0,0.06,2039,False,False,False,1349
T1440,C2,0.3,0.0,0.06,2040,False,False,False,3121
T1441,C2,0.3,0.0,0.06,2041,False,False,False,2639
T1442,C2,0.3,0.0,0.06,2042,False,False,False,2466
T1443,C2,0.3,0.0,0.06,2043,False,False,False,583
T1444,C2,0.3,0.0,0.06,2044,False,False,False,340
T1445,C2,0.3,0.0,0.06,2045,False,False,False,1468
T1446,C2,0.3,0.0,0.06,2046,False,False,False,1946
T1447,C2,0.3,0.0,0.06,2047,False,False,False,75
T1448,C2,0.3,0.0,0.06,2048,False,False,False,1620
T1449,C2,0.3,0.0,0.06,2049,False,False,False,2473
T1450,C2,0.45,0.0,-0.06,2000,False,False,False,2981
T1451,C2,0.45,0.0,-0.06,2001,False,False,False,1311
T1452,C2,0.45,0.0,-0.06,2002,False,False,False,2887
T1453,C2,0.45,0.0,-0.06,2003,False,False,False,120
T1454,C2,0.45,0.0,-0.06,2004,False,False,False,3143
T1455,C2,0.45,0.0,-0.06,2005,False,False,False,676
T1456,C2,0.45,0.0,-0.06,2006,False,False,False,3021
T1457,C2,0.45,0.0,-0.06,2007,False,False,False,1712
T1458,C2,0.45,0.0,-0.06,2008,False,False,False,2655
T1459,C2,0.45,0.0,-0.06,2009,False,False,False,1832
T1460,C2,0.45,0.0,-0.06,2010,False,False,False,1098
T1461,C2,0.45,0.0,-0.06,2011,False,False,False,3014
T1462,C2,0.45,0.0,-0.06,2012,False,False,False,87
T1463,C2,0.45,0.0,-0.06,2013,False,False,False,238
T1464,C2,0.45,0.0,-0.06,2014,False,False,False,1841
T1465,C2,0.45,0.0,-0.06,2015,False,False,False,1855
T1466,C2,0.45,0.0,-0.06,2016,False,False,False,165
T1467,C2,0.45,0.0,-0.06,2017,False,False,False,2642
T1468,C2,0.45,0.0,-0.06,2018,False,False,False,1511
T1469,C2,0.45,0.0,-0.06,2019,False,False,False,1093
T1470,C2,0.45,0.0,-0.06,2020,False,False,False,1342
T1471,C2,0.45,0.0,-0.06,2021,False,False,False,125
T1472,C2,0.45,0.0,-0.06,2022,False,False,False,2472
T1473,C2,0.45,0.0,-0.06,2023,False,False,False,2360
T1474,C2,0.45,0.0,-0.06,2024,False,False,False,2265
T1475,C2,0.45,0.0,-0.06,2025,False,False,False,1140
T1476,C2,0.45,0.0,-0.06,2026,False,False,False,156
T1477,C2,0.45,0.0,-0.06,2027,False,False,False,2590
T1478,C2,0.45,0.0,-0.06,2028,False,False,False,636
T1479,C2,0.45,0.0,-0.06,2029,False,False,False,462
T1480,C2,0.45,0.0,-0.06,2030,False,False,False,2064
T1481,C2,0.45,0.0,-0.06,2031,False,False,False,2067
T1482,C2,0.45,0.0,-0.06,2032,False,False,False,638
T1483,C2,0.45,0.0,-0.06,2033,False,False,False,1320
T1484,C2,0.45,0.0,-0.06,2034,False,False,False,2309
T1485,C2,0.45,0.0,-0.06,2035,False,False,False,3151
T1486,C2,0.45,0.0,-0.06,2036,False,False,False,2540
T1487,C2,0.45,0.0,-0.06,2037,False,False,False,2450
T1488,C2,0.45,0.0,-0.06,2038,False,False,False,2137
T1489,C2,0.45,0.0,-0.06,2039,False,False,False,3089
T1490,C2,0.45,0.0,-0.06,2040,False,False,False,1405
T1491,C2,0.45,0.0,-0.06,2041,False,False,False,1054
T1492,C2,0.45,0.0,-0.06,2042,False,False,False,2593
T1493,C2,0.45,0.0,-0.06,2043,False,False,False,24
T1494,C2,0.45,0.0,-0.06,2044,False,False,False,658
T1495,C2,0.45,0.0,-0.06,2045,False,False,False,1027
T1496,C2,0.45,0.0,-0.06,2046,False,False,False,1878
T1497,C2,0.45,0.0,-0.06,2047,False,False,False,3293
T1498,C2,0.45,0.0,-0.06,2048,False,False,False,2288
T1499,C2,0.45,0.0,-0.06,2049,False,False,False,1298
T1500,C2,0.45,0.0,-0.03,2000,False,False,False,1257
T1501,C2,0.45,0.0,-0.03,2001,False,False,False,246
T1502,C2,0.45,0.0,-0.03,2002,False,False,False,135
T1503,C2,0.45,0.0,-0.03,2003,False,False,False,142
T1504,C2,0.45,0.0,-0.03,2004,False,False,False,594
T1505,C2,0.45,0.0,-0.03,2005,False,False,False,883
T1506,C2,0.45,0.0,-0.03,2006,False,False,False,1708
T1507,C2,0.45,0.0,-0.03,2007,False,False,False,1368
T1508,C2,0.45,0.0,-0.03,2008,False,False,False,2192
T1509,C2,0.45,0.0,-0.03,2009,False,False,False,1993
T1510,C2,0.45,0.0,-0.03,2010,False,False,False,2056
T1511,C2,0.45,0.0,-0.03,2011,False,False,False,923
T1512,C2,0.45,0.0,-0.03,2012,False,False,False,2904
T1513,C2,0.45,0.0,-0.03,2013,False,False,False,1740
T1514,C2,0.45,0.0,-0.03,2014,False,False,False,2605
T1515,C2,0.45,0.0,-0.03,2015,False,False,False,1396
T1516,C2,0.45,0.0,-0.03,2016,False,False,False,1285
T1517,C2,0.45,0.0,-0.03,2017,False,False,False,848
T1518,C2,0.45,0.0,-0.03,2018,False,False,False,3028
T1519,C2,0.45,0.0,-0.03,2019,False,False,False,193
T1520,C2,0.45,0.0,-0.03,2020,False,False,False,115
T1521,C2,0.45,0.0,-0.03,2021,False,False,False,40
T1522,C2,0.45,0.0,-0.03,2022,False,False,False,1280
T1523,C2,0.45,0.0,-0.03,2023,False,False,False,2669
T1524,C2,0.45,0.0,-0.03,2024,False,False,False,2212
T1525,C2,0.45,0.0,-0.03,2025,False,False,False,1303
T1526,C2,0.45,0.0,-0.03,2026,False,False,False,708
T1527,C2,0.45,0.0,-0.03,2027,False,False,False,1190
T1528,C2,0.45,0.0,-0.03,2028,False,False,False,2668
T1529,C2,0.45,0.0,-0.03,2029,False,False,False,2371
T1530,C2,0.45,0.0,-0.03,2030,False,False,False,3179
T1531,C2,0.45,0.0,-0.03,2031,False,False,False,2591
T1532,C2,0.45,0.0,-0.03,2032,False,False,False,1499
T1533,C2,0.45,0.0,-0.03,2033,False,False,False,1033
T1534,C2,0.45,0.0,-0.03,2034,False,False,False,1967
T1535,C2,0.45,0.0,-0.03,2035,False,False,False,1681
T1536,C2,0.45,0.0,-0.03,2036,False,False,False,2508
T1537,C2,0.45,0.0,-0.03,2037,False,False,False,1929
T1538,C2,0.45,0.0,-0.03,2038,False,False,False,1868
T1539,C2,0.45,0.0,-0.03,2039,False,False,False,2041
T1540,C2,0.45,0.0,-0.03,2040,False,False,False,374
T1541,C2,0.45,0.0,-0.03,2041,False,False,False,581
T1542,C2,0.45,0.0,-0.03,2042,False,False,False,1169
T1543,C2,0.45,0.0,-0.03,2043,False,False,False,255
T1544,C2,0.45,0.0,-0.03,2044,False,False,False,1989
T1545,C2,0.45,0.0,-0.03,2045,False,False,False,451
T1546,C2,0.45,0.0,-0.03,2046,False,False,False,1126
T1547,C2,0.45,0.0,-0.03,2047,False,False,False,1082
T1548,C2,0.45,0.0,-0.03,2048,False,False,False,119
T1549,C2,0.45,0.0,-0.03,2049,False,False,False,1927
T1550,C2,0.45,0.0,0.03,2000,False,False,False,1846
T1551,C2,0.45,0.0,0.03,2001,False,False,False,1200
T1552,C2,0.45,0.0,0.03,2002,False,False,False,2777
T1553,C2,0.45,0.0,0.03,2003,False,False,False,596
T1554,C2,0.45,0.0,0.03,2004,False,False,False,2987
T1555,C2,0.45,0.0,0.03,2005,False,False,False,1338
T1556,C2,0.45,0.0,0.03,2006,False,False,False,1136
T1557,C2,0.45,0.0,0.03,2007,False,False,False,1175
T1558,C2,0.45,0.0,0.03,2008,False,False,False,716
T1559,C2,0.45,0.0,0.03,2009,False,False,False,2573
T1560,C2,0.45,0.0,0.03,2010,False,False,False,2592
T1561,C2,0.45,0.0,0.03,2011,False,False,False,834
T1562,C2,0.45,0.0,0.03,2012,False,False,False,517
T1563,C2,0.45,0.0,0.03,2013,False,False,False,2849
T1564,C2,0.45,0.0,0.03,2014,False,False,False,3132
T1565,C2,0.45,0.0,0.03,2015,False,False,False,1749
T1566,C2,0.45,0.0,0.03,2016,False,False,False,1289
T1567,C2,0.45,0.0,0.03,2017,False,False,False,2560
T1568,C2,0.45,0.0,0.03,2018,False,False,False,2435
T1569,C2,0.45,0.0,0.03,2019,False,False,False,2539
T1570,C2,0.45,0.0,0.03,2020,False,False,False,2326
T1571,C2,0.45,0.0,0.03,2021,False,False,False,57
T1572,C2,0.45,0.0,0.03,2022,False,False,False,953
T1573,C2,0.45,0.0,0.03,2023,False,False,False,2836
T1574,C2,0.45,0.0,0.03,2024,False,False,False,857
T1575,C2,0.45,0.0,0.03,2025,False,False,False,1361
T1576,C2,0.45,0.0,0.03,2026,False,False,False,2829
T1577,C2,0.45,0.0,0.03,2027,False,False,False,1295
T1578,C2,0.45,0.0,0.03,2028,False,False,False,2276
T1579,C2,0.45,0.0,0.03,2029,False,False,False,2444
T1580,C2,0.45,0.0,0.03,2030,False,False,False,247
T1581,C2,0.45,0.0,0.03,2031,False,False,False,2145
T1582,C2,0.45,0.0,0.03,2032,False,False,False,768
T1583,C2,0.45,0.0,0.03,2033,False,False,False,2005
T1584,C2,0.45,0.0,0.03,2034,False,False,False,2561
T1585,C2,0.45,0.0,0.03,2035,False,False,False,2282
T1586,C2,0.45,0.0,0.03,2036,False,False,False,3004
T1587,C2,0.45,0.0,0.03,2037,False,False,False,245
T1588,C2,0.45,0.0,0.03,2038,False,False,False,2397
T1589,C2,0.45,0.0,0.03,2039,False,False,False,3024
T1590,C2,0.45,0.0,0.03,2040,False,False,False,3058
T1591,C2,0.45,0.0,0.03,2041,False,False,False,1745
T1592,C2,0.45,0.0,0.03,2042,False,False,False,1221
T1593,C2,0.45,0.0,0.03,2043,False,False,False,2366
T1594,C2,0.45,0.0,0.03,2044,False,False,False,1197
T1595,C2,0.45,0.0,0.03,2045,False,False,False,2948
T1596,C2,0.45,0.0,0.03,2046,False,False,False,154
T1597,C2,0.45,0.0,0.03,2047,False,False,False,2222
T1598,C2,0.45,0.0,0.03,2048,False,False,False,2920
T1599,C2,0.45,0.0,0.03,2049,False,False,False,2157
T1600,C2,0.45,0.0,0.06,2000,False,False,False,2852
T1601,C2,0.45,0.0,0.06,2001,False,False,False,523
T1602,C2,0.45,0.0,0.06,2002,False,False,False,1596
T1603,C2,0.45,0.0,0.06,2003,False,False,False,2150
T1604,C2,0.45,0.0,0.06,2004,False,False,False,194
T1605,C2,0.45,0.0,0.06,2005,False,False,False,381
T1606,C2,0.45,0.0,0.06,2006,False,False,False,149
T1607,C2,0.45,0.0,0.06,2007,False,False,False,2581
T1608,C2,0.45,0.0,0.06,2008,False,False,False,832
T1609,C2,0.45,0.0,0.06,2009,False,False,False,1018
T1610,C2,0.45,0.0,0.06,2010,False,False,False,812
T1611,C2,0.45,0.0,0.06,2011,False,False,False,13
T1612,C2,0.45,0.0,0.06,2012,False,False,False,482
T1613,C2,0.45,0.0,0.06,2013,False,False,False,2945
T1614,C2,0.45,0.0,0.06,2014,False,False,False,69
T1615,C2,0.45,0.0,0.06,2015,False,False,False,3069
T1616,C2,0.45,0.0,0.06,2016,False,False,False,2464
T1617,C2,0.45,0.0,0.06,2017,False,False,False,393
T1618,C2,0.45,0.0,0.06,2018,False,False,False,2865
T1619,C2,0.45,0.0,0.06,2019,False,False,False,3284
T1620,C2,0.45,0.0,0.06,2020,False,False,False,861
T1621,C2,0.45,0.0,0.06,2021,False,False,False,1541
T1622,C2,0.45,0.0,0.06,2022,False,False,False,3259
T1623,C2,0.45,0.0,0.06,2023,False,False,False,2052
T1624,C2,0.45,0.0,0.06,2024,False,False,False,3227
T1625,C2,0.45,0.0,0.06,2025,False,False,False,3228
T1626,C2,0.45,0.0,0.06,2026,False,False,False,1801
T1627,C2,0.45,0.0,0.06,2027,False,False,False,1743
T1628,C2,0.45,0.0,0.06,2028,False,False,False,3029
T1629,C2,0.45,0.0,0.06,2029,False,False,False,387
T1630,C2,0.45,0.0,0.06,2030,False,False,False,269
T1631,C2,0.45,0.0,0.06,2031,False,False,False,2432
T1632,C2,0.45,0.0,0.06,2032,False,False,False,1325
T1633,C2,0.45,0.0,0.06,2033,False,False,False,1789
T1634,C2,0.45,0.0,0.06,2034,False,False,False,2660
T1635,C2,0.45,0.0,0.06,2035,False,False,False,1080
T1636,C2,0.45,0.0,0.06,2036,False,False,False,1821
T1637,C2,0.45,0.0,0.06,2037,False,False,False,653
T1638,C2,0.45,0.0,0.06,2038,False,False,False,2097
T1639,C2,0.45,0.0,0.06,2039,False,False,False,218
T1640,C2,0.45,0.0,0.06,2040,False,False,False,2396
T1641,C2,0.45,0.0,0.06,2041,False,False,False,2223
T1642,C2,0.45,0.0,0.06,2042,False,False,False,2522
T1643,C2,0.45,0.0,0.06,2043,False,False,False,1057
T1644,C2,0.45,0.0,0.06,2044,False,False,False,2845
T1645,C2,0.45,0.0,0.06,2045,False,False,False,209
T1646,C2,0.45,0.0,0.06,2046,False,False,False,1134
T1647,C2,0.45,0.0,0.06,2047,False,False,False,148
T1648,C2,0.45,0.0,0.06,2048,False,False,False,1316
T1649,C2,0.45,0.0,0.06,2049,False,False,False,2963
T1650,C3,0.15,0.0,0.0,2000,False,False,True,2691
T1651,C3,0.15,0.0,0.0,2001,False,False,True,1955
T1652,C3,0.15,0.0,0.0,2002,False,False,True,2196
T1653,C3,0.15,0.0,0.0,2003,False,False,True,1984
T1654,C3,0.15,0.0,0.0,2004,False,False,True,1146
T1655,C3,0.15,0.0,0.0,2005,False,False,True,2529
T1656,C3,0.15,0.0,0.0,2006,False,False,True,2694
T1657,C3,0.15,0.0,0.0,2007,False,False,True,2066
T1658,C3,0.15,0.0,0.0,2008,False,False,True,334
T1659,C3,0.15,0.0,0.0,2009,False,False,True,1919
T1660,C3,0.15,0.0,0.0,2010,False,False,True,1733
T1661,C3,0.15,0.0,0.0,2011,False,False,True,1802
T1662,C3,0.15,0.0,0.0,2012,False,False,True,2812
T1663,C3,0.15,0.0,0.0,2013,False,False,True,2302
T1664,C3,0.15,0.0,0.0,2014,False,False,True,1296
T1665,C3,0.15,0.0,0.0,2015,False,False,True,1240
T1666,C3,0.15,0.0,0.0,2016,False,False,True,3068
T1667,C3,0.15,0.0,0.0,2017,False,False,True,2108
T1668,C3,0.15,0.0,0.0,2018,False,False,True,3159
T1669,C3,0.15,0.0,0.0,2019,False,False,True,55
T1670,C3,0.15,0.0,0.0,2020,False,False,True,235
T1671,C3,0.15,0.0,0.0,2021,False,False,True,436
T1672,C3,0.15,0.0,0.0,2022,False,False,True,300
T1673,C3,0.15,0.0,0.0,2023,False,False,True,162
T1674,C3,0.15,0.0,0.0,2024,False,False,True,3149
T1675,C3,0.15,0.0,0.0,2025,False,False,True,2478
T1676,C3,0.15,0.0,0.0,2026,False,False,True,64
T1677,C3,0.15,0.0,0.0,2027,False,False,True,1839
T1678,C3,0.15,0.0,0.0,2028,False,False,True,1905
T1679,C3,0.15,0.0,0.0,2029,False,False,True,276
T1680,C3,0.15,0.0,0.0,2030,False,False,True,2772
T1681,C3,0.15,0.0,0.0,2031,False,False,True,1874
T1682,C3,0.15,0.0,0.0,2032,False,False,True,2025
T1683,C3,0.15,0.0,0.0,2033,False,False,True,2488
T1684,C3,0.15,0.0,0.0,2034,False,False,True,327
T1685,C3,0.15,0.0,0.0,2035,False,False,True,559
T1686,C3,0.15,0.0,0.0,2036,False,False,True,1642
T1687,C3,0.15,0.0,0.0,2037,False,False,True,780
T1688,C3,0.15,0.0,0.0,2038,False,False,True,683
T1689,C3,0.15,0.0,0.0,2039,False,False,True,553
T1690,C3,0.15,0.0,0.0,2040,False,False,True,2500
T1691,C3,0.15,0.0,0.0,2041,False,False,True,1627
T1692,C3,0.15,0.0,0.0,2042,False,False,True,2966
T1693,C3,0.15,0.0,0.0,2043,False,False,True,3219
T1694,C3,0.15,0.0,0.0,2044,False,False,True,2714
T1695,C3,0.15,0.0,0.0,2045,False,False,True,352
T1696,C3,0.15,0.0,0.0,2046,False,False,True,850
T1697,C3,0.15,0.0,0.0,2047,False,False,True,2440
T1698,C3,0.15,0.0,0.0,2048,False,False,True,82
T1699,C3,0.15,0.0,0.0,2049,False,False,True,1310
T1700,C3,0.3,0.0,0.0,2000,False,False,True,348
T1701,C3,0.3,0.0,0.0,2001,False,False,True,2884
T1702,C3,0.3,0.0,0.0,2002,False,False,True,564
T1703,C3,0.3,0.0,0.0,2003,False,False,True,807
T1704,C3,0.3,0.0,0.0,2004,False,False,True,765
T1705,C3,0.3,0.0,0.0,2005,False,False,True,1829
T1706,C3,0.3,0.0,0.0,2006,False,False,True,2844
T1707,C3,0.3,0.0,0.0,2007,False,False,True,1640
T1708,C3,0.3,0.0,0.0,2008,False,False,True,1687
T1709,C3,0.3,0.0,0.0,2009,False,False,True,113
T1710,C3,0.3,0.0,0.0,2010,False,False,True,4
T1711,C3,0.3,0.0,0.0,2011,False,False,True,2504
T1712,C3,0.3,0.0,0.0,2012,False,False,True,311
T1713,C3,0.3,0.0,0.0,2013,False,False,True,2319
T1714,C3,0.3,0.0,0.0,2014,False,False,True,2684
T1715,C3,0.3,0.0,0.0,2015,False,False,True,1893
T1716,C3,0.3,0.0,0.0,2016,False,False,True,1427
T1717,C3,0.3,0.0,0.0,2017,False,False,True,1155
T1718,C3,0.3,0.0,0.0,2018,False,False,True,1600
T1719,C3,0.3,0.0,0.0,2019,False,False,True,1936
T1720,C3,0.3,0.0,0.0,2020,False,False,True,2509
T1721,C3,0.3,0.0,0.0,2021,False,False,True,2240
T1722,C3,0.3,0.0,0.0,2022,False,False,True,177
T1723,C3,0.3,0.0,0.0,2023,False,False,True,2797
T1724,C3,0.3,0.0,0.0,2024,False,False,True,1752
T1725,C3,0.3,0.0,0.0,2025,False,False,True,503
T1726,C3,0.3,0.0,0.0,2026,False,False,True,2390
T1727,C3,0.3,0.0,0.0,2027,False,False,True,1099
T1728,C3,0.3,0.0,0.0,2028,False,False,True,587
T1729,C3,0.3,0.0,0.0,2029,False,False,True,1703
T1730,C3,0.3,0.0,0.0,2030,False,False,True,2519
T1731,C3,0.3,0.0,0.0,2031,False,False,True,2407
T1732,C3,0.3,0.0,0.0,2032,False,False,True,566
T1733,C3,0.3,0.0,0.0,2033,False,False,True,1633
T1734,C3,0.3,0.0,0.0,2034,False,False,True,1603
T1735,C3,0.3,0.0,0.0,2035,False,False,True,1755
T1736,C3,0.3,0.0,0.0,2036,False,False,True,2719
T1737,C3,0.3,0.0,0.0,2037,False,False,True,449
T1738,C3,0.3,0.0,0.0,2038,False,False,True,674
T1739,C3,0.3,0.0,0.0,2039,False,False,True,2320
T1740,C3,0.3,0.0,0.0,2040,False,False,True,2342
T1741,C3,0.3,0.0,0.0,2041,False,False,True,2198
T1742,C3,0.3,0.0,0.0,2042,False,False,True,2502
T1743,C3,0.3,0.0,0.0,2043,False,False,True,1491
T1744,C3,0.3,0.0,0.0,2044,False,False,True,3230
T1745,C3,0.3,0.0,0.0,2045,False,False,True,2934
T1746,C3,0.3,0.0,0.0,2046,False,False,True,428
T1747,C3,0.3,0.0,0.0,2047,False,False,True,1940
T1748,C3,0.3,0.0,0.0,2048,False,False,True,1407
T1749,C3,0.3,0.0,0.0,2049,False,False,True,3220
T1750,C3,0.45,0.0,0.0,2000,False,False,True,60
T1751,C3,0.45,0.0,0.0,2001,False,False,True,1670
T1752,C3,0.45,0.0,0.0,2002,False,False,True,606
T1753,C3,0.45,0.0,0.0,2003,False,False,True,987
T1754,C3,0.45,0.0,0.0,2004,False,False,True,1162
T1755,C3,0.45,0.0,0.0,2005,False,False,True,1410
T1756,C3,0.45,0.0,0.0,2006,False,False,True,743
T1757,C3,0.45,0.0,0.0,2007,False,False,True,1417
T1758,C3,0.45,0.0,0.0,2008,False,False,True,2741
T1759,C3,0.45,0.0,0.0,2009,False,False,True,691
T1760,C3,0.45,0.0,0.0,2010,False,False,True,1258
T1761,C3,0.45,0.0,0.0,2011,False,False,True,774
T1762,C3,0.45,0.0,0.0,2012,False,False,True,2077
T1763,C3,0.45,0.0,0.0,2013,False,False,True,2819
T1764,C3,0.45,0.0,0.0,2014,False,False,True,221
T1765,C3,0.45,0.0,0.0,2015,False,False,True,2285
T1766,C3,0.45,0.0,0.0,2016,False,False,True,173
T1767,C3,0.45,0.0,0.0,2017,False,False,True,2957
T1768,C3,0.45,0.0,0.0,2018,False,False,True,356
T1769,C3,0.45,0.0,0.0,2019,False,False,True,18
T1770,C3,0.45,0.0,0.0,2020,False,False,True,2234
T1771,C3,0.45,0.0,0.0,2021,False,False,True,2637
T1772,C3,0.45,0.0,0.0,2022,False,False,True,1363
T1773,C3,0.45,0.0,0.0,2023,False,False,True,295
T1774,C3,0.45,0.0,0.0,2024,False,False,True,3297
T1775,C3,0.45,0.0,0.0,2025,False,False,True,2625
T1776,C3,0.45,0.0,0.0,2026,False,False,True,2935
T1777,C3,0.45,0.0,0.0,2027,False,False,True,755
T1778,C3,0.45,0.0,0.0,2028,False,False,True,1055
T1779,C3,0.45,0.0,0.0,2029,False,False,True,546
T1780,C3,0.45,0.0,0.0,2030,False,False,True,737
T1781,C3,0.45,0.0,0.0,2031,False,False,True,1926
T1782,C3,0.45,0.0,0.0,2032,False,False,True,513
T1783,C3,0.45,0.0,0.0,2033,False,False,True,822
T1784,C3,0.45,0.0,0.0,2034,False,False,True,2026
T1785,C3,0.45,0.0,0.0,2035,False,False,True,495
T1786,C3,0.45,0.0,0.0,2036,False,False,True,1374
T1787,C3,0.45,0.0,0.0,2037,False,False,True,1979
T1788,C3,0.45,0.0,0.0,2038,False,False,True,1863
T1789,C3,0.45,0.0,0.0,2039,False,False,True,2541
T1790,C3,0.45,0.0,0.0,2040,False,False,True,823
T1791,C3,0.45,0.0,0.0,2041,False,False,True,479
T1792,C3,0.45,0.0,0.0,2042,False,False,True,771
T1793,C3,0.45,0.0,0.0,2043,False,False,True,1005
T1794,C3,0.45,0.0,0.0,2044,False,False,True,901
T1795,C3,0.45,0.0,0.0,2045,False,False,True,2647
T1796,C3,0.45,0.0,0.0,2046,False,False,True,2284
T1797,C3,0.45,0.0,0.0,2047,False,False,True,3134
T1798,C3,0.45,0.0,0.0,2048,False,False,True,1275
T1799,C3,0.45,0.0,0.0,2049,False,False,True,2014
T1800,C4,0.15,25.0,0.0,2000,True,False,False,63
T1801,C4,0.15,25.0,0.0,2001,True,False,False,568
T1802,C4,0.15,25.0,0.0,2002,True,False,False,1406
T1803,C4,0.15,25.0,0.0,2003,True,False,False,1488
T1804,C4,0.15,25.0,0.0,2004,True,False,False,1202
T1805,C4,0.15,25.0,0.0,2005,True,False,False,3031
T1806,C4,0.15,25.0,0.0,2006,True,False,False,2612
T1807,C4,0.15,25.0,0.0,2007,True,False,False,1510
T1808,C4,0.15,25.0,0.0,2008,True,False,False,2835
T1809,C4,0.15,25.0,0.0,2009,True,False,False,3120
T1810,C4,0.15,25.0,0.0,2010,True,False,False,2717
T1811,C4,0.15,25.0,0.0,2011,True,False,False,3266
T1812,C4,0.15,25.0,0.0,2012,True,False,False,1959
T1813,C4,0.15,25.0,0.0,2013,True,False,False,2548
T1814,C4,0.15,25.0,0.0,2014,True,False,False,797
T1815,C4,0.15,25.0,0.0,2015,True,False,False,1820
T1816,C4,0.15,25.0,0.0,2016,True,False,False,176
T1817,C4,0.15,25.0,0.0,2017,True,False,False,1501
T1818,C4,0.15,25.0,0.0,2018,True,False,False,3222
T1819,C4,0.15,25.0,0.0,2019,True,False,False,2830
T1820,C4,0.15,25.0,0.0,2020,True,False,False,2040
T1821,C4,0.15,25.0,0.0,2021,True,False,False,973
T1822,C4,0.15,25.0,0.0,2022,True,False,False,1117
T1823,C4,0.15,25.0,0.0,2023,True,False,False,422
T1824,C4,0.15,25.0,0.0,2024,True,False,False,109
T1825,C4,0.15,25.0,0.0,2025,True,False,False,99
T1826,C4,0.15,25.0,0.0,2026,True,False,False,2439
T1827,C4,0.15,25.0,0.0,2027,True,False,False,785
T1828,C4,0.15,25.0,0.0,2028,True,False,False,219
T1829,C4,0.15,25.0,0.0,2029,True,False,False,3044
T1830,C4,0.15,25.0,0.0,2030,True,False,False,1168
T1831,C4,0.15,25.0,0.0,2031,True,False,False,2211
T1832,C4,0.15,25.0,0.0,2032,True,False,False,3208
T1833,C4,0.15,25.0,0.0,2033,True,False,False,1725
T1834,C4,0.15,25.0,0.0,2034,True,False,False,2357
T1835,C4,0.15,25.0,0.0,2035,True,False,False,3185
T1836,C4,0.15,25.0,0.0,2036,True,False,False,2293
T1837,C4,0.15,25.0,0.0,2037,True,False,False,2881
T1838,C4,0.15,25.0,0.0,2038,True,False,False,626
T1839,C4,0.15,25.0,0.0,2039,True,False,False,375
T1840,C4,0.15,25.0,0.0,2040,True,False,False,1986
T1841,C4,0.15,25.0,0.0,2041,True,False,False,573
T1842,C4,0.15,25.0,0.0,2042,True,False,False,808
T1843,C4,0.15,25.0,0.0,2043,True,False,False,501
T1844,C4,0.15,25.0,0.0,2044,True,False,False,2065
T1845,C4,0.15,25.0,0.0,2045,True,False,False,2411
T1846,C4,0.15,25.0,0.0,2046,True,False,False,1206
T1847,C4,0.15,25.0,0.0,2047,True,False,False,3155
T1848,C4,0.15,25.0,0.0,2048,True,False,False,2057
T1849,C4,0.15,25.0,0.0,2049,True,False,False,304
T1850,C4,0.15,50.0,0.0,2000,True,False,False,3082
T1851,C4,0.15,50.0,0.0,2001,True,False,False,2837
T1852,C4,0.15,50.0,0.0,2002,True,False,False,51
T1853,C4,0.15,50.0,0.0,2003,True,False,False,2394
T1854,C4,0.15,50.0,0.0,2004,True,False,False,2413
T1855,C4,0.15,50.0,0.0,2005,True,False,False,2459
T1856,C4,0.15,50.0,0.0,2006,True,False,False,913
T1857,C4,0.15,50.0,0.0,2007,True,False,False,2060
T1858,C4,0.15,50.0,0.0,2008,True,False,False,266
T1859,C4,0.15,50.0,0.0,2009,True,False,False,1875
T1860,C4,0.15,50.0,0.0,2010,True,False,False,200
T1861,C4,0.15,50.0,0.0,2011,True,False,False,2162
T1862,C4,0.15,50.0,0.0,2012,True,False,False,538
T1863,C4,0.15,50.0,0.0,2013,True,False,False,29
T1864,C4,0.15,50.0,0.0,2014,True,False,False,8
T1865,C4,0.15,50.0,0.0,2015,True,False,False,810
T1866,C4,0.15,50.0,0.0,2016,True,False,False,1590
T1867,C4,0.15,50.0,0.0,2017,True,False,False,1534
T1868,C4,0.15,50.0,0.0,2018,True,False,False,2118
T1869,C4,0.15,50.0,0.0,2019,True,False,False,2116
T1870,C4,0.15,50.0,0.0,2020,True,False,False,2526
T1871,C4,0.15,50.0,0.0,2021,True,False,False,1508
T1872,C4,0.15,50.0,0.0,2022,True,False,False,432
T1873,C4,0.15,50.0,0.0,2023,True,False,False,3130
T1874,C4,0.15,50.0,0.0,2024,True,False,False,1462
T1875,C4,0.15,50.0,0.0,2025,True,False,False,396
T1876,C4,0.15,50.0,0.0,2026,True,False,False,3290
T1877,C4,0.15,50.0,0.0,2027,True,False,False,920
T1878,C4,0.15,50.0,0.0,2028,True,False,False,2479
T1879,C4,0.15,50.0,0.0,2029,True,False,False,1974
T1880,C4,0.15,50.0,0.0,2030,True,False,False,778
T1881,C4,0.15,50.0,0.0,2031,True,False,False,500
T1882,C4,0.15,50.0,0.0,2032,True,False,False,3252
T1883,C4,0.15,50.0,0.0,2033,True,False,False,1066
T1884,C4,0.15,50.0,0.0,2034,True,False,False,959
T1885,C4,0.15,50.0,0.0,2035,True,False,False,1300
T1886,C4,0.15,50.0,0.0,2036,True,False,False,1238
T1887,C4,0.15,50.0,0.0,2037,True,False,False,762
T1888,C4,0.15,50.0,0.0,2038,True,False,False,1737
T1889,C4,0.15,50.0,0.0,2039,True,False,False,1671
T1890,C4,0.15,50.0,0.0,2040,True,False,False,185
T1891,C4,0.15,50.0,0.0,2041,True,False,False,844
T1892,C4,0.15,50.0,0.0,2042,True,False,False,3098
T1893,C4,0.15,50.0,0.0,2043,True,False,False,278
T1894,C4,0.15,50.0,0.0,2044,True,False,False,1754
T1895,C4,0.15,50.0,0.0,2045,True,False,False,164
T1896,C4,0.15,50.0,0.0,2046,True,False,False,2104
T1897,C4,0.15,50.0,0.0,2047,True,False,False,734
T1898,C4,0.15,50.0,0.0,2048,True,False,False,280
T1899,C4,0.15,50.0,0.0,2049,True,False,False,2640
T1900,C4,0.15,75.0,0.0,2000,True,False,False,1025
T1901,C4,0.15,75.0,0.0,2001,True,False,False,2448
T1902,C4,0.15,75.0,0.0,2002,True,False,False,2763
T1903,C4,0.15,75.0,0.0,2003,True,False,False,1613
T1904,C4,0.15,75.0,0.0,2004,True,False,False,10
T1905,C4,0.15,75.0,0.0,2005,True,False,False,2554
T1906,C4,0.15,75.0,0.0,2006,True,False,False,1007
T1907,C4,0.15,75.0,0.0,2007,True,False,False,2307
T1908,C4,0.15,75.0,0.0,2008,True,False,False,2289
T1909,C4,0.15,75.0,0.0,2009,True,False,False,88
T1910,C4,0.15,75.0,0.0,2010,True,False,False,2859
T1911,C4,0.15,75.0,0.0,2011,True,False,False,1016
T1912,C4,0.15,75.0,0.0,2012,True,False,False,2796
T1913,C4,0.15,75.0,0.0,2013,True,False,False,2645
T1914,C4,0.15,75.0,0.0,2014,True,False,False,2355
T1915,C4,0.15,75.0,0.0,2015,True,False,False,308
T1916,C4,0.15,75.0,0.0,2016,True,False,False,2954
T1917,C4,0.15,75.0,0.0,2017,True,False,False,2163
T1918,C4,0.15,75.0,0.0,2018,True,False,False,1954
T1919,C4,0.15,75.0,0.0,2019,True,False,False,2015
T1920,C4,0.15,75.0,0.0,2020,True,False,False,1751
T1921,C4,0.15,75.0,0.0,2021,True,False,False,2973
T1922,C4,0.15,75.0,0.0,2022,True,False,False,2176
T1923,C4,0.15,75.0,0.0,2023,True,False,False,2585
T1924,C4,0.15,75.0,0.0,2024,True,False,False,1798
T1925,C4,0.15,75.0,0.0,2025,True,False,False,1659
T1926,C4,0.15,75.0,0.0,2026,True,False,False,1279
T1927,C4,0.15,75.0,0.0,2027,True,False,False,3019
T1928,C4,0.15,75.0,0.0,2028,True,False,False,2680
T1929,C4,0.15,75.0,0.0,2029,True,False,False,1609
T1930,C4,0.15,75.0,0.0,2030,True,False,False,2775
T1931,C4,0.15,75.0,0.0,2031,True,False,False,1388
T1932,C4,0.15,75.0,0.0,2032,True,False,False,865
T1933,C4,0.15,75.0,0.0,2033,True,False,False,2457
T1934,C4,0.15,75.0,0.0,2034,True,False,False,2091
T1935,C4,0.15,75.0,0.0,2035,True,False,False,688
T1936,C4,0.15,75.0,0.0,2036,True,False,False,128
T1937,C4,0.15,75.0,0.0,2037,True,False,False,126
T1938,C4,0.15,75.0,0.0,2038,True,False,False,1524
T1939,C4,0.15,75.0,0.0,2039,True,False,False,2872
T1940,C4,0.15,75.0,0.0,2040,True,False,False,3199
T1941,C4,0.15,75.0,0.0,2041,True,False,False,3273
T1942,C4,0.15,75.0,0.0,2042,True,False,False,2821
T1943,C4,0.15,75.0,0.0,2043,True,False,False,377
T1944,C4,0.15,75.0,0.0,2044,True,False,False,1401
T1945,C4,0.15,75.0,0.0,2045,True,False,False,2338
T1946,C4,0.15,75.0,0.0,2046,True,False,False,1819
T1947,C4,0.15,75.0,0.0,2047,True,False,False,3157
T1948,C4,0.15,75.0,0.0,2048,True,False,False,2606
T1949,C4,0.15,75.0,0.0,2049,True,False,False,3125
T1950,C4,0.15,100.0,0.0,2000,True,False,False,2586
T1951,C4,0.15,100.0,0.0,2001,True,False,False,3250
T1952,C4,0.15,100.0,0.0,2002,True,False,False,316
T1953,C4,0.15,100.0,0.0,2003,True,False,False,1321
T1954,C4,0.15,100.0,0.0,2004,True,False,False,460
T1955,C4,0.15,100.0,0.0,2005,True,False,False,3278
T1956,C4,0.15,100.0,0.0,2006,True,False,False,1364
T1957,C4,0.15,100.0,0.0,2007,True,False,False,1028
T1958,C4,0.15,100.0,0.0,2008,True,False,False,2296
T1959,C4,0.15,100.0,0.0,2009,True,False,False,141
T1960,C4,0.15,100.0,0.0,2010,True,False,False,532
T1961,C4,0.15,100.0,0.0,2011,True,False,False,1182
T1962,C4,0.15,100.0,0.0,2012,True,False,False,3150
T1963,C4,0.15,100.0,0.0,2013,True,False,False,66
T1964,C4,0.15,100.0,0.0,2014,True,False,False,2910
T1965,C4,0.15,100.0,0.0,2015,True,False,False,1961
T1966,C4,0.15,100.0,0.0,2016,True,False,False,699
T1967,C4,0.15,100.0,0.0,2017,True,False,False,3011
T1968,C4,0.15,100.0,0.0,2018,True,False,False,795
T1969,C4,0.15,100.0,0.0,2019,True,False,False,819
T1970,C4,0.15,100.0,0.0,2020,True,False,False,2477
T1971,C4,0.15,100.0,0.0,2021,True,False,False,1309
T1972,C4,0.15,100.0,0.0,2022,True,False,False,2028
T1973,C4,0.15,100.0,0.0,2023,True,False,False,2972
T1974,C4,0.15,100.0,0.0,2024,True,False,False,314
T1975,C4,0.15,100.0,0.0,2025,True,False,False,1010
T1976,C4,0.15,100.0,0.0,2026,True,False,False,241
T1977,C4,0.15,100.0,0.0,2027,True,False,False,1233
T1978,C4,0.15,100.0,0.0,2028,True,False,False,197
T1979,C4,0.15,100.0,0.0,2029,True,False,False,2571
T1980,C4,0.15,100.0,0.0,2030,True,False,False,2493
T1981,C4,0.15,100.0,0.0,2031,True,False,False,1222
T1982,C4,0.15,100.0,0.0,2032,True,False,False,1127
T1983,C4,0.15,100.0,0.0,2033,True,False,False,160
T1984,C4,0.15,100.0,0.0,2034,True,False,False,2877
T1985,C4,0.15,100.0,0.0,2035,True,False,False,2911
T1986,C4,0.15,100.0,0.0,2036,True,False,False,1717
T1987,C4,0.15,100.0,0.0,2037,True,False,False,2177
T1988,C4,0.15,100.0,0.0,2038,True,False,False,672
T1989,C4,0.15,100.0,0.0,2039,True,False,False,542
T1990,C4,0.15,100.0,0.0,2040,True,False,False,960
T1991,C4,0.15,100.0,0.0,2041,True,False,False,1150
T1992,C4,0.15,100.0,0.0,2042,True,False,False,2329
T1993,C4,0.15,100.0,0.0,2043,True,False,False,3292
T1994,C4,0.15,100.0,0.0,2044,True,False,False,545
T1995,C4,0.15,100.0,0.0,2045,True,False,False,763
T1996,C4,0.15,100.0,0.0,2046,True,False,False,2899
T1997,C4,0.15,100.0,0.0,2047,True,False,False,2171
T1998,C4,0.15,100.0,0.0,2048,True,False,False,2428
T1999,C4,0.15,100.0,0.0,2049,True,False,False,2843
T2000,C4,0.15,150.0,0.0,2000,True,False,False,2847
T2001,C4,0.15,150.0,0.0,2001,True,False,False,2917
T2002,C4,0.15,150.0,0.0,2002,True,False,False,3176
T2003,C4,0.15,150.0,0.0,2003,True,False,False,1586
T2004,C4,0.15,150.0,0.0,2004,True,False,False,1914
T2005,C4,0.15,150.0,0.0,2005,True,False,False,710
T2006,C4,0.15,150.0,0.0,2006,True,False,False,1215
T2007,C4,0.15,150.0,0.0,2007,True,False,False,2970
T2008,C4,0.15,150.0,0.0,2008,True,False,False,891
T2009,C4,0.15,150.0,0.0,2009,True,False,False,2243
T2010,C4,0.15,150.0,0.0,2010,True,False,False,1059
T2011,C4,0.15,150.0,0.0,2011,True,False,False,441
T2012,C4,0.15,150.0,0.0,2012,True,False,False,3081
T2013,C4,0.15,150.0,0.0,2013,True,False,False,2959
T2014,C4,0.15,150.0,0.0,2014,True,False,False,1890
T2015,C4,0.15,150.0,0.0,2015,True,False,False,2266
T2016,C4,0.15,150.0,0.0,2016,True,False,False,3229
T2017,C4,0.15,150.0,0.0,2017,True,False,False,520
T2018,C4,0.15,150.0,0.0,2018,True,False,False,1490
T2019,C4,0.15,150.0,0.0,2019,True,False,False,888
T2020,C4,0.15,150.0,0.0,2020,True,False,False,1504
T2021,C4,0.15,150.0,0.0,2021,True,False,False,3271
T2022,C4,0.15,150.0,0.0,2022,True,False,False,752
T2023,C4,0.15,150.0,0.0,2023,True,False,False,2482
T2024,C4,0.15,150.0,0.0,2024,True,False,False,993
T2025,C4,0.15,150.0,0.0,2025,True,False,False,3168
T2026,C4,0.15,150.0,0.0,2026,True,False,False,3286
T2027,C4,0.15,150.0,0.0,2027,True,False,False,1964
T2028,C4,0.15,150.0,0.0,2028,True,False,False,158
T2029,C4,0.15,150.0,0.0,2029,True,False,False,385
T2030,C4,0.15,150.0,0.0,2030,True,False,False,2231
T2031,C4,0.15,150.0,0.0,2031,True,False,False,578
T2032,C4,0.15,150.0,0.0,2032,True,False,False,2169
T2033,C4,0.15,150.0,0.0,2033,True,False,False,2255
T2034,C4,0.15,150.0,0.0,2034,True,False,False,1250
T2035,C4,0.15,150.0,0.0,2035,True,False,False,2774
T2036,C4,0.15,150.0,0.0,2036,True,False,False,700
T2037,C4,0.15,150.0,0.0,2037,True,False,False,1771
T2038,C4,0.15,150.0,0.0,2038,True,False,False,555
T2039,C4,0.15,150.0,0.0,2039,True,False,False,410
T2040,C4,0.15,150.0,0.0,2040,True,False,False,1141
T2041,C4,0.15,150.0,0.0,2041,True,False,False,3246
T2042,C4,0.15,150.0,0.0,2042,True,False,False,1951
T2043,C4,0.15,150.0,0.0,2043,True,False,False,3026
T2044,C4,0.15,150.0,0.0,2044,True,False,False,981
T2045,C4,0.15,150.0,0.0,2045,True,False,False,3211
T2046,C4,0.15,150.0,0.0,2046,True,False,False,1444
T2047,C4,0.15,150.0,0.0,2047,True,False,False,2044
T2048,C4,0.15,150.0,0.0,2048,True,False,False,510
T2049,C4,0.15,150.0,0.0,2049,True,False,False,2822
T2050,C4,0.15,200.0,0.0,2000,True,False,False,2442
T2051,C4,0.15,200.0,0.0,2001,True,False,False,497
T2052,C4,0.15,200.0,0.0,2002,True,False,False,2012
T2053,C4,0.15,200.0,0.0,2003,True,False,False,859
T2054,C4,0.15,200.0,0.0,2004,True,False,False,2365
T2055,C4,0.15,200.0,0.0,2005,True,False,False,2923
T2056,C4,0.15,200.0,0.0,2006,True,False,False,1457
T2057,C4,0.15,200.0,0.0,2007,True,False,False,2446
T2058,C4,0.15,200.0,0.0,2008,True,False,False,1592
T2059,C4,0.15,200.0,0.0,2009,True,False,False,1679
T2060,C4,0.15,200.0,0.0,2010,True,False,False,2416
T2061,C4,0.15,200.0,0.0,2011,True,False,False,3083
T2062,C4,0.15,200.0,0.0,2012,True,False,False,803
T2063,C4,0.15,200.0,0.0,2013,True,False,False,1652
T2064,C4,0.15,200.0,0.0,2014,True,False,False,1915
T2065,C4,0.15,200.0,0.0,2015,True,False,False,717
T2066,C4,0.15,200.0,0.0,2016,True,False,False,1852
T2067,C4,0.15,200.0,0.0,2017,True,False,False,3107
T2068,C4,0.15,200.0,0.0,2018,True,False,False,195
T2069,C4,0.15,200.0,0.0,2019,True,False,False,551
T2070,C4,0.15,200.0,0.0,2020,True,False,False,2455
T2071,C4,0.15,200.0,0.0,2021,True,False,False,977
T2072,C4,0.15,200.0,0.0,2022,True,False,False,2750
T2073,C4,0.15,200.0,0.0,2023,True,False,False,3015
T2074,C4,0.15,200.0,0.0,2024,True,False,False,2283
T2075,C4,0.15,200.0,0.0,2025,True,False,False,1424
T2076,C4,0.15,200.0,0.0,2026,True,False,False,1675
T2077,C4,0.15,200.0,0.0,2027,True,False,False,2952
T2078,C4,0.15,200.0,0.0,2028,True,False,False,1766
T2079,C4,0.15,200.0,0.0,2029,True,False,False,1883
T2080,C4,0.15,200.0,0.0,2030,True,False,False,2896
T2081,C4,0.15,200.0,0.0,2031,True,False,False,2811
T2082,C4,0.15,200.0,0.0,2032,True,False,False,942
T2083,C4,0.15,200.0,0.0,2033,True,False,False,2336
T2084,C4,0.15,200.0,0.0,2034,True,False,False,417
T2085,C4,0.15,200.0,0.0,2035,True,False,False,3197
T2086,C4,0.15,200.0,0.0,2036,True,False,False,1637
T2087,C4,0.15,200.0,0.0,2037,True,False,False,2408
T2088,C4,0.15,200.0,0.0,2038,True,False,False,1589
T2089,C4,0.15,200.0,0.0,2039,True,False,False,925
T2090,C4,0.15,200.0,0.0,2040,True,False,False,530
T2091,C4,0.15,200.0,0.0,2041,True,False,False,70
T2092,C4,0.15,200.0,0.0,2042,True,False,False,203
T2093,C4,0.15,200.0,0.0,2043,True,False,False,1376
T2094,C4,0.15,200.0,0.0,2044,True,False,False,2166
T2095,C4,0.15,200.0,0.0,2045,True,False,False,264
T2096,C4,0.15,200.0,0.0,2046,True,False,False,2656
T2097,C4,0.15,200.0,0.0,2047,True,False,False,38
T2098,C4,0.15,200.0,0.0,2048,True,False,False,588
T2099,C4,0.15,200.0,0.0,2049,True,False,False,1351
T2100,C4,0.3,25.0,0.0,2000,True,False,False,284
T2101,C4,0.3,25.0,0.0,2001,True,False,False,1339
T2102,C4,0.3,25.0,0.0,2002,True,False,False,651
T2103,C4,0.3,25.0,0.0,2003,True,False,False,2793
T2104,C4,0.3,25.0,0.0,2004,True,False,False,1041
T2105,C4,0.3,25.0,0.0,2005,True,False,False,413
T2106,C4,0.3,25.0,0.0,2006,True,False,False,753
T2107,C4,0.3,25.0,0.0,2007,True,False,False,640
T2108,C4,0.3,25.0,0.0,2008,True,False,False,1526
T2109,C4,0.3,25.0,0.0,2009,True,False,False,2841
T2110,C4,0.3,25.0,0.0,2010,True,False,False,2958
T2111,C4,0.3,25.0,0.0,2011,True,False,False,2791
T2112,C4,0.3,25.0,0.0,2012,True,False,False,741
T2113,C4,0.3,25.0,0.0,2013,True,False,False,2545
T2114,C4,0.3,25.0,0.0,2014,True,False,False,3073
T2115,C4,0.3,25.0,0.0,2015,True,False,False,506
T2116,C4,0.3,25.0,0.0,2016,True,False,False,2098
T2117,C4,0.3,25.0,0.0,2017,True,False,False,1463
T2118,C4,0.3,25.0,0.0,2018,True,False,False,1935
T2119,C4,0.3,25.0,0.0,2019,True,False,False,2538
T2120,C4,0.3,25.0,0.0,2020,True,False,False,395
T2121,C4,0.3,25.0,0.0,2021,True,False,False,2253
T2122,C4,0.3,25.0,0.0,2022,True,False,False,1050
T2123,C4,0.3,25.0,0.0,2023,True,False,False,3263
T2124,C4,0.3,25.0,0.0,2024,True,False,False,3275
T2125,C4,0.3,25.0,0.0,2025,True,False,False,127
T2126,C4,0.3,25.0,0.0,2026,True,False,False,1432
T2127,C4,0.3,25.0,0.0,2027,True,False,False,916
T2128,C4,0.3,25.0,0.0,2028,True,False,False,1138
T2129,C4,0.3,25.0,0.0,2029,True,False,False,1023
T2130,C4,0.3,25.0,0.0,2030,True,False,False,3092
T2131,C4,0.3,25.0,0.0,2031,True,False,False,2873
T2132,C4,0.3,25.0,0.0,2032,True,False,False,1177
T2133,C4,0.3,25.0,0.0,2033,True,False,False,647
T2134,C4,0.3,25.0,0.0,2034,True,False,False,3207
T2135,C4,0.3,25.0,0.0,2035,True,False,False,1987
T2136,C4,0.3,25.0,0.0,2036,True,False,False,2217
T2137,C4,0.3,25.0,0.0,2037,True,False,False,749
T2138,C4,0.3,25.0,0.0,2038,True,False,False,400
T2139,C4,0.3,25.0,0.0,2039,True,False,False,1148
T2140,C4,0.3,25.0,0.0,2040,True,False,False,3232
T2141,C4,0.3,25.0,0.0,2041,True,False,False,816
T2142,C4,0.3,25.0,0.0,2042,True,False,False,2709
T2143,C4,0.3,25.0,0.0,2043,True,False,False,2633
T2144,C4,0.3,25.0,0.0,2044,True,False,False,2275
T2145,C4,0.3,25.0,0.0,2045,True,False,False,1773
T2146,C4,0.3,25.0,0.0,2046,True,False,False,1299
T2147,C4,0.3,25.0,0.0,2047,True,False,False,2861
T2148,C4,0.3,25.0,0.0,2048,True,False,False,1579
T2149,C4,0.3,25.0,0.0,2049,True,False,False,1731
T2150,C4,0.3,50.0,0.0,2000,True,False,False,1533
T2151,C4,0.3,50.0,0.0,2001,True,False,False,3296
T2152,C4,0.3,50.0,0.0,2002,True,False,False,806
T2153,C4,0.3,50.0,0.0,2003,True,False,False,667
T2154,C4,0.3,50.0,0.0,2004,True,False,False,3174
T2155,C4,0.3,50.0,0.0,2005,True,False,False,1776
T2156,C4,0.3,50.0,0.0,2006,True,False,False,2399
T2157,C4,0.3,50.0,0.0,2007,True,False,False,2941
T2158,C4,0.3,50.0,0.0,2008,True,False,False,3171
T2159,C4,0.3,50.0,0.0,2009,True,False,False,1971
T2160,C4,0.3,50.0,0.0,2010,True,False,False,1047
T2161,C4,0.3,50.0,0.0,2011,True,False,False,2764
T2162,C4,0.3,50.0,0.0,2012,True,False,False,2867
T2163,C4,0.3,50.0,0.0,2013,True,False,False,335
T2164,C4,0.3,50.0,0.0,2014,True,False,False,210
T2165,C4,0.3,50.0,0.0,2015,True,False,False,2598
T2166,C4,0.3,50.0,0.0,2016,True,False,False,2033
T2167,C4,0.3,50.0,0.0,2017,True,False,False,719
T2168,C4,0.3,50.0,0.0,2018,True,False,False,411
T2169,C4,0.3,50.0,0.0,2019,True,False,False,3077
T2170,C4,0.3,50.0,0.0,2020,True,False,False,1356
T2171,C4,0.3,50.0,0.0,2021,True,False,False,1907
T2172,C4,0.3,50.0,0.0,2022,True,False,False,872
T2173,C4,0.3,50.0,0.0,2023,True,False,False,2425
T2174,C4,0.3,50.0,0.0,2024,True,False,False,1982
T2175,C4,0.3,50.0,0.0,2025,True,False,False,1612
T2176,C4,0.3,50.0,0.0,2026,True,False,False,1167
T2177,C4,0.3,50.0,0.0,2027,True,False,False,3258
T2178,C4,0.3,50.0,0.0,2028,True,False,False,2271
T2179,C4,0.3,50.0,0.0,2029,True,False,False,21
T2180,C4,0.3,50.0,0.0,2030,True,False,False,2610
T2181,C4,0.3,50.0,0.0,2031,True,False,False,614
T2182,C4,0.3,50.0,0.0,2032,True,False,False,2707
T2183,C4,0.3,50.0,0.0,2033,True,False,False,1000
T2184,C4,0.3,50.0,0.0,2034,True,False,False,1643
T2185,C4,0.3,50.0,0.0,2035,True,False,False,3110
T2186,C4,0.3,50.0,0.0,2036,True,False,False,1411
T2187,C4,0.3,50.0,0.0,2037,True,False,False,2199
T2188,C4,0.3,50.0,0.0,2038,True,False,False,475
T2189,C4,0.3,50.0,0.0,2039,True,False,False,607
T2190,C4,0.3,50.0,0.0,2040,True,False,False,1977
T2191,C4,0.3,50.0,0.0,2041,True,False,False,249
T2192,C4,0.3,50.0,0.0,2042,True,False,False,1394
T2193,C4,0.3,50.0,0.0,2043,True,False,False,1384
T2194,C4,0.3,50.0,0.0,2044,True,False,False,1803
T2195,C4,0.3,50.0,0.0,2045,True,False,False,1201
T2196,C4,0.3,50.0,0.0,2046,True,False,False,2331
T2197,C4,0.3,50.0,0.0,2047,True,False,False,1869
T2198,C4,0.3,50.0,0.0,2048,True,False,False,1084
T2199,C4,0.3,50.0,0.0,2049,True,False,False,1037
T2200,C4,0.3,75.0,0.0,2000,True,False,False,1205
T2201,C4,0.3,75.0,0.0,2001,True,False,False,2080
T2202,C4,0.3,75.0,0.0,2002,True,False,False,633
T2203,C4,0.3,75.0,0.0,2003,True,False,False,2667
T2204,C4,0.3,75.0,0.0,2004,True,False,False,233
T2205,C4,0.3,75.0,0.0,2005,True,False,False,863
T2206,C4,0.3,75.0,0.0,2006,True,False,False,2696
T2207,C4,0.3,75.0,0.0,2007,True,False,False,1130
T2208,C4,0.3,75.0,0.0,2008,True,False,False,635
T2209,C4,0.3,75.0,0.0,2009,True,False,False,1639
T2210,C4,0.3,75.0,0.0,2010,True,False,False,1002
T2211,C4,0.3,75.0,0.0,2011,True,False,False,1822
T2212,C4,0.3,75.0,0.0,2012,True,False,False,3251
T2213,C4,0.3,75.0,0.0,2013,True,False,False,669
T2214,C4,0.3,75.0,0.0,2014,True,False,False,1373
T2215,C4,0.3,75.0,0.0,2015,True,False,False,373
T2216,C4,0.3,75.0,0.0,2016,True,False,False,2527
T2217,C4,0.3,75.0,0.0,2017,True,False,False,2053
T2218,C4,0.3,75.0,0.0,2018,True,False,False,91
T2219,C4,0.3,75.0,0.0,2019,True,False,False,2184
T2220,C4,0.3,75.0,0.0,2020,True,False,False,1651
T2221,C4,0.3,75.0,0.0,2021,True,False,False,2698
T2222,C4,0.3,75.0,0.0,2022,True,False,False,1046
T2223,C4,0.3,75.0,0.0,2023,True,False,False,1700
T2224,C4,0.3,75.0,0.0,2024,True,False,False,3088
T2225,C4,0.3,75.0,0.0,2025,True,False,False,3062
T2226,C4,0.3,75.0,0.0,2026,True,False,False,1371
T2227,C4,0.3,75.0,0.0,2027,True,False,False,166
T2228,C4,0.3,75.0,0.0,2028,True,False,False,2871
T2229,C4,0.3,75.0,0.0,2029,True,False,False,2942
T2230,C4,0.3,75.0,0.0,2030,True,False,False,1896
T2231,C4,0.3,75.0,0.0,2031,True,False,False,259
T2232,C4,0.3,75.0,0.0,2032,True,False,False,3156
T2233,C4,0.3,75.0,0.0,2033,True,False,False,524
T2234,C4,0.3,75.0,0.0,2034,True,False,False,1445
T2235,C4,0.3,75.0,0.0,2035,True,False,False,360
T2236,C4,0.3,75.0,0.0,2036,True,False,False,1770
T2237,C4,0.3,75.0,0.0,2037,True,False,False,849
T2238,C4,0.3,75.0,0.0,2038,True,False,False,2833
T2239,C4,0.3,75.0,0.0,2039,True,False,False,1243
T2240,C4,0.3,75.0,0.0,2040,True,False,False,1709
T2241,C4,0.3,75.0,0.0,2041,True,False,False,291
T2242,C4,0.3,75.0,0.0,2042,True,False,False,2214
T2243,C4,0.3,75.0,0.0,2043,True,False,False,2933
T2244,C4,0.3,75.0,0.0,2044,True,False,False,2146
T2245,C4,0.3,75.0,0.0,2045,True,False,False,3298
T2246,C4,0.3,75.0,0.0,2046,True,False,False,525
T2247,C4,0.3,75.0,0.0,2047,True,False,False,2380
T2248,C4,0.3,75.0,0.0,2048,True,False,False,2731
T2249,C4,0.3,75.0,0.0,2049,True,False,False,435
T2250,C4,0.3,100.0,0.0,2000,True,False,False,371
T2251,C4,0.3,100.0,0.0,2001,True,False,False,509
T2252,C4,0.3,100.0,0.0,2002,True,False,False,1103
T2253,C4,0.3,100.0,0.0,2003,True,False,False,1267
T2254,C4,0.3,100.0,0.0,2004,True,False,False,1882
T2255,C4,0.3,100.0,0.0,2005,True,False,False,2662
T2256,C4,0.3,100.0,0.0,2006,True,False,False,1375
T2257,C4,0.3,100.0,0.0,2007,True,False,False,1273
T2258,C4,0.3,100.0,0.0,2008,True,False,False,2183
T2259,C4,0.3,100.0,0.0,2009,True,False,False,794
T2260,C4,0.3,100.0,0.0,2010,True,False,False,1435
T2261,C4,0.3,100.0,0.0,2011,True,False,False,1367
T2262,C4,0.3,100.0,0.0,2012,True,False,False,3239
T2263,C4,0.3,100.0,0.0,2013,True,False,False,429
T2264,C4,0.3,100.0,0.0,2014,True,False,False,2220
T2265,C4,0.3,100.0,0.0,2015,True,False,False,46
T2266,C4,0.3,100.0,0.0,2016,True,False,False,202
T2267,C4,0.3,100.0,0.0,2017,True,False,False,3282
T2268,C4,0.3,100.0,0.0,2018,True,False,False,2105
T2269,C4,0.3,100.0,0.0,2019,True,False,False,1496
T2270,C4,0.3,100.0,0.0,2020,True,False,False,1019
T2271,C4,0.3,100.0,0.0,2021,True,False,False,294
T2272,C4,0.3,100.0,0.0,2022,True,False,False,1625
T2273,C4,0.3,100.0,0.0,2023,True,False,False,2257
T2274,C4,0.3,100.0,0.0,2024,True,False,False,341
T2275,C4,0.3,100.0,0.0,2025,True,False,False,242
T2276,C4,0.3,100.0,0.0,2026,True,False,False,507
T2277,C4,0.3,100.0,0.0,2027,True,False,False,1585
T2278,C4,0.3,100.0,0.0,2028,True,False,False,694
T2279,C4,0.3,100.0,0.0,2029,True,False,False,1899
T2280,C4,0.3,100.0,0.0,2030,True,False,False,1502
T2281,C4,0.3,100.0,0.0,2031,True,False,False,1219
T2282,C4,0.3,100.0,0.0,2032,True,False,False,643
T2283,C4,0.3,100.0,0.0,2033,True,False,False,1382
T2284,C4,0.3,100.0,0.0,2034,True,False,False,3027
T2285,C4,0.3,100.0,0.0,2035,True,False,False,1184
T2286,C4,0.3,100.0,0.0,2036,True,False,False,3025
T2287,C4,0.3,100.0,0.0,2037,True,False,False,2069
T2288,C4,0.3,100.0,0.0,2038,True,False,False,2618
T2289,C4,0.3,100.0,0.0,2039,True,False,False,2824
T2290,C4,0.3,100.0,0.0,2040,True,False,False,572
T2291,C4,0.3,100.0,0.0,2041,True,False,False,2918
T2292,C4,0.3,100.0,0.0,2042,True,False,False,187
T2293,C4,0.3,100.0,0.0,2043,True,False,False,1354
T2294,C4,0.3,100.0,0.0,2044,True,False,False,2915
T2295,C4,0.3,100.0,0.0,2045,True,False,False,1908
T2296,C4,0.3,100.0,0.0,2046,True,False,False,2306
T2297,C4,0.3,100.0,0.0,2047,True,False,False,2743
T2298,C4,0.3,100.0,0.0,2048,True,False,False,2563
T2299,C4,0.3,100.0,0.0,2049,True,False,False,1236
T2300,C4,0.3,150.0,0.0,2000,True,False,False,378
T2301,C4,0.3,150.0,0.0,2001,True,False,False,1156
T2302,C4,0.3,150.0,0.0,2002,True,False,False,3084
T2303,C4,0.3,150.0,0.0,2003,True,False,False,905
T2304,C4,0.3,150.0,0.0,2004,True,False,False,2671
T2305,C4,0.3,150.0,0.0,2005,True,False,False,1336
T2306,C4,0.3,150.0,0.0,2006,True,False,False,549
T2307,C4,0.3,150.0,0.0,2007,True,False,False,591
T2308,C4,0.3,150.0,0.0,2008,True,False,False,3272
T2309,C4,0.3,150.0,0.0,2009,True,False,False,1307
T2310,C4,0.3,150.0,0.0,2010,True,False,False,2564
T2311,C4,0.3,150.0,0.0,2011,True,False,False,282
T2312,C4,0.3,150.0,0.0,2012,True,False,False,2810
T2313,C4,0.3,150.0,0.0,2013,True,False,False,368
T2314,C4,0.3,150.0,0.0,2014,True,False,False,3105
T2315,C4,0.3,150.0,0.0,2015,True,False,False,996
T2316,C4,0.3,150.0,0.0,2016,True,False,False,1498
T2317,C4,0.3,150.0,0.0,2017,True,False,False,1129
T2318,C4,0.3,150.0,0.0,2018,True,False,False,1692
T2319,C4,0.3,150.0,0.0,2019,True,False,False,714
T2320,C4,0.3,150.0,0.0,2020,True,False,False,100
T2321,C4,0.3,150.0,0.0,2021,True,False,False,1266
T2322,C4,0.3,150.0,0.0,2022,True,False,False,2445
T2323,C4,0.3,150.0,0.0,2023,True,False,False,2931
T2324,C4,0.3,150.0,0.0,2024,True,False,False,918
T2325,C4,0.3,150.0,0.0,2025,True,False,False,2901
T2326,C4,0.3,150.0,0.0,2026,True,False,False,1294
T2327,C4,0.3,150.0,0.0,2027,True,False,False,1065
T2328,C4,0.3,150.0,0.0,2028,True,False,False,1523
T2329,C4,0.3,150.0,0.0,2029,True,False,False,2141
T2330,C4,0.3,150.0,0.0,2030,True,False,False,2483
T2331,C4,0.3,150.0,0.0,2031,True,False,False,3270
T2332,C4,0.3,150.0,0.0,2032,True,False,False,3192
T2333,C4,0.3,150.0,0.0,2033,True,False,False,1187
T2334,C4,0.3,150.0,0.0,2034,True,False,False,2929
T2335,C4,0.3,150.0,0.0,2035,True,False,False,1952
T2336,C4,0.3,150.0,0.0,2036,True,False,False,2857
T2337,C4,0.3,150.0,0.0,2037,True,False,False,829
T2338,C4,0.3,150.0,0.0,2038,True,False,False,3187
T2339,C4,0.3,150.0,0.0,2039,True,False,False,3283
T2340,C4,0.3,150.0,0.0,2040,True,False,False,1398
T2341,C4,0.3,150.0,0.0,2041,True,False,False,184
T2342,C4,0.3,150.0,0.0,2042,True,False,False,236
T2343,C4,0.3,150.0,0.0,2043,True,False,False,3215
T2344,C4,0.3,150.0,0.0,2044,True,False,False,2516
T2345,C4,0.3,150.0,0.0,2045,True,False,False,2975
T2346,C4,0.3,150.0,0.0,2046,True,False,False,764
T2347,C4,0.3,150.0,0.0,2047,True,False,False,3033
T2348,C4,0.3,150.0,0.0,2048,True,False,False,2261
T2349,C4,0.3,150.0,0.0,2049,True,False,False,408
T2350,C4,0.3,200.0,0.0,2000,True,False,False,582
T2351,C4,0.3,200.0,0.0,2001,True,False,False,5
T2352,C4,0.3,200.0,0.0,2002,True,False,False,608
T2353,C4,0.3,200.0,0.0,2003,True,False,False,838
T2354,C4,0.3,200.0,0.0,2004,True,False,False,1193
T2355,C4,0.3,200.0,0.0,2005,True,False,False,2036
T2356,C4,0.3,200.0,0.0,2006,True,False,False,731
T2357,C4,0.3,200.0,0.0,2007,True,False,False,2348
T2358,C4,0.3,200.0,0.0,2008,True,False,False,1058
T2359,C4,0.3,200.0,0.0,2009,True,False,False,309
T2360,C4,0.3,200.0,0.0,2010,True,False,False,2588
T2361,C4,0.3,200.0,0.0,2011,True,False,False,2556
T2362,C4,0.3,200.0,0.0,2012,True,False,False,585
T2363,C4,0.3,200.0,0.0,2013,True,False,False,3053
T2364,C4,0.3,200.0,0.0,2014,True,False,False,1239
T2365,C4,0.3,200.0,0.0,2015,True,False,False,1393
T2366,C4,0.3,200.0,0.0,2016,True,False,False,2008
T2367,C4,0.3,200.0,0.0,2017,True,False,False,2111
T2368,C4,0.3,200.0,0.0,2018,True,False,False,2532
T2369,C4,0.3,200.0,0.0,2019,True,False,False,1392
T2370,C4,0.3,200.0,0.0,2020,True,False,False,3249
T2371,C4,0.3,200.0,0.0,2021,True,False,False,73
T2372,C4,0.3,200.0,0.0,2022,True,False,False,831
T2373,C4,0.3,200.0,0.0,2023,True,False,False,7
T2374,C4,0.3,200.0,0.0,2024,True,False,False,1465
T2375,C4,0.3,200.0,0.0,2025,True,False,False,932
T2376,C4,0.3,200.0,0.0,2026,True,False,False,323
T2377,C4,0.3,200.0,0.0,2027,True,False,False,679
T2378,C4,0.3,200.0,0.0,2028,True,False,False,1698
T2379,C4,0.3,200.0,0.0,2029,True,False,False,331
T2380,C4,0.3,200.0,0.0,2030,True,False,False,80
T2381,C4,0.3,200.0,0.0,2031,True,False,False,1094
T2382,C4,0.3,200.0,0.0,2032,True,False,False,3048
T2383,C4,0.3,200.0,0.0,2033,True,False,False,1478
T2384,C4,0.3,200.0,0.0,2034,True,False,False,712
T2385,C4,0.3,200.0,0.0,2035,True,False,False,971
T2386,C4,0.3,200.0,0.0,2036,True,False,False,480
T2387,C4,0.3,200.0,0.0,2037,True,False,False,1439
T2388,C4,0.3,200.0,0.0,2038,True,False,False,2986
T2389,C4,0.3,200.0,0.0,2039,True,False,False,1292
T2390,C4,0.3,200.0,0.0,2040,True,False,False,145
T2391,C4,0.3,200.0,0.0,2041,True,False,False,1972
T2392,C4,0.3,200.0,0.0,2042,True,False,False,3274
T2393,C4,0.3,200.0,0.0,2043,True,False,False,1348
T2394,C4,0.3,200.0,0.0,2044,True,False,False,2270
T2395,C4,0.3,200.0,0.0,2045,True,False,False,1333
T2396,C4,0.3,200.0,0.0,2046,True,False,False,2949
T2397,C4,0.3,200.0,0.0,2047,True,False,False,1077
T2398,C4,0.3,200.0,0.0,2048,True,False,False,1153
T2399,C4,0.3,200.0,0.0,2049,True,False,False,2143
T2400,C4,0.45,25.0,0.0,2000,True,False,False,1088
T2401,C4,0.45,25.0,0.0,2001,True,False,False,104
T2402,C4,0.45,25.0,0.0,2002,True,False,False,45
T2403,C4,0.45,25.0,0.0,2003,True,False,False,956
T2404,C4,0.45,25.0,0.0,2004,True,False,False,2991
T2405,C4,0.45,25.0,0.0,2005,True,False,False,2820
T2406,C4,0.45,25.0,0.0,2006,True,False,False,179
T2407,C4,0.45,25.0,0.0,2007,True,False,False,1015
T2408,C4,0.45,25.0,0.0,2008,True,False,False,1013
T2409,C4,0.45,25.0,0.0,2009,True,False,False,1105
T2410,C4,0.45,25.0,0.0,2010,True,False,False,1997
T2411,C4,0.45,25.0,0.0,2011,True,False,False,2921
T2412,C4,0.45,25.0,0.0,2012,True,False,False,961
T2413,C4,0.45,25.0,0.0,2013,True,False,False,1287
T2414,C4,0.45,25.0,0.0,2014,True,False,False,1370
T2415,C4,0.45,25.0,0.0,2015,True,False,False,1234
T2416,C4,0.45,25.0,0.0,2016,True,False,False,1408
T2417,C4,0.45,25.0,0.0,2017,True,False,False,805
T2418,C4,0.45,25.0,0.0,2018,True,False,False,3032
T2419,C4,0.45,25.0,0.0,2019,True,False,False,2054
T2420,C4,0.45,25.0,0.0,2020,True,False,False,2851
T2421,C4,0.45,25.0,0.0,2021,True,False,False,1470
T2422,C4,0.45,25.0,0.0,2022,True,False,False,1889
T2423,C4,0.45,25.0,0.0,2023,True,False,False,2765
T2424,C4,0.45,25.0,0.0,2024,True,False,False,464
T2425,C4,0.45,25.0,0.0,2025,True,False,False,2651
T2426,C4,0.45,25.0,0.0,2026,True,False,False,1912
T2427,C4,0.45,25.0,0.0,2027,True,False,False,1062
T2428,C4,0.45,25.0,0.0,2028,True,False,False,1503
T2429,C4,0.45,25.0,0.0,2029,True,False,False,342
T2430,C4,0.45,25.0,0.0,2030,True,False,False,1818
T2431,C4,0.45,25.0,0.0,2031,True,False,False,1217
T2432,C4,0.45,25.0,0.0,2032,True,False,False,2517
T2433,C4,0.45,25.0,0.0,2033,True,False,False,170
T2434,C4,0.45,25.0,0.0,2034,True,False,False,800
T2435,C4,0.45,25.0,0.0,2035,True,False,False,577
T2436,C4,0.45,25.0,0.0,2036,True,False,False,992
T2437,C4,0.45,25.0,0.0,2037,True,False,False,818
T2438,C4,0.45,25.0,0.0,2038,True,False,False,1823
T2439,C4,0.45,25.0,0.0,2039,True,False,False,111
T2440,C4,0.45,25.0,0.0,2040,True,False,False,687
T2441,C4,0.45,25.0,0.0,2041,True,False,False,767
T2442,C4,0.45,25.0,0.0,2042,True,False,False,263
T2443,C4,0.45,25.0,0.0,2043,True,False,False,3140
T2444,C4,0.45,25.0,0.0,2044,True,False,False,2856
T2445,C4,0.45,25.0,0.0,2045,True,False,False,205
T2446,C4,0.45,25.0,0.0,2046,True,False,False,2280
T2447,C4,0.45,25.0,0.0,2047,True,False,False,2393
T2448,C4,0.45,25.0,0.0,2048,True,False,False,1910
T2449,C4,0.45,25.0,0.0,2049,True,False,False,512
T2450,C4,0.45,50.0,0.0,2000,True,False,False,613
T2451,C4,0.45,50.0,0.0,2001,True,False,False,297
T2452,C4,0.45,50.0,0.0,2002,True,False,False,837
T2453,C4,0.45,50.0,0.0,2003,True,False,False,1781
T2454,C4,0.45,50.0,0.0,2004,True,False,False,2392
T2455,C4,0.45,50.0,0.0,2005,True,False,False,228
T2456,C4,0.45,50.0,0.0,2006,True,False,False,761
T2457,C4,0.45,50.0,0.0,2007,True,False,False,364
T2458,C4,0.45,50.0,0.0,2008,True,False,False,2229
T2459,C4,0.45,50.0,0.0,2009,True,False,False,216
T2460,C4,0.45,50.0,0.0,2010,True,False,False,383
T2461,C4,0.45,50.0,0.0,2011,True,False,False,2454
T2462,C4,0.45,50.0,0.0,2012,True,False,False,1653
T2463,C4,0.45,50.0,0.0,2013,True,False,False,705
T2464,C4,0.45,50.0,0.0,2014,True,False,False,2030
T2465,C4,0.45,50.0,0.0,2015,True,False,False,2679
T2466,C4,0.45,50.0,0.0,2016,True,False,False,2924
T2467,C4,0.45,50.0,0.0,2017,True,False,False,453
T2468,C4,0.45,50.0,0.0,2018,True,False,False,2382
T2469,C4,0.45,50.0,0.0,2019,True,False,False,3116
T2470,C4,0.45,50.0,0.0,2020,True,False,False,2565
T2471,C4,0.45,50.0,0.0,2021,True,False,False,621
T2472,C4,0.45,50.0,0.0,2022,True,False,False,3022
T2473,C4,0.45,50.0,0.0,2023,True,False,False,2950
T2474,C4,0.45,50.0,0.0,2024,True,False,False,1451
T2475,C4,0.45,50.0,0.0,2025,True,False,False,2461
T2476,C4,0.45,50.0,0.0,2026,True,False,False,2274
T2477,C4,0.45,50.0,0.0,2027,True,False,False,1994
T2478,C4,0.45,50.0,0.0,2028,True,False,False,1121
T2479,C4,0.45,50.0,0.0,2029,True,False,False,1332
T2480,C4,0.45,50.0,0.0,2030,True,False,False,224
T2481,C4,0.45,50.0,0.0,2031,True,False,False,2429
T2482,C4,0.45,50.0,0.0,2032,True,False,False,2583
T2483,C4,0.45,50.0,0.0,2033,True,False,False,3167
T2484,C4,0.45,50.0,0.0,2034,True,False,False,2494
T2485,C4,0.45,50.0,0.0,2035,True,False,False,1472
T2486,C4,0.45,50.0,0.0,2036,True,False,False,2874
T2487,C4,0.45,50.0,0.0,2037,True,False,False,1988
T2488,C4,0.45,50.0,0.0,2038,True,False,False,2431
T2489,C4,0.45,50.0,0.0,2039,True,False,False,1835
T2490,C4,0.45,50.0,0.0,2040,True,False,False,3059
T2491,C4,0.45,50.0,0.0,2041,True,False,False,1522
T2492,C4,0.45,50.0,0.0,2042,True,False,False,1492
T2493,C4,0.45,50.0,0.0,2043,True,False,False,776
T2494,C4,0.45,50.0,0.0,2044,True,False,False,144
T2495,C4,0.45,50.0,0.0,2045,True,False,False,2766
T2496,C4,0.45,50.0,0.0,2046,True,False,False,2085
T2497,C4,0.45,50.0,0.0,2047,True,False,False,1381
T2498,C4,0.45,50.0,0.0,2048,True,False,False,2737
T2499,C4,0.45,50.0,0.0,2049,True,False,False,984
T2500,C4,0.45,75.0,0.0,2000,True,False,False,2627
T2501,C4,0.45,75.0,0.0,2001,True,False,False,976
T2502,C4,0.45,75.0,0.0,2002,True,False,False,65
T2503,C4,0.45,75.0,0.0,2003,True,False,False,2267
T2504,C4,0.45,75.0,0.0,2004,True,False,False,2099
T2505,C4,0.45,75.0,0.0,2005,True,False,False,1254
T2506,C4,0.45,75.0,0.0,2006,True,False,False,747
T2507,C4,0.45,75.0,0.0,2007,True,False,False,1471
T2508,C4,0.45,75.0,0.0,2008,True,False,False,3115
T2509,C4,0.45,75.0,0.0,2009,True,False,False,174
T2510,C4,0.45,75.0,0.0,2010,True,False,False,20
T2511,C4,0.45,75.0,0.0,2011,True,False,False,854
T2512,C4,0.45,75.0,0.0,2012,True,False,False,155
T2513,C4,0.45,75.0,0.0,2013,True,False,False,886
T2514,C4,0.45,75.0,0.0,2014,True,False,False,1494
T2515,C4,0.45,75.0,0.0,2015,True,False,False,1507
T2516,C4,0.45,75.0,0.0,2016,True,False,False,877
T2517,C4,0.45,75.0,0.0,2017,True,False,False,1142
T2518,C4,0.45,75.0,0.0,2018,True,False,False,2290
T2519,C4,0.45,75.0,0.0,2019,True,False,False,1413
T2520,C4,0.45,75.0,0.0,2020,True,False,False,547
T2521,C4,0.45,75.0,0.0,2021,True,False,False,2131
T2522,C4,0.45,75.0,0.0,2022,True,False,False,1750
T2523,C4,0.45,75.0,0.0,2023,True,False,False,1917
T2524,C4,0.45,75.0,0.0,2024,True,False,False,2035
T2525,C4,0.45,75.0,0.0,2025,True,False,False,1568
T2526,C4,0.45,75.0,0.0,2026,True,False,False,720
T2527,C4,0.45,75.0,0.0,2027,True,False,False,3212
T2528,C4,0.45,75.0,0.0,2028,True,False,False,990
T2529,C4,0.45,75.0,0.0,2029,True,False,False,1282
T2530,C4,0.45,75.0,0.0,2030,True,False,False,2486
T2531,C4,0.45,75.0,0.0,2031,True,False,False,3071
T2532,C4,0.45,75.0,0.0,2032,True,False,False,3118
T2533,C4,0.45,75.0,0.0,2033,True,False,False,491
T2534,C4,0.45,75.0,0.0,2034,True,False,False,6
T2535,C4,0.45,75.0,0.0,2035,True,False,False,1626
T2536,C4,0.45,75.0,0.0,2036,True,False,False,499
T2537,C4,0.45,75.0,0.0,2037,True,False,False,1809
T2538,C4,0.45,75.0,0.0,2038,True,False,False,2685
T2539,C4,0.45,75.0,0.0,2039,True,False,False,2670
T2540,C4,0.45,75.0,0.0,2040,True,False,False,2926
T2541,C4,0.45,75.0,0.0,2041,True,False,False,2139
T2542,C4,0.45,75.0,0.0,2042,True,False,False,1086
T2543,C4,0.45,75.0,0.0,2043,True,False,False,522
T2544,C4,0.45,75.0,0.0,2044,True,False,False,492
T2545,C4,0.45,75.0,0.0,2045,True,False,False,1456
T2546,C4,0.45,75.0,0.0,2046,True,False,False,466
T2547,C4,0.45,75.0,0.0,2047,True,False,False,423
T2548,C4,0.45,75.0,0.0,2048,True,False,False,382
T2549,C4,0.45,75.0,0.0,2049,True,False,False,2749
T2550,C4,0.45,100.0,0.0,2000,True,False,False,2878
T2551,C4,0.45,100.0,0.0,2001,True,False,False,870
T2552,C4,0.45,100.0,0.0,2002,True,False,False,1529
T2553,C4,0.45,100.0,0.0,2003,True,False,False,2699
T2554,C4,0.45,100.0,0.0,2004,True,False,False,1157
T2555,C4,0.45,100.0,0.0,2005,True,False,False,391
T2556,C4,0.45,100.0,0.0,2006,True,False,False,1034
T2557,C4,0.45,100.0,0.0,2007,True,False,False,1816
T2558,C4,0.45,100.0,0.0,2008,True,False,False,3152
T2559,C4,0.45,100.0,0.0,2009,True,False,False,467
T2560,C4,0.45,100.0,0.0,2010,True,False,False,93
T2561,C4,0.45,100.0,0.0,2011,True,False,False,1748
T2562,C4,0.45,100.0,0.0,2012,True,False,False,1186
T2563,C4,0.45,100.0,0.0,2013,True,False,False,343
T2564,C4,0.45,100.0,0.0,2014,True,False,False,786
T2565,C4,0.45,100.0,0.0,2015,True,False,False,153
T2566,C4,0.45,100.0,0.0,2016,True,False,False,2247
T2567,C4,0.45,100.0,0.0,2017,True,False,False,2518
T2568,C4,0.45,100.0,0.0,2018,True,False,False,2690
T2569,C4,0.45,100.0,0.0,2019,True,False,False,2636
T2570,C4,0.45,100.0,0.0,2020,True,False,False,1547
T2571,C4,0.45,100.0,0.0,2021,True,False,False,2577
T2572,C4,0.45,100.0,0.0,2022,True,False,False,2977
T2573,C4,0.45,100.0,0.0,2023,True,False,False,1360
T2574,C4,0.45,100.0,0.0,2024,True,False,False,1593
T2575,C4,0.45,100.0,0.0,2025,True,False,False,2860
T2576,C4,0.45,100.0,0.0,2026,True,False,False,1726
T2577,C4,0.45,100.0,0.0,2027,True,False,False,1848
T2578,C4,0.45,100.0,0.0,2028,True,False,False,718
T2579,C4,0.45,100.0,0.0,2029,True,False,False,2182
T2580,C4,0.45,100.0,0.0,2030,True,False,False,1965
T2581,C4,0.45,100.0,0.0,2031,True,False,False,1528
T2582,C4,0.45,100.0,0.0,2032,True,False,False,1330
T2583,C4,0.45,100.0,0.0,2033,True,False,False,1631
T2584,C4,0.45,100.0,0.0,2034,True,False,False,1872
T2585,C4,0.45,100.0,0.0,2035,True,False,False,3055
T2586,C4,0.45,100.0,0.0,2036,True,False,False,97
T2587,C4,0.45,100.0,0.0,2037,True,False,False,912
T2588,C4,0.45,100.0,0.0,2038,True,False,False,3247
T2589,C4,0.45,100.0,0.0,2039,True,False,False,2982
T2590,C4,0.45,100.0,0.0,2040,True,False,False,118
T2591,C4,0.45,100.0,0.0,2041,True,False,False,504
T2592,C4,0.45,100.0,0.0,2042,True,False,False,2832
T2593,C4,0.45,100.0,0.0,2043,True,False,False,2395
T2594,C4,0.45,100.0,0.0,2044,True,False,False,222
T2595,C4,0.45,100.0,0.0,2045,True,False,False,931
T2596,C4,0.45,100.0,0.0,2046,True,False,False,1377
T2597,C4,0.45,100.0,0.0,2047,True,False,False,3236
T2598,C4,0.45,100.0,0.0,2048,True,False,False,2264
T2599,C4,0.45,100.0,0.0,2049,True,False,False,2499
T2600,C4,0.45,150.0,0.0,2000,True,False,False,3153
T2601,C4,0.45,150.0,0.0,2001,True,False,False,2531
T2602,C4,0.45,150.0,0.0,2002,True,False,False,1210
T2603,C4,0.45,150.0,0.0,2003,True,False,False,3131
T2604,C4,0.45,150.0,0.0,2004,True,False,False,1116
T2605,C4,0.45,150.0,0.0,2005,True,False,False,2227
T2606,C4,0.45,150.0,0.0,2006,True,False,False,684
T2607,C4,0.45,150.0,0.0,2007,True,False,False,2228
T2608,C4,0.45,150.0,0.0,2008,True,False,False,2683
T2609,C4,0.45,150.0,0.0,2009,True,False,False,2185
T2610,C4,0.45,150.0,0.0,2010,True,False,False,1744
T2611,C4,0.45,150.0,0.0,2011,True,False,False,1123
T2612,C4,0.45,150.0,0.0,2012,True,False,False,258
T2613,C4,0.45,150.0,0.0,2013,True,False,False,1026
T2614,C4,0.45,150.0,0.0,2014,True,False,False,3042
T2615,C4,0.45,150.0,0.0,2015,True,False,False,1108
T2616,C4,0.45,150.0,0.0,2016,True,False,False,2421
T2617,C4,0.45,150.0,0.0,2017,True,False,False,1546
T2618,C4,0.45,150.0,0.0,2018,True,False,False,3225
T2619,C4,0.45,150.0,0.0,2019,True,False,False,3036
T2620,C4,0.45,150.0,0.0,2020,True,False,False,1191
T2621,C4,0.45,150.0,0.0,2021,True,False,False,1216
T2622,C4,0.45,150.0,0.0,2022,True,False,False,498
T2623,C4,0.45,150.0,0.0,2023,True,False,False,1992
T2624,C4,0.45,150.0,0.0,2024,True,False,False,1941
T2625,C4,0.45,150.0,0.0,2025,True,False,False,2004
T2626,C4,0.45,150.0,0.0,2026,True,False,False,896
T2627,C4,0.45,150.0,0.0,2027,True,False,False,2018
T2628,C4,0.45,150.0,0.0,2028,True,False,False,1898
T2629,C4,0.45,150.0,0.0,2029,True,False,False,881
T2630,C4,0.45,150.0,0.0,2030,True,False,False,2164
T2631,C4,0.45,150.0,0.0,2031,True,False,False,1854
T2632,C4,0.45,150.0,0.0,2032,True,False,False,3072
T2633,C4,0.45,150.0,0.0,2033,True,False,False,3195
T2634,C4,0.45,150.0,0.0,2034,True,False,False,1305
T2635,C4,0.45,150.0,0.0,2035,True,False,False,379
T2636,C4,0.45,150.0,0.0,2036,True,False,False,333
T2637,C4,0.45,150.0,0.0,2037,True,False,False,860
T2638,C4,0.45,150.0,0.0,2038,True,False,False,1604
T2639,C4,0.45,150.0,0.0,2039,True,False,False,2925
T2640,C4,0.45,150.0,0.0,2040,True,False,False,2094
T2641,C4,0.45,150.0,0.0,2041,True,False,False,1635
T2642,C4,0.45,150.0,0.0,2042,True,False,False,2349
T2643,C4,0.45,150.0,0.0,2043,True,False,False,2740
T2644,C4,0.45,150.0,0.0,2044,True,False,False,2549
T2645,C4,0.45,150.0,0.0,2045,True,False,False,2340
T2646,C4,0.45,150.0,0.0,2046,True,False,False,1602
T2647,C4,0.45,150.0,0.0,2047,True,False,False,275
T2648,C4,0.45,150.0,0.0,2048,True,False,False,697
T2649,C4,0.45,150.0,0.0,2049,True,False,False,1632
T2650,C4,0.45,200.0,0.0,2000,True,False,False,325
T2651,C4,0.45,200.0,0.0,2001,True,False,False,1796
T2652,C4,0.45,200.0,0.0,2002,True,False,False,2321
T2653,C4,0.45,200.0,0.0,2003,True,False,False,62
T2654,C4,0.45,200.0,0.0,2004,True,False,False,1677
T2655,C4,0.45,200.0,0.0,2005,True,False,False,2555
T2656,C4,0.45,200.0,0.0,2006,True,False,False,3182
T2657,C4,0.45,200.0,0.0,2007,True,False,False,2891
T2658,C4,0.45,200.0,0.0,2008,True,False,False,2965
T2659,C4,0.45,200.0,0.0,2009,True,False,False,773
T2660,C4,0.45,200.0,0.0,2010,True,False,False,1557
T2661,C4,0.45,200.0,0.0,2011,True,False,False,2569
T2662,C4,0.45,200.0,0.0,2012,True,False,False,2695
T2663,C4,0.45,200.0,0.0,2013,True,False,False,2723
T2664,C4,0.45,200.0,0.0,2014,True,False,False,3094
T2665,C4,0.45,200.0,0.0,2015,True,False,False,2838
T2666,C4,0.45,200.0,0.0,2016,True,False,False,3136
T2667,C4,0.45,200.0,0.0,2017,True,False,False,634
T2668,C4,0.45,200.0,0.0,2018,True,False,False,815
T2669,C4,0.45,200.0,0.0,2019,True,False,False,2297
T2670,C4,0.45,200.0,0.0,2020,True,False,False,2611
T2671,C4,0.45,200.0,0.0,2021,True,False,False,3
T2672,C4,0.45,200.0,0.0,2022,True,False,False,315
T2673,C4,0.45,200.0,0.0,2023,True,False,False,1660
T2674,C4,0.45,200.0,0.0,2024,True,False,False,485
T2675,C4,0.45,200.0,0.0,2025,True,False,False,748
T2676,C4,0.45,200.0,0.0,2026,True,False,False,1861
T2677,C4,0.45,200.0,0.0,2027,True,False,False,1601
T2678,C4,0.45,200.0,0.0,2028,True,False,False,1482
T2679,C4,0.45,200.0,0.0,2029,True,False,False,906
T2680,C4,0.45,200.0,0.0,2030,True,False,False,845
T2681,C4,0.45,200.0,0.0,2031,True,False,False,196
T2682,C4,0.45,200.0,0.0,2032,True,False,False,1780
T2683,C4,0.45,200.0,0.0,2033,True,False,False,59
T2684,C4,0.45,200.0,0.0,2034,True,False,False,2943
T2685,C4,0.45,200.0,0.0,2035,True,False,False,167
T2686,C4,0.45,200.0,0.0,2036,True,False,False,404
T2687,C4,0.45,200.0,0.0,2037,True,False,False,3075
T2688,C4,0.45,200.0,0.0,2038,True,False,False,201
T2689,C4,0.45,200.0,0.0,2039,True,False,False,659
T2690,C4,0.45,200.0,0.0,2040,True,False,False,1137
T2691,C4,0.45,200.0,0.0,2041,True,False,False,662
T2692,C4,0.45,200.0,0.0,2042,True,False,False,1723
T2693,C4,0.45,200.0,0.0,2043,True,False,False,3119
T2694,C4,0.45,200.0,0.0,2044,True,False,False,999
T2695,C4,0.45,200.0,0.0,2045,True,False,False,1962
T2696,C4,0.45,200.0,0.0,2046,True,False,False,31
T2697,C4,0.45,200.0,0.0,2047,True,False,False,1655
T2698,C4,0.45,200.0,0.0,2048,True,False,False,2989
T2699,C4,0.45,200.0,0.0,2049,True,False,False,1489
T2700,C4,0.15,0.0,-0.06,2000,False,True,False,2753
T2701,C4,0.15,0.0,-0.06,2001,False,True,False,220
T2702,C4,0.15,0.0,-0.06,2002,False,True,False,244
T2703,C4,0.15,0.0,-0.06,2003,False,True,False,2027
T2704,C4,0.15,0.0,-0.06,2004,False,True,False,1139
T2705,C4,0.15,0.0,-0.06,2005,False,True,False,3233
T2706,C4,0.15,0.0,-0.06,2006,False,True,False,3141
T2707,C4,0.15,0.0,-0.06,2007,False,True,False,1390
T2708,C4,0.15,0.0,-0.06,2008,False,True,False,2132
T2709,C4,0.15,0.0,-0.06,2009,False,True,False,3043
T2710,C4,0.15,0.0,-0.06,2010,False,True,False,1469
T2711,C4,0.15,0.0,-0.06,2011,False,True,False,2512
T2712,C4,0.15,0.0,-0.06,2012,False,True,False,1862
T2713,C4,0.15,0.0,-0.06,2013,False,True,False,292
T2714,C4,0.15,0.0,-0.06,2014,False,True,False,650
T2715,C4,0.15,0.0,-0.06,2015,False,True,False,2327
T2716,C4,0.15,0.0,-0.06,2016,False,True,False,2626
T2717,C4,0.15,0.0,-0.06,2017,False,True,False,3169
T2718,C4,0.15,0.0,-0.06,2018,False,True,False,2295
T2719,C4,0.15,0.0,-0.06,2019,False,True,False,2071
T2720,C4,0.15,0.0,-0.06,2020,False,True,False,1069
T2721,C4,0.15,0.0,-0.06,2021,False,True,False,856
T2722,C4,0.15,0.0,-0.06,2022,False,True,False,2024
T2723,C4,0.15,0.0,-0.06,2023,False,True,False,204
T2724,C4,0.15,0.0,-0.06,2024,False,True,False,3299
T2725,C4,0.15,0.0,-0.06,2025,False,True,False,1836
T2726,C4,0.15,0.0,-0.06,2026,False,True,False,437
T2727,C4,0.15,0.0,-0.06,2027,False,True,False,2927
T2728,C4,0.15,0.0,-0.06,2028,False,True,False,600
T2729,C4,0.15,0.0,-0.06,2029,False,True,False,124
T2730,C4,0.15,0.0,-0.06,2030,False,True,False,2047
T2731,C4,0.15,0.0,-0.06,2031,False,True,False,1189
T2732,C4,0.15,0.0,-0.06,2032,False,True,False,332
T2733,C4,0.15,0.0,-0.06,2033,False,True,False,2172
T2734,C4,0.15,0.0,-0.06,2034,False,True,False,1647
T2735,C4,0.15,0.0,-0.06,2035,False,True,False,2003
T2736,C4,0.15,0.0,-0.06,2036,False,True,False,721
T2737,C4,0.15,0.0,-0.06,2037,False,True,False,2042
T2738,C4,0.15,0.0,-0.06,2038,False,True,False,561
T2739,C4,0.15,0.0,-0.06,2039,False,True,False,593
T2740,C4,0.15,0.0,-0.06,2040,False,True,False,2985
T2741,C4,0.15,0.0,-0.06,2041,False,True,False,2513
T2742,C4,0.15,0.0,-0.06,2042,False,True,False,2204
T2743,C4,0.15,0.0,-0.06,2043,False,True,False,2621
T2744,C4,0.15,0.0,-0.06,2044,False,True,False,2123
T2745,C4,0.15,0.0,-0.06,2045,False,True,False,2825
T2746,C4,0.15,0.0,-0.06,2046,False,True,False,1178
T2747,C4,0.15,0.0,-0.06,2047,False,True,False,468
T2748,C4,0.15,0.0,-0.06,2048,False,True,False,1228
T2749,C4,0.15,0.0,-0.06,2049,False,True,False,2559
T2750,C4,0.15,0.0,-0.03,2000,False,True,False,2076
T2751,C4,0.15,0.0,-0.03,2001,False,True,False,2870
T2752,C4,0.15,0.0,-0.03,2002,False,True,False,1562
T2753,C4,0.15,0.0,-0.03,2003,False,True,False,2574
T2754,C4,0.15,0.0,-0.03,2004,False,True,False,1795
T2755,C4,0.15,0.0,-0.03,2005,False,True,False,1842
T2756,C4,0.15,0.0,-0.03,2006,False,True,False,2760
T2757,C4,0.15,0.0,-0.03,2007,False,True,False,2186
T2758,C4,0.15,0.0,-0.03,2008,False,True,False,2384
T2759,C4,0.15,0.0,-0.03,2009,False,True,False,2314
T2760,C4,0.15,0.0,-0.03,2010,False,True,False,1389
T2761,C4,0.15,0.0,-0.03,2011,False,True,False,151
T2762,C4,0.15,0.0,-0.03,2012,False,True,False,1563
T2763,C4,0.15,0.0,-0.03,2013,False,True,False,2992
T2764,C4,0.15,0.0,-0.03,2014,False,True,False,1696
T2765,C4,0.15,0.0,-0.03,2015,False,True,False,1711
T2766,C4,0.15,0.0,-0.03,2016,False,True,False,1538
T2767,C4,0.15,0.0,-0.03,2017,False,True,False,1741
T2768,C4,0.15,0.0,-0.03,2018,False,True,False,433
T2769,C4,0.15,0.0,-0.03,2019,False,True,False,2799
T2770,C4,0.15,0.0,-0.03,2020,False,True,False,927
T2771,C4,0.15,0.0,-0.03,2021,False,True,False,2757
T2772,C4,0.15,0.0,-0.03,2022,False,True,False,1669
T2773,C4,0.15,0.0,-0.03,2023,False,True,False,1599
T2774,C4,0.15,0.0,-0.03,2024,False,True,False,3056
T2775,C4,0.15,0.0,-0.03,2025,False,True,False,2614
T2776,C4,0.15,0.0,-0.03,2026,False,True,False,2256
T2777,C4,0.15,0.0,-0.03,2027,False,True,False,1811
T2778,C4,0.15,0.0,-0.03,2028,False,True,False,3257
T2779,C4,0.15,0.0,-0.03,2029,False,True,False,2807
T2780,C4,0.15,0.0,-0.03,2030,False,True,False,1721
T2781,C4,0.15,0.0,-0.03,2031,False,True,False,52
T2782,C4,0.15,0.0,-0.03,2032,False,True,False,1225
T2783,C4,0.15,0.0,-0.03,2033,False,True,False,2579
T2784,C4,0.15,0.0,-0.03,2034,False,True,False,3003
T2785,C4,0.15,0.0,-0.03,2035,False,True,False,2203
T2786,C4,0.15,0.0,-0.03,2036,False,True,False,1791
T2787,C4,0.15,0.0,-0.03,2037,False,True,False,2304
T2788,C4,0.15,0.0,-0.03,2038,False,True,False,2058
T2789,C4,0.15,0.0,-0.03,2039,False,True,False,1188
T2790,C4,0.15,0.0,-0.03,2040,False,True,False,322
T2791,C4,0.15,0.0,-0.03,2041,False,True,False,1729
T2792,C4,0.15,0.0,-0.03,2042,False,True,False,1247
T2793,C4,0.15,0.0,-0.03,2043,False,True,False,1144
T2794,C4,0.15,0.0,-0.03,2044,False,True,False,2258
T2795,C4,0.15,0.0,-0.03,2045,False,True,False,320
T2796,C4,0.15,0.0,-0.03,2046,False,True,False,599
T2797,C4,0.15,0.0,-0.03,2047,False,True,False,1833
T2798,C4,0.15,0.0,-0.03,2048,False,True,False,2828
T2799,C4,0.15,0.0,-0.03,2049,False,True,False,2853
T2800,C4,0.15,0.0,0.03,2000,False,True,False,3248
T2801,C4,0.15,0.0,0.03,2001,False,True,False,296
T2802,C4,0.15,0.0,0.03,2002,False,True,False,2350
T2803,C4,0.15,0.0,0.03,2003,False,True,False,2543
T2804,C4,0.15,0.0,0.03,2004,False,True,False,1269
T2805,C4,0.15,0.0,0.03,2005,False,True,False,745
T2806,C4,0.15,0.0,0.03,2006,False,True,False,911
T2807,C4,0.15,0.0,0.03,2007,False,True,False,1251
T2808,C4,0.15,0.0,0.03,2008,False,True,False,723
T2809,C4,0.15,0.0,0.03,2009,False,True,False,2806
T2810,C4,0.15,0.0,0.03,2010,False,True,False,548
T2811,C4,0.15,0.0,0.03,2011,False,True,False,685
T2812,C4,0.15,0.0,0.03,2012,False,True,False,159
T2813,C4,0.15,0.0,0.03,2013,False,True,False,328
T2814,C4,0.15,0.0,0.03,2014,False,True,False,48
T2815,C4,0.15,0.0,0.03,2015,False,True,False,2299
T2816,C4,0.15,0.0,0.03,2016,False,True,False,2173
T2817,C4,0.15,0.0,0.03,2017,False,True,False,3260
T2818,C4,0.15,0.0,0.03,2018,False,True,False,2967
T2819,C4,0.15,0.0,0.03,2019,False,True,False,3216
T2820,C4,0.15,0.0,0.03,2020,False,True,False,2410
T2821,C4,0.15,0.0,0.03,2021,False,True,False,1419
T2822,C4,0.15,0.0,0.03,2022,False,True,False,28
T2823,C4,0.15,0.0,0.03,2023,False,True,False,2079
T2824,C4,0.15,0.0,0.03,2024,False,True,False,590
T2825,C4,0.15,0.0,0.03,2025,False,True,False,1853
T2826,C4,0.15,0.0,0.03,2026,False,True,False,2813
T2827,C4,0.15,0.0,0.03,2027,False,True,False,1746
T2828,C4,0.15,0.0,0.03,2028,False,True,False,2239
T2829,C4,0.15,0.0,0.03,2029,False,True,False,1545
T2830,C4,0.15,0.0,0.03,2030,False,True,False,2189
T2831,C4,0.15,0.0,0.03,2031,False,True,False,840
T2832,C4,0.15,0.0,0.03,2032,False,True,False,1668
T2833,C4,0.15,0.0,0.03,2033,False,True,False,2475
T2834,C4,0.15,0.0,0.03,2034,False,True,False,1053
T2835,C4,0.15,0.0,0.03,2035,False,True,False,1760
T2836,C4,0.15,0.0,0.03,2036,False,True,False,1048
T2837,C4,0.15,0.0,0.03,2037,False,True,False,1597
T2838,C4,0.15,0.0,0.03,2038,False,True,False,1710
T2839,C4,0.15,0.0,0.03,2039,False,True,False,782
T2840,C4,0.15,0.0,0.03,2040,False,True,False,2430
T2841,C4,0.15,0.0,0.03,2041,False,True,False,2916
T2842,C4,0.15,0.0,0.03,2042,False,True,False,287
T2843,C4,0.15,0.0,0.03,2043,False,True,False,418
T2844,C4,0.15,0.0,0.03,2044,False,True,False,2381
T2845,C4,0.15,0.0,0.03,2045,False,True,False,2401
T2846,C4,0.15,0.0,0.03,2046,False,True,False,1061
T2847,C4,0.15,0.0,0.03,2047,False,True,False,1567
T2848,C4,0.15,0.0,0.03,2048,False,True,False,1769
T2849,C4,0.15,0.0,0.03,2049,False,True,False,450
T2850,C4,0.15,0.0,0.06,2000,False,True,False,2739
T2851,C4,0.15,0.0,0.06,2001,False,True,False,2121
T2852,C4,0.15,0.0,0.06,2002,False,True,False,2485
T2853,C4,0.15,0.0,0.06,2003,False,True,False,964
T2854,C4,0.15,0.0,0.06,2004,False,True,False,3063
T2855,C4,0.15,0.0,0.06,2005,False,True,False,592
T2856,C4,0.15,0.0,0.06,2006,False,True,False,735
T2857,C4,0.15,0.0,0.06,2007,False,True,False,1611
T2858,C4,0.15,0.0,0.06,2008,False,True,False,2778
T2859,C4,0.15,0.0,0.06,2009,False,True,False,3020
T2860,C4,0.15,0.0,0.06,2010,False,True,False,3262
T2861,C4,0.15,0.0,0.06,2011,False,True,False,86
T2862,C4,0.15,0.0,0.06,2012,False,True,False,2990
T2863,C4,0.15,0.0,0.06,2013,False,True,False,2215
T2864,C4,0.15,0.0,0.06,2014,False,True,False,2262
T2865,C4,0.15,0.0,0.06,2015,False,True,False,1844
T2866,C4,0.15,0.0,0.06,2016,False,True,False,1859
T2867,C4,0.15,0.0,0.06,2017,False,True,False,182
T2868,C4,0.15,0.0,0.06,2018,False,True,False,2578
T2869,C4,0.15,0.0,0.06,2019,False,True,False,3067
T2870,C4,0.15,0.0,0.06,2020,False,True,False,950
T2871,C4,0.15,0.0,0.06,2021,False,True,False,1828
T2872,C4,0.15,0.0,0.06,2022,False,True,False,56
T2873,C4,0.15,0.0,0.06,2023,False,True,False,1588
T2874,C4,0.15,0.0,0.06,2024,False,True,False,2456
T2875,C4,0.15,0.0,0.06,2025,False,True,False,2567
T2876,C4,0.15,0.0,0.06,2026,False,True,False,3245
T2877,C4,0.15,0.0,0.06,2027,False,True,False,129
T2878,C4,0.15,0.0,0.06,2028,False,True,False,1691
T2879,C4,0.15,0.0,0.06,2029,False,True,False,1930
T2880,C4,0.15,0.0,0.06,2030,False,True,False,1512
T2881,C4,0.15,0.0,0.06,2031,False,True,False,463
T2882,C4,0.15,0.0,0.06,2032,False,True,False,2802
T2883,C4,0.15,0.0,0.06,2033,False,True,False,490
T2884,C4,0.15,0.0,0.06,2034,False,True,False,632
T2885,C4,0.15,0.0,0.06,2035,False,True,False,3046
T2886,C4,0.15,0.0,0.06,2036,False,True,False,788
T2887,C4,0.15,0.0,0.06,2037,False,True,False,305
T2888,C4,0.15,0.0,0.06,2038,False,True,False,1486
T2889,C4,0.15,0.0,0.06,2039,False,True,False,2463
T2890,C4,0.15,0.0,0.06,2040,False,True,False,1049
T2891,C4,0.15,0.0,0.06,2041,False,True,False,3041
T2892,C4,0.15,0.0,0.06,2042,False,True,False,1011
T2893,C4,0.15,0.0,0.06,2043,False,True,False,2595
T2894,C4,0.15,0.0,0.06,2044,False,True,False,134
T2895,C4,0.15,0.0,0.06,2045,False,True,False,1097
T2896,C4,0.15,0.0,0.06,2046,False,True,False,2465
T2897,C4,0.15,0.0,0.06,2047,False,True,False,878
T2898,C4,0.15,0.0,0.06,2048,False,True,False,3006
T2899,C4,0.15,0.0,0.06,2049,False,True,False,2367
T2900,C4,0.3,0.0,-0.06,2000,False,True,False,3166
T2901,C4,0.3,0.0,-0.06,2001,False,True,False,529
T2902,C4,0.3,0.0,-0.06,2002,False,True,False,2644
T2903,C4,0.3,0.0,-0.06,2003,False,True,False,1683
T2904,C4,0.3,0.0,-0.06,2004,False,True,False,1539
T2905,C4,0.3,0.0,-0.06,2005,False,True,False,370
T2906,C4,0.3,0.0,-0.06,2006,False,True,False,1329
T2907,C4,0.3,0.0,-0.06,2007,False,True,False,401
T2908,C4,0.3,0.0,-0.06,2008,False,True,False,1699
T2909,C4,0.3,0.0,-0.06,2009,False,True,False,3154
T2910,C4,0.3,0.0,-0.06,2010,False,True,False,2386
T2911,C4,0.3,0.0,-0.06,2011,False,True,False,2020
T2912,C4,0.3,0.0,-0.06,2012,False,True,False,1629
T2913,C4,0.3,0.0,-0.06,2013,False,True,False,1976
T2914,C4,0.3,0.0,-0.06,2014,False,True,False,2490
T2915,C4,0.3,0.0,-0.06,2015,False,True,False,727
T2916,C4,0.3,0.0,-0.06,2016,False,True,False,2687
T2917,C4,0.3,0.0,-0.06,2017,False,True,False,988
T2918,C4,0.3,0.0,-0.06,2018,False,True,False,2782
T2919,C4,0.3,0.0,-0.06,2019,False,True,False,1083
T2920,C4,0.3,0.0,-0.06,2020,False,True,False,1739
T2921,C4,0.3,0.0,-0.06,2021,False,True,False,248
T2922,C4,0.3,0.0,-0.06,2022,False,True,False,1764
T2923,C4,0.3,0.0,-0.06,2023,False,True,False,1313
T2924,C4,0.3,0.0,-0.06,2024,False,True,False,2398
T2925,C4,0.3,0.0,-0.06,2025,False,True,False,306
T2926,C4,0.3,0.0,-0.06,2026,False,True,False,1605
T2927,C4,0.3,0.0,-0.06,2027,False,True,False,1412
T2928,C4,0.3,0.0,-0.06,2028,False,True,False,1970
T2929,C4,0.3,0.0,-0.06,2029,False,True,False,1056
T2930,C4,0.3,0.0,-0.06,2030,False,True,False,2233
T2931,C4,0.3,0.0,-0.06,2031,False,True,False,1004
T2932,C4,0.3,0.0,-0.06,2032,False,True,False,1264
T2933,C4,0.3,0.0,-0.06,2033,False,True,False,189
T2934,C4,0.3,0.0,-0.06,2034,False,True,False,1928
T2935,C4,0.3,0.0,-0.06,2035,False,True,False,1577
T2936,C4,0.3,0.0,-0.06,2036,False,True,False,1999
T2937,C4,0.3,0.0,-0.06,2037,False,True,False,9
T2938,C4,0.3,0.0,-0.06,2038,False,True,False,1386
T2939,C4,0.3,0.0,-0.06,2039,False,True,False,890
T2940,C4,0.3,0.0,-0.06,2040,False,True,False,3145
T2941,C4,0.3,0.0,-0.06,2041,False,True,False,3210
T2942,C4,0.3,0.0,-0.06,2042,False,True,False,152
T2943,C4,0.3,0.0,-0.06,2043,False,True,False,939
T2944,C4,0.3,0.0,-0.06,2044,False,True,False,2235
T2945,C4,0.3,0.0,-0.06,2045,False,True,False,949
T2946,C4,0.3,0.0,-0.06,2046,False,True,False,2979
T2947,C4,0.3,0.0,-0.06,2047,False,True,False,3206
T2948,C4,0.3,0.0,-0.06,2048,False,True,False,986
T2949,C4,0.3,0.0,-0.06,2049,False,True,False,277
T2950,C4,0.3,0.0,-0.03,2000,False,True,False,329
T2951,C4,0.3,0.0,-0.03,2001,False,True,False,2641
T2952,C4,0.3,0.0,-0.03,2002,False,True,False,742
T2953,C4,0.3,0.0,-0.03,2003,False,True,False,1636
T2954,C4,0.3,0.0,-0.03,2004,False,True,False,2144
T2955,C4,0.3,0.0,-0.03,2005,False,True,False,42
T2956,C4,0.3,0.0,-0.03,2006,False,True,False,2501
T2957,C4,0.3,0.0,-0.03,2007,False,True,False,267
T2958,C4,0.3,0.0,-0.03,2008,False,True,False,2095
T2959,C4,0.3,0.0,-0.03,2009,False,True,False,1877
T2960,C4,0.3,0.0,-0.03,2010,False,True,False,367
T2961,C4,0.3,0.0,-0.03,2011,False,True,False,1161
T2962,C4,0.3,0.0,-0.03,2012,False,True,False,943
T2963,C4,0.3,0.0,-0.03,2013,False,True,False,974
T2964,C4,0.3,0.0,-0.03,2014,False,True,False,2110
T2965,C4,0.3,0.0,-0.03,2015,False,True,False,1372
T2966,C4,0.3,0.0,-0.03,2016,False,True,False,486
T2967,C4,0.3,0.0,-0.03,2017,False,True,False,94
T2968,C4,0.3,0.0,-0.03,2018,False,True,False,3295
T2969,C4,0.3,0.0,-0.03,2019,False,True,False,641
T2970,C4,0.3,0.0,-0.03,2020,False,True,False,534
T2971,C4,0.3,0.0,-0.03,2021,False,True,False,3013
T2972,C4,0.3,0.0,-0.03,2022,False,True,False,595
T2973,C4,0.3,0.0,-0.03,2023,False,True,False,1911
T2974,C4,0.3,0.0,-0.03,2024,False,True,False,2202
T2975,C4,0.3,0.0,-0.03,2025,False,True,False,2983
T2976,C4,0.3,0.0,-0.03,2026,False,True,False,1102
T2977,C4,0.3,0.0,-0.03,2027,False,True,False,353
T2978,C4,0.3,0.0,-0.03,2028,False,True,False,472
T2979,C4,0.3,0.0,-0.03,2029,False,True,False,2358
T2980,C4,0.3,0.0,-0.03,2030,False,True,False,1560
T2981,C4,0.3,0.0,-0.03,2031,False,True,False,2673
T2982,C4,0.3,0.0,-0.03,2032,False,True,False,2613
T2983,C4,0.3,0.0,-0.03,2033,False,True,False,2960
T2984,C4,0.3,0.0,-0.03,2034,False,True,False,1774
T2985,C4,0.3,0.0,-0.03,2035,False,True,False,2854
T2986,C4,0.3,0.0,-0.03,2036,False,True,False,1555
T2987,C4,0.3,0.0,-0.03,2037,False,True,False,2584
T2988,C4,0.3,0.0,-0.03,2038,False,True,False,1756
T2989,C4,0.3,0.0,-0.03,2039,False,True,False,612
T2990,C4,0.3,0.0,-0.03,2040,False,True,False,1291
T2991,C4,0.3,0.0,-0.03,2041,False,True,False,2361
T2992,C4,0.3,0.0,-0.03,2042,False,True,False,1665
T2993,C4,0.3,0.0,-0.03,2043,False,True,False,25
T2994,C4,0.3,0.0,-0.03,2044,False,True,False,1400
T2995,C4,0.3,0.0,-0.03,2045,False,True,False,2773
T2996,C4,0.3,0.0,-0.03,2046,False,True,False,1344
T2997,C4,0.3,0.0,-0.03,2047,False,True,False,23
T2998,C4,0.3,0.0,-0.03,2048,False,True,False,1807
T2999,C4,0.3,0.0,-0.03,2049,False,True,False,2805
T3000,C4,0.3,0.0,0.03,2000,False,True,False,2090
T3001,C4,0.3,0.0,0.03,2001,False,True,False,3097
T3002,C4,0.3,0.0,0.03,2002,False,True,False,261
T3003,C4,0.3,0.0,0.03,2003,False,True,False,1277
T3004,C4,0.3,0.0,0.03,2004,False,True,False,2953
T3005,C4,0.3,0.0,0.03,2005,False,True,False,3173
T3006,C4,0.3,0.0,0.03,2006,False,True,False,1173
T3007,C4,0.3,0.0,0.03,2007,False,True,False,1179
T3008,C4,0.3,0.0,0.03,2008,False,True,False,811
T3009,C4,0.3,0.0,0.03,2009,False,True,False,2582
T3010,C4,0.3,0.0,0.03,2010,False,True,False,1772
T3011,C4,0.3,0.0,0.03,2011,False,True,False,991
T3012,C4,0.3,0.0,0.03,2012,False,True,False,2705
T3013,C4,0.3,0.0,0.03,2013,False,True,False,2303
T3014,C4,0.3,0.0,0.03,2014,False,True,False,2505
T3015,C4,0.3,0.0,0.03,2015,False,True,False,787
T3016,C4,0.3,0.0,0.03,2016,False,True,False,362
T3017,C4,0.3,0.0,0.03,2017,False,True,False,3186
T3018,C4,0.3,0.0,0.03,2018,False,True,False,1485
T3019,C4,0.3,0.0,0.03,2019,False,True,False,1509
T3020,C4,0.3,0.0,0.03,2020,False,True,False,2657
T3021,C4,0.3,0.0,0.03,2021,False,True,False,3061
T3022,C4,0.3,0.0,0.03,2022,False,True,False,884
T3023,C4,0.3,0.0,0.03,2023,False,True,False,3065
T3024,C4,0.3,0.0,0.03,2024,False,True,False,457
T3025,C4,0.3,0.0,0.03,2025,False,True,False,3066
T3026,C4,0.3,0.0,0.03,2026,False,True,False,2725
T3027,C4,0.3,0.0,0.03,2027,False,True,False,882
T3028,C4,0.3,0.0,0.03,2028,False,True,False,2403
T3029,C4,0.3,0.0,0.03,2029,False,True,False,257
T3030,C4,0.3,0.0,0.03,2030,False,True,False,217
T3031,C4,0.3,0.0,0.03,2031,False,True,False,1425
T3032,C4,0.3,0.0,0.03,2032,False,True,False,2335
T3033,C4,0.3,0.0,0.03,2033,False,True,False,2727
T3034,C4,0.3,0.0,0.03,2034,False,True,False,384
T3035,C4,0.3,0.0,0.03,2035,False,True,False,2955
T3036,C4,0.3,0.0,0.03,2036,False,True,False,2528
T3037,C4,0.3,0.0,0.03,2037,False,True,False,3180
T3038,C4,0.3,0.0,0.03,2038,False,True,False,2666
T3039,C4,0.3,0.0,0.03,2039,False,True,False,1573
T3040,C4,0.3,0.0,0.03,2040,False,True,False,579
T3041,C4,0.3,0.0,0.03,2041,False,True,False,2495
T3042,C4,0.3,0.0,0.03,2042,False,True,False,181
T3043,C4,0.3,0.0,0.03,2043,False,True,False,1792
T3044,C4,0.3,0.0,0.03,2044,False,True,False,3129
T3045,C4,0.3,0.0,0.03,2045,False,True,False,904
T3046,C4,0.3,0.0,0.03,2046,False,True,False,2643
T3047,C4,0.3,0.0,0.03,2047,False,True,False,1693
T3048,C4,0.3,0.0,0.03,2048,False,True,False,1966
T3049,C4,0.3,0.0,0.03,2049,False,True,False,789
T3050,C4,0.3,0.0,0.06,2000,False,True,False,369
T3051,C4,0.3,0.0,0.06,2001,False,True,False,2962
T3052,C4,0.3,0.0,0.06,2002,False,True,False,629
T3053,C4,0.3,0.0,0.06,2003,False,True,False,1973
T3054,C4,0.3,0.0,0.06,2004,False,True,False,2885
T3055,C4,0.3,0.0,0.06,2005,False,True,False,1674
T3056,C4,0.3,0.0,0.06,2006,False,True,False,192
T3057,C4,0.3,0.0,0.06,2007,False,True,False,2073
T3058,C4,0.3,0.0,0.06,2008,False,True,False,644
T3059,C4,0.3,0.0,0.06,2009,False,True,False,900
T3060,C4,0.3,0.0,0.06,2010,False,True,False,474
T3061,C4,0.3,0.0,0.06,2011,False,True,False,695
T3062,C4,0.3,0.0,0.06,2012,False,True,False,2324
T3063,C4,0.3,0.0,0.06,2013,False,True,False,2879
T3064,C4,0.3,0.0,0.06,2014,False,True,False,836
T3065,C4,0.3,0.0,0.06,2015,False,True,False,1345
T3066,C4,0.3,0.0,0.06,2016,False,True,False,3148
T3067,C4,0.3,0.0,0.06,2017,False,True,False,1702
T3068,C4,0.3,0.0,0.06,2018,False,True,False,902
T3069,C4,0.3,0.0,0.06,2019,False,True,False,251
T3070,C4,0.3,0.0,0.06,2020,False,True,False,1535
T3071,C4,0.3,0.0,0.06,2021,False,True,False,3198
T3072,C4,0.3,0.0,0.06,2022,False,True,False,2846
T3073,C4,0.3,0.0,0.06,2023,False,True,False,899
T3074,C4,0.3,0.0,0.06,2024,False,True,False,421
T3075,C4,0.3,0.0,0.06,2025,False,True,False,1288
T3076,C4,0.3,0.0,0.06,2026,False,True,False,1963
T3077,C4,0.3,0.0,0.06,2027,False,True,False,77
T3078,C4,0.3,0.0,0.06,2028,False,True,False,1714
T3079,C4,0.3,0.0,0.06,2029,False,True,False,1044
T3080,C4,0.3,0.0,0.06,2030,False,True,False,820
T3081,C4,0.3,0.0,0.06,2031,False,True,False,191
T3082,C4,0.3,0.0,0.06,2032,False,True,False,871
T3083,C4,0.3,0.0,0.06,2033,False,True,False,2742
T3084,C4,0.3,0.0,0.06,2034,False,True,False,2507
T3085,C4,0.3,0.0,0.06,2035,False,True,False,603
T3086,C4,0.3,0.0,0.06,2036,False,True,False,796
T3087,C4,0.3,0.0,0.06,2037,False,True,False,3005
T3088,C4,0.3,0.0,0.06,2038,False,True,False,256
T3089,C4,0.3,0.0,0.06,2039,False,True,False,2153
T3090,C4,0.3,0.0,0.06,2040,False,True,False,443
T3091,C4,0.3,0.0,0.06,2041,False,True,False,1422
T3092,C4,0.3,0.0,0.06,2042,False,True,False,910
T3093,C4,0.3,0.0,0.06,2043,False,True,False,289
T3094,C4,0.3,0.0,0.06,2044,False,True,False,2984
T3095,C4,0.3,0.0,0.06,2045,False,True,False,61
T3096,C4,0.3,0.0,0.06,2046,False,True,False,288
T3097,C4,0.3,0.0,0.06,2047,False,True,False,2706
T3098,C4,0.3,0.0,0.06,2048,False,True,False,2535
T3099,C4,0.3,0.0,0.06,2049,False,True,False,1881
T3100,C4,0.45,0.0,-0.06,2000,False,True,False,580
T3101,C4,0.45,0.0,-0.06,2001,False,True,False,1352
T3102,C4,0.45,0.0,-0.06,2002,False,True,False,459
T3103,C4,0.45,0.0,-0.06,2003,False,True,False,2249
T3104,C4,0.45,0.0,-0.06,2004,False,True,False,728
T3105,C4,0.45,0.0,-0.06,2005,False,True,False,528
T3106,C4,0.45,0.0,-0.06,2006,False,True,False,967
T3107,C4,0.45,0.0,-0.06,2007,False,True,False,1246
T3108,C4,0.45,0.0,-0.06,2008,False,True,False,830
T3109,C4,0.45,0.0,-0.06,2009,False,True,False,3218
T3110,C4,0.45,0.0,-0.06,2010,False,True,False,2726
T3111,C4,0.45,0.0,-0.06,2011,False,True,False,1464
T3112,C4,0.45,0.0,-0.06,2012,False,True,False,2939
T3113,C4,0.45,0.0,-0.06,2013,False,True,False,2848
T3114,C4,0.45,0.0,-0.06,2014,False,True,False,2978
T3115,C4,0.45,0.0,-0.06,2015,False,True,False,2089
T3116,C4,0.45,0.0,-0.06,2016,False,True,False,2688
T3117,C4,0.45,0.0,-0.06,2017,False,True,False,2291
T3118,C4,0.45,0.0,-0.06,2018,False,True,False,1224
T3119,C4,0.45,0.0,-0.06,2019,False,True,False,1403
T3120,C4,0.45,0.0,-0.06,2020,False,True,False,757
T3121,C4,0.45,0.0,-0.06,2021,False,True,False,1183
T3122,C4,0.45,0.0,-0.06,2022,False,True,False,1956
T3123,C4,0.45,0.0,-0.06,2023,False,True,False,915
T3124,C4,0.45,0.0,-0.06,2024,False,True,False,639
T3125,C4,0.45,0.0,-0.06,2025,False,True,False,565
T3126,C4,0.45,0.0,-0.06,2026,False,True,False,841
T3127,C4,0.45,0.0,-0.06,2027,False,True,False,586
T3128,C4,0.45,0.0,-0.06,2028,False,True,False,521
T3129,C4,0.45,0.0,-0.06,2029,False,True,False,1480
T3130,C4,0.45,0.0,-0.06,2030,False,True,False,1476
T3131,C4,0.45,0.0,-0.06,2031,False,True,False,1942
T3132,C4,0.45,0.0,-0.06,2032,False,True,False,2224
T3133,C4,0.45,0.0,-0.06,2033,False,True,False,2372
T3134,C4,0.45,0.0,-0.06,2034,False,True,False,1483
T3135,C4,0.45,0.0,-0.06,2035,False,True,False,27
T3136,C4,0.45,0.0,-0.06,2036,False,True,False,83
T3137,C4,0.45,0.0,-0.06,2037,False,True,False,982
T3138,C4,0.45,0.0,-0.06,2038,False,True,False,2801
T3139,C4,0.45,0.0,-0.06,2039,False,True,False,2359
T3140,C4,0.45,0.0,-0.06,2040,False,True,False,2815
T3141,C4,0.45,0.0,-0.06,2041,False,True,False,2907
T3142,C4,0.45,0.0,-0.06,2042,False,True,False,722
T3143,C4,0.45,0.0,-0.06,2043,False,True,False,398
T3144,C4,0.45,0.0,-0.06,2044,False,True,False,1497
T3145,C4,0.45,0.0,-0.06,2045,False,True,False,2716
T3146,C4,0.45,0.0,-0.06,2046,False,True,False,1409
T3147,C4,0.45,0.0,-0.06,2047,False,True,False,1689
T3148,C4,0.45,0.0,-0.06,2048,False,True,False,2167
T3149,C4,0.45,0.0,-0.06,2049,False,True,False,84
T3150,C4,0.45,0.0,-0.03,2000,False,True,False,1688
T3151,C4,0.45,0.0,-0.03,2001,False,True,False,1931
T3152,C4,0.45,0.0,-0.03,2002,False,True,False,997
T3153,C4,0.45,0.0,-0.03,2003,False,True,False,389
T3154,C4,0.45,0.0,-0.03,2004,False,True,False,1701
T3155,C4,0.45,0.0,-0.03,2005,False,True,False,680
T3156,C4,0.45,0.0,-0.03,2006,False,True,False,2720
T3157,C4,0.45,0.0,-0.03,2007,False,True,False,1847
T3158,C4,0.45,0.0,-0.03,2008,False,True,False,2376
T3159,C4,0.45,0.0,-0.03,2009,False,True,False,3191
T3160,C4,0.45,0.0,-0.03,2010,False,True,False,930
T3161,C4,0.45,0.0,-0.03,2011,False,True,False,330
T3162,C4,0.45,0.0,-0.03,2012,False,True,False,79
T3163,C4,0.45,0.0,-0.03,2013,False,True,False,2728
T3164,C4,0.45,0.0,-0.03,2014,False,True,False,2997
T3165,C4,0.45,0.0,-0.03,2015,False,True,False,2689
T3166,C4,0.45,0.0,-0.03,2016,False,True,False,620
T3167,C4,0.45,0.0,-0.03,2017,False,True,False,132
T3168,C4,0.45,0.0,-0.03,2018,False,True,False,78
T3169,C4,0.45,0.0,-0.03,2019,False,True,False,1985
T3170,C4,0.45,0.0,-0.03,2020,False,True,False,3070
T3171,C4,0.45,0.0,-0.03,2021,False,True,False,2462
T3172,C4,0.45,0.0,-0.03,2022,False,True,False,3294
T3173,C4,0.45,0.0,-0.03,2023,False,True,False,1830
T3174,C4,0.45,0.0,-0.03,2024,False,True,False,3023
T3175,C4,0.45,0.0,-0.03,2025,False,True,False,3051
T3176,C4,0.45,0.0,-0.03,2026,False,True,False,1259
T3177,C4,0.45,0.0,-0.03,2027,False,True,False,1572
T3178,C4,0.45,0.0,-0.03,2028,False,True,False,1551
T3179,C4,0.45,0.0,-0.03,2029,False,True,False,39
T3180,C4,0.45,0.0,-0.03,2030,False,True,False,2803
T3181,C4,0.45,0.0,-0.03,2031,False,True,False,1003
T3182,C4,0.45,0.0,-0.03,2032,False,True,False,1383
T3183,C4,0.45,0.0,-0.03,2033,False,True,False,2221
T3184,C4,0.45,0.0,-0.03,2034,False,True,False,2179
T3185,C4,0.45,0.0,-0.03,2035,False,True,False,2964
T3186,C4,0.45,0.0,-0.03,2036,False,True,False,972
T3187,C4,0.45,0.0,-0.03,2037,False,True,False,1624
T3188,C4,0.45,0.0,-0.03,2038,False,True,False,3217
T3189,C4,0.45,0.0,-0.03,2039,False,True,False,917
T3190,C4,0.45,0.0,-0.03,2040,False,True,False,1732
T3191,C4,0.45,0.0,-0.03,2041,False,True,False,1111
T3192,C4,0.45,0.0,-0.03,2042,False,True,False,656
T3193,C4,0.45,0.0,-0.03,2043,False,True,False,978
T3194,C4,0.45,0.0,-0.03,2044,False,True,False,1888
T3195,C4,0.45,0.0,-0.03,2045,False,True,False,1012
T3196,C4,0.45,0.0,-0.03,2046,False,True,False,2738
T3197,C4,0.45,0.0,-0.03,2047,False,True,False,1950
T3198,C4,0.45,0.0,-0.03,2048,False,True,False,3276
T3199,C4,0.45,0.0,-0.03,2049,False,True,False,1434
T3200,C4,0.45,0.0,0.03,2000,False,True,False,1641
T3201,C4,0.45,0.0,0.03,2001,False,True,False,2022
T3202,C4,0.45,0.0,0.03,2002,False,True,False,2323
T3203,C4,0.45,0.0,0.03,2003,False,True,False,397
T3204,C4,0.45,0.0,0.03,2004,False,True,False,180
T3205,C4,0.45,0.0,0.03,2005,False,True,False,686
T3206,C4,0.45,0.0,0.03,2006,False,True,False,619
T3207,C4,0.45,0.0,0.03,2007,False,True,False,2589
T3208,C4,0.45,0.0,0.03,2008,False,True,False,2771
T3209,C4,0.45,0.0,0.03,2009,False,True,False,558
T3210,C4,0.45,0.0,0.03,2010,False,True,False,137
T3211,C4,0.45,0.0,0.03,2011,False,True,False,3085
T3212,C4,0.45,0.0,0.03,2012,False,True,False,1815
T3213,C4,0.45,0.0,0.03,2013,False,True,False,2864
T3214,C4,0.45,0.0,0.03,2014,False,True,False,1107
T3215,C4,0.45,0.0,0.03,2015,False,True,False,1172
T3216,C4,0.45,0.0,0.03,2016,False,True,False,2661
T3217,C4,0.45,0.0,0.03,2017,False,True,False,211
T3218,C4,0.45,0.0,0.03,2018,False,True,False,2038
T3219,C4,0.45,0.0,0.03,2019,False,True,False,318
T3220,C4,0.45,0.0,0.03,2020,False,True,False,274
T3221,C4,0.45,0.0,0.03,2021,False,True,False,430
T3222,C4,0.45,0.0,0.03,2022,False,True,False,1064
T3223,C4,0.45,0.0,0.03,2023,False,True,False,346
T3224,C4,0.45,0.0,0.03,2024,False,True,False,121
T3225,C4,0.45,0.0,0.03,2025,False,True,False,3254
T3226,C4,0.45,0.0,0.03,2026,False,True,False,2001
T3227,C4,0.45,0.0,0.03,2027,False,True,False,416
T3228,C4,0.45,0.0,0.03,2028,False,True,False,372
T3229,C4,0.45,0.0,0.03,2029,False,True,False,47
T3230,C4,0.45,0.0,0.03,2030,False,True,False,2423
T3231,C4,0.45,0.0,0.03,2031,False,True,False,1159
T3232,C4,0.45,0.0,0.03,2032,False,True,False,2809
T3233,C4,0.45,0.0,0.03,2033,False,True,False,161
T3234,C4,0.45,0.0,0.03,2034,False,True,False,2971
T3235,C4,0.45,0.0,0.03,2035,False,True,False,298
T3236,C4,0.45,0.0,0.03,2036,False,True,False,781
T3237,C4,0.45,0.0,0.03,2037,False,True,False,531
T3238,C4,0.45,0.0,0.03,2038,False,True,False,1634
T3239,C4,0.45,0.0,0.03,2039,False,True,False,1362
T3240,C4,0.45,0.0,0.03,2040,False,True,False,2383
T3241,C4,0.45,0.0,0.03,2041,False,True,False,3160
T3242,C4,0.45,0.0,0.03,2042,False,True,False,1180
T3243,C4,0.45,0.0,0.03,2043,False,True,False,2409
T3244,C4,0.45,0.0,0.03,2044,False,True,False,2936
T3245,C4,0.45,0.0,0.03,2045,False,True,False,1278
T3246,C4,0.45,0.0,0.03,2046,False,True,False,2092
T3247,C4,0.45,0.0,0.03,2047,False,True,False,1255
T3248,C4,0.45,0.0,0.03,2048,False,True,False,1474
T3249,C4,0.45,0.0,0.03,2049,False,True,False,689
T3250,C4,0.45,0.0,0.06,2000,False,True,False,962
T3251,C4,0.45,0.0,0.06,2001,False,True,False,279
T3252,C4,0.45,0.0,0.06,2002,False,True,False,589
T3253,C4,0.45,0.0,0.06,2003,False,True,False,3188
T3254,C4,0.45,0.0,0.06,2004,False,True,False,584
T3255,C4,0.45,0.0,0.06,2005,False,True,False,1619
T3256,C4,0.45,0.0,0.06,2006,False,True,False,2134
T3257,C4,0.45,0.0,0.06,2007,False,True,False,957
T3258,C4,0.45,0.0,0.06,2008,False,True,False,2905
T3259,C4,0.45,0.0,0.06,2009,False,True,False,909
T3260,C4,0.45,0.0,0.06,2010,False,True,False,775
T3261,C4,0.45,0.0,0.06,2011,False,True,False,2827
T3262,C4,0.45,0.0,0.06,2012,False,True,False,2238
T3263,C4,0.45,0.0,0.06,2013,False,True,False,1226
T3264,C4,0.45,0.0,0.06,2014,False,True,False,610
T3265,C4,0.45,0.0,0.06,2015,False,True,False,998
T3266,C4,0.45,0.0,0.06,2016,False,True,False,1263
T3267,C4,0.45,0.0,0.06,2017,False,True,False,1218
T3268,C4,0.45,0.0,0.06,2018,False,True,False,696
T3269,C4,0.45,0.0,0.06,2019,False,True,False,2334
T3270,C4,0.45,0.0,0.06,2020,False,True,False,1067
T3271,C4,0.45,0.0,0.06,2021,False,True,False,3001
T3272,C4,0.45,0.0,0.06,2022,False,True,False,2251
T3273,C4,0.45,0.0,0.06,2023,False,True,False,1810
T3274,C4,0.45,0.0,0.06,2024,False,True,False,2553
T3275,C4,0.45,0.0,0.06,2025,False,True,False,1904
T3276,C4,0.45,0.0,0.06,2026,False,True,False,1666
T3277,C4,0.45,0.0,0.06,2027,False,True,False,1158
T3278,C4,0.45,0.0,0.06,2028,False,True,False,3213
T3279,C4,0.45,0.0,0.06,2029,False,True,False,1314
T3280,C4,0.45,0.0,0.06,2030,False,True,False,505
T3281,C4,0.45,0.0,0.06,2031,False,True,False,1768
T3282,C4,0.45,0.0,0.06,2032,False,True,False,1192
T3283,C4,0.45,0.0,0.06,2033,False,True,False,2113
T3284,C4,0.45,0.0,0.06,2034,False,True,False,944
T3285,C4,0.45,0.0,0.06,2035,False,True,False,361
T3286,C4,0.45,0.0,0.06,2036,False,True,False,2120
T3287,C4,0.45,0.0,0.06,2037,False,True,False,1021
T3288,C4,0.45,0.0,0.06,2038,False,True,False,1825
T3289,C4,0.45,0.0,0.06,2039,False,True,False,3231
T3290,C4,0.45,0.0,0.06,2040,False,True,False,2391
T3291,C4,0.45,0.0,0.06,2041,False,True,False,1252
T3292,C4,0.45,0.0,0.06,2042,False,True,False,452
T3293,C4,0.45,0.0,0.06,2043,False,True,False,2341
T3294,C4,0.45,0.0,0.06,2044,False,True,False,1578
T3295,C4,0.45,0.0,0.06,2045,False,True,False,1759
T3296,C4,0.45,0.0,0.06,2046,False,True,False,476
T3297,C4,0.45,0.0,0.06,2047,False,True,False,1871
T3298,C4,0.45,0.0,0.06,2048,False,True,False,1947
T3299,C4,0.45,0.0,0.06,2049,False,True,False,2515
